-- Generated by import.py
begin;

-- Wrestlers
insert into wrestlers (id, name, brand, division, active, role, gender, gimmick, injured, twitch_handle, disposition) values ('0d2420e5-4511-44a9-8d66-a70eef1ce8d4', 'Aendi', 'DAW', 'Womens', TRUE, 'Face', 'Female', 'Poison Ivy', FALSE, 'Aendi83', 1);
insert into wrestlers (id, name, brand, division, active, role, gender, gimmick, injured, twitch_handle, disposition) values ('ad63b3fd-9de8-4398-a085-7cc8f264589e', 'Ando', 'DAW', 'Mens', TRUE, 'Heel', 'Male', NULL, FALSE, 'ando10', 0);
insert into wrestlers (id, name, brand, division, active, role, gender, gimmick, injured, twitch_handle, disposition) values ('3bc32b05-439e-473d-aea3-82e1211ea023', 'AJ Styles', 'RAW', 'WWE', TRUE, 'Heel', 'Male', 'The Phenomenal One', FALSE, NULL, 0);
insert into wrestlers (id, name, brand, division, active, role, gender, gimmick, injured, twitch_handle, disposition) values ('4f93df74-22cc-4ffe-bd6f-c539a396bcef', 'Akira Tozawa', 'RAW', 'No', TRUE, 'Heel', 'Male', 'Ninja', FALSE, NULL, 0);
insert into wrestlers (id, name, brand, division, active, role, gender, gimmick, injured, twitch_handle, disposition) values ('fec40e24-d4ab-4124-ae35-1de55f4402d5', 'Alba Fyre', 'NXT', 'NXT Womens', TRUE, 'Face', 'Female', 'Cocky', FALSE, NULL, 1);
insert into wrestlers (id, name, brand, division, active, role, gender, gimmick, injured, twitch_handle, disposition) values ('878b1b2a-aa23-4c14-8403-f0e1b8b87169', 'Alexa Bliss', 'RAW', 'Raw Womens', TRUE, 'Heel', 'Female', 'Goddess', FALSE, NULL, 0);
insert into wrestlers (id, name, brand, division, active, role, gender, gimmick, injured, twitch_handle, disposition) values ('f9de84e4-31d2-4280-8987-041500fbd4d1', 'Alexander Wolfe', 'NXT', 'No', TRUE, 'Heel', 'Male', 'Old School Heel', FALSE, NULL, 0);
insert into wrestlers (id, name, brand, division, active, role, gender, gimmick, injured, twitch_handle, disposition) values ('1dda61a1-5da3-4e92-82da-e2674ff0db54', 'Aliyah', 'SmackDown', 'SD Womens', TRUE, 'Face', 'Female', 'Old School Face', FALSE, NULL, 1);
insert into wrestlers (id, name, brand, division, active, role, gender, gimmick, injured, twitch_handle, disposition) values ('5909ea1d-6838-40c8-8058-64854406eb27', 'Blazars', 'DAW', 'Internet', TRUE, 'Heel', 'Male', 'Demon', FALSE, 'Blazars_', 0);
insert into wrestlers (id, name, brand, division, active, role, gender, gimmick, injured, twitch_handle, disposition) values ('425f6ee2-763a-4413-aa34-409fb3fae740', 'Andre the Giant', 'Legend', 'No', TRUE, 'Face', 'Male', 'Old School Face', FALSE, NULL, 1);
insert into wrestlers (id, name, brand, division, active, role, gender, gimmick, injured, twitch_handle, disposition) values ('7aab5606-b2a2-432f-8cd8-81b82248dda4', 'Angel Garza', 'SmackDown', 'Intercontinental', TRUE, 'Heel', 'Male', 'Ladies Man', FALSE, NULL, 0);
insert into wrestlers (id, name, brand, division, active, role, gender, gimmick, injured, twitch_handle, disposition) values ('430675c7-5074-45f8-bf26-af9022d1ed15', 'Angelo Dawkins', 'RAW', 'Raw Tag', TRUE, 'Face', 'Male', 'Cool Dude', FALSE, NULL, 1);
insert into wrestlers (id, name, brand, division, active, role, gender, gimmick, injured, twitch_handle, disposition) values ('08c1074b-4cd5-406b-8536-4f05366a4ddf', 'Apollo Crews', 'NXT', 'United States', TRUE, 'Heel', 'Male', 'Nigerian Warrior', FALSE, NULL, 0);
insert into wrestlers (id, name, brand, division, active, role, gender, gimmick, injured, twitch_handle, disposition) values ('e734d548-0a2c-443c-8580-322b60ccbc12', 'Asuka', 'SmackDown', 'SD Womens', TRUE, 'Face', 'Female', 'Empress of Tomorrow', FALSE, NULL, 1);
insert into wrestlers (id, name, brand, division, active, role, gender, gimmick, injured, twitch_handle, disposition) values ('b5f6328e-56c5-4739-b319-06b7bb99c952', 'Austin Theory', 'NXT', 'United States', TRUE, 'Heel', 'Male', 'Cocky', FALSE, NULL, 0);
insert into wrestlers (id, name, brand, division, active, role, gender, gimmick, injured, twitch_handle, disposition) values ('ae2ce814-315f-41f0-ab99-eddf09a7d4c5', 'Bonesy', 'DAW', 'Mens', TRUE, 'Heel', 'Male', 'Hollywood', FALSE, 'MisterBonesy', 0);
insert into wrestlers (id, name, brand, division, active, role, gender, gimmick, injured, twitch_handle, disposition) values ('4de1730b-de0b-46f5-b76d-b268fd592185', 'Bad Bunny', 'None', 'No', TRUE, 'Face', 'Male', 'Musician', FALSE, NULL, 1);
insert into wrestlers (id, name, brand, division, active, role, gender, gimmick, injured, twitch_handle, disposition) values ('ddf80d05-eb45-483d-a569-f2ae53f07b4b', 'Brilicious', 'DAW', 'Intercontinental', TRUE, 'Face', 'Female', 'White Russian', FALSE, 'Brilicious', 1);
insert into wrestlers (id, name, brand, division, active, role, gender, gimmick, injured, twitch_handle, disposition) values ('97920c7a-ea1d-4a83-b6d0-08cb32ed1e70', 'Bayley', 'SmackDown', 'SD Womens', TRUE, 'Heel', 'Female', 'Egotist', FALSE, NULL, 0);
insert into wrestlers (id, name, brand, division, active, role, gender, gimmick, injured, twitch_handle, disposition) values ('2c23bf2a-90de-4618-9564-8e0e622857f1', 'Buddyholland', 'DAW', 'Womens', TRUE, 'Face', 'Female', NULL, FALSE, 'Buddyholland', 1);
insert into wrestlers (id, name, brand, division, active, role, gender, gimmick, injured, twitch_handle, disposition) values ('06d1ca05-e548-4e20-a55c-50831c6f47fa', 'Becky Lynch', 'RAW', 'Raw Womens', TRUE, 'Heel', 'Female', 'Big Time Becks', FALSE, NULL, 0);
insert into wrestlers (id, name, brand, division, active, role, gender, gimmick, injured, twitch_handle, disposition) values ('4ad53cd3-33fb-4b46-ace8-277c986c9b57', 'Beth Phoenix', 'Legend', 'No', TRUE, 'Face', 'Female', 'Glamazon', FALSE, NULL, 1);
insert into wrestlers (id, name, brand, division, active, role, gender, gimmick, injured, twitch_handle, disposition) values ('f43de039-514a-421f-8987-8ed7bfb2bb0a', 'Bianca Belair', 'RAW', 'Raw Womens', TRUE, 'Face', 'Female', 'The EST', FALSE, NULL, 1);
insert into wrestlers (id, name, brand, division, active, role, gender, gimmick, injured, twitch_handle, disposition) values ('6596a9e3-be6d-43a7-95ec-12126fa97ee3', 'Big E', 'RAW', 'WWE', TRUE, 'Face', 'Male', 'Powerhouse of Positivity', FALSE, NULL, 1);
insert into wrestlers (id, name, brand, division, active, role, gender, gimmick, injured, twitch_handle, disposition) values ('6afe7b59-8ee2-4bf1-82b3-651e38d6cf1f', 'Billie Kay', 'SmackDown', 'No', TRUE, 'Heel', 'Female', 'IIconic', FALSE, NULL, 0);
insert into wrestlers (id, name, brand, division, active, role, gender, gimmick, injured, twitch_handle, disposition) values ('7ca7fd7b-2526-41ea-b143-cdd82f404014', 'Butteredham', 'DAW', 'Mens', TRUE, 'Heel', 'Male', 'Iron Ham', FALSE, 'Butteredham', 0);
insert into wrestlers (id, name, brand, division, active, role, gender, gimmick, injured, twitch_handle, disposition) values ('fe192097-a77b-4d95-a8b9-0f0147ab04a6', 'CapnMattchew', 'DAW', 'Mens', TRUE, 'Face', 'Male', 'Pirate Captain', FALSE, 'CapnMattchew', 1);
insert into wrestlers (id, name, brand, division, active, role, gender, gimmick, injured, twitch_handle, disposition) values ('c5b087b9-ced8-4713-abb5-5e29341c15e7', 'Bobby Fish', 'None', 'No', TRUE, 'Heel', 'Male', 'Old School Heel', FALSE, NULL, 0);
insert into wrestlers (id, name, brand, division, active, role, gender, gimmick, injured, twitch_handle, disposition) values ('d141b980-1d9e-486a-aa0a-4b46bdacf034', 'Bobby Lashley', 'RAW', 'United States', TRUE, 'Heel', 'Male', 'The Almighty', FALSE, NULL, 0);
insert into wrestlers (id, name, brand, division, active, role, gender, gimmick, injured, twitch_handle, disposition) values ('7e31c302-05ee-4325-989f-aefa74f76445', 'Celduiin', 'DAW', 'Intercontinental', TRUE, 'Face', 'Female', NULL, FALSE, 'celduiin', 1);
insert into wrestlers (id, name, brand, division, active, role, gender, gimmick, injured, twitch_handle, disposition) values ('66fa88a1-a507-406d-8449-09b9fc21efcf', 'Booker-T', 'Legend', 'No', TRUE, 'Face', 'Male', '5-Time', FALSE, NULL, 1);
insert into wrestlers (id, name, brand, division, active, role, gender, gimmick, injured, twitch_handle, disposition) values ('05ed2c1c-f472-4044-b160-1329aeb88093', 'Braun Strowman', 'SmackDown', 'Universal', TRUE, 'Face', 'Male', 'The Monster', FALSE, NULL, 1);
insert into wrestlers (id, name, brand, division, active, role, gender, gimmick, injured, twitch_handle, disposition) values ('c3b5474b-1261-4c8b-bdab-bf3bf7e50204', 'Brock Lesnar', 'SmackDown', 'No', TRUE, 'Face', 'Male', 'The Beast', FALSE, NULL, 1);
insert into wrestlers (id, name, brand, division, active, role, gender, gimmick, injured, twitch_handle, disposition) values ('0655bec3-0c3f-48ed-b466-a98f20841621', 'ChelBeCool', 'DAW', 'Womens', TRUE, 'Face', 'Female', 'Pink Ranger', FALSE, 'ChelBeCool', 1);
insert into wrestlers (id, name, brand, division, active, role, gender, gimmick, injured, twitch_handle, disposition) values ('0aa96820-6e1c-4c70-8aa9-4fe6af0221a7', 'Christian', 'DAW', 'Internet', TRUE, 'Face', 'Male', 'The Chosen', FALSE, 'ChristianTG92', 1);
insert into wrestlers (id, name, brand, division, active, role, gender, gimmick, injured, twitch_handle, disposition) values ('db9025f4-91c4-47e8-b3de-e3864852a4c8', 'Clorox', 'DAW', 'Mens', TRUE, 'Heel', 'Male', 'American All-star', FALSE, 'cloroxjelloshot', 0);
insert into wrestlers (id, name, brand, division, active, role, gender, gimmick, injured, twitch_handle, disposition) values ('f43da9a0-6aeb-4f09-81e5-406ac0dcbad4', 'Cameron Grimes', 'NXT', 'NXT N.A', TRUE, 'Face', 'Male', 'Million Dollar Caveman', FALSE, NULL, 1);
insert into wrestlers (id, name, brand, division, active, role, gender, gimmick, injured, twitch_handle, disposition) values ('8d011d52-59f2-4d67-ac6d-7d19520ad046', 'Candice LeRae', 'NXT', 'NXT Womens', TRUE, 'Heel', 'Female', 'Turncoat', FALSE, NULL, 0);
insert into wrestlers (id, name, brand, division, active, role, gender, gimmick, injured, twitch_handle, disposition) values ('004c7b59-d738-4718-a1f0-39aa22e8039d', 'Coolbro', 'DAW', 'Mens', TRUE, 'Heel', 'Male', NULL, FALSE, 'ltsCoolbro', 0);
insert into wrestlers (id, name, brand, division, active, role, gender, gimmick, injured, twitch_handle, disposition) values ('1fdbaeea-4dc7-41ff-9ce9-394d33e1ace4', 'Daware', 'DAW', 'Mens', TRUE, 'Heel', 'Male', 'Purple Monster', FALSE, 'Daware', 0);
insert into wrestlers (id, name, brand, division, active, role, gender, gimmick, injured, twitch_handle, disposition) values ('638e5d14-50dc-4bb3-b4c9-3e92293abe0c', 'Carmella', 'RAW', 'Raw Womens', TRUE, 'Heel', 'Female', 'Ravashing', FALSE, NULL, 0);
insert into wrestlers (id, name, brand, division, active, role, gender, gimmick, injured, twitch_handle, disposition) values ('326cae0c-8a12-442e-92ac-d3e39f833e64', 'Cedric Alexander', 'RAW', 'Raw Tag', TRUE, 'Heel', 'Male', 'Cocky', FALSE, NULL, 0);
insert into wrestlers (id, name, brand, division, active, role, gender, gimmick, injured, twitch_handle, disposition) values ('152ce1d4-2816-4c5c-82d3-7a4fa068a413', 'Delzak', 'DAW', 'Internet', TRUE, 'Face', 'Male', NULL, FALSE, 'Delzak', 1);
insert into wrestlers (id, name, brand, division, active, role, gender, gimmick, injured, twitch_handle, disposition) values ('244e0d39-1008-472a-a027-d2328ae0af81', 'Cesaro', 'SmackDown', 'Intercontinental', TRUE, 'Face', 'Male', 'Swiss Cyborg', FALSE, NULL, 1);
insert into wrestlers (id, name, brand, division, active, role, gender, gimmick, injured, twitch_handle, disposition) values ('44835eb5-59a9-4250-b5c2-6dc2c2e4a385', 'Chad Gable', 'RAW', 'Raw Tag', TRUE, 'Heel', 'Male', 'Coach', FALSE, NULL, 0);
insert into wrestlers (id, name, brand, division, active, role, gender, gimmick, injured, twitch_handle, disposition) values ('ee000b2f-e6f1-404a-ae96-df39f1d18a6d', 'Dorian', 'DAW', 'Internet', TRUE, 'Heel', 'Male', 'Kenny Omega', FALSE, NULL, 0);
insert into wrestlers (id, name, brand, division, active, role, gender, gimmick, injured, twitch_handle, disposition) values ('f6295434-2d2a-4a99-9521-549ffda982bc', 'Charlotte Flair', 'SmackDown', 'SD Womens', TRUE, 'Heel', 'Female', 'The Queen', FALSE, NULL, 0);
insert into wrestlers (id, name, brand, division, active, role, gender, gimmick, injured, twitch_handle, disposition) values ('c582c07c-786b-4687-9aeb-b0431edfb330', 'Druncle', 'DAW', 'Internet', TRUE, 'Face', 'Male', 'Pink Monster', FALSE, 'DruncleGab', 1);
insert into wrestlers (id, name, brand, division, active, role, gender, gimmick, injured, twitch_handle, disposition) values ('72a13a54-c48a-4382-a17e-3db462967ef7', 'FTB', 'DAW', 'Internet', TRUE, 'Heel', 'Male', NULL, FALSE, NULL, 0);
insert into wrestlers (id, name, brand, division, active, role, gender, gimmick, injured, twitch_handle, disposition) values ('b2d0cb4c-4471-49a3-b524-544ce1bd95a1', 'HarrisonClyde', 'DAW', 'Mens', TRUE, 'Face', 'Male', 'Ranger', FALSE, 'HarrisonClyde', 1);
insert into wrestlers (id, name, brand, division, active, role, gender, gimmick, injured, twitch_handle, disposition) values ('e1d798e4-7f04-4f9e-bee7-dab85ced3c69', 'Commander Azeez', 'None', 'No', TRUE, 'Heel', 'Male', 'Nigerian Grunt', FALSE, NULL, 0);
insert into wrestlers (id, name, brand, division, active, role, gender, gimmick, injured, twitch_handle, disposition) values ('0072611a-281e-4de5-bf57-fbc9696651ec', 'Kate', 'DAW', 'Womens', TRUE, 'Heel', 'Female', 'Eldritch Horror', FALSE, 'heyallkatehere', 0);
insert into wrestlers (id, name, brand, division, active, role, gender, gimmick, injured, twitch_handle, disposition) values ('eb28c1ab-5712-4fc1-97d1-ebec9ffe4f6d', 'Cora Jade', 'NXT', 'NXT Womens', TRUE, 'Face', 'Female', 'Skater', FALSE, NULL, NULL);
insert into wrestlers (id, name, brand, division, active, role, gender, gimmick, injured, twitch_handle, disposition) values ('a5ee6993-8b03-4dd1-9f97-a0a666f090ee', 'Dakota Kai', 'NXT', 'NXT Womens', TRUE, 'Heel', 'Female', 'Turncoat', FALSE, NULL, 0);
insert into wrestlers (id, name, brand, division, active, role, gender, gimmick, injured, twitch_handle, disposition) values ('c0ceed4f-3185-41cb-a4d6-f33ef392c8ef', 'Damian Priest', 'RAW', 'United States', TRUE, 'Face', 'Male', 'Archer of Infamy', FALSE, NULL, 1);
insert into wrestlers (id, name, brand, division, active, role, gender, gimmick, injured, twitch_handle, disposition) values ('a2636855-e108-40d7-9348-48545c4c5383', 'Dana Brooke', 'RAW', 'Raw Womens', TRUE, 'Face', 'Female', 'Old School Face', FALSE, NULL, 1);
insert into wrestlers (id, name, brand, division, active, role, gender, gimmick, injured, twitch_handle, disposition) values ('357e04dc-0f20-4745-ac7f-d9c6b463775a', 'Danny Burch', 'NXT', 'NXT Tag', TRUE, 'Heel', 'Male', 'Hardman', FALSE, NULL, 0);
insert into wrestlers (id, name, brand, division, active, role, gender, gimmick, injured, twitch_handle, disposition) values ('cd5fa7e0-c982-449d-ab4f-cd0b33045715', 'LolJakes', 'DAW', 'Internet', TRUE, 'Face', 'Male', 'The Broken', FALSE, 'loljakes', 1);
insert into wrestlers (id, name, brand, division, active, role, gender, gimmick, injured, twitch_handle, disposition) values ('6744f55d-802e-4dc8-83da-df85f7d6e050', 'MamaSquirrel', 'DAW', 'Intercontinental', TRUE, 'Heel', 'Female', NULL, FALSE, 'mamasquirrel', 0);
insert into wrestlers (id, name, brand, division, active, role, gender, gimmick, injured, twitch_handle, disposition) values ('cce2403e-b550-4727-9b4c-e04012c77f31', 'Meeks', 'DAW', 'Mens', TRUE, 'Face', 'Male', 'Mime', FALSE, 'meeks102', 1);
insert into wrestlers (id, name, brand, division, active, role, gender, gimmick, injured, twitch_handle, disposition) values ('c1b88aa8-5b42-4c38-af42-8855129bb03f', 'Dexter Lumis', 'NXT', 'NXT', TRUE, 'Face', 'Male', 'Psychopath', FALSE, NULL, 1);
insert into wrestlers (id, name, brand, division, active, role, gender, gimmick, injured, twitch_handle, disposition) values ('0d9d73ae-5bf0-4779-8d0e-d21f4eaf1f0f', 'Dolph Ziggler', 'RAW', 'Raw Tag', TRUE, 'Heel', 'Male', 'Show Stealer', FALSE, NULL, 0);
insert into wrestlers (id, name, brand, division, active, role, gender, gimmick, injured, twitch_handle, disposition) values ('d7307e76-a25c-412e-85b7-85c085319404', 'Dominik Mysterio', 'RAW', 'Raw Tag', TRUE, 'Face', 'Male', 'Son of Mysterio', FALSE, NULL, 1);
insert into wrestlers (id, name, brand, division, active, role, gender, gimmick, injured, twitch_handle, disposition) values ('24041ddc-d965-4815-8c45-c9f97a2ed2c1', 'MrsSquirrel', 'DAW', 'Womens', TRUE, 'Heel', 'Female', 'The Icon', FALSE, 'mrssquirrel', 0);
insert into wrestlers (id, name, brand, division, active, role, gender, gimmick, injured, twitch_handle, disposition) values ('60a7e8b3-a4f5-4aae-a668-1742f5c1a5e9', 'Nicotine', 'DAW', 'Tag Team', TRUE, 'Heel', 'Male', NULL, FALSE, NULL, 0);
insert into wrestlers (id, name, brand, division, active, role, gender, gimmick, injured, twitch_handle, disposition) values ('ce7af308-9278-4c37-aa87-b7d2ea0e48c9', 'Doudrop', 'None', 'No', TRUE, 'Heel', 'Female', 'Bad Ass', FALSE, NULL, 0);
insert into wrestlers (id, name, brand, division, active, role, gender, gimmick, injured, twitch_handle, disposition) values ('ba72c723-0450-42e1-ac59-868db5796196', 'Drew Gulak', 'SmackDown', 'No', TRUE, 'Face', 'Male', 'Old School Face', FALSE, NULL, 1);
insert into wrestlers (id, name, brand, division, active, role, gender, gimmick, injured, twitch_handle, disposition) values ('c72471ee-6d5e-4a0c-9208-ebea0899578b', 'Drew McIntyre', 'SmackDown', 'Universal', TRUE, 'Face', 'Male', 'Scotish Psychopath', FALSE, NULL, 1);
insert into wrestlers (id, name, brand, division, active, role, gender, gimmick, injured, twitch_handle, disposition) values ('fce02e68-03a4-4670-a5d4-a6790f4f92a1', 'PigPoacher', 'DAW', 'Internet', TRUE, 'Face', 'Male', 'Masked Monster', FALSE, 'Pigpoacher', 1);
insert into wrestlers (id, name, brand, division, active, role, gender, gimmick, injured, twitch_handle, disposition) values ('07687962-07c0-46b6-9541-2d8b60e3c2c1', 'Potassium', 'DAW', 'Mens', TRUE, 'Face', 'Male', 'Big Kid', FALSE, 'potassiumm_', 1);
insert into wrestlers (id, name, brand, division, active, role, gender, gimmick, injured, twitch_handle, disposition) values ('4133041b-c715-4a9b-9732-e284339a6843', 'Edge', 'RAW', 'WWE', TRUE, 'Face', 'Male', 'The Rated R Superstar', FALSE, NULL, 1);
insert into wrestlers (id, name, brand, division, active, role, gender, gimmick, injured, twitch_handle, disposition) values ('9201e1e4-cf80-469b-b990-da8791df6cc5', 'Elias', 'Raw', 'No', TRUE, 'Heel', 'Male', 'Drifter', FALSE, NULL, 0);
insert into wrestlers (id, name, brand, division, active, role, gender, gimmick, injured, twitch_handle, disposition) values ('53e53301-71c7-4936-b442-7031883a47b2', 'Ember Moon', 'NXT', 'NXT Womens', TRUE, 'Face', 'Female', 'Shenom', FALSE, NULL, 1);
insert into wrestlers (id, name, brand, division, active, role, gender, gimmick, injured, twitch_handle, disposition) values ('baeb0f20-f5a5-4249-9879-547c0f04a8f7', 'Erik', 'SmackDown', 'SD Tag', TRUE, 'Face', 'Male', 'Viking', FALSE, NULL, 1);
insert into wrestlers (id, name, brand, division, active, role, gender, gimmick, injured, twitch_handle, disposition) values ('4a77b2c6-8734-48f8-a742-d0fa9242bfb9', 'Eva Marie', 'None', 'No', TRUE, 'Heel', 'Female', 'Model', FALSE, NULL, 0);
insert into wrestlers (id, name, brand, division, active, role, gender, gimmick, injured, twitch_handle, disposition) values ('a956539c-6124-4ca9-b81e-3b36c6041232', 'Fabian Aichner', 'NXT', 'NXT Tag', TRUE, 'Heel', 'Male', 'Old School Heel', FALSE, NULL, 0);
insert into wrestlers (id, name, brand, division, active, role, gender, gimmick, injured, twitch_handle, disposition) values ('d446461c-ba8a-4f0d-8418-4994444095bb', 'Fandango', 'NXT', 'NXT Tag', TRUE, 'Face', 'Male', 'Fashion Police', FALSE, NULL, 1);
insert into wrestlers (id, name, brand, division, active, role, gender, gimmick, injured, twitch_handle, disposition) values ('3301ac36-cfc2-4e2f-a873-184d623d1853', 'Finn Balor', 'RAW', 'United States', TRUE, 'Face', 'Male', 'Prince', FALSE, NULL, 1);
insert into wrestlers (id, name, brand, division, active, role, gender, gimmick, injured, twitch_handle, disposition) values ('a4325654-d541-4561-a709-9338864677a9', 'Pure Defiance', 'DAW', 'Internet', TRUE, 'Face', 'Male', NULL, FALSE, 'Pure_Defiance', 1);
insert into wrestlers (id, name, brand, division, active, role, gender, gimmick, injured, twitch_handle, disposition) values ('9b034dc5-1ffd-4916-ad67-eb7092080706', 'Gigi Dolin', 'None', 'NXT Womens', TRUE, 'Heel', 'Female', 'Cocky', FALSE, NULL, 0);
insert into wrestlers (id, name, brand, division, active, role, gender, gimmick, injured, twitch_handle, disposition) values ('60c99dea-a118-4839-99eb-5de3ca41d5d4', 'Pyropixie', 'DAW', 'Womens', TRUE, 'Face', 'Female', NULL, FALSE, 'pyropixie', 1);
insert into wrestlers (id, name, brand, division, active, role, gender, gimmick, injured, twitch_handle, disposition) values ('469ab9db-7202-45c0-a929-64eb9137b121', 'RBG', 'DAW', NULL, TRUE, 'Heel', 'Female', 'Biker', FALSE, 'ribeachgal80', 0);
insert into wrestlers (id, name, brand, division, active, role, gender, gimmick, injured, twitch_handle, disposition) values ('628454d6-d441-4911-874c-ca8eb8a55886', 'Gran Metalik', 'Raw', 'No', TRUE, 'Face', 'Male', 'Lucha', FALSE, NULL, 1);
insert into wrestlers (id, name, brand, division, active, role, gender, gimmick, injured, twitch_handle, disposition) values ('1ed5c06f-b986-41c7-beef-5e7746a06cf2', 'Grumpty', 'GM', 'GM', TRUE, 'Heel', 'Male', 'Zombie', FALSE, NULL, 0);
insert into wrestlers (id, name, brand, division, active, role, gender, gimmick, injured, twitch_handle, disposition) values ('e26e7aaa-8721-4e90-9e6d-9fa3b2cb64cf', 'Happy Corbin', 'SmackDown', 'Intercontinental', TRUE, 'Heel', 'Male', 'Happy go Lucky', FALSE, NULL, 0);
insert into wrestlers (id, name, brand, division, active, role, gender, gimmick, injured, twitch_handle, disposition) values ('9683fa4f-ffaf-4185-938d-e4a435a5aef7', 'Ruric', 'DAW', 'Mens', TRUE, 'Heel', 'Male', 'Limitless', FALSE, 'Ruric', 0);
insert into wrestlers (id, name, brand, division, active, role, gender, gimmick, injured, twitch_handle, disposition) values ('77de3970-907b-40eb-9865-9190ce78fcc3', 'Humberto Carrillo', 'SmackDown', 'Intercontinental', TRUE, 'Heel', 'Male', 'Ladies Man', FALSE, NULL, 0);
insert into wrestlers (id, name, brand, division, active, role, gender, gimmick, injured, twitch_handle, disposition) values ('a4d65fad-9c7b-4216-bdb8-218958fcfd11', 'Hurricane Helms', 'Legend', 'No', TRUE, 'Face', 'Male', 'Superhero', FALSE, NULL, 1);
insert into wrestlers (id, name, brand, division, active, role, gender, gimmick, injured, twitch_handle, disposition) values ('6a3c5c70-fbb7-4a85-8940-df64e251eca3', 'Skunglee', 'DAW', 'Internet', TRUE, 'Face', 'Male', NULL, FALSE, 'Skunglee', 1);
insert into wrestlers (id, name, brand, division, active, role, gender, gimmick, injured, twitch_handle, disposition) values ('7012a480-bcd1-40cc-9016-ac11e148b075', 'Ilja Draganov', 'None', 'NXT N.A', TRUE, 'Face', 'Male', NULL, FALSE, NULL, 1);
insert into wrestlers (id, name, brand, division, active, role, gender, gimmick, injured, twitch_handle, disposition) values ('785a10ae-8960-4154-ae04-41d2e9368cb6', 'Indi Hartwell', 'None', 'NXT Womens', TRUE, 'Heel', 'Female', NULL, FALSE, NULL, 0);
insert into wrestlers (id, name, brand, division, active, role, gender, gimmick, injured, twitch_handle, disposition) values ('2c0a6a7f-2bee-460f-a5ab-452b91cb4a29', 'Io Shirai', 'NXT', 'NXT Womens', TRUE, 'Face', 'Female', 'Genius of the Sky', FALSE, NULL, 1);
insert into wrestlers (id, name, brand, division, active, role, gender, gimmick, injured, twitch_handle, disposition) values ('dd1baba9-ca2e-453d-99ba-f754b827e195', 'Isaiah Scott', 'NXT', 'No', TRUE, 'Face', 'Male', 'Swerve', FALSE, NULL, 1);
insert into wrestlers (id, name, brand, division, active, role, gender, gimmick, injured, twitch_handle, disposition) values ('2a253634-40a0-4c54-91a5-17aa3a88f781', 'Ivar', 'SmackDown', 'SD Tag', TRUE, 'Face', 'Male', 'Viking', FALSE, NULL, 1);
insert into wrestlers (id, name, brand, division, active, role, gender, gimmick, injured, twitch_handle, disposition) values ('d0df50f1-fbbb-4298-ab0c-f7e6e122c4c4', 'Slaghammers', 'DAW', 'Mens', TRUE, 'Face', 'Male', 'Brawler', FALSE, 'Slaghammers', 1);
insert into wrestlers (id, name, brand, division, active, role, gender, gimmick, injured, twitch_handle, disposition) values ('31f8c2ba-a0c4-4352-ae28-1cf68d200216', 'Slapjax', 'DAW', 'Mens', TRUE, 'Face', 'Male', 'Dude Bro', FALSE, 'slapjax_', 1);
insert into wrestlers (id, name, brand, division, active, role, gender, gimmick, injured, twitch_handle, disposition) values ('8db966ed-54f2-40b7-bb5f-6060d5a9ef83', 'Jacy Jayne', 'None', 'NXT Womens', TRUE, 'Heel', 'Female', 'Cocky', FALSE, NULL, 0);
insert into wrestlers (id, name, brand, division, active, role, gender, gimmick, injured, twitch_handle, disposition) values ('37c45dad-5bd3-47ef-b512-3e066e3a8e46', 'James Drake', 'None', 'NXT Tag', TRUE, 'Face', 'Male', 'Old School Face', FALSE, NULL, 1);
insert into wrestlers (id, name, brand, division, active, role, gender, gimmick, injured, twitch_handle, disposition) values ('bc93b973-151b-48ca-8d75-8f6c220a0d31', 'Speczii', 'DAW', 'Womens', TRUE, 'Face', 'Female', 'Meme Queen', FALSE, 'Speczii', 1);
insert into wrestlers (id, name, brand, division, active, role, gender, gimmick, injured, twitch_handle, disposition) values ('7d9945b2-59a0-4661-8206-198fec52bb2f', 'Squirrelpool', 'DAW', 'Mens', TRUE, 'Face', 'Male', 'The Conqueror', FALSE, 'Squirrelpool', 1);
insert into wrestlers (id, name, brand, division, active, role, gender, gimmick, injured, twitch_handle, disposition) values ('2918125d-cb27-42c2-9fc9-149c52a46066', 'Jeff Hardy', 'SmackDown', 'No', TRUE, 'Face', 'Male', 'Charismatic Enigma', FALSE, NULL, 1);
insert into wrestlers (id, name, brand, division, active, role, gender, gimmick, injured, twitch_handle, disposition) values ('f5fb84ca-43f8-43df-8851-9b300b7a5707', 'Jey Uso', 'SmackDown', 'SD Tag', TRUE, 'Heel', 'Male', 'Bloodline', FALSE, NULL, 0);
insert into wrestlers (id, name, brand, division, active, role, gender, gimmick, injured, twitch_handle, disposition) values ('cae60a39-209e-4271-8072-e71a78e2b23c', 'Jimmy Uso', 'SmackDown', 'SD Tag', TRUE, 'Heel', 'Male', 'Bloodline', FALSE, NULL, 0);
insert into wrestlers (id, name, brand, division, active, role, gender, gimmick, injured, twitch_handle, disposition) values ('f3663cdd-e4de-4159-a94b-2e2b265afc49', 'Jinder Mahal', 'SmackDown', 'Intercontinental', TRUE, 'Heel', 'Male', 'Modern Day Majaraja', FALSE, NULL, 0);
insert into wrestlers (id, name, brand, division, active, role, gender, gimmick, injured, twitch_handle, disposition) values ('9cde7da5-1ed7-4799-9c8e-554ef25b480f', 'Joaquin Wilde', 'NXT', 'No', TRUE, 'Heel', 'Male', 'Lackey', FALSE, NULL, 0);
insert into wrestlers (id, name, brand, division, active, role, gender, gimmick, injured, twitch_handle, disposition) values ('d9b273b2-5a17-4561-862b-580d35adc781', 'John Cena', 'Legend', 'No', TRUE, 'Face', 'Male', 'Super Face', FALSE, NULL, 1);
insert into wrestlers (id, name, brand, division, active, role, gender, gimmick, injured, twitch_handle, disposition) values ('a46fda6c-4d5d-4e98-bd70-3e33ab2dd06c', 'John Morrison', 'Raw', 'United States', TRUE, 'Heel', 'Male', 'Johnny Drip Drip', FALSE, NULL, 0);
insert into wrestlers (id, name, brand, division, active, role, gender, gimmick, injured, twitch_handle, disposition) values ('6dc62eae-90fb-42dd-a7d0-d602be9bb863', 'Johnny Gargano', 'NXT', 'NXT N.A', TRUE, 'Heel', 'Male', 'Entitled Jerk', FALSE, NULL, 0);
insert into wrestlers (id, name, brand, division, active, role, gender, gimmick, injured, twitch_handle, disposition) values ('c3e2da71-fc58-404a-a325-7f09ce75d509', 'Jordan Devlin', 'NXT', 'NXT N.A', TRUE, 'Face', 'Male', 'Irish Ace', FALSE, NULL, 1);
insert into wrestlers (id, name, brand, division, active, role, gender, gimmick, injured, twitch_handle, disposition) values ('f19c242e-ee12-4043-ab28-accd9ac84ad6', 'Kacy Catanzaro', 'None', 'NXT Womens', TRUE, 'Face', 'Female', 'Party Girl', FALSE, NULL, 1);
insert into wrestlers (id, name, brand, division, active, role, gender, gimmick, injured, twitch_handle, disposition) values ('cc6c3160-bb30-4b58-bf49-5a1b4ead3fea', 'Kane', 'Legend', 'No', TRUE, 'Heel', 'Male', 'The Terror', FALSE, NULL, 0);
insert into wrestlers (id, name, brand, division, active, role, gender, gimmick, injured, twitch_handle, disposition) values ('cd92b7e2-ed7e-4cbf-9ce5-523a75200ae7', 'Karrion Kross', 'SmackDown', 'No', TRUE, 'Heel', 'Male', 'Psycho', FALSE, NULL, 0);
insert into wrestlers (id, name, brand, division, active, role, gender, gimmick, injured, twitch_handle, disposition) values ('b0a5de67-da65-4808-bb98-ace3a77fa729', 'Stormin', 'DAW', 'Mens', TRUE, 'Face', 'Male', 'The Damned', FALSE, 'imstormin', 1);
insert into wrestlers (id, name, brand, division, active, role, gender, gimmick, injured, twitch_handle, disposition) values ('dcbc7cae-9970-458e-97dc-4d37f23dd00e', 'Keith Lee', 'Raw', 'No', TRUE, 'Face', 'Male', 'Bearcat', FALSE, NULL, 1);
insert into wrestlers (id, name, brand, division, active, role, gender, gimmick, injured, twitch_handle, disposition) values ('04bb2438-6c5c-4bf4-9474-9f5ed9cc845d', 'Kevin Owens', 'RAW', 'WWE', TRUE, 'Face', 'Male', 'The Prizefighter', FALSE, NULL, 1);
insert into wrestlers (id, name, brand, division, active, role, gender, gimmick, injured, twitch_handle, disposition) values ('122e2f4f-61c3-46f1-8de6-407a73f0712e', 'Sweets', 'DAW', 'Womens', TRUE, 'Heel', 'Female', 'Wicked Witch', FALSE, 'sweetsxo', 0);
insert into wrestlers (id, name, brand, division, active, role, gender, gimmick, injured, twitch_handle, disposition) values ('1235ea57-f416-4824-a6f0-737c79671fa6', 'Kofi Kingston', 'SmackDown', 'SD Tag', TRUE, 'Face', 'Male', 'Power of Positivity', FALSE, NULL, 1);
insert into wrestlers (id, name, brand, division, active, role, gender, gimmick, injured, twitch_handle, disposition) values ('f53c5be3-c66c-4d29-b281-5c0157203703', 'Terran', 'DAW', 'Womens', TRUE, 'Face', 'Female', 'Final Boss', FALSE, 'TerranGreel', 1);
insert into wrestlers (id, name, brand, division, active, role, gender, gimmick, injured, twitch_handle, disposition) values ('09a1ddc7-5133-4858-b8e1-c89de2eefe3b', 'Uncle Vac', 'DAW', 'Mens', TRUE, 'Face', 'Male', 'Gumby', FALSE, 'Uncle_Vac', 1);
insert into wrestlers (id, name, brand, division, active, role, gender, gimmick, injured, twitch_handle, disposition) values ('49089c3b-4ff1-4250-a6c9-481d3456a1ae', 'Kushida', 'NXT', 'NXT N.A', TRUE, 'Face', 'Male', 'Foreign Star', FALSE, NULL, 1);
insert into wrestlers (id, name, brand, division, active, role, gender, gimmick, injured, twitch_handle, disposition) values ('a9aacd0b-fa44-4825-a8d3-fe0ec83e3954', 'Kyle O''Reilly', 'NXT', 'NXT N.A', TRUE, 'Face', 'Male', 'Chad''s Lackey', FALSE, NULL, 1);
insert into wrestlers (id, name, brand, division, active, role, gender, gimmick, injured, twitch_handle, disposition) values ('fb68e30c-6aaa-4377-9099-2c002bc28fe7', 'LA Knight', 'None', 'NXT N.A', TRUE, 'Heel', 'Male', 'Egomanic', FALSE, NULL, 0);
insert into wrestlers (id, name, brand, division, active, role, gender, gimmick, injured, twitch_handle, disposition) values ('2291d10a-dd8e-449e-b2dc-0b8482954e30', 'Lacey Evans', 'Raw', 'No', TRUE, 'Heel', 'Female', 'Sassy Southern Belle', FALSE, NULL, 0);
insert into wrestlers (id, name, brand, division, active, role, gender, gimmick, injured, twitch_handle, disposition) values ('6e520f7f-2ca1-4c2a-adc6-b44e3d3f936e', 'Lana', 'Raw', 'No', TRUE, 'Face', 'Female', 'Ravashing', FALSE, NULL, 1);
insert into wrestlers (id, name, brand, division, active, role, gender, gimmick, injured, twitch_handle, disposition) values ('146ed3a2-ffd0-498f-ab39-8a11824f6cff', 'YourLocalGoblin', 'DAW', 'Intercontinental', TRUE, 'Face', 'Female', NULL, FALSE, 'YourLocalGoblin', 1);
insert into wrestlers (id, name, brand, division, active, role, gender, gimmick, injured, twitch_handle, disposition) values ('bf6ac5ac-4d54-4e36-879c-156fa828f104', 'Lince Dorado', 'SmackDown', 'No', TRUE, 'Heel', 'Male', 'Lucha', FALSE, NULL, 0);
insert into wrestlers (id, name, brand, division, active, role, gender, gimmick, injured, twitch_handle, disposition) values ('a9e6b7c0-0b3c-450f-b759-ca62c0fa4434', 'Liv Morgan', 'RAW', 'Raw Womens', TRUE, 'Face', 'Female', 'Gritty Underdog', FALSE, NULL, 1);
insert into wrestlers (id, name, brand, division, active, role, gender, gimmick, injured, twitch_handle, disposition) values ('8b69d49a-898b-48e4-beff-2fcf3490864d', 'Logan Paul', 'SmackDown', 'No', TRUE, 'Heel', 'Male', 'Youtuber', FALSE, NULL, 0);
insert into wrestlers (id, name, brand, division, active, role, gender, gimmick, injured, twitch_handle, disposition) values ('fca0038d-59fa-4d61-adb0-53904be85483', 'Ada', NULL, NULL, FALSE, 'Heel', 'Female', 'Hugger', FALSE, NULL, 0);
insert into wrestlers (id, name, brand, division, active, role, gender, gimmick, injured, twitch_handle, disposition) values ('a6bb0350-9ed7-4248-a9db-77a8c0b63eed', 'MACE', 'SmackDown', 'Raw Tag', TRUE, 'Heel', 'Male', 'Aggressive', FALSE, NULL, 0);
insert into wrestlers (id, name, brand, division, active, role, gender, gimmick, injured, twitch_handle, disposition) values ('67f9c366-8b2c-4b4b-8b24-2c417726544e', 'Madcap Moss', 'None', 'No', TRUE, 'Heel', 'Male', 'Happy go Lucky', FALSE, NULL, 0);
insert into wrestlers (id, name, brand, division, active, role, gender, gimmick, injured, twitch_handle, disposition) values ('5731fc92-1890-46d3-bfd4-cb7aa3c970fd', 'Awake', NULL, NULL, FALSE, 'Face', 'Male', NULL, FALSE, 'awake10101', 1);
insert into wrestlers (id, name, brand, division, active, role, gender, gimmick, injured, twitch_handle, disposition) values ('070ef826-51e2-44ff-b14f-c0c821af8fd4', 'Batman', NULL, NULL, FALSE, 'Heel', 'Male', 'The Caped Crusader', FALSE, NULL, 0);
insert into wrestlers (id, name, brand, division, active, role, gender, gimmick, injured, twitch_handle, disposition) values ('0fcd3d23-bde1-4d6f-a592-157d399233c4', 'Mandy Rose', 'RAW', 'Raw Womens', TRUE, 'Face', 'Female', 'Perfect Body', FALSE, NULL, 1);
insert into wrestlers (id, name, brand, division, active, role, gender, gimmick, injured, twitch_handle, disposition) values ('02548697-b379-4703-9e21-5609fabb7f16', 'Mansoor', 'SmackDown', 'Intercontinental', TRUE, 'Face', 'Male', 'Saudi Hero', FALSE, NULL, 1);
insert into wrestlers (id, name, brand, division, active, role, gender, gimmick, injured, twitch_handle, disposition) values ('123961bb-d9f5-465c-a00b-26a31c9b844e', 'Marcel Barthel', 'NXT', 'NXT Tag', TRUE, 'Heel', 'Male', 'Marcel Barthel', FALSE, NULL, 0);
insert into wrestlers (id, name, brand, division, active, role, gender, gimmick, injured, twitch_handle, disposition) values ('769987bc-0cb8-4697-989b-5d02ebf0ef74', 'Maryse', 'Raw', 'No', TRUE, 'Heel', 'Female', 'Seductress', FALSE, NULL, 0);
insert into wrestlers (id, name, brand, division, active, role, gender, gimmick, injured, twitch_handle, disposition) values ('8b45127b-9c83-4169-a3e3-fd142b88754c', 'Bearclaw', NULL, NULL, FALSE, 'Face', 'Male', 'Bro Back', FALSE, NULL, 1);
insert into wrestlers (id, name, brand, division, active, role, gender, gimmick, injured, twitch_handle, disposition) values ('095eadde-75ef-494e-8568-a09449149336', 'BigTuna', 'DAW', 'Internet', FALSE, 'Face', 'Male', NULL, FALSE, 'BigTunaRP', 1);
insert into wrestlers (id, name, brand, division, active, role, gender, gimmick, injured, twitch_handle, disposition) values ('8afecc06-d295-4dcf-9a88-f0f5b2bcd72f', 'Bloodfeast', NULL, NULL, FALSE, 'Heel', 'Male', NULL, FALSE, 'Bloodfeast', 0);
insert into wrestlers (id, name, brand, division, active, role, gender, gimmick, injured, twitch_handle, disposition) values ('a5c7d730-6a10-47b8-ba5f-45dd75afe2a7', 'Mia Yim', 'NXT', 'NXT Womens', TRUE, 'Face', 'Female', 'H.B.I.C', FALSE, NULL, 1);
insert into wrestlers (id, name, brand, division, active, role, gender, gimmick, injured, twitch_handle, disposition) values ('14d74b5b-f514-4778-9855-2a3ab50a1615', 'Mickie James', 'SmackDown', 'SD Womens', TRUE, 'Face', 'Female', 'Veteran', FALSE, NULL, 1);
insert into wrestlers (id, name, brand, division, active, role, gender, gimmick, injured, twitch_handle, disposition) values ('1ba80488-6d79-41ff-87a2-a01846d366fe', 'Montez Ford', 'RAW', 'Raw Tag', TRUE, 'Face', 'Male', 'Crazy Gangsta', FALSE, NULL, 1);
insert into wrestlers (id, name, brand, division, active, role, gender, gimmick, injured, twitch_handle, disposition) values ('42e5e6d3-4be5-45d5-b4bd-73e02dd0a8fb', 'BrokenP1ank', NULL, NULL, FALSE, 'Heel', 'Male', 'Baby', FALSE, 'BrokenP1ank', 0);
insert into wrestlers (id, name, brand, division, active, role, gender, gimmick, injured, twitch_handle, disposition) values ('ee7a1c2e-0e79-4444-8190-71dda6df0210', 'Murphy', 'SmackDown', 'No', TRUE, 'Heel', 'Male', 'The Best Kept Secret', FALSE, NULL, 0);
insert into wrestlers (id, name, brand, division, active, role, gender, gimmick, injured, twitch_handle, disposition) values ('d0ff4eda-57a9-43b5-98d1-155e98c5df97', 'Mustafa Ali', 'SmackDown', 'United States', TRUE, 'Face', 'Male', 'Pissed off', FALSE, NULL, 1);
insert into wrestlers (id, name, brand, division, active, role, gender, gimmick, injured, twitch_handle, disposition) values ('02d48560-a8f1-44cf-aa64-7248fbc063eb', 'Naomi', 'Raw', 'SD Womens', TRUE, 'Face', 'Female', 'Feel the Glow', FALSE, NULL, 1);
insert into wrestlers (id, name, brand, division, active, role, gender, gimmick, injured, twitch_handle, disposition) values ('a78e176f-f983-4cf1-9513-66f539b51dce', 'Nash Carter', 'None', 'NXT Tag', TRUE, 'Face', 'Male', 'Old School Face', FALSE, NULL, 1);
insert into wrestlers (id, name, brand, division, active, role, gender, gimmick, injured, twitch_handle, disposition) values ('49ee1f1e-26a3-468d-bc00-10e9051c82fe', 'Natalya', 'SmackDown', 'SD Womens', TRUE, 'Heel', 'Female', 'Record Breaker', FALSE, NULL, 0);
insert into wrestlers (id, name, brand, division, active, role, gender, gimmick, injured, twitch_handle, disposition) values ('3eca0c1e-0807-48b9-9b2a-a01f1e8f9512', 'Nia Jax', 'Raw', 'Raw Womens', TRUE, 'Heel', 'Female', 'Bully', FALSE, NULL, 0);
insert into wrestlers (id, name, brand, division, active, role, gender, gimmick, injured, twitch_handle, disposition) values ('ede1c7ef-9eee-42fc-9380-cb209f0b828e', 'Buzzy', 'DAW', 'Internet', FALSE, 'Heel', 'Male', NULL, FALSE, NULL, 0);
insert into wrestlers (id, name, brand, division, active, role, gender, gimmick, injured, twitch_handle, disposition) values ('2c030db4-b9f8-42c3-b1ee-05b3fb8c10c3', 'Nikki A.S.H', 'RAW', 'Raw Womens', TRUE, 'Face', 'Female', 'Almost Superhero', FALSE, NULL, 1);
insert into wrestlers (id, name, brand, division, active, role, gender, gimmick, injured, twitch_handle, disposition) values ('e9c91ec8-e338-445f-b299-1ef3e53110e6', 'CapTurtle', NULL, NULL, FALSE, NULL, 'Male', 'Fabulous', FALSE, 'CapTurtle_Turtle', NULL);
insert into wrestlers (id, name, brand, division, active, role, gender, gimmick, injured, twitch_handle, disposition) values ('a21e0dad-410f-43b5-96a1-ba983b5cbd47', 'Omos', 'None', 'Raw Tag', TRUE, 'Heel', 'Male', 'Bodyguard', FALSE, NULL, 0);
insert into wrestlers (id, name, brand, division, active, role, gender, gimmick, injured, twitch_handle, disposition) values ('332f4cfc-f96b-4d80-9de4-187a0cf1617f', 'Oney Lorcan', 'NXT', 'NXT Tag', TRUE, 'Heel', 'Male', 'Psychotic', FALSE, NULL, 0);
insert into wrestlers (id, name, brand, division, active, role, gender, gimmick, injured, twitch_handle, disposition) values ('4b6c87e8-988c-4623-addd-d75b9c0b58d1', 'Otis', 'RAW', 'Raw Tag', TRUE, 'Heel', 'Male', 'Training Protege', FALSE, NULL, 0);
insert into wrestlers (id, name, brand, division, active, role, gender, gimmick, injured, twitch_handle, disposition) values ('fe2b910f-9821-448e-928d-da0ba9221a8e', 'Charlie', NULL, NULL, FALSE, 'Heel', 'Male', 'Goblin', FALSE, 'GenericCharlie', 0);
insert into wrestlers (id, name, brand, division, active, role, gender, gimmick, injured, twitch_handle, disposition) values ('ad38e99c-f814-4024-8be9-1b1ffff1a11f', 'Pete Dunne', 'NXT', 'NXT', TRUE, 'Heel', 'Male', 'Bruiserweight', FALSE, NULL, 0);
insert into wrestlers (id, name, brand, division, active, role, gender, gimmick, injured, twitch_handle, disposition) values ('5bb2d7bb-a660-45ce-ac42-48b5b2fff1da', 'Peyton Royce', 'SmackDown', 'No', TRUE, 'Heel', 'Female', 'IIconics', FALSE, NULL, 0);
insert into wrestlers (id, name, brand, division, active, role, gender, gimmick, injured, twitch_handle, disposition) values ('733d32a1-03d3-4d45-ba41-6b9a50bfa393', 'Darksavior', NULL, NULL, FALSE, 'Face', 'Male', NULL, FALSE, NULL, 1);
insert into wrestlers (id, name, brand, division, active, role, gender, gimmick, injured, twitch_handle, disposition) values ('b89f6511-8a3d-4a13-a45a-f78ce4c5514a', 'Dorito', NULL, NULL, FALSE, 'Face', 'Male', NULL, FALSE, 'CaptainDorito', 1);
insert into wrestlers (id, name, brand, division, active, role, gender, gimmick, injured, twitch_handle, disposition) values ('bc5ab7cb-bf3e-4cd8-9024-c4ba2631fec2', 'Echo', NULL, NULL, FALSE, 'Heel', 'Female', 'Discount', FALSE, NULL, 0);
insert into wrestlers (id, name, brand, division, active, role, gender, gimmick, injured, twitch_handle, disposition) values ('d4f7977b-c5bd-4d37-b494-96fd935ea3ea', 'Extrose', 'DAW', 'Internet', FALSE, 'Heel', 'Male', NULL, FALSE, 'Extrosegamer', 0);
insert into wrestlers (id, name, brand, division, active, role, gender, gimmick, injured, twitch_handle, disposition) values ('236dddd8-b6e3-4f50-9e8d-7b54fe489a20', 'Gingerlord', NULL, NULL, FALSE, 'Face', 'Male', 'Red Viking', FALSE, 'Gingerlordd', 1);
insert into wrestlers (id, name, brand, division, active, role, gender, gimmick, injured, twitch_handle, disposition) values ('9e5a77af-081f-405d-bebd-9c90c18f546c', 'R-Truth', 'RAW', 'No', TRUE, 'Face', 'Male', 'Confused Man', FALSE, NULL, 1);
insert into wrestlers (id, name, brand, division, active, role, gender, gimmick, injured, twitch_handle, disposition) values ('e4addf33-4f50-4fe3-9f5b-08b429dbc096', 'Randy Orton', 'RAW', 'Raw Tag', TRUE, 'Face', 'Male', 'Apex Predator', FALSE, NULL, 1);
insert into wrestlers (id, name, brand, division, active, role, gender, gimmick, injured, twitch_handle, disposition) values ('d1c3dbb4-f4da-4006-8c18-91268614e85a', 'Raquel Gonzalez', 'NXT', 'NXT Womens', TRUE, 'Face', 'Female', 'Bad Ass', FALSE, NULL, 1);
insert into wrestlers (id, name, brand, division, active, role, gender, gimmick, injured, twitch_handle, disposition) values ('e5dd8914-9755-4947-92f5-654d037f43b4', 'Raul Mendoza', 'NXT', 'NXT Tag', TRUE, 'Heel', 'Male', 'Lackey', FALSE, NULL, 0);
insert into wrestlers (id, name, brand, division, active, role, gender, gimmick, injured, twitch_handle, disposition) values ('b53deaf4-6809-46c8-a85f-587ef1ead267', 'GnarCandy', 'DAW', 'Womens', FALSE, 'Heel', 'Female', 'The Devil', FALSE, 'GNARcandy', 0);
insert into wrestlers (id, name, brand, division, active, role, gender, gimmick, injured, twitch_handle, disposition) values ('2ac78512-097e-4b54-a45b-c67fe4aa1ea6', 'Huskycoke', NULL, NULL, FALSE, 'Heel', 'Male', NULL, FALSE, 'Huskycokelol', 0);
insert into wrestlers (id, name, brand, division, active, role, gender, gimmick, injured, twitch_handle, disposition) values ('57b9996d-5824-4637-8322-3365d81fee43', 'Reggie', 'None', 'No', TRUE, 'Heel', 'Male', 'Acrobat', FALSE, NULL, 0);
insert into wrestlers (id, name, brand, division, active, role, gender, gimmick, injured, twitch_handle, disposition) values ('45d6759a-e627-41e8-b142-68a6772440d1', 'Izzy', NULL, 'Buried Alive', FALSE, NULL, 'Female', 'Witch', FALSE, 'IzzyWasTakenFromMe', NULL);
insert into wrestlers (id, name, brand, division, active, role, gender, gimmick, injured, twitch_handle, disposition) values ('3ad68c9b-6056-44ea-95b0-d205d27799c6', 'JackNapier', NULL, NULL, FALSE, 'Face', 'Male', NULL, FALSE, 'Jacknapier4921', 1);
insert into wrestlers (id, name, brand, division, active, role, gender, gimmick, injured, twitch_handle, disposition) values ('7992b7fc-2c75-47b0-a0fe-4434be162d0c', 'JAGJason', NULL, NULL, FALSE, 'Face', 'Male', NULL, FALSE, 'JAGJason', 1);
insert into wrestlers (id, name, brand, division, active, role, gender, gimmick, injured, twitch_handle, disposition) values ('bf1f1cee-164e-49fa-b5ce-de2886657a60', 'Rey Mysterio', 'RAW', 'Raw Tag', TRUE, 'Face', 'Male', 'Master of the 619', FALSE, NULL, 1);
insert into wrestlers (id, name, brand, division, active, role, gender, gimmick, injured, twitch_handle, disposition) values ('43dc0985-a4f7-4e9d-ada2-39dcef4511d4', 'Rhea Ripley', 'RAW', 'Raw Womens', TRUE, 'Face', 'Female', 'The Nightmare', FALSE, NULL, 1);
insert into wrestlers (id, name, brand, division, active, role, gender, gimmick, injured, twitch_handle, disposition) values ('75ba9501-b1f2-43f6-b328-e2bc5cea9b37', 'Rick Boogs', 'None', 'No', TRUE, 'Face', 'Male', 'Rockstar', FALSE, NULL, 1);
insert into wrestlers (id, name, brand, division, active, role, gender, gimmick, injured, twitch_handle, disposition) values ('94a91faf-6f97-41c0-a9fd-c049c7a4f083', 'Ricochet', 'SmackDown', 'Intercontinental', TRUE, 'Face', 'Male', 'The One and Only', FALSE, NULL, 1);
insert into wrestlers (id, name, brand, division, active, role, gender, gimmick, injured, twitch_handle, disposition) values ('240a5976-1112-4fb1-add6-8af458c7e07d', 'Riddle', 'RAW', 'Raw Tag', TRUE, 'Face', 'Male', 'Stoner', FALSE, NULL, 1);
insert into wrestlers (id, name, brand, division, active, role, gender, gimmick, injured, twitch_handle, disposition) values ('41bca3fd-bf14-42e3-9a96-e96e25a54318', 'Ridge Holland', 'None', 'No', TRUE, 'Heel', 'Male', 'Sheamus Superfan', FALSE, NULL, 0);
insert into wrestlers (id, name, brand, division, active, role, gender, gimmick, injured, twitch_handle, disposition) values ('9e1f9648-f95a-4e1c-a066-d12f79397814', 'Rikishi', 'Legend', 'No', TRUE, 'Face', 'Male', NULL, FALSE, NULL, 1);
insert into wrestlers (id, name, brand, division, active, role, gender, gimmick, injured, twitch_handle, disposition) values ('a9fbd57f-dba7-44f1-b210-a506f39c0612', 'Rob Van Dam', 'Legend', 'No', TRUE, 'Face', 'Male', NULL, FALSE, NULL, 1);
insert into wrestlers (id, name, brand, division, active, role, gender, gimmick, injured, twitch_handle, disposition) values ('3ce13860-069e-4f2f-aa02-b1ad0072251c', 'Robert Roode', 'RAW', 'Raw Tag', TRUE, 'Heel', 'Male', 'Glorious', FALSE, NULL, 0);
insert into wrestlers (id, name, brand, division, active, role, gender, gimmick, injured, twitch_handle, disposition) values ('7d7a5b19-f5cd-4222-bbe0-7a1d5338f67d', 'Roderick Strong', 'NXT', 'NXT N.A', TRUE, 'Heel', 'Male', 'Veteran Brusier', FALSE, NULL, 0);
insert into wrestlers (id, name, brand, division, active, role, gender, gimmick, injured, twitch_handle, disposition) values ('179973c9-5892-400c-b0b2-b1b2cc54514f', 'Roman Reigns', 'SmackDown', 'Universal', TRUE, 'Heel', 'Male', 'Head of the Table', FALSE, NULL, 0);
insert into wrestlers (id, name, brand, division, active, role, gender, gimmick, injured, twitch_handle, disposition) values ('1c4de4fe-bbbe-420d-b18a-a70501b14a25', 'JarOfEyes', NULL, NULL, FALSE, NULL, 'Male', 'Backyard Brawler', FALSE, 'Jarofeyes', NULL);
insert into wrestlers (id, name, brand, division, active, role, gender, gimmick, injured, twitch_handle, disposition) values ('f2d7d1db-152c-484e-9f22-cde75accac7d', 'Sami Zayn', 'SmackDown', 'Intercontinental', TRUE, 'Heel', 'Male', 'Conspirity Theorist', FALSE, NULL, 0);
insert into wrestlers (id, name, brand, division, active, role, gender, gimmick, injured, twitch_handle, disposition) values ('54e5af82-871f-4208-83c2-0bb6cfd681bb', 'Samoa Joe', 'NXT', 'NXT', TRUE, 'Face', 'Male', 'Samoan Submission Machine', FALSE, NULL, 1);
insert into wrestlers (id, name, brand, division, active, role, gender, gimmick, injured, twitch_handle, disposition) values ('29beaa4f-0983-4edf-b173-96c856862358', 'Santos Escobar', 'NXT', 'NXT N.A', TRUE, 'Heel', 'Male', 'Obnoxious', FALSE, NULL, 0);
insert into wrestlers (id, name, brand, division, active, role, gender, gimmick, injured, twitch_handle, disposition) values ('804d7d30-3689-4837-804b-d67a2dd031f5', 'Sarray', 'None', 'NXT Womens', TRUE, 'Face', 'Female', 'Warrior of the Sun', FALSE, NULL, 1);
insert into wrestlers (id, name, brand, division, active, role, gender, gimmick, injured, twitch_handle, disposition) values ('03fd2964-3265-4524-be10-536e4320508a', 'Sasha Banks', 'SmackDown', 'SD Womens', TRUE, 'Face', 'Female', 'The Legit Boss', FALSE, NULL, 1);
insert into wrestlers (id, name, brand, division, active, role, gender, gimmick, injured, twitch_handle, disposition) values ('6256c995-d469-48d2-9999-7d5c17d82eb9', 'Scarlett', 'SmackDown', 'No', TRUE, 'Heel', 'Female', 'Seductress', FALSE, NULL, 0);
insert into wrestlers (id, name, brand, division, active, role, gender, gimmick, injured, twitch_handle, disposition) values ('23e929ba-5eab-44b6-90a5-3aeee22f283e', 'Jarrod', NULL, NULL, FALSE, 'Heel', 'Male', 'Boy Wonder', FALSE, 'JarrodBoyWonder', 0);
insert into wrestlers (id, name, brand, division, active, role, gender, gimmick, injured, twitch_handle, disposition) values ('1635fdb3-ecee-41cf-95e9-3903d298a5d4', 'Jet Blaze', 'DAW', NULL, FALSE, 'Face', 'Female', NULL, FALSE, NULL, 1);
insert into wrestlers (id, name, brand, division, active, role, gender, gimmick, injured, twitch_handle, disposition) values ('4ba6b093-77d5-4e44-bcb7-b0a221d5a717', 'Seth Rollins', 'RAW', 'WWE', TRUE, 'Heel', 'Male', 'Seth ''Freakin'' Rollins', FALSE, NULL, 0);
insert into wrestlers (id, name, brand, division, active, role, gender, gimmick, injured, twitch_handle, disposition) values ('833259da-35f0-49e9-8293-94ce205a32c6', 'Shanky', 'None', 'No', TRUE, 'Heel', 'Male', 'Indian Bodyguard', FALSE, NULL, 0);
insert into wrestlers (id, name, brand, division, active, role, gender, gimmick, injured, twitch_handle, disposition) values ('b8bf18f4-300c-4dd8-8bf0-18abdbe5c988', 'Shayna Baszler', 'SmackDown', 'SD Womens', TRUE, 'Heel', 'Female', 'Queen of Spades', FALSE, NULL, 0);
insert into wrestlers (id, name, brand, division, active, role, gender, gimmick, injured, twitch_handle, disposition) values ('7b374c28-ee73-4477-ae04-0bc70ce2de71', 'Sheamus', 'SmackDown', 'Intercontinental', TRUE, 'Heel', 'Male', 'Celtic Warrior', FALSE, NULL, 0);
insert into wrestlers (id, name, brand, division, active, role, gender, gimmick, injured, twitch_handle, disposition) values ('aff1b0cd-af8d-4349-af70-4df8eeed927b', 'Shelton Benjamin', 'RAW', 'Raw Tag', TRUE, 'Heel', 'Male', 'Lackey', FALSE, NULL, 0);
insert into wrestlers (id, name, brand, division, active, role, gender, gimmick, injured, twitch_handle, disposition) values ('e3f3857c-4bcc-4547-96fa-3c2b27b4cd15', 'Shinsuke Nakamura', 'SmackDown', 'Intercontinental', TRUE, 'Face', 'Male', 'King of Strongstyle', FALSE, NULL, 1);
insert into wrestlers (id, name, brand, division, active, role, gender, gimmick, injured, twitch_handle, disposition) values ('c968c9da-b0d3-4072-ab19-bcfc76d64f4a', 'Shotzi', 'SmackDown', 'SD Womens', TRUE, 'Face', 'Female', 'Evil', FALSE, NULL, 1);
insert into wrestlers (id, name, brand, division, active, role, gender, gimmick, injured, twitch_handle, disposition) values ('284c35e6-6a88-48d6-934a-8e9fa6433977', 'Kay Harper', 'DAW', 'Intercontinental', FALSE, 'Face', 'Female', NULL, FALSE, 'N/A', 1);
insert into wrestlers (id, name, brand, division, active, role, gender, gimmick, injured, twitch_handle, disposition) values ('5c8c1999-694f-4348-b73a-1dad27a170e3', 'Koalaaa', NULL, NULL, FALSE, 'Face', 'Female', 'Animal', FALSE, 'Koalaaa', 1);
insert into wrestlers (id, name, brand, division, active, role, gender, gimmick, injured, twitch_handle, disposition) values ('fd38c9d1-ca93-436c-ae32-fc362fff92db', 'SLAPJACK', 'SmackDown', 'No', TRUE, 'Heel', 'Male', 'Lackey', FALSE, NULL, 0);
insert into wrestlers (id, name, brand, division, active, role, gender, gimmick, injured, twitch_handle, disposition) values ('e7fb9927-dc92-4f23-a0e4-f5801a227c70', 'KoopaTroopa', NULL, NULL, FALSE, 'Heel', 'Male', 'Looney Tunes', FALSE, 'koopatroopa', 0);
insert into wrestlers (id, name, brand, division, active, role, gender, gimmick, injured, twitch_handle, disposition) values ('00586671-64ae-431e-8d8c-ad67cf2dcd25', 'Sonya Deville', 'SmackDown', 'SD Womens', TRUE, 'Heel', 'Female', 'Staff Member', FALSE, NULL, 0);
insert into wrestlers (id, name, brand, division, active, role, gender, gimmick, injured, twitch_handle, disposition) values ('96e4702e-8079-488a-baff-333a1547a482', 'KrymSpree', NULL, NULL, FALSE, 'Face', 'Male', NULL, FALSE, 'krymspree', 1);
insert into wrestlers (id, name, brand, division, active, role, gender, gimmick, injured, twitch_handle, disposition) values ('5c4587c3-7c86-47e4-993e-e75f872da222', 'Landin', NULL, NULL, FALSE, 'Heel', 'Male', 'Future Warrior', FALSE, 'Landon', 0);
insert into wrestlers (id, name, brand, division, active, role, gender, gimmick, injured, twitch_handle, disposition) values ('0e974ff1-e08f-4db6-97fe-24b6feab9efb', 'Stacy Keibler', 'Legend', 'No', TRUE, 'Face', 'Female', NULL, FALSE, NULL, 1);
insert into wrestlers (id, name, brand, division, active, role, gender, gimmick, injured, twitch_handle, disposition) values ('bb9a9914-0182-4aa3-a052-8e7042116d4b', 'LMW', NULL, NULL, FALSE, 'Heel', 'Male', NULL, FALSE, NULL, 0);
insert into wrestlers (id, name, brand, division, active, role, gender, gimmick, injured, twitch_handle, disposition) values ('b2433381-963b-4e99-8458-8a001fa6ce58', 'MamaTass', NULL, NULL, FALSE, 'Face', 'Female', NULL, FALSE, 'mamatass', 1);
insert into wrestlers (id, name, brand, division, active, role, gender, gimmick, injured, twitch_handle, disposition) values ('dc14f8e6-afcd-4994-ad20-6780123da660', 'T-Bar', 'SmackDown', 'Raw Tag', TRUE, 'Heel', 'Male', 'Aggressive', FALSE, NULL, 0);
insert into wrestlers (id, name, brand, division, active, role, gender, gimmick, injured, twitch_handle, disposition) values ('e2c9813e-29e7-4e25-9985-1a538713daba', 'Tamina', 'SmackDown', 'SD Womens', TRUE, 'Heel', 'Female', 'Veteran', FALSE, NULL, 0);
insert into wrestlers (id, name, brand, division, active, role, gender, gimmick, injured, twitch_handle, disposition) values ('d21bf24a-9a57-4180-b41b-80f51fd5b01e', 'Tegan Nox', 'SmackDown', 'No', TRUE, 'Face', 'Female', 'Girl Next Door', FALSE, NULL, 1);
insert into wrestlers (id, name, brand, division, active, role, gender, gimmick, injured, twitch_handle, disposition) values ('dd421a18-834c-46a2-92a8-47b1c1ebc493', 'Menticide', NULL, NULL, FALSE, 'Face', 'Male', 'Bro Back', FALSE, 'Menticide', 1);
insert into wrestlers (id, name, brand, division, active, role, gender, gimmick, injured, twitch_handle, disposition) values ('7c403f2b-a53d-478e-b0b3-49cfad892dd1', 'The Boogeyman', 'Legend', 'No', TRUE, 'Face', 'Male', 'Werido', FALSE, NULL, 1);
insert into wrestlers (id, name, brand, division, active, role, gender, gimmick, injured, twitch_handle, disposition) values ('80014618-6899-4ea5-9ec4-168c9e333d32', 'The Brian Kendrick', 'NXT', 'No', TRUE, 'Face', 'Male', 'The Man With a Plan', FALSE, NULL, 1);
insert into wrestlers (id, name, brand, division, active, role, gender, gimmick, injured, twitch_handle, disposition) values ('ec555723-c46d-4cb4-a369-6a17aecb3271', 'The Miz', 'RAW', 'United States', TRUE, 'Heel', 'Male', 'A-Lister', FALSE, NULL, 0);
insert into wrestlers (id, name, brand, division, active, role, gender, gimmick, injured, twitch_handle, disposition) values ('b60a2b24-07e5-4f32-bec4-1bef75c51b3e', 'Tiffany Stratton', 'NXT', 'NXT Womens', TRUE, 'Heel', 'Female', 'Daddy''s Girl', FALSE, NULL, 0);
insert into wrestlers (id, name, brand, division, active, role, gender, gimmick, injured, twitch_handle, disposition) values ('dc5636db-c5bd-4eb9-9826-88d7cdebaf09', 'Titus O''Neil', 'SmackDown', 'No', TRUE, 'Face', 'Male', 'Titus Worldwide', FALSE, NULL, 1);
insert into wrestlers (id, name, brand, division, active, role, gender, gimmick, injured, twitch_handle, disposition) values ('76369e39-fcdb-4753-99f6-d4b3d8291198', 'Mia Goth', 'DAW', 'Intercontinental', FALSE, 'Heel', 'Female', NULL, FALSE, NULL, 0);
insert into wrestlers (id, name, brand, division, active, role, gender, gimmick, injured, twitch_handle, disposition) values ('88b9ade0-04c4-475e-bc2e-a91ae3a056a3', 'Tommaso Ciampa', 'NXT', 'NXT', TRUE, 'Face', 'Male', 'Blackheart', FALSE, NULL, 1);
insert into wrestlers (id, name, brand, division, active, role, gender, gimmick, injured, twitch_handle, disposition) values ('e916a320-d0f3-4549-9e58-b11e9a65bff8', 'Toni Storm', 'SmackDown', 'SD Womens', TRUE, 'Face', 'Female', 'Rockstar', FALSE, NULL, 1);
insert into wrestlers (id, name, brand, division, active, role, gender, gimmick, injured, twitch_handle, disposition) values ('3749f965-6528-4a06-80c2-77b8386978bd', 'Trent Seven', 'NXT', 'NXT Tag', TRUE, 'Face', 'Male', 'Mentor', FALSE, NULL, 1);
insert into wrestlers (id, name, brand, division, active, role, gender, gimmick, injured, twitch_handle, disposition) values ('b16e4fd6-3098-424e-9ad6-83caff32795a', 'Trish Stratus', 'Legend', 'No', TRUE, 'Face', 'Female', 'Veteran', FALSE, NULL, 1);
insert into wrestlers (id, name, brand, division, active, role, gender, gimmick, injured, twitch_handle, disposition) values ('360b60ab-b81e-4629-9440-452f85867fb8', 'Nikeeshoe', NULL, NULL, FALSE, 'Face', 'Male', NULL, FALSE, 'Nikeeshoe', 1);
insert into wrestlers (id, name, brand, division, active, role, gender, gimmick, injured, twitch_handle, disposition) values ('da5c4d10-e231-4579-9ab6-1811c0103e11', 'Tyler Bate', 'NXT', 'NXT Tag', TRUE, 'Face', 'Male', 'Show Stealer', FALSE, NULL, 1);
insert into wrestlers (id, name, brand, division, active, role, gender, gimmick, injured, twitch_handle, disposition) values ('2d7276ef-8e30-4a36-b293-0beffdb348ef', 'Tyler Breeze', 'NXT', 'NXT Tag', TRUE, 'Face', 'Male', 'Fashion Police', FALSE, NULL, 1);
insert into wrestlers (id, name, brand, division, active, role, gender, gimmick, injured, twitch_handle, disposition) values ('d02a9351-6c1e-46ef-bb03-473a19e744f4', 'Novert', NULL, NULL, FALSE, 'Heel', 'Male', 'Viking', FALSE, 'Novert', 0);
insert into wrestlers (id, name, brand, division, active, role, gender, gimmick, injured, twitch_handle, disposition) values ('172dcdbb-66f5-408d-a312-c96ad0af3bc9', 'Veer', 'None', 'No', TRUE, 'Heel', 'Male', 'Monster', FALSE, NULL, 0);
insert into wrestlers (id, name, brand, division, active, role, gender, gimmick, injured, twitch_handle, disposition) values ('4653ccd9-0bd0-4280-b118-70851660616d', 'WALTER', 'NXT', 'NXT', TRUE, 'Heel', 'Male', 'Ring General', FALSE, NULL, 0);
insert into wrestlers (id, name, brand, division, active, role, gender, gimmick, injured, twitch_handle, disposition) values ('81ffa1b1-b1e6-4947-9c6c-8ea7e22f7a1e', 'Wes Lee', 'None', 'NXT Tag', TRUE, 'Face', 'Male', NULL, FALSE, NULL, 1);
insert into wrestlers (id, name, brand, division, active, role, gender, gimmick, injured, twitch_handle, disposition) values ('357561d6-e79a-4594-981e-6395aeee4599', 'Xavier Woods', 'SmackDown', 'SD Tag', TRUE, 'Face', 'Male', 'Power of Positivity', FALSE, NULL, 1);
insert into wrestlers (id, name, brand, division, active, role, gender, gimmick, injured, twitch_handle, disposition) values ('0a256398-8a79-4986-ae4b-1fc19b74c5bf', 'Xia Li', 'None', 'SD Womens', TRUE, 'Face', 'Female', 'The Protector', FALSE, NULL, 1);
insert into wrestlers (id, name, brand, division, active, role, gender, gimmick, injured, twitch_handle, disposition) values ('7145e219-98b0-4ba0-9b1a-d32beb168d7f', 'Zack Gibson', 'None', 'NXT Tag', TRUE, 'Face', 'Male', 'Old School Face', FALSE, NULL, 1);
insert into wrestlers (id, name, brand, division, active, role, gender, gimmick, injured, twitch_handle, disposition) values ('d8ea0a14-ee51-49f9-9e2b-d2e9be9691a4', 'Zelina Vega', 'None', 'Raw Womens', TRUE, 'Heel', 'Female', 'Conniving Heel', FALSE, NULL, 0);
insert into wrestlers (id, name, brand, division, active, role, gender, gimmick, injured, twitch_handle, disposition) values ('da018f6e-a005-4adc-bd43-e03f03ebcee0', 'Parker', 'DAW', 'Internet', FALSE, 'Face', 'Male', NULL, FALSE, 'Parker', 1);
insert into wrestlers (id, name, brand, division, active, role, gender, gimmick, injured, twitch_handle, disposition) values ('31f9e94a-66c8-428d-9ae1-dc8ad7d4834f', 'Pasta', NULL, NULL, FALSE, NULL, 'Female', 'Noir', FALSE, 'makepastenotwar', NULL);
insert into wrestlers (id, name, brand, division, active, role, gender, gimmick, injured, twitch_handle, disposition) values ('df1f0185-5678-4a36-8b11-55cda64a0fa0', 'Pepsi Man', 'DAW', 'Internet', FALSE, 'Heel', 'Male', NULL, FALSE, NULL, 0);
insert into wrestlers (id, name, brand, division, active, role, gender, gimmick, injured, twitch_handle, disposition) values ('25af8129-40ab-446b-b032-79fd524cf7ab', 'Pixieixie', NULL, NULL, FALSE, 'Face', 'Female', NULL, FALSE, 'Pixieixie', 1);
insert into wrestlers (id, name, brand, division, active, role, gender, gimmick, injured, twitch_handle, disposition) values ('0fe9e528-1533-4867-8646-25084f3bc1a1', 'Quixpop', NULL, NULL, FALSE, 'Heel', 'Male', NULL, FALSE, 'Quixpop', 0);
insert into wrestlers (id, name, brand, division, active, role, gender, gimmick, injured, twitch_handle, disposition) values ('e0f39e94-2cd6-401d-999e-da74148714a2', 'Reaper', NULL, NULL, FALSE, 'Heel', 'Male', 'Alex Reaper', FALSE, 'Alex-', 0);
insert into wrestlers (id, name, brand, division, active, role, gender, gimmick, injured, twitch_handle, disposition) values ('a11850be-ac52-4acd-979f-bfff6746cc79', 'Reese', NULL, NULL, TRUE, 'Face', 'Male', 'Minecraft Youtuber', FALSE, 'MCTCReese', 1);
insert into wrestlers (id, name, brand, division, active, role, gender, gimmick, injured, twitch_handle, disposition) values ('3100f205-30c7-45e4-9dd5-f62a6e4d8a8d', 'Reid Sparks', 'DAW', 'Internet', FALSE, 'Face', 'Male', NULL, FALSE, 'N/A', 1);
insert into wrestlers (id, name, brand, division, active, role, gender, gimmick, injured, twitch_handle, disposition) values ('507cf73c-cab4-4f96-adf0-fef2b3f3330b', 'Remi', NULL, NULL, TRUE, 'Face', 'Male', NULL, FALSE, 'Remi', 1);
insert into wrestlers (id, name, brand, division, active, role, gender, gimmick, injured, twitch_handle, disposition) values ('d5419b1f-c540-4ae7-81e8-9cf6283544db', 'Retro', NULL, NULL, FALSE, 'Heel', 'Male', 'Trailer Park King', FALSE, 'Retro2230_', 0);
insert into wrestlers (id, name, brand, division, active, role, gender, gimmick, injured, twitch_handle, disposition) values ('d3fed657-1bab-4e70-b905-861cebd60ac0', 'Revolver', NULL, NULL, FALSE, 'Heel', 'Male', NULL, FALSE, 'Dustreaper', 0);
insert into wrestlers (id, name, brand, division, active, role, gender, gimmick, injured, twitch_handle, disposition) values ('de62c665-df59-4695-bdae-518c1b876263', 'Ricky Gibson', NULL, NULL, FALSE, NULL, 'Male', NULL, FALSE, 'N/A', NULL);
insert into wrestlers (id, name, brand, division, active, role, gender, gimmick, injured, twitch_handle, disposition) values ('87e03c56-c65e-4c6b-82f4-5fa5ea0eeada', 'Scrubing', NULL, NULL, FALSE, NULL, 'Male', 'Cat', FALSE, 'Scrubing', NULL);
insert into wrestlers (id, name, brand, division, active, role, gender, gimmick, injured, twitch_handle, disposition) values ('e7e764ab-44c1-4b5e-b6d2-e76381714e7b', 'Unknown', NULL, NULL, FALSE, 'Heel', 'Male', 'GM', FALSE, NULL, 0);
insert into wrestlers (id, name, brand, division, active, role, gender, gimmick, injured, twitch_handle, disposition) values ('43cf1a50-987d-4c83-a79c-32af2e1748bc', 'Seirion', NULL, NULL, TRUE, NULL, 'Male', 'Seirion', FALSE, 'Seirion', NULL);
insert into wrestlers (id, name, brand, division, active, role, gender, gimmick, injured, twitch_handle, disposition) values ('42bd59e7-6088-4cbf-b7be-f5ecf2d9e740', 'Skeem', NULL, NULL, FALSE, 'Heel', 'Male', NULL, FALSE, NULL, NULL);
insert into wrestlers (id, name, brand, division, active, role, gender, gimmick, injured, twitch_handle, disposition) values ('3b6bb80e-dcb2-40eb-bf43-d10807b6bd0f', 'Skribblez', NULL, NULL, FALSE, 'Face', 'Male', NULL, FALSE, 'Skribblez', NULL);
insert into wrestlers (id, name, brand, division, active, role, gender, gimmick, injured, twitch_handle, disposition) values ('1826607e-4b96-4b3a-9d74-291db6467c3d', 'Sossa', 'DAW', 'Internet', FALSE, 'Face', 'Male', NULL, FALSE, NULL, NULL);
insert into wrestlers (id, name, brand, division, active, role, gender, gimmick, injured, twitch_handle, disposition) values ('bccac820-8145-4923-9154-7b18bc8ffb2d', 'Sportmaster', NULL, NULL, FALSE, 'Heel', 'Female', NULL, FALSE, NULL, NULL);
insert into wrestlers (id, name, brand, division, active, role, gender, gimmick, injured, twitch_handle, disposition) values ('2aa3970c-60d0-4cf7-b36b-ff6ddad17f69', 'Strawberry', NULL, NULL, FALSE, 'Heel', 'Female', NULL, FALSE, NULL, NULL);
insert into wrestlers (id, name, brand, division, active, role, gender, gimmick, injured, twitch_handle, disposition) values ('28d586bd-39d3-4e7d-ad60-a1f1d18ce6c6', 'The Butcher', 'DAW', 'Intercontinental', FALSE, 'Heel', 'Female', NULL, FALSE, 'N/A', NULL);
insert into wrestlers (id, name, brand, division, active, role, gender, gimmick, injured, twitch_handle, disposition) values ('9ea2e5bf-7957-4a33-97f9-647520fb7da4', 'Tombwolf', NULL, NULL, FALSE, 'Face', 'Male', NULL, FALSE, 'Tombwolf', NULL);
insert into wrestlers (id, name, brand, division, active, role, gender, gimmick, injured, twitch_handle, disposition) values ('873c8bad-9c30-41e9-a21f-0752b53b6f3f', 'Trivium', NULL, NULL, FALSE, 'Face', 'Male', NULL, FALSE, 'Trivium', NULL);
insert into wrestlers (id, name, brand, division, active, role, gender, gimmick, injured, twitch_handle, disposition) values ('4d1fdae6-7970-4682-ad8d-515283f732f0', 'Vacant', NULL, NULL, FALSE, 'Face', 'Male', 'GM', FALSE, NULL, NULL);
insert into wrestlers (id, name, brand, division, active, role, gender, gimmick, injured, twitch_handle, disposition) values ('8b16ff08-c530-4ae0-9d1c-4e02fe529621', 'Zeke', 'DAW', NULL, FALSE, 'Face', 'Male', NULL, FALSE, NULL, 1);

-- Teams
insert into teams (id, name, brand, division, active, role, gender, injured) values ('7cd24b3e-6a73-4364-83ce-5900b67ce0e4', 'A Stiff Receipt', 'DAW', 'Mens Tag', TRUE, 'Heel', 'Male', FALSE);
insert into teams (id, name, brand, division, active, role, gender, injured) values ('326ddb77-a43c-4a2e-832e-258e8e55b621', 'Brick Shit House', 'DAW', 'Mens Tag', TRUE, 'Face', 'Male', FALSE);
insert into teams (id, name, brand, division, active, role, gender, injured) values ('83fd0ef7-a31d-432b-9a7c-594309de6c3f', 'Capn and the Willie', 'DAW', 'Mens Tag', TRUE, 'Face', 'Male', FALSE);
insert into teams (id, name, brand, division, active, role, gender, injured) values ('8d790109-09d5-4f53-abc0-4b9e1844f285', 'CKO', 'DAW', 'Womens Tag', TRUE, 'Face', 'Female', FALSE);
insert into teams (id, name, brand, division, active, role, gender, injured) values ('07351f94-4020-4dbc-82b4-afc8470a31f6', 'Ember Reign', 'DAW', 'Womens Tag', TRUE, 'Face', 'Female', FALSE);
insert into teams (id, name, brand, division, active, role, gender, injured) values ('f7a2e157-4b15-4f76-92c8-41e8e2dea5c6', 'Gothicc', 'DAW', 'Womens Tag', TRUE, 'Heel', 'Female', FALSE);
insert into teams (id, name, brand, division, active, role, gender, injured) values ('d812adbb-b4b1-443b-b4a5-ec26000dc1b8', 'Gothicc Rebels', 'DAW', 'Mens Tag', TRUE, 'Heel', 'Male', FALSE);
insert into teams (id, name, brand, division, active, role, gender, injured) values ('15975d1a-00e8-4a29-9452-850e59e7cea9', 'Hell''s Kitchen', 'DAW', 'Mixed Tag', TRUE, 'Heel', 'Mixed', FALSE);
insert into teams (id, name, brand, division, active, role, gender, injured) values ('9acd1924-2d2e-466d-849e-f0f3ae0901eb', 'Jakes and Christian', 'DAW', 'Mens Tag', TRUE, 'Face', 'Male', FALSE);
insert into teams (id, name, brand, division, active, role, gender, injured) values ('851cd315-9431-48a4-aa8a-acca45ae40c2', 'Power Rangers', 'DAW', 'Mens Tag', TRUE, 'Face', 'Male', FALSE);
insert into teams (id, name, brand, division, active, role, gender, injured) values ('68c622dc-e758-4f54-9c6b-cfa737db8028', 'Reach for the Ropes', 'DAW', 'Mens Tag', TRUE, 'Heel', 'Male', FALSE);
insert into teams (id, name, brand, division, active, role, gender, injured) values ('d2ceb13e-7a13-446c-93a0-cc8e2cc4e575', 'S & S Express', 'DAW', 'Mens Tag', TRUE, 'Face', 'Male', FALSE);
insert into teams (id, name, brand, division, active, role, gender, injured) values ('37867637-ea7c-4d6c-9e59-fb37627e1172', 'Skittles', 'DAW', 'Womens Tag', TRUE, 'Face', 'Female', FALSE);
insert into teams (id, name, brand, division, active, role, gender, injured) values ('8dd02369-5443-418b-94d5-1970756968ba', 'The Squirrels', 'DAW', 'Womens Tag', TRUE, 'Heel', 'Female', FALSE);
insert into teams (id, name, brand, division, active, role, gender, injured) values ('23f14a09-a3bc-46e4-a5a0-fce3f3858591', 'Three Amigos', 'DAW', 'Tag', TRUE, 'Heel', 'Male', FALSE);
insert into teams (id, name, brand, division, active, role, gender, injured) values ('c8701498-3b43-490d-9ea9-cab4c4371776', 'Buttered Bros', 'DAW', 'Mens Tag', FALSE, 'Heel', 'Male', FALSE);
insert into teams (id, name, brand, division, active, role, gender, injured) values ('4964c068-f5b8-453e-9fde-60ea6f5d48f6', 'Buttered Jello Shots', 'DAW', 'Mens Tag', FALSE, 'N/A', 'Male', FALSE);
insert into teams (id, name, brand, division, active, role, gender, injured) values ('4ac6c974-2d00-4a65-a59f-2b750ca7b4fd', 'Cimmerian Shade', 'DAW', 'Mens Tag', FALSE, 'N/A', 'Male', FALSE);
insert into teams (id, name, brand, division, active, role, gender, injured) values ('abb0f1ee-6fbb-415f-9049-90e2cacb0912', 'Conflagration', 'DAW', 'Mens Tag', FALSE, 'N/A', 'Male', FALSE);
insert into teams (id, name, brand, division, active, role, gender, injured) values ('98286bbe-d201-416d-b24c-3769fd460487', 'Disrespect Your Surroundings', 'DAW', 'Mens Tag', FALSE, 'N/A', 'Male', FALSE);
insert into teams (id, name, brand, division, active, role, gender, injured) values ('0c1be915-234d-4bb2-92ab-225e76d0c50c', 'Dynamic Duo', 'DAW', 'Mens Tag', FALSE, 'Face', 'Male', FALSE);
insert into teams (id, name, brand, division, active, role, gender, injured) values ('1e9ea366-fb52-496c-a960-2c327a8677d2', 'Erectile Dysfunction', 'DAW', 'Mens Tag', FALSE, 'Heel', 'Male', FALSE);
insert into teams (id, name, brand, division, active, role, gender, injured) values ('20fda688-f421-4daf-af58-e45e899e9599', 'Goon Squad', 'DAW', 'Mens Tag', FALSE, 'N/A', 'Male', FALSE);
insert into teams (id, name, brand, division, active, role, gender, injured) values ('d992f7dd-e5d0-4867-917a-5fd7dd7e98ba', 'Mining Off Camera', 'DAW', 'Mens Tag', FALSE, 'N/A', 'Male', FALSE);
insert into teams (id, name, brand, division, active, role, gender, injured) values ('c818c2b6-7c58-495d-afc3-99539ec0e172', 'Reckless Rebels', 'DAW', 'Mens Tag', FALSE, 'N/A', 'Male', FALSE);
insert into teams (id, name, brand, division, active, role, gender, injured) values ('84f28d1e-e778-4e20-964c-259275f561ed', 'Red Dirt Rodeo', 'DAW', 'Mens Tag', FALSE, 'Heel', 'Male', FALSE);
insert into teams (id, name, brand, division, active, role, gender, injured) values ('7137a09b-03ed-43a7-b363-b22cfd3158d4', 'Soulless', 'DAW', 'Mens Tag', FALSE, 'N/A', 'Male', FALSE);
insert into teams (id, name, brand, division, active, role, gender, injured) values ('9218fa01-8660-4fab-9220-113756a027f3', 'The Bayou Boys', 'DAW', 'Mens Tag', FALSE, 'Face', 'Male', FALSE);
insert into teams (id, name, brand, division, active, role, gender, injured) values ('4d291dac-5ef2-467e-b2ff-e7af71557c4d', 'The Deathpool', 'DAW', 'Mens Tag', FALSE, 'Face', 'Male', FALSE);
insert into teams (id, name, brand, division, active, role, gender, injured) values ('c1cd0fad-c0fe-48ec-933c-23e2b2e507b0', 'The New Day', 'SmackDown', 'SD Tag', FALSE, 'N/A', 'Male', FALSE);
insert into teams (id, name, brand, division, active, role, gender, injured) values ('71ab8222-78b8-4584-9717-447687147bd4', 'The Pixies', 'DAW', 'Womens Tag', FALSE, 'Face', 'Female', FALSE);
insert into teams (id, name, brand, division, active, role, gender, injured) values ('eebd2a89-a1f9-4931-982e-9cf035d48429', 'The Swamp Sisters', 'DAW', 'Womens Tag', FALSE, 'Heel', 'Female', FALSE);
insert into teams (id, name, brand, division, active, role, gender, injured) values ('f10035f5-dbd0-4e54-974c-abe9f75f0c51', 'The Tribe', 'DAW', 'Mens Tag', FALSE, 'Heel', 'Male', FALSE);
insert into teams (id, name, brand, division, active, role, gender, injured) values ('77ab10d7-12a7-48ea-b6c1-e09e4e455b7d', 'Vacant', 'DAW', 'Tag', FALSE, 'Face', 'Male', FALSE);
insert into teams (id, name, brand, division, active, role, gender, injured) values ('05e7b665-a267-45d0-b5fb-80b4ced1fae6', 'Buddy and Vac', 'DAW', 'Tag', TRUE, 'Face', 'Mixed', FALSE);

-- Team memberships
insert into team_memberships (team_id, wrestler_id) values ('7cd24b3e-6a73-4364-83ce-5900b67ce0e4', '1fdbaeea-4dc7-41ff-9ce9-394d33e1ace4');
insert into team_memberships (team_id, wrestler_id) values ('7cd24b3e-6a73-4364-83ce-5900b67ce0e4', 'db9025f4-91c4-47e8-b3de-e3864852a4c8');
insert into team_memberships (team_id, wrestler_id) values ('326ddb77-a43c-4a2e-832e-258e8e55b621', '43cf1a50-987d-4c83-a79c-32af2e1748bc');
insert into team_memberships (team_id, wrestler_id) values ('326ddb77-a43c-4a2e-832e-258e8e55b621', 'c582c07c-786b-4687-9aeb-b0431edfb330');
insert into team_memberships (team_id, wrestler_id) values ('83fd0ef7-a31d-432b-9a7c-594309de6c3f', 'fe192097-a77b-4d95-a8b9-0f0147ab04a6');
insert into team_memberships (team_id, wrestler_id) values ('83fd0ef7-a31d-432b-9a7c-594309de6c3f', '152ce1d4-2816-4c5c-82d3-7a4fa068a413');
insert into team_memberships (team_id, wrestler_id) values ('8d790109-09d5-4f53-abc0-4b9e1844f285', '7e31c302-05ee-4325-989f-aefa74f76445');
insert into team_memberships (team_id, wrestler_id) values ('8d790109-09d5-4f53-abc0-4b9e1844f285', '284c35e6-6a88-48d6-934a-8e9fa6433977');
insert into team_memberships (team_id, wrestler_id) values ('07351f94-4020-4dbc-82b4-afc8470a31f6', '60c99dea-a118-4839-99eb-5de3ca41d5d4');
insert into team_memberships (team_id, wrestler_id) values ('07351f94-4020-4dbc-82b4-afc8470a31f6', '1635fdb3-ecee-41cf-95e9-3903d298a5d4');
insert into team_memberships (team_id, wrestler_id) values ('07351f94-4020-4dbc-82b4-afc8470a31f6', '3100f205-30c7-45e4-9dd5-f62a6e4d8a8d');
insert into team_memberships (team_id, wrestler_id) values ('f7a2e157-4b15-4f76-92c8-41e8e2dea5c6', '122e2f4f-61c3-46f1-8de6-407a73f0712e');
insert into team_memberships (team_id, wrestler_id) values ('f7a2e157-4b15-4f76-92c8-41e8e2dea5c6', 'b53deaf4-6809-46c8-a85f-587ef1ead267');
insert into team_memberships (team_id, wrestler_id) values ('f7a2e157-4b15-4f76-92c8-41e8e2dea5c6', '76369e39-fcdb-4753-99f6-d4b3d8291198');
insert into team_memberships (team_id, wrestler_id) values ('d812adbb-b4b1-443b-b4a5-ec26000dc1b8', '9683fa4f-ffaf-4185-938d-e4a435a5aef7');
insert into team_memberships (team_id, wrestler_id) values ('d812adbb-b4b1-443b-b4a5-ec26000dc1b8', 'ee000b2f-e6f1-404a-ae96-df39f1d18a6d');
insert into team_memberships (team_id, wrestler_id) values ('15975d1a-00e8-4a29-9452-850e59e7cea9', 'd4f7977b-c5bd-4d37-b494-96fd935ea3ea');
insert into team_memberships (team_id, wrestler_id) values ('15975d1a-00e8-4a29-9452-850e59e7cea9', '28d586bd-39d3-4e7d-ad60-a1f1d18ce6c6');
insert into team_memberships (team_id, wrestler_id) values ('9acd1924-2d2e-466d-849e-f0f3ae0901eb', 'cd5fa7e0-c982-449d-ab4f-cd0b33045715');
insert into team_memberships (team_id, wrestler_id) values ('9acd1924-2d2e-466d-849e-f0f3ae0901eb', '0aa96820-6e1c-4c70-8aa9-4fe6af0221a7');
insert into team_memberships (team_id, wrestler_id) values ('851cd315-9431-48a4-aa8a-acca45ae40c2', 'b2d0cb4c-4471-49a3-b524-544ce1bd95a1');
insert into team_memberships (team_id, wrestler_id) values ('851cd315-9431-48a4-aa8a-acca45ae40c2', '09a1ddc7-5133-4858-b8e1-c89de2eefe3b');
insert into team_memberships (team_id, wrestler_id) values ('851cd315-9431-48a4-aa8a-acca45ae40c2', '0655bec3-0c3f-48ed-b466-a98f20841621');
insert into team_memberships (team_id, wrestler_id) values ('68c622dc-e758-4f54-9c6b-cfa737db8028', 'ad63b3fd-9de8-4398-a085-7cc8f264589e');
insert into team_memberships (team_id, wrestler_id) values ('68c622dc-e758-4f54-9c6b-cfa737db8028', '72a13a54-c48a-4382-a17e-3db462967ef7');
insert into team_memberships (team_id, wrestler_id) values ('d2ceb13e-7a13-446c-93a0-cc8e2cc4e575', '31f8c2ba-a0c4-4352-ae28-1cf68d200216');
insert into team_memberships (team_id, wrestler_id) values ('d2ceb13e-7a13-446c-93a0-cc8e2cc4e575', 'd0df50f1-fbbb-4298-ab0c-f7e6e122c4c4');
insert into team_memberships (team_id, wrestler_id) values ('37867637-ea7c-4d6c-9e59-fb37627e1172', '0d2420e5-4511-44a9-8d66-a70eef1ce8d4');
insert into team_memberships (team_id, wrestler_id) values ('37867637-ea7c-4d6c-9e59-fb37627e1172', '2c23bf2a-90de-4618-9564-8e0e622857f1');
insert into team_memberships (team_id, wrestler_id) values ('37867637-ea7c-4d6c-9e59-fb37627e1172', '146ed3a2-ffd0-498f-ab39-8a11824f6cff');
insert into team_memberships (team_id, wrestler_id) values ('8dd02369-5443-418b-94d5-1970756968ba', '24041ddc-d965-4815-8c45-c9f97a2ed2c1');
insert into team_memberships (team_id, wrestler_id) values ('8dd02369-5443-418b-94d5-1970756968ba', '6744f55d-802e-4dc8-83da-df85f7d6e050');
insert into team_memberships (team_id, wrestler_id) values ('8dd02369-5443-418b-94d5-1970756968ba', '7d9945b2-59a0-4661-8206-198fec52bb2f');
insert into team_memberships (team_id, wrestler_id) values ('23f14a09-a3bc-46e4-a5a0-fce3f3858591', '5909ea1d-6838-40c8-8058-64854406eb27');
insert into team_memberships (team_id, wrestler_id) values ('23f14a09-a3bc-46e4-a5a0-fce3f3858591', '60a7e8b3-a4f5-4aae-a668-1742f5c1a5e9');
insert into team_memberships (team_id, wrestler_id) values ('23f14a09-a3bc-46e4-a5a0-fce3f3858591', 'df1f0185-5678-4a36-8b11-55cda64a0fa0');
insert into team_memberships (team_id, wrestler_id) values ('c8701498-3b43-490d-9ea9-cab4c4371776', '7ca7fd7b-2526-41ea-b143-cdd82f404014');
insert into team_memberships (team_id, wrestler_id) values ('c8701498-3b43-490d-9ea9-cab4c4371776', '004c7b59-d738-4718-a1f0-39aa22e8039d');
insert into team_memberships (team_id, wrestler_id) values ('4964c068-f5b8-453e-9fde-60ea6f5d48f6', '7ca7fd7b-2526-41ea-b143-cdd82f404014');
insert into team_memberships (team_id, wrestler_id) values ('4964c068-f5b8-453e-9fde-60ea6f5d48f6', 'db9025f4-91c4-47e8-b3de-e3864852a4c8');
insert into team_memberships (team_id, wrestler_id) values ('4ac6c974-2d00-4a65-a59f-2b750ca7b4fd', '07687962-07c0-46b6-9541-2d8b60e3c2c1');
insert into team_memberships (team_id, wrestler_id) values ('4ac6c974-2d00-4a65-a59f-2b750ca7b4fd', 'ad63b3fd-9de8-4398-a085-7cc8f264589e');
insert into team_memberships (team_id, wrestler_id) values ('4ac6c974-2d00-4a65-a59f-2b750ca7b4fd', '72a13a54-c48a-4382-a17e-3db462967ef7');
insert into team_memberships (team_id, wrestler_id) values ('4ac6c974-2d00-4a65-a59f-2b750ca7b4fd', 'ae2ce814-315f-41f0-ab99-eddf09a7d4c5');
insert into team_memberships (team_id, wrestler_id) values ('abb0f1ee-6fbb-415f-9049-90e2cacb0912', '873c8bad-9c30-41e9-a21f-0752b53b6f3f');
insert into team_memberships (team_id, wrestler_id) values ('abb0f1ee-6fbb-415f-9049-90e2cacb0912', '96e4702e-8079-488a-baff-333a1547a482');
insert into team_memberships (team_id, wrestler_id) values ('98286bbe-d201-416d-b24c-3769fd460487', 'cd5fa7e0-c982-449d-ab4f-cd0b33045715');
insert into team_memberships (team_id, wrestler_id) values ('98286bbe-d201-416d-b24c-3769fd460487', 'd3fed657-1bab-4e70-b905-861cebd60ac0');
insert into team_memberships (team_id, wrestler_id) values ('0c1be915-234d-4bb2-92ab-225e76d0c50c', '23e929ba-5eab-44b6-90a5-3aeee22f283e');
insert into team_memberships (team_id, wrestler_id) values ('0c1be915-234d-4bb2-92ab-225e76d0c50c', '070ef826-51e2-44ff-b14f-c0c821af8fd4');
insert into team_memberships (team_id, wrestler_id) values ('1e9ea366-fb52-496c-a960-2c327a8677d2', '07687962-07c0-46b6-9541-2d8b60e3c2c1');
insert into team_memberships (team_id, wrestler_id) values ('1e9ea366-fb52-496c-a960-2c327a8677d2', 'd5419b1f-c540-4ae7-81e8-9cf6283544db');
insert into team_memberships (team_id, wrestler_id) values ('20fda688-f421-4daf-af58-e45e899e9599', '8b45127b-9c83-4169-a3e3-fd142b88754c');
insert into team_memberships (team_id, wrestler_id) values ('20fda688-f421-4daf-af58-e45e899e9599', 'fe2b910f-9821-448e-928d-da0ba9221a8e');
insert into team_memberships (team_id, wrestler_id) values ('20fda688-f421-4daf-af58-e45e899e9599', '1fdbaeea-4dc7-41ff-9ce9-394d33e1ace4');
insert into team_memberships (team_id, wrestler_id) values ('20fda688-f421-4daf-af58-e45e899e9599', 'dd421a18-834c-46a2-92a8-47b1c1ebc493');
insert into team_memberships (team_id, wrestler_id) values ('d992f7dd-e5d0-4867-917a-5fd7dd7e98ba', 'a11850be-ac52-4acd-979f-bfff6746cc79');
insert into team_memberships (team_id, wrestler_id) values ('d992f7dd-e5d0-4867-917a-5fd7dd7e98ba', 'b0a5de67-da65-4808-bb98-ace3a77fa729');
insert into team_memberships (team_id, wrestler_id) values ('c818c2b6-7c58-495d-afc3-99539ec0e172', '9683fa4f-ffaf-4185-938d-e4a435a5aef7');
insert into team_memberships (team_id, wrestler_id) values ('c818c2b6-7c58-495d-afc3-99539ec0e172', '8b69d49a-898b-48e4-beff-2fcf3490864d');
insert into team_memberships (team_id, wrestler_id) values ('84f28d1e-e778-4e20-964c-259275f561ed', '8b45127b-9c83-4169-a3e3-fd142b88754c');
insert into team_memberships (team_id, wrestler_id) values ('84f28d1e-e778-4e20-964c-259275f561ed', 'dd421a18-834c-46a2-92a8-47b1c1ebc493');
insert into team_memberships (team_id, wrestler_id) values ('7137a09b-03ed-43a7-b363-b22cfd3158d4', '1fdbaeea-4dc7-41ff-9ce9-394d33e1ace4');
insert into team_memberships (team_id, wrestler_id) values ('7137a09b-03ed-43a7-b363-b22cfd3158d4', '236dddd8-b6e3-4f50-9e8d-7b54fe489a20');
insert into team_memberships (team_id, wrestler_id) values ('9218fa01-8660-4fab-9220-113756a027f3', 'cce2403e-b550-4727-9b4c-e04012c77f31');
insert into team_memberships (team_id, wrestler_id) values ('9218fa01-8660-4fab-9220-113756a027f3', 'b2d0cb4c-4471-49a3-b524-544ce1bd95a1');
insert into team_memberships (team_id, wrestler_id) values ('4d291dac-5ef2-467e-b2ff-e7af71557c4d', 'db9025f4-91c4-47e8-b3de-e3864852a4c8');
insert into team_memberships (team_id, wrestler_id) values ('4d291dac-5ef2-467e-b2ff-e7af71557c4d', '7d9945b2-59a0-4661-8206-198fec52bb2f');
insert into team_memberships (team_id, wrestler_id) values ('c1cd0fad-c0fe-48ec-933c-23e2b2e507b0', '1235ea57-f416-4824-a6f0-737c79671fa6');
insert into team_memberships (team_id, wrestler_id) values ('c1cd0fad-c0fe-48ec-933c-23e2b2e507b0', '357561d6-e79a-4594-981e-6395aeee4599');
insert into team_memberships (team_id, wrestler_id) values ('71ab8222-78b8-4584-9717-447687147bd4', '25af8129-40ab-446b-b032-79fd524cf7ab');
insert into team_memberships (team_id, wrestler_id) values ('71ab8222-78b8-4584-9717-447687147bd4', '60c99dea-a118-4839-99eb-5de3ca41d5d4');
insert into team_memberships (team_id, wrestler_id) values ('eebd2a89-a1f9-4931-982e-9cf035d48429', '45d6759a-e627-41e8-b142-68a6772440d1');
insert into team_memberships (team_id, wrestler_id) values ('eebd2a89-a1f9-4931-982e-9cf035d48429', '0072611a-281e-4de5-bf57-fbc9696651ec');
insert into team_memberships (team_id, wrestler_id) values ('f10035f5-dbd0-4e54-974c-abe9f75f0c51', 'fe2b910f-9821-448e-928d-da0ba9221a8e');
insert into team_memberships (team_id, wrestler_id) values ('f10035f5-dbd0-4e54-974c-abe9f75f0c51', 'd02a9351-6c1e-46ef-bb03-473a19e744f4');
insert into team_memberships (team_id, wrestler_id) values ('77ab10d7-12a7-48ea-b6c1-e09e4e455b7d', '1ed5c06f-b986-41c7-beef-5e7746a06cf2');
insert into team_memberships (team_id, wrestler_id) values ('05e7b665-a267-45d0-b5fb-80b4ced1fae6', '2c23bf2a-90de-4618-9564-8e0e622857f1');
insert into team_memberships (team_id, wrestler_id) values ('05e7b665-a267-45d0-b5fb-80b4ced1fae6', '09a1ddc7-5133-4858-b8e1-c89de2eefe3b');

-- Titles
insert into titles (id, name, category, gender, active, display_order) values ('02b0c038-accb-495b-8d6a-8891a7b51554', 'Mens Champion', 'Singles', 'Mens', TRUE, 0);
insert into titles (id, name, category, gender, active, display_order) values ('f3ec52c9-649b-48cb-aa37-da278fbd72df', 'Womens Champion', 'Singles', 'Womens', TRUE, 1);
insert into titles (id, name, category, gender, active, display_order) values ('d622c9f7-3d8e-4737-bf0e-ed99b1dd9919', 'Intergender Champion', 'Singles', 'Any', TRUE, 2);
insert into titles (id, name, category, gender, active, display_order) values ('5db4cd6b-6ebe-4a87-b7bb-017af3856766', 'Internet Champion', 'Singles', 'Any', TRUE, 3);
insert into titles (id, name, category, gender, active, display_order) values ('5d3e065c-43d1-41ee-8d24-e876f1e2b2a1', 'Intercontinental Champion', 'Singles', 'Any', TRUE, 4);
insert into titles (id, name, category, gender, active, display_order) values ('f87d2a11-2153-454c-a574-5d749d0741ac', 'Hardcore Champion', 'Singles', 'Any', TRUE, 5);
insert into titles (id, name, category, gender, active, display_order) values ('7ff2d038-78e9-4309-ab61-a31d82302425', 'Mens Chat Champion', 'Singles', 'Mens', TRUE, 6);
insert into titles (id, name, category, gender, active, display_order) values ('c8bf1094-803b-495d-b38c-099ff4170ab0', 'Womens Chat Champion', 'Singles', 'Womens', TRUE, 7);
insert into titles (id, name, category, gender, active, display_order) values ('4091f18e-1fb8-441e-b708-1729cb0b0011', 'Mens Tag Team Champion', 'Tag', 'Mens', TRUE, 8);
insert into titles (id, name, category, gender, active, display_order) values ('c35e55d3-eeb9-45fd-8160-df160862cff0', 'Womens Tag Team Champion', 'Tag', 'Womens', TRUE, 9);
insert into titles (id, name, category, gender, active, display_order) values ('5875de09-f760-4981-b327-18fdcfd6b58e', 'World Tag Team Champion', 'Tag', 'Any', TRUE, 10);
insert into titles (id, name, category, gender, active, display_order) values ('b25e7259-f027-4be1-a39e-0e956b9d538d', 'Mr Money in the Bank', 'MitB', 'Mens', TRUE, 11);
insert into titles (id, name, category, gender, active, display_order) values ('b691e77a-af24-4f33-9c0f-09c435cd8dac', 'Miss Money in the Bank', 'MitB', 'Womens', TRUE, 12);
insert into titles (id, name, category, gender, active, display_order) values ('743c7e28-1960-4b74-8e70-15b2b4bb0a71', 'Mens Tag MitB', 'MitB', 'Mens', TRUE, 13);
insert into titles (id, name, category, gender, active, display_order) values ('80af6068-c132-4943-8fd1-2379e01a2b5b', 'Cross Brand Mens Champion', 'Singles', 'Mens', FALSE, 14);
insert into titles (id, name, category, gender, active, display_order) values ('12a0a465-de6a-4c0c-a1f8-b229c3aca347', 'Cross Brand Womens Champion', 'Singles', 'Womens', FALSE, 15);
insert into titles (id, name, category, gender, active, display_order) values ('46952eff-1f06-4c53-8271-cb673389cdc4', 'Cross Brand Tag Champion', 'Tag', 'Any', FALSE, 16);
insert into titles (id, name, category, gender, active, display_order) values ('cfeafa70-d81b-4ac5-a40b-ea86f6c86d5b', 'Mayor', 'Special', 'Any', FALSE, 17);

-- Shows and matches
insert into shows (id, name, show_date, show_type, ppv_name) values ('e35f470d-36e3-4201-9665-667cc085db67', 'DAW 03-24-2022', '2022-03-24', 'weekly', NULL);
insert into matches (id, show_id, match_number, match_type, stipulation, is_title_match, title_id, is_mitb, mitb_cashin, defeat_type, rating, is_draw) values ('68ed98f8-99de-40e2-aeca-f58933e183e9', 'e35f470d-36e3-4201-9665-667cc085db67', 1, 'Single', NULL, TRUE, '02b0c038-accb-495b-8d6a-8891a7b51554', FALSE, FALSE, 'Pin', 0.5, FALSE);
insert into match_participants (match_id, wrestler_id, result) values ('68ed98f8-99de-40e2-aeca-f58933e183e9', '1fdbaeea-4dc7-41ff-9ce9-394d33e1ace4', 'winner');
insert into match_participants (match_id, team_id, result) values ('68ed98f8-99de-40e2-aeca-f58933e183e9', '77ab10d7-12a7-48ea-b6c1-e09e4e455b7d', 'loser');
insert into shows (id, name, show_date, show_type, ppv_name) values ('cd722448-da63-45c8-9ecc-3dad33235617', 'DAW 03-25-2022', '2022-03-25', 'weekly', NULL);
insert into matches (id, show_id, match_number, match_type, stipulation, is_title_match, title_id, is_mitb, mitb_cashin, defeat_type, rating, is_draw) values ('5884245f-6755-48b2-b50c-d259ed113672', 'cd722448-da63-45c8-9ecc-3dad33235617', 1, '6-Man', 'Ladder', TRUE, 'f3ec52c9-649b-48cb-aa37-da278fbd72df', FALSE, FALSE, 'Pin', 3.5, FALSE);
insert into match_participants (match_id, wrestler_id, result) values ('5884245f-6755-48b2-b50c-d259ed113672', '122e2f4f-61c3-46f1-8de6-407a73f0712e', 'loser');
insert into match_participants (match_id, wrestler_id, result) values ('5884245f-6755-48b2-b50c-d259ed113672', 'bc93b973-151b-48ca-8d75-8f6c220a0d31', 'loser');
insert into match_participants (match_id, wrestler_id, result) values ('5884245f-6755-48b2-b50c-d259ed113672', 'bc5ab7cb-bf3e-4cd8-9024-c4ba2631fec2', 'loser');
insert into match_participants (match_id, wrestler_id, result) values ('5884245f-6755-48b2-b50c-d259ed113672', '45d6759a-e627-41e8-b142-68a6772440d1', 'loser');
insert into match_participants (match_id, wrestler_id, result) values ('5884245f-6755-48b2-b50c-d259ed113672', '60c99dea-a118-4839-99eb-5de3ca41d5d4', 'loser');
insert into match_participants (match_id, wrestler_id, result) values ('5884245f-6755-48b2-b50c-d259ed113672', '31f9e94a-66c8-428d-9ae1-dc8ad7d4834f', 'winner');
insert into matches (id, show_id, match_number, match_type, stipulation, is_title_match, title_id, is_mitb, mitb_cashin, defeat_type, rating, is_draw) values ('852652da-74de-4d9c-bc90-0c218f9a0567', 'cd722448-da63-45c8-9ecc-3dad33235617', 2, 'Single', 'Last Man Standing', TRUE, '5db4cd6b-6ebe-4a87-b7bb-017af3856766', FALSE, FALSE, 'DQ', 3.0, FALSE);
insert into match_participants (match_id, wrestler_id, result) values ('852652da-74de-4d9c-bc90-0c218f9a0567', 'cce2403e-b550-4727-9b4c-e04012c77f31', 'winner');
insert into match_participants (match_id, wrestler_id, result) values ('852652da-74de-4d9c-bc90-0c218f9a0567', 'ad63b3fd-9de8-4398-a085-7cc8f264589e', 'loser');
insert into matches (id, show_id, match_number, match_type, stipulation, is_title_match, title_id, is_mitb, mitb_cashin, defeat_type, rating, is_draw) values ('dbc7e007-e30d-4273-9207-1028304bbc4d', 'cd722448-da63-45c8-9ecc-3dad33235617', 3, '6-Man', 'Ladder', FALSE, NULL, NULL, FALSE, 'Pin', 5.0, FALSE);
insert into match_participants (match_id, wrestler_id, result) values ('dbc7e007-e30d-4273-9207-1028304bbc4d', 'b2d0cb4c-4471-49a3-b524-544ce1bd95a1', 'loser');
insert into match_participants (match_id, wrestler_id, result) values ('dbc7e007-e30d-4273-9207-1028304bbc4d', '43cf1a50-987d-4c83-a79c-32af2e1748bc', 'loser');
insert into match_participants (match_id, wrestler_id, result) values ('dbc7e007-e30d-4273-9207-1028304bbc4d', '1c4de4fe-bbbe-420d-b18a-a70501b14a25', 'loser');
insert into match_participants (match_id, wrestler_id, result) values ('dbc7e007-e30d-4273-9207-1028304bbc4d', 'fce02e68-03a4-4670-a5d4-a6790f4f92a1', 'winner');
insert into match_participants (match_id, wrestler_id, result) values ('dbc7e007-e30d-4273-9207-1028304bbc4d', '004c7b59-d738-4718-a1f0-39aa22e8039d', 'loser');
insert into match_participants (match_id, wrestler_id, result) values ('dbc7e007-e30d-4273-9207-1028304bbc4d', 'e7fb9927-dc92-4f23-a0e4-f5801a227c70', 'loser');
insert into matches (id, show_id, match_number, match_type, stipulation, is_title_match, title_id, is_mitb, mitb_cashin, defeat_type, rating, is_draw) values ('a27d1ea3-c8f5-4d17-af25-cf7bb6c880ed', 'cd722448-da63-45c8-9ecc-3dad33235617', 4, 'Tornado Tag Team', NULL, TRUE, '4091f18e-1fb8-441e-b708-1729cb0b0011', FALSE, FALSE, 'Pin', 3.0, FALSE);
insert into match_participants (match_id, team_id, result) values ('a27d1ea3-c8f5-4d17-af25-cf7bb6c880ed', '98286bbe-d201-416d-b24c-3769fd460487', 'loser');
insert into match_participants (match_id, team_id, result) values ('a27d1ea3-c8f5-4d17-af25-cf7bb6c880ed', '4964c068-f5b8-453e-9fde-60ea6f5d48f6', 'winner');
insert into matches (id, show_id, match_number, match_type, stipulation, is_title_match, title_id, is_mitb, mitb_cashin, defeat_type, rating, is_draw) values ('5575378a-6b86-4cfd-9953-ef0ddadd182a', 'cd722448-da63-45c8-9ecc-3dad33235617', 5, 'Single', 'Cage Match', TRUE, '02b0c038-accb-495b-8d6a-8891a7b51554', FALSE, FALSE, 'Pin', 3.0, FALSE);
insert into match_participants (match_id, wrestler_id, result) values ('5575378a-6b86-4cfd-9953-ef0ddadd182a', 'fce02e68-03a4-4670-a5d4-a6790f4f92a1', 'winner');
insert into match_participants (match_id, wrestler_id, result) values ('5575378a-6b86-4cfd-9953-ef0ddadd182a', '1fdbaeea-4dc7-41ff-9ce9-394d33e1ace4', 'loser');
insert into shows (id, name, show_date, show_type, ppv_name) values ('83d913c8-9a42-4ecc-b6ba-f13156909a87', 'DAW 04-01-2022', '2022-04-01', 'weekly', NULL);
insert into matches (id, show_id, match_number, match_type, stipulation, is_title_match, title_id, is_mitb, mitb_cashin, defeat_type, rating, is_draw) values ('47717127-0036-4a81-90bc-e66a91f917e6', '83d913c8-9a42-4ecc-b6ba-f13156909a87', 1, 'Triple Threat', NULL, FALSE, NULL, NULL, FALSE, 'Pin', 4.0, FALSE);
insert into match_participants (match_id, wrestler_id, result) values ('47717127-0036-4a81-90bc-e66a91f917e6', '45d6759a-e627-41e8-b142-68a6772440d1', 'loser');
insert into match_participants (match_id, wrestler_id, result) values ('47717127-0036-4a81-90bc-e66a91f917e6', '122e2f4f-61c3-46f1-8de6-407a73f0712e', 'winner');
insert into match_participants (match_id, wrestler_id, result) values ('47717127-0036-4a81-90bc-e66a91f917e6', '31f9e94a-66c8-428d-9ae1-dc8ad7d4834f', 'loser');
insert into matches (id, show_id, match_number, match_type, stipulation, is_title_match, title_id, is_mitb, mitb_cashin, defeat_type, rating, is_draw) values ('e44b0f79-5458-4084-8a54-f031c7060ea2', '83d913c8-9a42-4ecc-b6ba-f13156909a87', 2, 'Single', NULL, FALSE, NULL, NULL, FALSE, 'Pin', 4.5, FALSE);
insert into match_participants (match_id, wrestler_id, result) values ('e44b0f79-5458-4084-8a54-f031c7060ea2', 'bc5ab7cb-bf3e-4cd8-9024-c4ba2631fec2', 'winner');
insert into matches (id, show_id, match_number, match_type, stipulation, is_title_match, title_id, is_mitb, mitb_cashin, defeat_type, rating, is_draw) values ('af9ec74f-5351-4da6-beeb-475ea8886f90', '83d913c8-9a42-4ecc-b6ba-f13156909a87', 3, 'Single', NULL, FALSE, NULL, NULL, FALSE, 'Pin', 4.5, FALSE);
insert into match_participants (match_id, wrestler_id, result) values ('af9ec74f-5351-4da6-beeb-475ea8886f90', '8b45127b-9c83-4169-a3e3-fd142b88754c', 'loser');
insert into match_participants (match_id, wrestler_id, result) values ('af9ec74f-5351-4da6-beeb-475ea8886f90', '3b6bb80e-dcb2-40eb-bf43-d10807b6bd0f', 'winner');
insert into matches (id, show_id, match_number, match_type, stipulation, is_title_match, title_id, is_mitb, mitb_cashin, defeat_type, rating, is_draw) values ('cc59cc70-61a0-4564-a1fa-9782b20b1f93', '83d913c8-9a42-4ecc-b6ba-f13156909a87', 4, 'Tag Team', NULL, FALSE, NULL, NULL, FALSE, 'Pin', 4.0, FALSE);
insert into match_participants (match_id, team_id, result) values ('cc59cc70-61a0-4564-a1fa-9782b20b1f93', '98286bbe-d201-416d-b24c-3769fd460487', 'winner');
insert into match_participants (match_id, team_id, result) values ('cc59cc70-61a0-4564-a1fa-9782b20b1f93', '4964c068-f5b8-453e-9fde-60ea6f5d48f6', 'loser');
insert into matches (id, show_id, match_number, match_type, stipulation, is_title_match, title_id, is_mitb, mitb_cashin, defeat_type, rating, is_draw) values ('611d4369-4337-4a8e-b25b-680a89b462d1', '83d913c8-9a42-4ecc-b6ba-f13156909a87', 5, 'Single', NULL, FALSE, NULL, NULL, FALSE, 'Pin', 2.0, FALSE);
insert into match_participants (match_id, wrestler_id, result) values ('611d4369-4337-4a8e-b25b-680a89b462d1', 'bc93b973-151b-48ca-8d75-8f6c220a0d31', 'winner');
insert into match_participants (match_id, wrestler_id, result) values ('611d4369-4337-4a8e-b25b-680a89b462d1', '60c99dea-a118-4839-99eb-5de3ca41d5d4', 'loser');
insert into matches (id, show_id, match_number, match_type, stipulation, is_title_match, title_id, is_mitb, mitb_cashin, defeat_type, rating, is_draw) values ('a4a978ef-9ab3-42ee-a45e-359cfef65d35', '83d913c8-9a42-4ecc-b6ba-f13156909a87', 6, 'Tag Team', NULL, FALSE, NULL, NULL, FALSE, 'No Contest', 5.0, TRUE);
insert into match_participants (match_id, team_id, result) values ('a4a978ef-9ab3-42ee-a45e-359cfef65d35', '9218fa01-8660-4fab-9220-113756a027f3', 'draw');
insert into matches (id, show_id, match_number, match_type, stipulation, is_title_match, title_id, is_mitb, mitb_cashin, defeat_type, rating, is_draw) values ('afec2af7-cb06-4221-bee4-5838b2d17520', '83d913c8-9a42-4ecc-b6ba-f13156909a87', 7, 'Single', NULL, FALSE, NULL, NULL, FALSE, 'Pin', 2.5, FALSE);
insert into match_participants (match_id, wrestler_id, result) values ('afec2af7-cb06-4221-bee4-5838b2d17520', '1c4de4fe-bbbe-420d-b18a-a70501b14a25', 'winner');
insert into match_participants (match_id, wrestler_id, result) values ('afec2af7-cb06-4221-bee4-5838b2d17520', 'c582c07c-786b-4687-9aeb-b0431edfb330', 'loser');
insert into matches (id, show_id, match_number, match_type, stipulation, is_title_match, title_id, is_mitb, mitb_cashin, defeat_type, rating, is_draw) values ('39b8f29e-a1c7-4e42-9ee4-ac38f781b934', '83d913c8-9a42-4ecc-b6ba-f13156909a87', 8, 'Single', NULL, FALSE, NULL, NULL, FALSE, 'Pin', 3.0, FALSE);
insert into match_participants (match_id, wrestler_id, result) values ('39b8f29e-a1c7-4e42-9ee4-ac38f781b934', '004c7b59-d738-4718-a1f0-39aa22e8039d', 'winner');
insert into match_participants (match_id, wrestler_id, result) values ('39b8f29e-a1c7-4e42-9ee4-ac38f781b934', 'e7fb9927-dc92-4f23-a0e4-f5801a227c70', 'loser');
insert into matches (id, show_id, match_number, match_type, stipulation, is_title_match, title_id, is_mitb, mitb_cashin, defeat_type, rating, is_draw) values ('99d90343-06a4-452c-992e-608fde8c84c5', '83d913c8-9a42-4ecc-b6ba-f13156909a87', 9, 'Single', NULL, TRUE, '02b0c038-accb-495b-8d6a-8891a7b51554', FALSE, FALSE, 'Pin', 4.0, FALSE);
insert into match_participants (match_id, wrestler_id, result) values ('99d90343-06a4-452c-992e-608fde8c84c5', '1fdbaeea-4dc7-41ff-9ce9-394d33e1ace4', 'winner');
insert into match_participants (match_id, wrestler_id, result) values ('99d90343-06a4-452c-992e-608fde8c84c5', 'fce02e68-03a4-4670-a5d4-a6790f4f92a1', 'loser');
insert into shows (id, name, show_date, show_type, ppv_name) values ('f57e9adb-1afc-4d09-a418-6ed76c5612b8', 'DAW 04-15-2022', '2022-04-15', 'weekly', NULL);
insert into matches (id, show_id, match_number, match_type, stipulation, is_title_match, title_id, is_mitb, mitb_cashin, defeat_type, rating, is_draw) values ('3ef0ae08-8357-42ab-ad1e-f117cd68d911', 'f57e9adb-1afc-4d09-a418-6ed76c5612b8', 1, 'Triple Threat', NULL, FALSE, NULL, NULL, FALSE, 'Pin', 2.5, FALSE);
insert into match_participants (match_id, wrestler_id, result) values ('3ef0ae08-8357-42ab-ad1e-f117cd68d911', '004c7b59-d738-4718-a1f0-39aa22e8039d', 'loser');
insert into match_participants (match_id, wrestler_id, result) values ('3ef0ae08-8357-42ab-ad1e-f117cd68d911', '1c4de4fe-bbbe-420d-b18a-a70501b14a25', 'loser');
insert into match_participants (match_id, wrestler_id, result) values ('3ef0ae08-8357-42ab-ad1e-f117cd68d911', '3b6bb80e-dcb2-40eb-bf43-d10807b6bd0f', 'winner');
insert into matches (id, show_id, match_number, match_type, stipulation, is_title_match, title_id, is_mitb, mitb_cashin, defeat_type, rating, is_draw) values ('244342a6-32f2-4ce4-935e-52c5e6deabab', 'f57e9adb-1afc-4d09-a418-6ed76c5612b8', 2, 'Single', NULL, FALSE, NULL, NULL, FALSE, 'Pin', 4.0, FALSE);
insert into match_participants (match_id, wrestler_id, result) values ('244342a6-32f2-4ce4-935e-52c5e6deabab', '45d6759a-e627-41e8-b142-68a6772440d1', 'loser');
insert into match_participants (match_id, wrestler_id, result) values ('244342a6-32f2-4ce4-935e-52c5e6deabab', '122e2f4f-61c3-46f1-8de6-407a73f0712e', 'winner');
insert into matches (id, show_id, match_number, match_type, stipulation, is_title_match, title_id, is_mitb, mitb_cashin, defeat_type, rating, is_draw) values ('ba76d8df-d80b-4883-98df-af074d9bf495', 'f57e9adb-1afc-4d09-a418-6ed76c5612b8', 3, 'Tag Team', NULL, FALSE, NULL, NULL, FALSE, 'Pin', 3.5, FALSE);
insert into match_participants (match_id, team_id, result) values ('ba76d8df-d80b-4883-98df-af074d9bf495', '83fd0ef7-a31d-432b-9a7c-594309de6c3f', 'loser');
insert into matches (id, show_id, match_number, match_type, stipulation, is_title_match, title_id, is_mitb, mitb_cashin, defeat_type, rating, is_draw) values ('6a38d6f2-eaac-465a-905b-7930ff7936cd', 'f57e9adb-1afc-4d09-a418-6ed76c5612b8', 4, 'Single', NULL, FALSE, NULL, NULL, FALSE, 'Sub', 3.5, FALSE);
insert into match_participants (match_id, wrestler_id, result) values ('6a38d6f2-eaac-465a-905b-7930ff7936cd', '43cf1a50-987d-4c83-a79c-32af2e1748bc', 'loser');
insert into match_participants (match_id, wrestler_id, result) values ('6a38d6f2-eaac-465a-905b-7930ff7936cd', 'cce2403e-b550-4727-9b4c-e04012c77f31', 'winner');
insert into matches (id, show_id, match_number, match_type, stipulation, is_title_match, title_id, is_mitb, mitb_cashin, defeat_type, rating, is_draw) values ('533a7f41-5723-4131-91af-99a0fdec32d2', 'f57e9adb-1afc-4d09-a418-6ed76c5612b8', 5, 'Single', NULL, FALSE, NULL, NULL, FALSE, 'Pin', 2.5, FALSE);
insert into match_participants (match_id, wrestler_id, result) values ('533a7f41-5723-4131-91af-99a0fdec32d2', 'ad63b3fd-9de8-4398-a085-7cc8f264589e', 'winner');
insert into match_participants (match_id, wrestler_id, result) values ('533a7f41-5723-4131-91af-99a0fdec32d2', 'b2d0cb4c-4471-49a3-b524-544ce1bd95a1', 'loser');
insert into matches (id, show_id, match_number, match_type, stipulation, is_title_match, title_id, is_mitb, mitb_cashin, defeat_type, rating, is_draw) values ('8c8dedef-4528-4667-871b-f9c83fb758a8', 'f57e9adb-1afc-4d09-a418-6ed76c5612b8', 6, 'Tag Team', NULL, FALSE, NULL, NULL, FALSE, 'Sub', 3.0, FALSE);
insert into match_participants (match_id, team_id, result) values ('8c8dedef-4528-4667-871b-f9c83fb758a8', '4964c068-f5b8-453e-9fde-60ea6f5d48f6', 'loser');
insert into matches (id, show_id, match_number, match_type, stipulation, is_title_match, title_id, is_mitb, mitb_cashin, defeat_type, rating, is_draw) values ('da8a6ab5-23e6-4cd9-95b6-3a72cd6d68c7', 'f57e9adb-1afc-4d09-a418-6ed76c5612b8', 7, 'Single', NULL, FALSE, NULL, NULL, FALSE, 'Sub', 3.5, FALSE);
insert into match_participants (match_id, wrestler_id, result) values ('da8a6ab5-23e6-4cd9-95b6-3a72cd6d68c7', '1fdbaeea-4dc7-41ff-9ce9-394d33e1ace4', 'loser');
insert into match_participants (match_id, wrestler_id, result) values ('da8a6ab5-23e6-4cd9-95b6-3a72cd6d68c7', '8b45127b-9c83-4169-a3e3-fd142b88754c', 'winner');
insert into matches (id, show_id, match_number, match_type, stipulation, is_title_match, title_id, is_mitb, mitb_cashin, defeat_type, rating, is_draw) values ('645bbb72-0fc2-4491-9242-f4bd82583012', 'f57e9adb-1afc-4d09-a418-6ed76c5612b8', 8, 'Single', NULL, FALSE, NULL, NULL, FALSE, 'Pin', 4.0, FALSE);
insert into match_participants (match_id, wrestler_id, result) values ('645bbb72-0fc2-4491-9242-f4bd82583012', '3b6bb80e-dcb2-40eb-bf43-d10807b6bd0f', 'winner');
insert into match_participants (match_id, wrestler_id, result) values ('645bbb72-0fc2-4491-9242-f4bd82583012', 'fce02e68-03a4-4670-a5d4-a6790f4f92a1', 'loser');
insert into matches (id, show_id, match_number, match_type, stipulation, is_title_match, title_id, is_mitb, mitb_cashin, defeat_type, rating, is_draw) values ('b445bdcd-7dfb-42de-a6a7-60fbb25a400b', 'f57e9adb-1afc-4d09-a418-6ed76c5612b8', 9, 'Tag Team', NULL, FALSE, NULL, NULL, FALSE, 'Sub', 4.5, FALSE);
insert into match_participants (match_id, team_id, result) values ('b445bdcd-7dfb-42de-a6a7-60fbb25a400b', '71ab8222-78b8-4584-9717-447687147bd4', 'winner');
insert into shows (id, name, show_date, show_type, ppv_name) values ('c2172f05-16b2-4a75-95e8-143754084fe9', 'DAW 04-22-2022', '2022-04-22', 'weekly', NULL);
insert into matches (id, show_id, match_number, match_type, stipulation, is_title_match, title_id, is_mitb, mitb_cashin, defeat_type, rating, is_draw) values ('d525d15d-1977-41f0-8f27-0060016b6d23', 'c2172f05-16b2-4a75-95e8-143754084fe9', 1, 'Single', 'No Holds Barred', TRUE, 'f3ec52c9-649b-48cb-aa37-da278fbd72df', FALSE, FALSE, 'Pin', 3.5, FALSE);
insert into match_participants (match_id, wrestler_id, result) values ('d525d15d-1977-41f0-8f27-0060016b6d23', '122e2f4f-61c3-46f1-8de6-407a73f0712e', 'winner');
insert into match_participants (match_id, wrestler_id, result) values ('d525d15d-1977-41f0-8f27-0060016b6d23', '31f9e94a-66c8-428d-9ae1-dc8ad7d4834f', 'loser');
insert into matches (id, show_id, match_number, match_type, stipulation, is_title_match, title_id, is_mitb, mitb_cashin, defeat_type, rating, is_draw) values ('fbf3b990-9604-46bf-ba3d-70313d7659a4', 'c2172f05-16b2-4a75-95e8-143754084fe9', 2, 'Single', 'No Holds Barred', FALSE, NULL, NULL, FALSE, 'Sub', 3.0, FALSE);
insert into match_participants (match_id, wrestler_id, result) values ('fbf3b990-9604-46bf-ba3d-70313d7659a4', 'b2d0cb4c-4471-49a3-b524-544ce1bd95a1', 'loser');
insert into match_participants (match_id, wrestler_id, result) values ('fbf3b990-9604-46bf-ba3d-70313d7659a4', '43cf1a50-987d-4c83-a79c-32af2e1748bc', 'winner');
insert into matches (id, show_id, match_number, match_type, stipulation, is_title_match, title_id, is_mitb, mitb_cashin, defeat_type, rating, is_draw) values ('e608ecb7-f726-4bc6-8690-c8ad9e53918c', 'c2172f05-16b2-4a75-95e8-143754084fe9', 3, 'Single', 'Table, No Holds Barred', FALSE, NULL, NULL, FALSE, 'Pin', 4.0, FALSE);
insert into match_participants (match_id, wrestler_id, result) values ('e608ecb7-f726-4bc6-8690-c8ad9e53918c', 'bc5ab7cb-bf3e-4cd8-9024-c4ba2631fec2', 'loser');
insert into match_participants (match_id, wrestler_id, result) values ('e608ecb7-f726-4bc6-8690-c8ad9e53918c', '25af8129-40ab-446b-b032-79fd524cf7ab', 'winner');
insert into matches (id, show_id, match_number, match_type, stipulation, is_title_match, title_id, is_mitb, mitb_cashin, defeat_type, rating, is_draw) values ('070e77e0-d13e-47c2-912f-f1fa8a91c233', 'c2172f05-16b2-4a75-95e8-143754084fe9', 4, 'Tornado Tag Team', 'No Holds Barred', TRUE, '4091f18e-1fb8-441e-b708-1729cb0b0011', FALSE, FALSE, 'Pin', 4.5, FALSE);
insert into match_participants (match_id, team_id, result) values ('070e77e0-d13e-47c2-912f-f1fa8a91c233', '83fd0ef7-a31d-432b-9a7c-594309de6c3f', 'winner');
insert into match_participants (match_id, team_id, result) values ('070e77e0-d13e-47c2-912f-f1fa8a91c233', '4964c068-f5b8-453e-9fde-60ea6f5d48f6', 'loser');
insert into matches (id, show_id, match_number, match_type, stipulation, is_title_match, title_id, is_mitb, mitb_cashin, defeat_type, rating, is_draw) values ('3adb52b7-ac8a-4ed6-b4f0-a0a569806865', 'c2172f05-16b2-4a75-95e8-143754084fe9', 5, 'Single', 'No Holds Barred', TRUE, '5db4cd6b-6ebe-4a87-b7bb-017af3856766', FALSE, FALSE, 'Sub', 3.5, FALSE);
insert into match_participants (match_id, wrestler_id, result) values ('3adb52b7-ac8a-4ed6-b4f0-a0a569806865', 'cce2403e-b550-4727-9b4c-e04012c77f31', 'winner');
insert into match_participants (match_id, wrestler_id, result) values ('3adb52b7-ac8a-4ed6-b4f0-a0a569806865', 'ad63b3fd-9de8-4398-a085-7cc8f264589e', 'loser');
insert into matches (id, show_id, match_number, match_type, stipulation, is_title_match, title_id, is_mitb, mitb_cashin, defeat_type, rating, is_draw) values ('aa49575c-0ce5-4a42-8ef6-21d332ade042', 'c2172f05-16b2-4a75-95e8-143754084fe9', 6, 'Fatal 4-Way', 'Ladder, No Holds Barred', FALSE, NULL, NULL, FALSE, 'Pin', 2.5, FALSE);
insert into match_participants (match_id, wrestler_id, result) values ('aa49575c-0ce5-4a42-8ef6-21d332ade042', '873c8bad-9c30-41e9-a21f-0752b53b6f3f', 'loser');
insert into match_participants (match_id, wrestler_id, result) values ('aa49575c-0ce5-4a42-8ef6-21d332ade042', 'c582c07c-786b-4687-9aeb-b0431edfb330', 'loser');
insert into match_participants (match_id, wrestler_id, result) values ('aa49575c-0ce5-4a42-8ef6-21d332ade042', '004c7b59-d738-4718-a1f0-39aa22e8039d', 'winner');
insert into match_participants (match_id, wrestler_id, result) values ('aa49575c-0ce5-4a42-8ef6-21d332ade042', '1c4de4fe-bbbe-420d-b18a-a70501b14a25', 'loser');
insert into matches (id, show_id, match_number, match_type, stipulation, is_title_match, title_id, is_mitb, mitb_cashin, defeat_type, rating, is_draw) values ('6209eb1d-04ed-48ab-b5d0-cd10e2ab13bf', 'c2172f05-16b2-4a75-95e8-143754084fe9', 7, 'Single', 'Last Man Standing, No Holds Barred', FALSE, NULL, NULL, FALSE, 'Pin', 3.0, FALSE);
insert into match_participants (match_id, wrestler_id, result) values ('6209eb1d-04ed-48ab-b5d0-cd10e2ab13bf', '60c99dea-a118-4839-99eb-5de3ca41d5d4', 'loser');
insert into match_participants (match_id, wrestler_id, result) values ('6209eb1d-04ed-48ab-b5d0-cd10e2ab13bf', 'bc93b973-151b-48ca-8d75-8f6c220a0d31', 'winner');
insert into matches (id, show_id, match_number, match_type, stipulation, is_title_match, title_id, is_mitb, mitb_cashin, defeat_type, rating, is_draw) values ('c0e98b17-7cd8-476f-b7e7-0fba2460145b', 'c2172f05-16b2-4a75-95e8-143754084fe9', 8, 'Tornado Tag Team', 'No Holds Barred', FALSE, NULL, NULL, FALSE, 'Pin', 3.5, FALSE);
insert into match_participants (match_id, team_id, result) values ('c0e98b17-7cd8-476f-b7e7-0fba2460145b', '98286bbe-d201-416d-b24c-3769fd460487', 'winner');
insert into matches (id, show_id, match_number, match_type, stipulation, is_title_match, title_id, is_mitb, mitb_cashin, defeat_type, rating, is_draw) values ('5f5a52f8-0492-40e9-b837-095a15b62635', 'c2172f05-16b2-4a75-95e8-143754084fe9', 9, 'Single', 'No Holds Barred', FALSE, NULL, NULL, FALSE, 'Pin', 3.0, FALSE);
insert into match_participants (match_id, wrestler_id, result) values ('5f5a52f8-0492-40e9-b837-095a15b62635', '0072611a-281e-4de5-bf57-fbc9696651ec', 'loser');
insert into match_participants (match_id, wrestler_id, result) values ('5f5a52f8-0492-40e9-b837-095a15b62635', '45d6759a-e627-41e8-b142-68a6772440d1', 'winner');
insert into matches (id, show_id, match_number, match_type, stipulation, is_title_match, title_id, is_mitb, mitb_cashin, defeat_type, rating, is_draw) values ('ea844142-336d-423d-8072-56b8f0e1d14e', 'c2172f05-16b2-4a75-95e8-143754084fe9', 10, 'Triple Threat', 'No Holds Barred', TRUE, '02b0c038-accb-495b-8d6a-8891a7b51554', FALSE, FALSE, 'Pin', 3.5, FALSE);
insert into match_participants (match_id, wrestler_id, result) values ('ea844142-336d-423d-8072-56b8f0e1d14e', '1fdbaeea-4dc7-41ff-9ce9-394d33e1ace4', 'loser');
insert into match_participants (match_id, wrestler_id, result) values ('ea844142-336d-423d-8072-56b8f0e1d14e', '3b6bb80e-dcb2-40eb-bf43-d10807b6bd0f', 'winner');
insert into match_participants (match_id, wrestler_id, result) values ('ea844142-336d-423d-8072-56b8f0e1d14e', 'fce02e68-03a4-4670-a5d4-a6790f4f92a1', 'loser');
insert into shows (id, name, show_date, show_type, ppv_name) values ('d071524b-5f96-44da-babe-024ef6d30553', 'DAW 04-29-2022', '2022-04-29', 'weekly', NULL);
insert into matches (id, show_id, match_number, match_type, stipulation, is_title_match, title_id, is_mitb, mitb_cashin, defeat_type, rating, is_draw) values ('5382f33a-11a6-4e2a-965d-1c6ccbca0157', 'd071524b-5f96-44da-babe-024ef6d30553', 1, 'Single', NULL, FALSE, NULL, NULL, FALSE, 'Pin', 3.5, FALSE);
insert into match_participants (match_id, wrestler_id, result) values ('5382f33a-11a6-4e2a-965d-1c6ccbca0157', '3b6bb80e-dcb2-40eb-bf43-d10807b6bd0f', 'loser');
insert into match_participants (match_id, wrestler_id, result) values ('5382f33a-11a6-4e2a-965d-1c6ccbca0157', 'fce02e68-03a4-4670-a5d4-a6790f4f92a1', 'winner');
insert into matches (id, show_id, match_number, match_type, stipulation, is_title_match, title_id, is_mitb, mitb_cashin, defeat_type, rating, is_draw) values ('0c741cbe-c44f-4e81-b802-87580482bb76', 'd071524b-5f96-44da-babe-024ef6d30553', 2, 'Triple Threat', NULL, FALSE, NULL, NULL, FALSE, 'Sub', 2.5, FALSE);
insert into match_participants (match_id, wrestler_id, result) values ('0c741cbe-c44f-4e81-b802-87580482bb76', '873c8bad-9c30-41e9-a21f-0752b53b6f3f', 'loser');
insert into match_participants (match_id, wrestler_id, result) values ('0c741cbe-c44f-4e81-b802-87580482bb76', 'ae2ce814-315f-41f0-ab99-eddf09a7d4c5', 'winner');
insert into match_participants (match_id, wrestler_id, result) values ('0c741cbe-c44f-4e81-b802-87580482bb76', 'ad63b3fd-9de8-4398-a085-7cc8f264589e', 'loser');
insert into matches (id, show_id, match_number, match_type, stipulation, is_title_match, title_id, is_mitb, mitb_cashin, defeat_type, rating, is_draw) values ('1165a9c7-1b4b-44eb-beaa-42514eefa31b', 'd071524b-5f96-44da-babe-024ef6d30553', 3, 'Tag Team', NULL, FALSE, NULL, NULL, FALSE, 'Pin', 3.0, FALSE);
insert into match_participants (match_id, team_id, result) values ('1165a9c7-1b4b-44eb-beaa-42514eefa31b', '83fd0ef7-a31d-432b-9a7c-594309de6c3f', 'winner');
insert into match_participants (match_id, team_id, result) values ('1165a9c7-1b4b-44eb-beaa-42514eefa31b', '98286bbe-d201-416d-b24c-3769fd460487', 'loser');
insert into matches (id, show_id, match_number, match_type, stipulation, is_title_match, title_id, is_mitb, mitb_cashin, defeat_type, rating, is_draw) values ('9e8f407b-3ace-4a77-85fb-78421c7d5ac2', 'd071524b-5f96-44da-babe-024ef6d30553', 4, 'Tag Team', NULL, FALSE, NULL, NULL, FALSE, 'Pin', 2.5, FALSE);
insert into match_participants (match_id, team_id, result) values ('9e8f407b-3ace-4a77-85fb-78421c7d5ac2', 'eebd2a89-a1f9-4931-982e-9cf035d48429', 'loser');
insert into matches (id, show_id, match_number, match_type, stipulation, is_title_match, title_id, is_mitb, mitb_cashin, defeat_type, rating, is_draw) values ('ede59fc2-44f7-4b68-a30c-e0f277a1c8f6', 'd071524b-5f96-44da-babe-024ef6d30553', 5, 'Tag Team', NULL, FALSE, NULL, NULL, FALSE, 'Pin', 2.0, FALSE);
insert into match_participants (match_id, team_id, result) values ('ede59fc2-44f7-4b68-a30c-e0f277a1c8f6', '326ddb77-a43c-4a2e-832e-258e8e55b621', 'loser');
insert into match_participants (match_id, team_id, result) values ('ede59fc2-44f7-4b68-a30c-e0f277a1c8f6', '4964c068-f5b8-453e-9fde-60ea6f5d48f6', 'winner');
insert into matches (id, show_id, match_number, match_type, stipulation, is_title_match, title_id, is_mitb, mitb_cashin, defeat_type, rating, is_draw) values ('a9d1fe2d-d3ca-4fea-8959-cc1886b248a9', 'd071524b-5f96-44da-babe-024ef6d30553', 6, 'Triple Threat', NULL, FALSE, NULL, NULL, FALSE, 'Pin', 4.0, FALSE);
insert into match_participants (match_id, wrestler_id, result) values ('a9d1fe2d-d3ca-4fea-8959-cc1886b248a9', '1c4de4fe-bbbe-420d-b18a-a70501b14a25', 'winner');
insert into match_participants (match_id, wrestler_id, result) values ('a9d1fe2d-d3ca-4fea-8959-cc1886b248a9', '96e4702e-8079-488a-baff-333a1547a482', 'loser');
insert into match_participants (match_id, wrestler_id, result) values ('a9d1fe2d-d3ca-4fea-8959-cc1886b248a9', '42e5e6d3-4be5-45d5-b4bd-73e02dd0a8fb', 'loser');
insert into matches (id, show_id, match_number, match_type, stipulation, is_title_match, title_id, is_mitb, mitb_cashin, defeat_type, rating, is_draw) values ('bded1688-f98a-426f-9ac7-7a7ffbb6e3a0', 'd071524b-5f96-44da-babe-024ef6d30553', 7, 'Single', NULL, FALSE, NULL, NULL, FALSE, 'Pin', 3.5, FALSE);
insert into match_participants (match_id, wrestler_id, result) values ('bded1688-f98a-426f-9ac7-7a7ffbb6e3a0', '1fdbaeea-4dc7-41ff-9ce9-394d33e1ace4', 'loser');
insert into match_participants (match_id, wrestler_id, result) values ('bded1688-f98a-426f-9ac7-7a7ffbb6e3a0', '004c7b59-d738-4718-a1f0-39aa22e8039d', 'winner');
insert into matches (id, show_id, match_number, match_type, stipulation, is_title_match, title_id, is_mitb, mitb_cashin, defeat_type, rating, is_draw) values ('4944a2f9-9e0f-44d7-a4a4-f19863dd38e4', 'd071524b-5f96-44da-babe-024ef6d30553', 8, 'Single', NULL, FALSE, NULL, NULL, FALSE, 'Pin', 3.0, FALSE);
insert into match_participants (match_id, wrestler_id, result) values ('4944a2f9-9e0f-44d7-a4a4-f19863dd38e4', 'cce2403e-b550-4727-9b4c-e04012c77f31', 'loser');
insert into match_participants (match_id, wrestler_id, result) values ('4944a2f9-9e0f-44d7-a4a4-f19863dd38e4', 'b2d0cb4c-4471-49a3-b524-544ce1bd95a1', 'winner');
insert into matches (id, show_id, match_number, match_type, stipulation, is_title_match, title_id, is_mitb, mitb_cashin, defeat_type, rating, is_draw) values ('1e237ffa-abe1-44bd-ae6d-37bbc9838b60', 'd071524b-5f96-44da-babe-024ef6d30553', 9, 'Triple Threat', NULL, FALSE, NULL, NULL, FALSE, 'Pin', 4.5, FALSE);
insert into match_participants (match_id, wrestler_id, result) values ('1e237ffa-abe1-44bd-ae6d-37bbc9838b60', '122e2f4f-61c3-46f1-8de6-407a73f0712e', 'loser');
insert into match_participants (match_id, wrestler_id, result) values ('1e237ffa-abe1-44bd-ae6d-37bbc9838b60', 'bc93b973-151b-48ca-8d75-8f6c220a0d31', 'winner');
insert into match_participants (match_id, wrestler_id, result) values ('1e237ffa-abe1-44bd-ae6d-37bbc9838b60', '25af8129-40ab-446b-b032-79fd524cf7ab', 'loser');
insert into shows (id, name, show_date, show_type, ppv_name) values ('4f8bddc3-9950-4c79-849e-650bb09d85c1', 'DAW 05-06-2022', '2022-05-06', 'weekly', NULL);
insert into matches (id, show_id, match_number, match_type, stipulation, is_title_match, title_id, is_mitb, mitb_cashin, defeat_type, rating, is_draw) values ('2dd7ea48-431a-4a14-bae7-dc6f3b9281a6', '4f8bddc3-9950-4c79-849e-650bb09d85c1', 1, 'Single', NULL, FALSE, NULL, NULL, FALSE, 'Pin', 3.5, FALSE);
insert into match_participants (match_id, wrestler_id, result) values ('2dd7ea48-431a-4a14-bae7-dc6f3b9281a6', '122e2f4f-61c3-46f1-8de6-407a73f0712e', 'loser');
insert into match_participants (match_id, wrestler_id, result) values ('2dd7ea48-431a-4a14-bae7-dc6f3b9281a6', '25af8129-40ab-446b-b032-79fd524cf7ab', 'winner');
insert into matches (id, show_id, match_number, match_type, stipulation, is_title_match, title_id, is_mitb, mitb_cashin, defeat_type, rating, is_draw) values ('43e3a6fd-451e-4b4e-b005-bed68e19817e', '4f8bddc3-9950-4c79-849e-650bb09d85c1', 2, 'Single', NULL, FALSE, NULL, NULL, FALSE, 'Pin', 4.0, FALSE);
insert into match_participants (match_id, wrestler_id, result) values ('43e3a6fd-451e-4b4e-b005-bed68e19817e', '1c4de4fe-bbbe-420d-b18a-a70501b14a25', 'winner');
insert into match_participants (match_id, wrestler_id, result) values ('43e3a6fd-451e-4b4e-b005-bed68e19817e', 'ae2ce814-315f-41f0-ab99-eddf09a7d4c5', 'loser');
insert into matches (id, show_id, match_number, match_type, stipulation, is_title_match, title_id, is_mitb, mitb_cashin, defeat_type, rating, is_draw) values ('140be769-f761-4ea3-abef-ab07107c4570', '4f8bddc3-9950-4c79-849e-650bb09d85c1', 3, 'Tag Team', NULL, FALSE, NULL, NULL, FALSE, 'Pin', 3.5, FALSE);
insert into match_participants (match_id, team_id, result) values ('140be769-f761-4ea3-abef-ab07107c4570', '326ddb77-a43c-4a2e-832e-258e8e55b621', 'winner');
insert into match_participants (match_id, team_id, result) values ('140be769-f761-4ea3-abef-ab07107c4570', '98286bbe-d201-416d-b24c-3769fd460487', 'loser');
insert into matches (id, show_id, match_number, match_type, stipulation, is_title_match, title_id, is_mitb, mitb_cashin, defeat_type, rating, is_draw) values ('46158f58-0e54-4580-8eff-89534ea2167b', '4f8bddc3-9950-4c79-849e-650bb09d85c1', 4, 'Single', NULL, FALSE, NULL, NULL, FALSE, 'Pin', 3.0, FALSE);
insert into match_participants (match_id, wrestler_id, result) values ('46158f58-0e54-4580-8eff-89534ea2167b', 'bc93b973-151b-48ca-8d75-8f6c220a0d31', 'winner');
insert into match_participants (match_id, wrestler_id, result) values ('46158f58-0e54-4580-8eff-89534ea2167b', 'bc5ab7cb-bf3e-4cd8-9024-c4ba2631fec2', 'loser');
insert into matches (id, show_id, match_number, match_type, stipulation, is_title_match, title_id, is_mitb, mitb_cashin, defeat_type, rating, is_draw) values ('70d4fb8d-1e07-4d0b-bb7d-6e54eff86784', '4f8bddc3-9950-4c79-849e-650bb09d85c1', 5, 'Single', NULL, FALSE, NULL, NULL, FALSE, 'Pin', 2.0, FALSE);
insert into match_participants (match_id, wrestler_id, result) values ('70d4fb8d-1e07-4d0b-bb7d-6e54eff86784', '45d6759a-e627-41e8-b142-68a6772440d1', 'winner');
insert into match_participants (match_id, wrestler_id, result) values ('70d4fb8d-1e07-4d0b-bb7d-6e54eff86784', '60c99dea-a118-4839-99eb-5de3ca41d5d4', 'loser');
insert into matches (id, show_id, match_number, match_type, stipulation, is_title_match, title_id, is_mitb, mitb_cashin, defeat_type, rating, is_draw) values ('f16bf2bd-6bfc-483c-9e22-11b66eaa7bbd', '4f8bddc3-9950-4c79-849e-650bb09d85c1', 6, 'Tag Team', NULL, FALSE, NULL, NULL, FALSE, 'Pin', 3.0, FALSE);
insert into match_participants (match_id, team_id, result) values ('f16bf2bd-6bfc-483c-9e22-11b66eaa7bbd', '4964c068-f5b8-453e-9fde-60ea6f5d48f6', 'winner');
insert into matches (id, show_id, match_number, match_type, stipulation, is_title_match, title_id, is_mitb, mitb_cashin, defeat_type, rating, is_draw) values ('31dd93a8-d565-4cb7-b34e-4a9b614baabc', '4f8bddc3-9950-4c79-849e-650bb09d85c1', 7, 'Triple Threat', NULL, FALSE, NULL, NULL, FALSE, 'Pin', 3.0, FALSE);
insert into match_participants (match_id, wrestler_id, result) values ('31dd93a8-d565-4cb7-b34e-4a9b614baabc', '1fdbaeea-4dc7-41ff-9ce9-394d33e1ace4', 'winner');
insert into match_participants (match_id, wrestler_id, result) values ('31dd93a8-d565-4cb7-b34e-4a9b614baabc', '004c7b59-d738-4718-a1f0-39aa22e8039d', 'loser');
insert into match_participants (match_id, wrestler_id, result) values ('31dd93a8-d565-4cb7-b34e-4a9b614baabc', 'e7fb9927-dc92-4f23-a0e4-f5801a227c70', 'loser');
insert into matches (id, show_id, match_number, match_type, stipulation, is_title_match, title_id, is_mitb, mitb_cashin, defeat_type, rating, is_draw) values ('199bd146-eddd-448f-b5a1-314963776615', '4f8bddc3-9950-4c79-849e-650bb09d85c1', 8, 'Single', NULL, FALSE, NULL, NULL, FALSE, 'Pin', 3.0, FALSE);
insert into match_participants (match_id, wrestler_id, result) values ('199bd146-eddd-448f-b5a1-314963776615', '873c8bad-9c30-41e9-a21f-0752b53b6f3f', 'winner');
insert into match_participants (match_id, wrestler_id, result) values ('199bd146-eddd-448f-b5a1-314963776615', '96e4702e-8079-488a-baff-333a1547a482', 'loser');
insert into matches (id, show_id, match_number, match_type, stipulation, is_title_match, title_id, is_mitb, mitb_cashin, defeat_type, rating, is_draw) values ('f0f662f7-7475-4830-952b-9825c4cbaa47', '4f8bddc3-9950-4c79-849e-650bb09d85c1', 9, 'Fatal 4-Way', NULL, FALSE, NULL, NULL, FALSE, 'Pin', 4.0, FALSE);
insert into match_participants (match_id, wrestler_id, result) values ('f0f662f7-7475-4830-952b-9825c4cbaa47', 'cce2403e-b550-4727-9b4c-e04012c77f31', 'winner');
insert into match_participants (match_id, wrestler_id, result) values ('f0f662f7-7475-4830-952b-9825c4cbaa47', 'fce02e68-03a4-4670-a5d4-a6790f4f92a1', 'loser');
insert into match_participants (match_id, wrestler_id, result) values ('f0f662f7-7475-4830-952b-9825c4cbaa47', 'b2d0cb4c-4471-49a3-b524-544ce1bd95a1', 'loser');
insert into match_participants (match_id, wrestler_id, result) values ('f0f662f7-7475-4830-952b-9825c4cbaa47', '3b6bb80e-dcb2-40eb-bf43-d10807b6bd0f', 'loser');
insert into shows (id, name, show_date, show_type, ppv_name) values ('593adda3-3600-425e-ac15-85d588744455', 'DAW 05-13-2022', '2022-05-13', 'weekly', NULL);
insert into matches (id, show_id, match_number, match_type, stipulation, is_title_match, title_id, is_mitb, mitb_cashin, defeat_type, rating, is_draw) values ('ff2cda8a-24a3-43fe-a060-7c22f6721889', '593adda3-3600-425e-ac15-85d588744455', 1, 'Single', NULL, FALSE, NULL, NULL, FALSE, 'Pin', 3.0, FALSE);
insert into match_participants (match_id, wrestler_id, result) values ('ff2cda8a-24a3-43fe-a060-7c22f6721889', 'cce2403e-b550-4727-9b4c-e04012c77f31', 'winner');
insert into match_participants (match_id, wrestler_id, result) values ('ff2cda8a-24a3-43fe-a060-7c22f6721889', '3b6bb80e-dcb2-40eb-bf43-d10807b6bd0f', 'loser');
insert into matches (id, show_id, match_number, match_type, stipulation, is_title_match, title_id, is_mitb, mitb_cashin, defeat_type, rating, is_draw) values ('c9547753-6bc9-4eb0-9bc2-b356132727d2', '593adda3-3600-425e-ac15-85d588744455', 2, 'Tag Team', NULL, FALSE, NULL, NULL, FALSE, 'Pin', 3.5, FALSE);
insert into match_participants (match_id, team_id, result) values ('c9547753-6bc9-4eb0-9bc2-b356132727d2', '326ddb77-a43c-4a2e-832e-258e8e55b621', 'loser');
insert into matches (id, show_id, match_number, match_type, stipulation, is_title_match, title_id, is_mitb, mitb_cashin, defeat_type, rating, is_draw) values ('beb8f8f4-53bc-4443-ba4c-cb6da4fc53c3', '593adda3-3600-425e-ac15-85d588744455', 3, 'Single', NULL, FALSE, NULL, NULL, FALSE, 'Pin', 4.0, FALSE);
insert into match_participants (match_id, wrestler_id, result) values ('beb8f8f4-53bc-4443-ba4c-cb6da4fc53c3', '60c99dea-a118-4839-99eb-5de3ca41d5d4', 'winner');
insert into match_participants (match_id, wrestler_id, result) values ('beb8f8f4-53bc-4443-ba4c-cb6da4fc53c3', 'bc5ab7cb-bf3e-4cd8-9024-c4ba2631fec2', 'loser');
insert into matches (id, show_id, match_number, match_type, stipulation, is_title_match, title_id, is_mitb, mitb_cashin, defeat_type, rating, is_draw) values ('88350637-5179-4e7d-8f5f-5a30ad6ad529', '593adda3-3600-425e-ac15-85d588744455', 4, 'Single', NULL, FALSE, NULL, NULL, FALSE, 'Pin', 3.5, FALSE);
insert into match_participants (match_id, wrestler_id, result) values ('88350637-5179-4e7d-8f5f-5a30ad6ad529', '1c4de4fe-bbbe-420d-b18a-a70501b14a25', 'winner');
insert into match_participants (match_id, wrestler_id, result) values ('88350637-5179-4e7d-8f5f-5a30ad6ad529', '1fdbaeea-4dc7-41ff-9ce9-394d33e1ace4', 'loser');
insert into matches (id, show_id, match_number, match_type, stipulation, is_title_match, title_id, is_mitb, mitb_cashin, defeat_type, rating, is_draw) values ('fb01e25a-153f-4dea-8ec6-c4aced57f843', '593adda3-3600-425e-ac15-85d588744455', 5, 'Tag Team', NULL, FALSE, NULL, NULL, FALSE, 'Pin', 2.5, FALSE);
insert into match_participants (match_id, team_id, result) values ('fb01e25a-153f-4dea-8ec6-c4aced57f843', '98286bbe-d201-416d-b24c-3769fd460487', 'winner');
insert into match_participants (match_id, team_id, result) values ('fb01e25a-153f-4dea-8ec6-c4aced57f843', '4964c068-f5b8-453e-9fde-60ea6f5d48f6', 'loser');
insert into matches (id, show_id, match_number, match_type, stipulation, is_title_match, title_id, is_mitb, mitb_cashin, defeat_type, rating, is_draw) values ('c17fe73a-ca4a-404f-b4e5-4d2f3e74171d', '593adda3-3600-425e-ac15-85d588744455', 6, 'Single', NULL, FALSE, NULL, NULL, FALSE, 'Pin', 3.5, FALSE);
insert into match_participants (match_id, wrestler_id, result) values ('c17fe73a-ca4a-404f-b4e5-4d2f3e74171d', 'fce02e68-03a4-4670-a5d4-a6790f4f92a1', 'loser');
insert into match_participants (match_id, wrestler_id, result) values ('c17fe73a-ca4a-404f-b4e5-4d2f3e74171d', 'b2d0cb4c-4471-49a3-b524-544ce1bd95a1', 'winner');
insert into matches (id, show_id, match_number, match_type, stipulation, is_title_match, title_id, is_mitb, mitb_cashin, defeat_type, rating, is_draw) values ('6ad0d867-c48d-40b3-90ce-c08631e5f71e', '593adda3-3600-425e-ac15-85d588744455', 7, 'Single', NULL, FALSE, NULL, NULL, FALSE, 'Pin', 4.0, FALSE);
insert into match_participants (match_id, wrestler_id, result) values ('6ad0d867-c48d-40b3-90ce-c08631e5f71e', '122e2f4f-61c3-46f1-8de6-407a73f0712e', 'winner');
insert into match_participants (match_id, wrestler_id, result) values ('6ad0d867-c48d-40b3-90ce-c08631e5f71e', '45d6759a-e627-41e8-b142-68a6772440d1', 'loser');
insert into matches (id, show_id, match_number, match_type, stipulation, is_title_match, title_id, is_mitb, mitb_cashin, defeat_type, rating, is_draw) values ('62240d82-763c-441f-95a0-03ef1facc09f', '593adda3-3600-425e-ac15-85d588744455', 8, 'Fatal 4-Way', NULL, FALSE, NULL, NULL, FALSE, 'Pin', 5.0, FALSE);
insert into match_participants (match_id, wrestler_id, result) values ('62240d82-763c-441f-95a0-03ef1facc09f', '7d9945b2-59a0-4661-8206-198fec52bb2f', 'winner');
insert into match_participants (match_id, wrestler_id, result) values ('62240d82-763c-441f-95a0-03ef1facc09f', 'ae2ce814-315f-41f0-ab99-eddf09a7d4c5', 'loser');
insert into match_participants (match_id, wrestler_id, result) values ('62240d82-763c-441f-95a0-03ef1facc09f', '42e5e6d3-4be5-45d5-b4bd-73e02dd0a8fb', 'loser');
insert into match_participants (match_id, wrestler_id, result) values ('62240d82-763c-441f-95a0-03ef1facc09f', '07687962-07c0-46b6-9541-2d8b60e3c2c1', 'loser');
insert into matches (id, show_id, match_number, match_type, stipulation, is_title_match, title_id, is_mitb, mitb_cashin, defeat_type, rating, is_draw) values ('d2ae499d-df08-436f-948b-e1c89782a3d4', '593adda3-3600-425e-ac15-85d588744455', 9, 'Single', NULL, FALSE, NULL, NULL, FALSE, 'Pin', 4.0, FALSE);
insert into match_participants (match_id, wrestler_id, result) values ('d2ae499d-df08-436f-948b-e1c89782a3d4', '25af8129-40ab-446b-b032-79fd524cf7ab', 'winner');
insert into match_participants (match_id, wrestler_id, result) values ('d2ae499d-df08-436f-948b-e1c89782a3d4', 'bc93b973-151b-48ca-8d75-8f6c220a0d31', 'loser');
insert into shows (id, name, show_date, show_type, ppv_name) values ('61b90e72-26f9-4c52-9d9a-18e811dd227d', 'DAW 05-20-2022', '2022-05-20', 'weekly', NULL);
insert into matches (id, show_id, match_number, match_type, stipulation, is_title_match, title_id, is_mitb, mitb_cashin, defeat_type, rating, is_draw) values ('38684404-1374-4d7c-97dc-cbdd4c1d81b1', '61b90e72-26f9-4c52-9d9a-18e811dd227d', 1, 'Tag Team', NULL, TRUE, '4091f18e-1fb8-441e-b708-1729cb0b0011', FALSE, FALSE, 'Pin', 4.0, FALSE);
insert into match_participants (match_id, team_id, result) values ('38684404-1374-4d7c-97dc-cbdd4c1d81b1', '326ddb77-a43c-4a2e-832e-258e8e55b621', 'winner');
insert into match_participants (match_id, team_id, result) values ('38684404-1374-4d7c-97dc-cbdd4c1d81b1', '83fd0ef7-a31d-432b-9a7c-594309de6c3f', 'loser');
insert into matches (id, show_id, match_number, match_type, stipulation, is_title_match, title_id, is_mitb, mitb_cashin, defeat_type, rating, is_draw) values ('0218f410-2926-40c5-943c-88668f4b226d', '61b90e72-26f9-4c52-9d9a-18e811dd227d', 2, '6-Man', 'Elimination Chamber', FALSE, NULL, NULL, FALSE, 'Pin', 4.5, FALSE);
insert into match_participants (match_id, wrestler_id, result) values ('0218f410-2926-40c5-943c-88668f4b226d', '60c99dea-a118-4839-99eb-5de3ca41d5d4', 'winner');
insert into match_participants (match_id, wrestler_id, result) values ('0218f410-2926-40c5-943c-88668f4b226d', 'bc5ab7cb-bf3e-4cd8-9024-c4ba2631fec2', 'loser');
insert into match_participants (match_id, wrestler_id, result) values ('0218f410-2926-40c5-943c-88668f4b226d', '45d6759a-e627-41e8-b142-68a6772440d1', 'loser');
insert into match_participants (match_id, wrestler_id, result) values ('0218f410-2926-40c5-943c-88668f4b226d', '31f9e94a-66c8-428d-9ae1-dc8ad7d4834f', 'loser');
insert into match_participants (match_id, wrestler_id, result) values ('0218f410-2926-40c5-943c-88668f4b226d', '0072611a-281e-4de5-bf57-fbc9696651ec', 'loser');
insert into match_participants (match_id, wrestler_id, result) values ('0218f410-2926-40c5-943c-88668f4b226d', '25af8129-40ab-446b-b032-79fd524cf7ab', 'loser');
insert into matches (id, show_id, match_number, match_type, stipulation, is_title_match, title_id, is_mitb, mitb_cashin, defeat_type, rating, is_draw) values ('a1d130be-e718-4c0b-b00f-9243fb409ecd', '61b90e72-26f9-4c52-9d9a-18e811dd227d', 3, 'Single', NULL, FALSE, NULL, NULL, FALSE, 'Pin', 2.5, FALSE);
insert into match_participants (match_id, wrestler_id, result) values ('a1d130be-e718-4c0b-b00f-9243fb409ecd', '42e5e6d3-4be5-45d5-b4bd-73e02dd0a8fb', 'winner');
insert into match_participants (match_id, wrestler_id, result) values ('a1d130be-e718-4c0b-b00f-9243fb409ecd', 'ae2ce814-315f-41f0-ab99-eddf09a7d4c5', 'loser');
insert into matches (id, show_id, match_number, match_type, stipulation, is_title_match, title_id, is_mitb, mitb_cashin, defeat_type, rating, is_draw) values ('3df916ef-9637-4feb-8b6b-7992af79f8ed', '61b90e72-26f9-4c52-9d9a-18e811dd227d', 4, 'Tag Team', NULL, FALSE, NULL, NULL, FALSE, 'Pin', 3.0, FALSE);
insert into match_participants (match_id, team_id, result) values ('3df916ef-9637-4feb-8b6b-7992af79f8ed', 'abb0f1ee-6fbb-415f-9049-90e2cacb0912', 'winner');
insert into match_participants (match_id, team_id, result) values ('3df916ef-9637-4feb-8b6b-7992af79f8ed', '98286bbe-d201-416d-b24c-3769fd460487', 'loser');
insert into matches (id, show_id, match_number, match_type, stipulation, is_title_match, title_id, is_mitb, mitb_cashin, defeat_type, rating, is_draw) values ('5f434fb7-245c-4df2-b8cd-af4e06bdbc3e', '61b90e72-26f9-4c52-9d9a-18e811dd227d', 5, 'Single', NULL, TRUE, '5db4cd6b-6ebe-4a87-b7bb-017af3856766', FALSE, FALSE, 'Pin', 4.0, FALSE);
insert into match_participants (match_id, wrestler_id, result) values ('5f434fb7-245c-4df2-b8cd-af4e06bdbc3e', '004c7b59-d738-4718-a1f0-39aa22e8039d', 'winner');
insert into match_participants (match_id, wrestler_id, result) values ('5f434fb7-245c-4df2-b8cd-af4e06bdbc3e', 'cce2403e-b550-4727-9b4c-e04012c77f31', 'loser');
insert into matches (id, show_id, match_number, match_type, stipulation, is_title_match, title_id, is_mitb, mitb_cashin, defeat_type, rating, is_draw) values ('1aa62386-f785-45b3-964f-08dedf30d16b', '61b90e72-26f9-4c52-9d9a-18e811dd227d', 6, 'Single', NULL, FALSE, NULL, NULL, FALSE, 'Pin', 2.0, FALSE);
insert into match_participants (match_id, wrestler_id, result) values ('1aa62386-f785-45b3-964f-08dedf30d16b', '07687962-07c0-46b6-9541-2d8b60e3c2c1', 'winner');
insert into match_participants (match_id, wrestler_id, result) values ('1aa62386-f785-45b3-964f-08dedf30d16b', '7ca7fd7b-2526-41ea-b143-cdd82f404014', 'loser');
insert into matches (id, show_id, match_number, match_type, stipulation, is_title_match, title_id, is_mitb, mitb_cashin, defeat_type, rating, is_draw) values ('91bc84e4-5d36-442e-b4db-3d49f4b1f420', '61b90e72-26f9-4c52-9d9a-18e811dd227d', 7, 'Single', NULL, TRUE, 'f3ec52c9-649b-48cb-aa37-da278fbd72df', FALSE, FALSE, 'Pin', 3.0, FALSE);
insert into match_participants (match_id, wrestler_id, result) values ('91bc84e4-5d36-442e-b4db-3d49f4b1f420', '122e2f4f-61c3-46f1-8de6-407a73f0712e', 'winner');
insert into match_participants (match_id, wrestler_id, result) values ('91bc84e4-5d36-442e-b4db-3d49f4b1f420', 'bc93b973-151b-48ca-8d75-8f6c220a0d31', 'loser');
insert into matches (id, show_id, match_number, match_type, stipulation, is_title_match, title_id, is_mitb, mitb_cashin, defeat_type, rating, is_draw) values ('87ef333c-1353-4168-b407-574b1632cfec', '61b90e72-26f9-4c52-9d9a-18e811dd227d', 8, 'Single', NULL, FALSE, NULL, NULL, FALSE, 'Pin', 4.5, FALSE);
insert into match_participants (match_id, wrestler_id, result) values ('87ef333c-1353-4168-b407-574b1632cfec', '8b45127b-9c83-4169-a3e3-fd142b88754c', 'winner');
insert into matches (id, show_id, match_number, match_type, stipulation, is_title_match, title_id, is_mitb, mitb_cashin, defeat_type, rating, is_draw) values ('769047ff-2d6b-438b-9bd2-415b09de2fa3', '61b90e72-26f9-4c52-9d9a-18e811dd227d', 9, 'Single', NULL, TRUE, '02b0c038-accb-495b-8d6a-8891a7b51554', FALSE, FALSE, 'Sub', 4.0, FALSE);
insert into match_participants (match_id, wrestler_id, result) values ('769047ff-2d6b-438b-9bd2-415b09de2fa3', '3b6bb80e-dcb2-40eb-bf43-d10807b6bd0f', 'winner');
insert into match_participants (match_id, wrestler_id, result) values ('769047ff-2d6b-438b-9bd2-415b09de2fa3', 'b2d0cb4c-4471-49a3-b524-544ce1bd95a1', 'loser');
insert into matches (id, show_id, match_number, match_type, stipulation, is_title_match, title_id, is_mitb, mitb_cashin, defeat_type, rating, is_draw) values ('305d8b1a-ef38-4ec3-b604-879e6ad03925', '61b90e72-26f9-4c52-9d9a-18e811dd227d', 10, '6-Man', 'Elimination Chamber', FALSE, NULL, NULL, FALSE, 'Pin', 3.0, FALSE);
insert into match_participants (match_id, wrestler_id, result) values ('305d8b1a-ef38-4ec3-b604-879e6ad03925', 'fce02e68-03a4-4670-a5d4-a6790f4f92a1', 'winner');
insert into match_participants (match_id, wrestler_id, result) values ('305d8b1a-ef38-4ec3-b604-879e6ad03925', '7d9945b2-59a0-4661-8206-198fec52bb2f', 'loser');
insert into match_participants (match_id, wrestler_id, result) values ('305d8b1a-ef38-4ec3-b604-879e6ad03925', '1fdbaeea-4dc7-41ff-9ce9-394d33e1ace4', 'loser');
insert into match_participants (match_id, wrestler_id, result) values ('305d8b1a-ef38-4ec3-b604-879e6ad03925', 'ad63b3fd-9de8-4398-a085-7cc8f264589e', 'loser');
insert into match_participants (match_id, wrestler_id, result) values ('305d8b1a-ef38-4ec3-b604-879e6ad03925', '1c4de4fe-bbbe-420d-b18a-a70501b14a25', 'loser');
insert into match_participants (match_id, wrestler_id, result) values ('305d8b1a-ef38-4ec3-b604-879e6ad03925', 'db9025f4-91c4-47e8-b3de-e3864852a4c8', 'loser');
insert into shows (id, name, show_date, show_type, ppv_name) values ('4dcd8216-9ffe-46bd-9a00-b633058dfc92', 'DAW 05-27-2022', '2022-05-27', 'weekly', NULL);
insert into matches (id, show_id, match_number, match_type, stipulation, is_title_match, title_id, is_mitb, mitb_cashin, defeat_type, rating, is_draw) values ('42e3a135-ff2f-412a-9308-945fcc19e81d', '4dcd8216-9ffe-46bd-9a00-b633058dfc92', 1, 'Tag Team', NULL, FALSE, NULL, NULL, FALSE, 'Pin', 2.5, FALSE);
insert into match_participants (match_id, team_id, result) values ('42e3a135-ff2f-412a-9308-945fcc19e81d', '326ddb77-a43c-4a2e-832e-258e8e55b621', 'winner');
insert into matches (id, show_id, match_number, match_type, stipulation, is_title_match, title_id, is_mitb, mitb_cashin, defeat_type, rating, is_draw) values ('16a38323-c05e-4b20-b56f-275b0d87256a', '4dcd8216-9ffe-46bd-9a00-b633058dfc92', 2, 'Single', NULL, FALSE, NULL, NULL, FALSE, 'Pin', 3.5, FALSE);
insert into match_participants (match_id, wrestler_id, result) values ('16a38323-c05e-4b20-b56f-275b0d87256a', 'fce02e68-03a4-4670-a5d4-a6790f4f92a1', 'winner');
insert into match_participants (match_id, wrestler_id, result) values ('16a38323-c05e-4b20-b56f-275b0d87256a', 'b2d0cb4c-4471-49a3-b524-544ce1bd95a1', 'loser');
insert into matches (id, show_id, match_number, match_type, stipulation, is_title_match, title_id, is_mitb, mitb_cashin, defeat_type, rating, is_draw) values ('06458620-3b6c-4b65-837d-2f50c40f53eb', '4dcd8216-9ffe-46bd-9a00-b633058dfc92', 3, 'Triple Threat', NULL, FALSE, NULL, NULL, FALSE, 'Pin', 4.0, FALSE);
insert into match_participants (match_id, wrestler_id, result) values ('06458620-3b6c-4b65-837d-2f50c40f53eb', '60c99dea-a118-4839-99eb-5de3ca41d5d4', 'winner');
insert into match_participants (match_id, wrestler_id, result) values ('06458620-3b6c-4b65-837d-2f50c40f53eb', '25af8129-40ab-446b-b032-79fd524cf7ab', 'loser');
insert into match_participants (match_id, wrestler_id, result) values ('06458620-3b6c-4b65-837d-2f50c40f53eb', '45d6759a-e627-41e8-b142-68a6772440d1', 'loser');
insert into matches (id, show_id, match_number, match_type, stipulation, is_title_match, title_id, is_mitb, mitb_cashin, defeat_type, rating, is_draw) values ('06a4d382-0ccf-4753-ba74-686156ce3fef', '4dcd8216-9ffe-46bd-9a00-b633058dfc92', 4, 'Tag Team', NULL, FALSE, NULL, NULL, FALSE, 'Pin', 2.0, FALSE);
insert into match_participants (match_id, team_id, result) values ('06a4d382-0ccf-4753-ba74-686156ce3fef', '83fd0ef7-a31d-432b-9a7c-594309de6c3f', 'winner');
insert into match_participants (match_id, team_id, result) values ('06a4d382-0ccf-4753-ba74-686156ce3fef', '98286bbe-d201-416d-b24c-3769fd460487', 'loser');
insert into matches (id, show_id, match_number, match_type, stipulation, is_title_match, title_id, is_mitb, mitb_cashin, defeat_type, rating, is_draw) values ('06ad099c-c7d3-4daa-9f09-a52dbb467e70', '4dcd8216-9ffe-46bd-9a00-b633058dfc92', 5, 'Fatal 4-Way', NULL, FALSE, NULL, NULL, FALSE, 'Pin', 4.0, FALSE);
insert into match_participants (match_id, wrestler_id, result) values ('06ad099c-c7d3-4daa-9f09-a52dbb467e70', 'ae2ce814-315f-41f0-ab99-eddf09a7d4c5', 'winner');
insert into match_participants (match_id, wrestler_id, result) values ('06ad099c-c7d3-4daa-9f09-a52dbb467e70', '004c7b59-d738-4718-a1f0-39aa22e8039d', 'loser');
insert into match_participants (match_id, wrestler_id, result) values ('06ad099c-c7d3-4daa-9f09-a52dbb467e70', 'db9025f4-91c4-47e8-b3de-e3864852a4c8', 'loser');
insert into match_participants (match_id, wrestler_id, result) values ('06ad099c-c7d3-4daa-9f09-a52dbb467e70', '1c4de4fe-bbbe-420d-b18a-a70501b14a25', 'loser');
insert into matches (id, show_id, match_number, match_type, stipulation, is_title_match, title_id, is_mitb, mitb_cashin, defeat_type, rating, is_draw) values ('e476986a-4995-4529-9518-a933b079d2bc', '4dcd8216-9ffe-46bd-9a00-b633058dfc92', 6, 'Single', NULL, FALSE, NULL, NULL, FALSE, 'Pin', 4.5, FALSE);
insert into matches (id, show_id, match_number, match_type, stipulation, is_title_match, title_id, is_mitb, mitb_cashin, defeat_type, rating, is_draw) values ('104c9a2d-b003-4ca8-a5a7-49e9719d64ab', '4dcd8216-9ffe-46bd-9a00-b633058dfc92', 7, 'Single', NULL, FALSE, NULL, NULL, FALSE, 'Pin', 3.5, FALSE);
insert into matches (id, show_id, match_number, match_type, stipulation, is_title_match, title_id, is_mitb, mitb_cashin, defeat_type, rating, is_draw) values ('76fd1b97-1cd5-48d0-ab1f-905d41189b09', '4dcd8216-9ffe-46bd-9a00-b633058dfc92', 8, 'Single', NULL, FALSE, NULL, NULL, FALSE, 'Pin', 4.0, FALSE);
insert into matches (id, show_id, match_number, match_type, stipulation, is_title_match, title_id, is_mitb, mitb_cashin, defeat_type, rating, is_draw) values ('4656ed9c-0919-4731-8fb5-9a01c6850651', '4dcd8216-9ffe-46bd-9a00-b633058dfc92', 9, 'Single', NULL, TRUE, 'f3ec52c9-649b-48cb-aa37-da278fbd72df', FALSE, FALSE, 'Pin', 5.0, FALSE);
insert into shows (id, name, show_date, show_type, ppv_name) values ('e19f694a-63b3-4d5f-88aa-6c3bc1f7d23c', 'DAW 06-01-2022', '2022-06-01', 'weekly', NULL);
insert into matches (id, show_id, match_number, match_type, stipulation, is_title_match, title_id, is_mitb, mitb_cashin, defeat_type, rating, is_draw) values ('604d1ccd-8fa1-421e-bb3c-8db4ca36e2ca', 'e19f694a-63b3-4d5f-88aa-6c3bc1f7d23c', 1, 'Tag Team', NULL, FALSE, NULL, NULL, FALSE, 'Pin', 2.5, FALSE);
insert into match_participants (match_id, team_id, result) values ('604d1ccd-8fa1-421e-bb3c-8db4ca36e2ca', '326ddb77-a43c-4a2e-832e-258e8e55b621', 'loser');
insert into match_participants (match_id, team_id, result) values ('604d1ccd-8fa1-421e-bb3c-8db4ca36e2ca', '4ac6c974-2d00-4a65-a59f-2b750ca7b4fd', 'winner');
insert into matches (id, show_id, match_number, match_type, stipulation, is_title_match, title_id, is_mitb, mitb_cashin, defeat_type, rating, is_draw) values ('4c7e1405-b744-4f97-ac9a-116e41982966', 'e19f694a-63b3-4d5f-88aa-6c3bc1f7d23c', 2, 'Single', NULL, FALSE, NULL, NULL, FALSE, 'Pin', 3.5, FALSE);
insert into match_participants (match_id, wrestler_id, result) values ('4c7e1405-b744-4f97-ac9a-116e41982966', 'ad63b3fd-9de8-4398-a085-7cc8f264589e', 'loser');
insert into match_participants (match_id, wrestler_id, result) values ('4c7e1405-b744-4f97-ac9a-116e41982966', 'b2d0cb4c-4471-49a3-b524-544ce1bd95a1', 'winner');
insert into matches (id, show_id, match_number, match_type, stipulation, is_title_match, title_id, is_mitb, mitb_cashin, defeat_type, rating, is_draw) values ('d4ab60df-ebfa-499a-9c47-21e42a1ef027', 'e19f694a-63b3-4d5f-88aa-6c3bc1f7d23c', 3, 'Tag Team', NULL, FALSE, NULL, NULL, FALSE, 'Pin', 1.5, FALSE);
insert into matches (id, show_id, match_number, match_type, stipulation, is_title_match, title_id, is_mitb, mitb_cashin, defeat_type, rating, is_draw) values ('55c9c2fd-fa12-4994-a75c-d4dbdbfa1940', 'e19f694a-63b3-4d5f-88aa-6c3bc1f7d23c', 4, 'Triple Threat', 'Table', FALSE, NULL, NULL, FALSE, 'Pin', 2.0, FALSE);
insert into match_participants (match_id, wrestler_id, result) values ('55c9c2fd-fa12-4994-a75c-d4dbdbfa1940', 'bc93b973-151b-48ca-8d75-8f6c220a0d31', 'winner');
insert into match_participants (match_id, wrestler_id, result) values ('55c9c2fd-fa12-4994-a75c-d4dbdbfa1940', '60c99dea-a118-4839-99eb-5de3ca41d5d4', 'loser');
insert into match_participants (match_id, wrestler_id, result) values ('55c9c2fd-fa12-4994-a75c-d4dbdbfa1940', '25af8129-40ab-446b-b032-79fd524cf7ab', 'loser');
insert into matches (id, show_id, match_number, match_type, stipulation, is_title_match, title_id, is_mitb, mitb_cashin, defeat_type, rating, is_draw) values ('4a22c2f7-e3ab-4c3d-b878-46ea7e530896', 'e19f694a-63b3-4d5f-88aa-6c3bc1f7d23c', 5, 'Tag Team', NULL, FALSE, NULL, NULL, FALSE, 'Pin', 3.5, FALSE);
insert into match_participants (match_id, team_id, result) values ('4a22c2f7-e3ab-4c3d-b878-46ea7e530896', '20fda688-f421-4daf-af58-e45e899e9599', 'winner');
insert into match_participants (match_id, team_id, result) values ('4a22c2f7-e3ab-4c3d-b878-46ea7e530896', '98286bbe-d201-416d-b24c-3769fd460487', 'loser');
insert into matches (id, show_id, match_number, match_type, stipulation, is_title_match, title_id, is_mitb, mitb_cashin, defeat_type, rating, is_draw) values ('867c46b8-5c95-495d-ba50-9b14561de304', 'e19f694a-63b3-4d5f-88aa-6c3bc1f7d23c', 6, 'Single', NULL, FALSE, NULL, NULL, FALSE, 'Pin', 3.0, FALSE);
insert into match_participants (match_id, wrestler_id, result) values ('867c46b8-5c95-495d-ba50-9b14561de304', '1fdbaeea-4dc7-41ff-9ce9-394d33e1ace4', 'loser');
insert into matches (id, show_id, match_number, match_type, stipulation, is_title_match, title_id, is_mitb, mitb_cashin, defeat_type, rating, is_draw) values ('56f95a54-b2a9-440e-9985-fd606a48c3fe', 'e19f694a-63b3-4d5f-88aa-6c3bc1f7d23c', 7, '6-Man', NULL, FALSE, NULL, NULL, FALSE, 'Pin', 4.0, FALSE);
insert into match_participants (match_id, wrestler_id, result) values ('56f95a54-b2a9-440e-9985-fd606a48c3fe', 'fe192097-a77b-4d95-a8b9-0f0147ab04a6', 'loser');
insert into match_participants (match_id, wrestler_id, result) values ('56f95a54-b2a9-440e-9985-fd606a48c3fe', '42e5e6d3-4be5-45d5-b4bd-73e02dd0a8fb', 'winner');
insert into match_participants (match_id, wrestler_id, result) values ('56f95a54-b2a9-440e-9985-fd606a48c3fe', '96e4702e-8079-488a-baff-333a1547a482', 'loser');
insert into match_participants (match_id, wrestler_id, result) values ('56f95a54-b2a9-440e-9985-fd606a48c3fe', '873c8bad-9c30-41e9-a21f-0752b53b6f3f', 'loser');
insert into match_participants (match_id, wrestler_id, result) values ('56f95a54-b2a9-440e-9985-fd606a48c3fe', 'e7fb9927-dc92-4f23-a0e4-f5801a227c70', 'loser');
insert into match_participants (match_id, wrestler_id, result) values ('56f95a54-b2a9-440e-9985-fd606a48c3fe', '152ce1d4-2816-4c5c-82d3-7a4fa068a413', 'loser');
insert into matches (id, show_id, match_number, match_type, stipulation, is_title_match, title_id, is_mitb, mitb_cashin, defeat_type, rating, is_draw) values ('91b781ed-319d-4ce1-9b7b-cd0b80d50c13', 'e19f694a-63b3-4d5f-88aa-6c3bc1f7d23c', 8, 'Single', NULL, FALSE, NULL, NULL, FALSE, 'Pin', 4.0, FALSE);
insert into match_participants (match_id, wrestler_id, result) values ('91b781ed-319d-4ce1-9b7b-cd0b80d50c13', '1c4de4fe-bbbe-420d-b18a-a70501b14a25', 'loser');
insert into match_participants (match_id, wrestler_id, result) values ('91b781ed-319d-4ce1-9b7b-cd0b80d50c13', '7ca7fd7b-2526-41ea-b143-cdd82f404014', 'winner');
insert into matches (id, show_id, match_number, match_type, stipulation, is_title_match, title_id, is_mitb, mitb_cashin, defeat_type, rating, is_draw) values ('bd1b2dfe-e728-47e2-844e-747e0a0c0dfd', 'e19f694a-63b3-4d5f-88aa-6c3bc1f7d23c', 9, 'Triple Threat', 'Table', FALSE, NULL, NULL, FALSE, 'Pin', 3.5, FALSE);
insert into match_participants (match_id, wrestler_id, result) values ('bd1b2dfe-e728-47e2-844e-747e0a0c0dfd', 'fce02e68-03a4-4670-a5d4-a6790f4f92a1', 'winner');
insert into match_participants (match_id, wrestler_id, result) values ('bd1b2dfe-e728-47e2-844e-747e0a0c0dfd', 'cce2403e-b550-4727-9b4c-e04012c77f31', 'loser');
insert into match_participants (match_id, wrestler_id, result) values ('bd1b2dfe-e728-47e2-844e-747e0a0c0dfd', '3b6bb80e-dcb2-40eb-bf43-d10807b6bd0f', 'loser');
insert into shows (id, name, show_date, show_type, ppv_name) values ('99e93534-e3ad-442e-bb2d-27636fa2b026', 'DAW 06-10-2022', '2022-06-10', 'weekly', NULL);
insert into matches (id, show_id, match_number, match_type, stipulation, is_title_match, title_id, is_mitb, mitb_cashin, defeat_type, rating, is_draw) values ('49305999-9a55-46e0-ae76-1261856b98fc', '99e93534-e3ad-442e-bb2d-27636fa2b026', 1, 'Triple Threat', NULL, FALSE, NULL, NULL, FALSE, 'Pin', 4.5, FALSE);
insert into match_participants (match_id, wrestler_id, result) values ('49305999-9a55-46e0-ae76-1261856b98fc', '7ca7fd7b-2526-41ea-b143-cdd82f404014', 'winner');
insert into match_participants (match_id, wrestler_id, result) values ('49305999-9a55-46e0-ae76-1261856b98fc', 'b2d0cb4c-4471-49a3-b524-544ce1bd95a1', 'loser');
insert into match_participants (match_id, wrestler_id, result) values ('49305999-9a55-46e0-ae76-1261856b98fc', '1fdbaeea-4dc7-41ff-9ce9-394d33e1ace4', 'loser');
insert into matches (id, show_id, match_number, match_type, stipulation, is_title_match, title_id, is_mitb, mitb_cashin, defeat_type, rating, is_draw) values ('75065b7d-adfc-4723-8ba6-6878e55f9540', '99e93534-e3ad-442e-bb2d-27636fa2b026', 2, 'Single', NULL, FALSE, NULL, NULL, FALSE, 'Pin', 4.0, FALSE);
insert into match_participants (match_id, wrestler_id, result) values ('75065b7d-adfc-4723-8ba6-6878e55f9540', '25af8129-40ab-446b-b032-79fd524cf7ab', 'loser');
insert into match_participants (match_id, wrestler_id, result) values ('75065b7d-adfc-4723-8ba6-6878e55f9540', 'bc5ab7cb-bf3e-4cd8-9024-c4ba2631fec2', 'winner');
insert into matches (id, show_id, match_number, match_type, stipulation, is_title_match, title_id, is_mitb, mitb_cashin, defeat_type, rating, is_draw) values ('23e5b59d-dd33-4b18-a512-db6656986542', '99e93534-e3ad-442e-bb2d-27636fa2b026', 3, 'Single', NULL, FALSE, NULL, NULL, FALSE, 'Pin', 3.5, FALSE);
insert into match_participants (match_id, wrestler_id, result) values ('23e5b59d-dd33-4b18-a512-db6656986542', '004c7b59-d738-4718-a1f0-39aa22e8039d', 'winner');
insert into match_participants (match_id, wrestler_id, result) values ('23e5b59d-dd33-4b18-a512-db6656986542', 'db9025f4-91c4-47e8-b3de-e3864852a4c8', 'loser');
insert into matches (id, show_id, match_number, match_type, stipulation, is_title_match, title_id, is_mitb, mitb_cashin, defeat_type, rating, is_draw) values ('631d0956-8f84-4ee0-a89d-81780df84b7e', '99e93534-e3ad-442e-bb2d-27636fa2b026', 4, 'Triple Threat', NULL, FALSE, NULL, NULL, FALSE, 'Pin', 3.5, FALSE);
insert into match_participants (match_id, wrestler_id, result) values ('631d0956-8f84-4ee0-a89d-81780df84b7e', '122e2f4f-61c3-46f1-8de6-407a73f0712e', 'winner');
insert into match_participants (match_id, wrestler_id, result) values ('631d0956-8f84-4ee0-a89d-81780df84b7e', '60c99dea-a118-4839-99eb-5de3ca41d5d4', 'loser');
insert into match_participants (match_id, wrestler_id, result) values ('631d0956-8f84-4ee0-a89d-81780df84b7e', '31f9e94a-66c8-428d-9ae1-dc8ad7d4834f', 'loser');
insert into matches (id, show_id, match_number, match_type, stipulation, is_title_match, title_id, is_mitb, mitb_cashin, defeat_type, rating, is_draw) values ('8ab5701d-a7a6-4269-bfec-845a6536b5f8', '99e93534-e3ad-442e-bb2d-27636fa2b026', 5, 'Single', NULL, FALSE, NULL, NULL, FALSE, 'Pin', 3.5, FALSE);
insert into match_participants (match_id, wrestler_id, result) values ('8ab5701d-a7a6-4269-bfec-845a6536b5f8', 'bc93b973-151b-48ca-8d75-8f6c220a0d31', 'loser');
insert into match_participants (match_id, wrestler_id, result) values ('8ab5701d-a7a6-4269-bfec-845a6536b5f8', '24041ddc-d965-4815-8c45-c9f97a2ed2c1', 'winner');
insert into matches (id, show_id, match_number, match_type, stipulation, is_title_match, title_id, is_mitb, mitb_cashin, defeat_type, rating, is_draw) values ('e329eb2c-cf20-49cd-bfb3-e9ac5624bcd4', '99e93534-e3ad-442e-bb2d-27636fa2b026', 6, 'Single', NULL, FALSE, NULL, NULL, FALSE, 'Pin', 3.0, FALSE);
insert into match_participants (match_id, wrestler_id, result) values ('e329eb2c-cf20-49cd-bfb3-e9ac5624bcd4', '7d9945b2-59a0-4661-8206-198fec52bb2f', 'winner');
insert into match_participants (match_id, wrestler_id, result) values ('e329eb2c-cf20-49cd-bfb3-e9ac5624bcd4', '1c4de4fe-bbbe-420d-b18a-a70501b14a25', 'loser');
insert into matches (id, show_id, match_number, match_type, stipulation, is_title_match, title_id, is_mitb, mitb_cashin, defeat_type, rating, is_draw) values ('829c6ee5-c3f3-45e5-a38a-63acbbcb068d', '99e93534-e3ad-442e-bb2d-27636fa2b026', 7, 'Single', NULL, FALSE, NULL, NULL, FALSE, 'Pin', 3.5, FALSE);
insert into match_participants (match_id, wrestler_id, result) values ('829c6ee5-c3f3-45e5-a38a-63acbbcb068d', '0072611a-281e-4de5-bf57-fbc9696651ec', 'winner');
insert into match_participants (match_id, wrestler_id, result) values ('829c6ee5-c3f3-45e5-a38a-63acbbcb068d', '45d6759a-e627-41e8-b142-68a6772440d1', 'loser');
insert into matches (id, show_id, match_number, match_type, stipulation, is_title_match, title_id, is_mitb, mitb_cashin, defeat_type, rating, is_draw) values ('8fe23808-c9a6-409e-9277-afb5a27d36d4', '99e93534-e3ad-442e-bb2d-27636fa2b026', 8, 'Single', NULL, FALSE, NULL, NULL, FALSE, 'Pin', 3.0, FALSE);
insert into match_participants (match_id, wrestler_id, result) values ('8fe23808-c9a6-409e-9277-afb5a27d36d4', 'fce02e68-03a4-4670-a5d4-a6790f4f92a1', 'loser');
insert into match_participants (match_id, wrestler_id, result) values ('8fe23808-c9a6-409e-9277-afb5a27d36d4', 'cce2403e-b550-4727-9b4c-e04012c77f31', 'winner');
insert into matches (id, show_id, match_number, match_type, stipulation, is_title_match, title_id, is_mitb, mitb_cashin, defeat_type, rating, is_draw) values ('3ac6210d-9293-416e-a2be-70459823ccfd', '99e93534-e3ad-442e-bb2d-27636fa2b026', 9, 'Tag Team 4-Way', NULL, FALSE, NULL, NULL, FALSE, 'Pin', 4.0, FALSE);
insert into match_participants (match_id, team_id, result) values ('3ac6210d-9293-416e-a2be-70459823ccfd', '4ac6c974-2d00-4a65-a59f-2b750ca7b4fd', 'winner');
insert into match_participants (match_id, team_id, result) values ('3ac6210d-9293-416e-a2be-70459823ccfd', '83fd0ef7-a31d-432b-9a7c-594309de6c3f', 'loser');
insert into match_participants (match_id, team_id, result) values ('3ac6210d-9293-416e-a2be-70459823ccfd', '98286bbe-d201-416d-b24c-3769fd460487', 'loser');
insert into shows (id, name, show_date, show_type, ppv_name) values ('1f45d216-97cc-437e-9eb1-c739f5820f12', 'DAW 06-17-2022', '2022-06-17', 'weekly', NULL);
insert into matches (id, show_id, match_number, match_type, stipulation, is_title_match, title_id, is_mitb, mitb_cashin, defeat_type, rating, is_draw) values ('98286dc6-de39-47f2-8e53-120c4dd47f68', '1f45d216-97cc-437e-9eb1-c739f5820f12', 1, 'Single', NULL, FALSE, NULL, NULL, FALSE, 'Sub', 2.5, FALSE);
insert into match_participants (match_id, wrestler_id, result) values ('98286dc6-de39-47f2-8e53-120c4dd47f68', '25af8129-40ab-446b-b032-79fd524cf7ab', 'winner');
insert into match_participants (match_id, wrestler_id, result) values ('98286dc6-de39-47f2-8e53-120c4dd47f68', '45d6759a-e627-41e8-b142-68a6772440d1', 'loser');
insert into matches (id, show_id, match_number, match_type, stipulation, is_title_match, title_id, is_mitb, mitb_cashin, defeat_type, rating, is_draw) values ('a5f0195b-bfd7-4631-b17e-d9f58202d306', '1f45d216-97cc-437e-9eb1-c739f5820f12', 2, 'Single', NULL, FALSE, NULL, NULL, FALSE, 'Pin', 2.0, FALSE);
insert into match_participants (match_id, wrestler_id, result) values ('a5f0195b-bfd7-4631-b17e-d9f58202d306', 'cce2403e-b550-4727-9b4c-e04012c77f31', 'winner');
insert into matches (id, show_id, match_number, match_type, stipulation, is_title_match, title_id, is_mitb, mitb_cashin, defeat_type, rating, is_draw) values ('d2ead858-7180-4a8b-be04-53ed52c6c86b', '1f45d216-97cc-437e-9eb1-c739f5820f12', 3, 'Single', NULL, FALSE, NULL, NULL, FALSE, 'Sub', 3.5, FALSE);
insert into match_participants (match_id, wrestler_id, result) values ('d2ead858-7180-4a8b-be04-53ed52c6c86b', '1c4de4fe-bbbe-420d-b18a-a70501b14a25', 'winner');
insert into match_participants (match_id, wrestler_id, result) values ('d2ead858-7180-4a8b-be04-53ed52c6c86b', '42e5e6d3-4be5-45d5-b4bd-73e02dd0a8fb', 'loser');
insert into matches (id, show_id, match_number, match_type, stipulation, is_title_match, title_id, is_mitb, mitb_cashin, defeat_type, rating, is_draw) values ('1e2ecd28-1965-4ff1-b43c-832ad4051cc0', '1f45d216-97cc-437e-9eb1-c739f5820f12', 4, 'Single', NULL, FALSE, NULL, NULL, FALSE, 'Pin', 3.0, FALSE);
insert into match_participants (match_id, wrestler_id, result) values ('1e2ecd28-1965-4ff1-b43c-832ad4051cc0', '07687962-07c0-46b6-9541-2d8b60e3c2c1', 'loser');
insert into match_participants (match_id, wrestler_id, result) values ('1e2ecd28-1965-4ff1-b43c-832ad4051cc0', 'c582c07c-786b-4687-9aeb-b0431edfb330', 'winner');
insert into matches (id, show_id, match_number, match_type, stipulation, is_title_match, title_id, is_mitb, mitb_cashin, defeat_type, rating, is_draw) values ('a14c86dc-21a5-4d61-9574-ad78f1ec71e9', '1f45d216-97cc-437e-9eb1-c739f5820f12', 5, 'Triple Threat', NULL, FALSE, NULL, NULL, FALSE, 'Pin', 3.5, FALSE);
insert into match_participants (match_id, wrestler_id, result) values ('a14c86dc-21a5-4d61-9574-ad78f1ec71e9', '60c99dea-a118-4839-99eb-5de3ca41d5d4', 'winner');
insert into match_participants (match_id, wrestler_id, result) values ('a14c86dc-21a5-4d61-9574-ad78f1ec71e9', '122e2f4f-61c3-46f1-8de6-407a73f0712e', 'loser');
insert into matches (id, show_id, match_number, match_type, stipulation, is_title_match, title_id, is_mitb, mitb_cashin, defeat_type, rating, is_draw) values ('13ef7848-ef0c-4f67-8d2b-97520d9f1715', '1f45d216-97cc-437e-9eb1-c739f5820f12', 6, 'Single', NULL, FALSE, NULL, NULL, FALSE, 'Pin', 2.5, FALSE);
insert into match_participants (match_id, wrestler_id, result) values ('13ef7848-ef0c-4f67-8d2b-97520d9f1715', 'ae2ce814-315f-41f0-ab99-eddf09a7d4c5', 'winner');
insert into match_participants (match_id, wrestler_id, result) values ('13ef7848-ef0c-4f67-8d2b-97520d9f1715', '43cf1a50-987d-4c83-a79c-32af2e1748bc', 'loser');
insert into matches (id, show_id, match_number, match_type, stipulation, is_title_match, title_id, is_mitb, mitb_cashin, defeat_type, rating, is_draw) values ('3e9ff192-08b9-4351-b04f-37cdb3ec2e3b', '1f45d216-97cc-437e-9eb1-c739f5820f12', 7, 'Tag Team', NULL, FALSE, NULL, NULL, FALSE, 'Pin', 3.5, FALSE);
insert into matches (id, show_id, match_number, match_type, stipulation, is_title_match, title_id, is_mitb, mitb_cashin, defeat_type, rating, is_draw) values ('f8a3a9c7-4b3a-47ed-9c00-17f463d87523', '1f45d216-97cc-437e-9eb1-c739f5820f12', 8, 'Single', NULL, FALSE, NULL, NULL, FALSE, 'Pin', 3.0, FALSE);
insert into match_participants (match_id, wrestler_id, result) values ('f8a3a9c7-4b3a-47ed-9c00-17f463d87523', 'db9025f4-91c4-47e8-b3de-e3864852a4c8', 'loser');
insert into match_participants (match_id, wrestler_id, result) values ('f8a3a9c7-4b3a-47ed-9c00-17f463d87523', 'fce02e68-03a4-4670-a5d4-a6790f4f92a1', 'winner');
insert into matches (id, show_id, match_number, match_type, stipulation, is_title_match, title_id, is_mitb, mitb_cashin, defeat_type, rating, is_draw) values ('bdbdc9d1-78b0-4ba5-8299-3a6ec03ffeee', '1f45d216-97cc-437e-9eb1-c739f5820f12', 9, 'Triple Threat', NULL, FALSE, NULL, NULL, FALSE, 'Pin', 3.5, FALSE);
insert into match_participants (match_id, wrestler_id, result) values ('bdbdc9d1-78b0-4ba5-8299-3a6ec03ffeee', '0072611a-281e-4de5-bf57-fbc9696651ec', 'loser');
insert into match_participants (match_id, wrestler_id, result) values ('bdbdc9d1-78b0-4ba5-8299-3a6ec03ffeee', 'bc5ab7cb-bf3e-4cd8-9024-c4ba2631fec2', 'winner');
insert into match_participants (match_id, wrestler_id, result) values ('bdbdc9d1-78b0-4ba5-8299-3a6ec03ffeee', '24041ddc-d965-4815-8c45-c9f97a2ed2c1', 'loser');
insert into shows (id, name, show_date, show_type, ppv_name) values ('5931edc9-8fab-4ac7-bffc-0229c6ea9bfa', 'DAW 06-24-2022', '2022-06-24', 'weekly', NULL);
insert into matches (id, show_id, match_number, match_type, stipulation, is_title_match, title_id, is_mitb, mitb_cashin, defeat_type, rating, is_draw) values ('218b93b0-5261-40da-bc01-9c9e86e35f17', '5931edc9-8fab-4ac7-bffc-0229c6ea9bfa', 1, 'Tag Team', NULL, TRUE, '4091f18e-1fb8-441e-b708-1729cb0b0011', FALSE, FALSE, 'Pin', 4.0, FALSE);
insert into match_participants (match_id, team_id, result) values ('218b93b0-5261-40da-bc01-9c9e86e35f17', '326ddb77-a43c-4a2e-832e-258e8e55b621', 'loser');
insert into match_participants (match_id, team_id, result) values ('218b93b0-5261-40da-bc01-9c9e86e35f17', '4ac6c974-2d00-4a65-a59f-2b750ca7b4fd', 'winner');
insert into matches (id, show_id, match_number, match_type, stipulation, is_title_match, title_id, is_mitb, mitb_cashin, defeat_type, rating, is_draw) values ('c467c888-070f-4b24-a065-90d4144037ba', '5931edc9-8fab-4ac7-bffc-0229c6ea9bfa', 2, 'Single', NULL, FALSE, NULL, NULL, FALSE, 'Pin', 4.5, FALSE);
insert into match_participants (match_id, wrestler_id, result) values ('c467c888-070f-4b24-a065-90d4144037ba', '25af8129-40ab-446b-b032-79fd524cf7ab', 'winner');
insert into match_participants (match_id, wrestler_id, result) values ('c467c888-070f-4b24-a065-90d4144037ba', '45d6759a-e627-41e8-b142-68a6772440d1', 'loser');
insert into matches (id, show_id, match_number, match_type, stipulation, is_title_match, title_id, is_mitb, mitb_cashin, defeat_type, rating, is_draw) values ('7e537512-c464-48de-903b-91dc153bb7fe', '5931edc9-8fab-4ac7-bffc-0229c6ea9bfa', 3, 'Single', 'Extreme Rules', FALSE, NULL, NULL, FALSE, 'Pin', 3.5, FALSE);
insert into match_participants (match_id, wrestler_id, result) values ('7e537512-c464-48de-903b-91dc153bb7fe', 'b2d0cb4c-4471-49a3-b524-544ce1bd95a1', 'loser');
insert into match_participants (match_id, wrestler_id, result) values ('7e537512-c464-48de-903b-91dc153bb7fe', '7ca7fd7b-2526-41ea-b143-cdd82f404014', 'winner');
insert into matches (id, show_id, match_number, match_type, stipulation, is_title_match, title_id, is_mitb, mitb_cashin, defeat_type, rating, is_draw) values ('4f881685-10fc-4da0-a47e-61f52f02c50c', '5931edc9-8fab-4ac7-bffc-0229c6ea9bfa', 4, 'Single', NULL, TRUE, '5d3e065c-43d1-41ee-8d24-e876f1e2b2a1', FALSE, FALSE, 'Pin', 3.0, FALSE);
insert into match_participants (match_id, wrestler_id, result) values ('4f881685-10fc-4da0-a47e-61f52f02c50c', 'bc5ab7cb-bf3e-4cd8-9024-c4ba2631fec2', 'loser');
insert into match_participants (match_id, wrestler_id, result) values ('4f881685-10fc-4da0-a47e-61f52f02c50c', '24041ddc-d965-4815-8c45-c9f97a2ed2c1', 'winner');
insert into matches (id, show_id, match_number, match_type, stipulation, is_title_match, title_id, is_mitb, mitb_cashin, defeat_type, rating, is_draw) values ('d1bb1265-1073-4386-8c66-3e4169746d67', '5931edc9-8fab-4ac7-bffc-0229c6ea9bfa', 5, 'Tag Team 4-Way', 'Extreme Rules', FALSE, NULL, FALSE, FALSE, 'Pin', 4.0, FALSE);
insert into match_participants (match_id, team_id, result) values ('d1bb1265-1073-4386-8c66-3e4169746d67', '83fd0ef7-a31d-432b-9a7c-594309de6c3f', 'loser');
insert into match_participants (match_id, team_id, result) values ('d1bb1265-1073-4386-8c66-3e4169746d67', '98286bbe-d201-416d-b24c-3769fd460487', 'loser');
insert into match_participants (match_id, team_id, result) values ('d1bb1265-1073-4386-8c66-3e4169746d67', '4ac6c974-2d00-4a65-a59f-2b750ca7b4fd', 'loser');
insert into matches (id, show_id, match_number, match_type, stipulation, is_title_match, title_id, is_mitb, mitb_cashin, defeat_type, rating, is_draw) values ('28b488c3-e521-4574-9e70-45510e2b91d9', '5931edc9-8fab-4ac7-bffc-0229c6ea9bfa', 6, 'Single', NULL, TRUE, 'f3ec52c9-649b-48cb-aa37-da278fbd72df', FALSE, FALSE, 'Pin', 3.5, FALSE);
insert into match_participants (match_id, wrestler_id, result) values ('28b488c3-e521-4574-9e70-45510e2b91d9', '122e2f4f-61c3-46f1-8de6-407a73f0712e', 'winner');
insert into match_participants (match_id, wrestler_id, result) values ('28b488c3-e521-4574-9e70-45510e2b91d9', '60c99dea-a118-4839-99eb-5de3ca41d5d4', 'loser');
insert into matches (id, show_id, match_number, match_type, stipulation, is_title_match, title_id, is_mitb, mitb_cashin, defeat_type, rating, is_draw) values ('4a559a31-29ad-4b46-8cc6-b80a6d531f14', '5931edc9-8fab-4ac7-bffc-0229c6ea9bfa', 7, 'Single', NULL, FALSE, NULL, FALSE, FALSE, 'Pin', 4.0, FALSE);
insert into match_participants (match_id, wrestler_id, result) values ('4a559a31-29ad-4b46-8cc6-b80a6d531f14', 'cce2403e-b550-4727-9b4c-e04012c77f31', 'winner');
insert into match_participants (match_id, wrestler_id, result) values ('4a559a31-29ad-4b46-8cc6-b80a6d531f14', 'cc6c3160-bb30-4b58-bf49-5a1b4ead3fea', 'loser');
insert into matches (id, show_id, match_number, match_type, stipulation, is_title_match, title_id, is_mitb, mitb_cashin, defeat_type, rating, is_draw) values ('abd73030-0f12-4c85-b6c0-c3d1ac1c59b2', '5931edc9-8fab-4ac7-bffc-0229c6ea9bfa', 8, 'Single', NULL, FALSE, NULL, NULL, FALSE, 'Pin', 2.5, FALSE);
insert into match_participants (match_id, wrestler_id, result) values ('abd73030-0f12-4c85-b6c0-c3d1ac1c59b2', '31f9e94a-66c8-428d-9ae1-dc8ad7d4834f', 'loser');
insert into match_participants (match_id, wrestler_id, result) values ('abd73030-0f12-4c85-b6c0-c3d1ac1c59b2', 'bc93b973-151b-48ca-8d75-8f6c220a0d31', 'winner');
insert into matches (id, show_id, match_number, match_type, stipulation, is_title_match, title_id, is_mitb, mitb_cashin, defeat_type, rating, is_draw) values ('c401406f-5e91-47ee-ac3d-a415adf4edf3', '5931edc9-8fab-4ac7-bffc-0229c6ea9bfa', 9, 'Single', NULL, TRUE, '5db4cd6b-6ebe-4a87-b7bb-017af3856766', FALSE, FALSE, 'Pin', 4.5, FALSE);
insert into match_participants (match_id, wrestler_id, result) values ('c401406f-5e91-47ee-ac3d-a415adf4edf3', '1c4de4fe-bbbe-420d-b18a-a70501b14a25', 'winner');
insert into match_participants (match_id, wrestler_id, result) values ('c401406f-5e91-47ee-ac3d-a415adf4edf3', '004c7b59-d738-4718-a1f0-39aa22e8039d', 'loser');
insert into matches (id, show_id, match_number, match_type, stipulation, is_title_match, title_id, is_mitb, mitb_cashin, defeat_type, rating, is_draw) values ('d5580820-c761-409b-b176-d7f037912105', '5931edc9-8fab-4ac7-bffc-0229c6ea9bfa', 10, 'Triple Threat', 'Extreme Rules', FALSE, NULL, NULL, FALSE, 'Pin', 1.5, FALSE);
insert into match_participants (match_id, wrestler_id, result) values ('d5580820-c761-409b-b176-d7f037912105', 'ad63b3fd-9de8-4398-a085-7cc8f264589e', 'winner');
insert into match_participants (match_id, wrestler_id, result) values ('d5580820-c761-409b-b176-d7f037912105', 'db9025f4-91c4-47e8-b3de-e3864852a4c8', 'loser');
insert into match_participants (match_id, wrestler_id, result) values ('d5580820-c761-409b-b176-d7f037912105', '42e5e6d3-4be5-45d5-b4bd-73e02dd0a8fb', 'loser');
insert into matches (id, show_id, match_number, match_type, stipulation, is_title_match, title_id, is_mitb, mitb_cashin, defeat_type, rating, is_draw) values ('b3c0e419-97f4-4c47-b052-bcf68baf6393', '5931edc9-8fab-4ac7-bffc-0229c6ea9bfa', 11, 'Single', NULL, FALSE, NULL, NULL, FALSE, 'Sub', 3.0, FALSE);
insert into match_participants (match_id, wrestler_id, result) values ('b3c0e419-97f4-4c47-b052-bcf68baf6393', '0072611a-281e-4de5-bf57-fbc9696651ec', 'loser');
insert into match_participants (match_id, wrestler_id, result) values ('b3c0e419-97f4-4c47-b052-bcf68baf6393', 'fca0038d-59fa-4d61-adb0-53904be85483', 'winner');
insert into matches (id, show_id, match_number, match_type, stipulation, is_title_match, title_id, is_mitb, mitb_cashin, defeat_type, rating, is_draw) values ('177ecd73-bfb5-4423-820b-d94dbbde8feb', '5931edc9-8fab-4ac7-bffc-0229c6ea9bfa', 12, 'Single', NULL, FALSE, NULL, NULL, FALSE, 'Pin', 3.5, FALSE);
insert into match_participants (match_id, wrestler_id, result) values ('177ecd73-bfb5-4423-820b-d94dbbde8feb', '1fdbaeea-4dc7-41ff-9ce9-394d33e1ace4', 'loser');
insert into match_participants (match_id, wrestler_id, result) values ('177ecd73-bfb5-4423-820b-d94dbbde8feb', '7d9945b2-59a0-4661-8206-198fec52bb2f', 'winner');
insert into matches (id, show_id, match_number, match_type, stipulation, is_title_match, title_id, is_mitb, mitb_cashin, defeat_type, rating, is_draw) values ('179287e4-d250-4366-9a93-60d87e5e1738', '5931edc9-8fab-4ac7-bffc-0229c6ea9bfa', 13, 'Single', 'No Holds Barred', FALSE, NULL, FALSE, FALSE, 'Pin', 3.0, FALSE);
insert into match_participants (match_id, wrestler_id, result) values ('179287e4-d250-4366-9a93-60d87e5e1738', '3b6bb80e-dcb2-40eb-bf43-d10807b6bd0f', 'winner');
insert into match_participants (match_id, wrestler_id, result) values ('179287e4-d250-4366-9a93-60d87e5e1738', 'fce02e68-03a4-4670-a5d4-a6790f4f92a1', 'loser');
insert into shows (id, name, show_date, show_type, ppv_name) values ('66663cf0-c6c5-4d81-b1e3-b2c720530c78', 'DAW 07-01-2022', '2022-07-01', 'weekly', NULL);
insert into matches (id, show_id, match_number, match_type, stipulation, is_title_match, title_id, is_mitb, mitb_cashin, defeat_type, rating, is_draw) values ('c5f6d842-9070-43c4-921f-8a5e53f0bc6c', '66663cf0-c6c5-4d81-b1e3-b2c720530c78', 1, 'Tag Team', NULL, FALSE, NULL, NULL, FALSE, 'Pin', 3.5, FALSE);
insert into match_participants (match_id, team_id, result) values ('c5f6d842-9070-43c4-921f-8a5e53f0bc6c', '326ddb77-a43c-4a2e-832e-258e8e55b621', 'winner');
insert into match_participants (match_id, team_id, result) values ('c5f6d842-9070-43c4-921f-8a5e53f0bc6c', '4ac6c974-2d00-4a65-a59f-2b750ca7b4fd', 'loser');
insert into matches (id, show_id, match_number, match_type, stipulation, is_title_match, title_id, is_mitb, mitb_cashin, defeat_type, rating, is_draw) values ('f09fecee-2c47-4a55-b27c-3f84a7804c34', '66663cf0-c6c5-4d81-b1e3-b2c720530c78', 2, 'Single', NULL, FALSE, NULL, NULL, FALSE, 'Pin', 2.0, FALSE);
insert into match_participants (match_id, wrestler_id, result) values ('f09fecee-2c47-4a55-b27c-3f84a7804c34', '7e31c302-05ee-4325-989f-aefa74f76445', 'winner');
insert into match_participants (match_id, wrestler_id, result) values ('f09fecee-2c47-4a55-b27c-3f84a7804c34', '25af8129-40ab-446b-b032-79fd524cf7ab', 'loser');
insert into matches (id, show_id, match_number, match_type, stipulation, is_title_match, title_id, is_mitb, mitb_cashin, defeat_type, rating, is_draw) values ('3da2e271-e737-485c-a788-4f1070ae2937', '66663cf0-c6c5-4d81-b1e3-b2c720530c78', 3, 'Single', NULL, FALSE, NULL, NULL, FALSE, 'Pin', 3.0, FALSE);
insert into match_participants (match_id, wrestler_id, result) values ('3da2e271-e737-485c-a788-4f1070ae2937', 'ad63b3fd-9de8-4398-a085-7cc8f264589e', 'loser');
insert into match_participants (match_id, wrestler_id, result) values ('3da2e271-e737-485c-a788-4f1070ae2937', '1c4de4fe-bbbe-420d-b18a-a70501b14a25', 'winner');
insert into matches (id, show_id, match_number, match_type, stipulation, is_title_match, title_id, is_mitb, mitb_cashin, defeat_type, rating, is_draw) values ('1b3209c4-e2f2-4ce5-b0f3-487bd28e70ae', '66663cf0-c6c5-4d81-b1e3-b2c720530c78', 4, 'Tornado Tag Team', NULL, FALSE, NULL, NULL, FALSE, 'Pin', 2.5, FALSE);
insert into match_participants (match_id, team_id, result) values ('1b3209c4-e2f2-4ce5-b0f3-487bd28e70ae', '83fd0ef7-a31d-432b-9a7c-594309de6c3f', 'loser');
insert into match_participants (match_id, team_id, result) values ('1b3209c4-e2f2-4ce5-b0f3-487bd28e70ae', '98286bbe-d201-416d-b24c-3769fd460487', 'winner');
insert into matches (id, show_id, match_number, match_type, stipulation, is_title_match, title_id, is_mitb, mitb_cashin, defeat_type, rating, is_draw) values ('705c14c0-23a2-4d72-8891-e3f85aeb8e2d', '66663cf0-c6c5-4d81-b1e3-b2c720530c78', 5, 'Single', NULL, FALSE, NULL, NULL, FALSE, 'Pin', 4.0, FALSE);
insert into match_participants (match_id, wrestler_id, result) values ('705c14c0-23a2-4d72-8891-e3f85aeb8e2d', '1fdbaeea-4dc7-41ff-9ce9-394d33e1ace4', 'loser');
insert into match_participants (match_id, wrestler_id, result) values ('705c14c0-23a2-4d72-8891-e3f85aeb8e2d', '3b6bb80e-dcb2-40eb-bf43-d10807b6bd0f', 'winner');
insert into matches (id, show_id, match_number, match_type, stipulation, is_title_match, title_id, is_mitb, mitb_cashin, defeat_type, rating, is_draw) values ('0f1361ef-deb0-47f2-922a-26a1a3f0a05d', '66663cf0-c6c5-4d81-b1e3-b2c720530c78', 6, '5-Man', NULL, FALSE, NULL, NULL, FALSE, 'Pin', 3.0, FALSE);
insert into match_participants (match_id, wrestler_id, result) values ('0f1361ef-deb0-47f2-922a-26a1a3f0a05d', '45d6759a-e627-41e8-b142-68a6772440d1', 'winner');
insert into match_participants (match_id, wrestler_id, result) values ('0f1361ef-deb0-47f2-922a-26a1a3f0a05d', '0072611a-281e-4de5-bf57-fbc9696651ec', 'loser');
insert into match_participants (match_id, wrestler_id, result) values ('0f1361ef-deb0-47f2-922a-26a1a3f0a05d', '60c99dea-a118-4839-99eb-5de3ca41d5d4', 'loser');
insert into match_participants (match_id, wrestler_id, result) values ('0f1361ef-deb0-47f2-922a-26a1a3f0a05d', 'bc93b973-151b-48ca-8d75-8f6c220a0d31', 'loser');
insert into match_participants (match_id, wrestler_id, result) values ('0f1361ef-deb0-47f2-922a-26a1a3f0a05d', 'bc5ab7cb-bf3e-4cd8-9024-c4ba2631fec2', 'loser');
insert into matches (id, show_id, match_number, match_type, stipulation, is_title_match, title_id, is_mitb, mitb_cashin, defeat_type, rating, is_draw) values ('acbc6fcf-5b50-4fda-a816-52dfd791e841', '66663cf0-c6c5-4d81-b1e3-b2c720530c78', 7, 'Single', NULL, FALSE, NULL, NULL, FALSE, 'Pin', 3.5, FALSE);
insert into match_participants (match_id, wrestler_id, result) values ('acbc6fcf-5b50-4fda-a816-52dfd791e841', '7ca7fd7b-2526-41ea-b143-cdd82f404014', 'loser');
insert into match_participants (match_id, wrestler_id, result) values ('acbc6fcf-5b50-4fda-a816-52dfd791e841', 'cce2403e-b550-4727-9b4c-e04012c77f31', 'winner');
insert into matches (id, show_id, match_number, match_type, stipulation, is_title_match, title_id, is_mitb, mitb_cashin, defeat_type, rating, is_draw) values ('460c2548-f3f2-476c-8f3d-f75ce69a47ce', '66663cf0-c6c5-4d81-b1e3-b2c720530c78', 8, 'Tag Team', NULL, FALSE, NULL, NULL, FALSE, 'Pin', 4.0, FALSE);
insert into match_participants (match_id, team_id, result) values ('460c2548-f3f2-476c-8f3d-f75ce69a47ce', '20fda688-f421-4daf-af58-e45e899e9599', 'winner');
insert into matches (id, show_id, match_number, match_type, stipulation, is_title_match, title_id, is_mitb, mitb_cashin, defeat_type, rating, is_draw) values ('77a24857-1a65-4cfc-aa63-7db1d6be35c6', '66663cf0-c6c5-4d81-b1e3-b2c720530c78', 9, 'Single', NULL, FALSE, NULL, NULL, FALSE, 'Pin', 4.0, FALSE);
insert into match_participants (match_id, wrestler_id, result) values ('77a24857-1a65-4cfc-aa63-7db1d6be35c6', '24041ddc-d965-4815-8c45-c9f97a2ed2c1', 'loser');
insert into match_participants (match_id, wrestler_id, result) values ('77a24857-1a65-4cfc-aa63-7db1d6be35c6', '122e2f4f-61c3-46f1-8de6-407a73f0712e', 'winner');
insert into shows (id, name, show_date, show_type, ppv_name) values ('08c6723a-3df9-4c99-a5cc-09948019eac0', 'DAW 07-08-2022', '2022-07-08', 'weekly', NULL);
insert into matches (id, show_id, match_number, match_type, stipulation, is_title_match, title_id, is_mitb, mitb_cashin, defeat_type, rating, is_draw) values ('f20cdcb6-4091-487e-9e6b-4737167fb582', '08c6723a-3df9-4c99-a5cc-09948019eac0', 1, 'Single', NULL, FALSE, NULL, NULL, FALSE, 'Pin', 3.5, FALSE);
insert into match_participants (match_id, wrestler_id, result) values ('f20cdcb6-4091-487e-9e6b-4737167fb582', '1fdbaeea-4dc7-41ff-9ce9-394d33e1ace4', 'loser');
insert into match_participants (match_id, wrestler_id, result) values ('f20cdcb6-4091-487e-9e6b-4737167fb582', '42e5e6d3-4be5-45d5-b4bd-73e02dd0a8fb', 'winner');
insert into matches (id, show_id, match_number, match_type, stipulation, is_title_match, title_id, is_mitb, mitb_cashin, defeat_type, rating, is_draw) values ('0a5bf3df-d162-456b-8953-79260985dead', '08c6723a-3df9-4c99-a5cc-09948019eac0', 2, 'Tornado Tag Team', NULL, FALSE, NULL, NULL, FALSE, 'Pin', 5.0, FALSE);
insert into matches (id, show_id, match_number, match_type, stipulation, is_title_match, title_id, is_mitb, mitb_cashin, defeat_type, rating, is_draw) values ('2ca5b86d-8c92-4b80-adf9-d46fbd888da5', '08c6723a-3df9-4c99-a5cc-09948019eac0', 3, 'Single', NULL, FALSE, NULL, NULL, FALSE, 'Pin', 3.0, FALSE);
insert into match_participants (match_id, wrestler_id, result) values ('2ca5b86d-8c92-4b80-adf9-d46fbd888da5', '004c7b59-d738-4718-a1f0-39aa22e8039d', 'winner');
insert into match_participants (match_id, wrestler_id, result) values ('2ca5b86d-8c92-4b80-adf9-d46fbd888da5', '5c4587c3-7c86-47e4-993e-e75f872da222', 'loser');
insert into matches (id, show_id, match_number, match_type, stipulation, is_title_match, title_id, is_mitb, mitb_cashin, defeat_type, rating, is_draw) values ('1241ebab-b2d5-4931-ba09-a91b619fc28d', '08c6723a-3df9-4c99-a5cc-09948019eac0', 4, 'Single', NULL, FALSE, NULL, NULL, FALSE, 'Pin', 4.5, FALSE);
insert into match_participants (match_id, wrestler_id, result) values ('1241ebab-b2d5-4931-ba09-a91b619fc28d', '7d9945b2-59a0-4661-8206-198fec52bb2f', 'winner');
insert into match_participants (match_id, wrestler_id, result) values ('1241ebab-b2d5-4931-ba09-a91b619fc28d', 'db9025f4-91c4-47e8-b3de-e3864852a4c8', 'loser');
insert into matches (id, show_id, match_number, match_type, stipulation, is_title_match, title_id, is_mitb, mitb_cashin, defeat_type, rating, is_draw) values ('1192a707-0886-40d3-ae03-35698c8187f9', '08c6723a-3df9-4c99-a5cc-09948019eac0', 5, 'Single', NULL, FALSE, NULL, NULL, FALSE, 'Pin', NULL, FALSE);
insert into match_participants (match_id, team_id, result) values ('1192a707-0886-40d3-ae03-35698c8187f9', 'abb0f1ee-6fbb-415f-9049-90e2cacb0912', 'loser');
insert into matches (id, show_id, match_number, match_type, stipulation, is_title_match, title_id, is_mitb, mitb_cashin, defeat_type, rating, is_draw) values ('33aa8adc-4363-4c94-87db-ba4b43294bbd', '08c6723a-3df9-4c99-a5cc-09948019eac0', 6, 'Fatal 4-Way', NULL, FALSE, NULL, NULL, FALSE, 'Pin', 3.0, FALSE);
insert into match_participants (match_id, wrestler_id, result) values ('33aa8adc-4363-4c94-87db-ba4b43294bbd', 'cce2403e-b550-4727-9b4c-e04012c77f31', 'winner');
insert into match_participants (match_id, wrestler_id, result) values ('33aa8adc-4363-4c94-87db-ba4b43294bbd', '3b6bb80e-dcb2-40eb-bf43-d10807b6bd0f', 'loser');
insert into match_participants (match_id, wrestler_id, result) values ('33aa8adc-4363-4c94-87db-ba4b43294bbd', 'b2d0cb4c-4471-49a3-b524-544ce1bd95a1', 'loser');
insert into match_participants (match_id, wrestler_id, result) values ('33aa8adc-4363-4c94-87db-ba4b43294bbd', '1c4de4fe-bbbe-420d-b18a-a70501b14a25', 'loser');
insert into matches (id, show_id, match_number, match_type, stipulation, is_title_match, title_id, is_mitb, mitb_cashin, defeat_type, rating, is_draw) values ('040ee31b-00c0-4fc4-8d5a-30b95d2eec13', '08c6723a-3df9-4c99-a5cc-09948019eac0', 7, 'Single', NULL, FALSE, NULL, NULL, FALSE, 'Pin', 3.5, FALSE);
insert into match_participants (match_id, wrestler_id, result) values ('040ee31b-00c0-4fc4-8d5a-30b95d2eec13', 'db9025f4-91c4-47e8-b3de-e3864852a4c8', 'loser');
insert into match_participants (match_id, wrestler_id, result) values ('040ee31b-00c0-4fc4-8d5a-30b95d2eec13', '1fdbaeea-4dc7-41ff-9ce9-394d33e1ace4', 'winner');
insert into matches (id, show_id, match_number, match_type, stipulation, is_title_match, title_id, is_mitb, mitb_cashin, defeat_type, rating, is_draw) values ('4ecc114e-ff85-4621-ace3-145591c38930', '08c6723a-3df9-4c99-a5cc-09948019eac0', 8, 'Single', NULL, FALSE, NULL, NULL, FALSE, 'Pin', 2.0, FALSE);
insert into match_participants (match_id, wrestler_id, result) values ('4ecc114e-ff85-4621-ace3-145591c38930', 'bc5ab7cb-bf3e-4cd8-9024-c4ba2631fec2', 'winner');
insert into match_participants (match_id, wrestler_id, result) values ('4ecc114e-ff85-4621-ace3-145591c38930', '24041ddc-d965-4815-8c45-c9f97a2ed2c1', 'loser');
insert into matches (id, show_id, match_number, match_type, stipulation, is_title_match, title_id, is_mitb, mitb_cashin, defeat_type, rating, is_draw) values ('1be8958e-1b83-411d-ab95-0b3aaac58a1e', '08c6723a-3df9-4c99-a5cc-09948019eac0', 9, 'Tornado Tag Team', 'Ladder', FALSE, NULL, NULL, FALSE, 'Pin', 3.5, FALSE);
insert into match_participants (match_id, team_id, result) values ('1be8958e-1b83-411d-ab95-0b3aaac58a1e', '326ddb77-a43c-4a2e-832e-258e8e55b621', 'winner');
insert into shows (id, name, show_date, show_type, ppv_name) values ('a43ef4b1-4fb0-4212-8d91-b2f459574c9b', 'DAW 07-15-2022', '2022-07-15', 'weekly', NULL);
insert into matches (id, show_id, match_number, match_type, stipulation, is_title_match, title_id, is_mitb, mitb_cashin, defeat_type, rating, is_draw) values ('8b0bcb37-a6fd-488b-8b8e-eb7448523436', 'a43ef4b1-4fb0-4212-8d91-b2f459574c9b', 1, 'Single', 'PPV Invite', FALSE, NULL, NULL, FALSE, 'Pin', 3.0, FALSE);
insert into match_participants (match_id, wrestler_id, result) values ('8b0bcb37-a6fd-488b-8b8e-eb7448523436', '7ca7fd7b-2526-41ea-b143-cdd82f404014', 'winner');
insert into match_participants (match_id, wrestler_id, result) values ('8b0bcb37-a6fd-488b-8b8e-eb7448523436', 'b2d0cb4c-4471-49a3-b524-544ce1bd95a1', 'loser');
insert into matches (id, show_id, match_number, match_type, stipulation, is_title_match, title_id, is_mitb, mitb_cashin, defeat_type, rating, is_draw) values ('88eb2653-43ac-4072-86bd-18cb83ad77df', 'a43ef4b1-4fb0-4212-8d91-b2f459574c9b', 2, 'Single', NULL, FALSE, NULL, NULL, FALSE, 'Pin', 3.0, FALSE);
insert into match_participants (match_id, wrestler_id, result) values ('88eb2653-43ac-4072-86bd-18cb83ad77df', 'ad63b3fd-9de8-4398-a085-7cc8f264589e', 'loser');
insert into match_participants (match_id, wrestler_id, result) values ('88eb2653-43ac-4072-86bd-18cb83ad77df', '5c4587c3-7c86-47e4-993e-e75f872da222', 'winner');
insert into matches (id, show_id, match_number, match_type, stipulation, is_title_match, title_id, is_mitb, mitb_cashin, defeat_type, rating, is_draw) values ('27ce6dcc-477e-4b50-9c49-d464e648d428', 'a43ef4b1-4fb0-4212-8d91-b2f459574c9b', 3, 'Single', NULL, FALSE, NULL, NULL, FALSE, 'Pin', 3.0, FALSE);
insert into match_participants (match_id, wrestler_id, result) values ('27ce6dcc-477e-4b50-9c49-d464e648d428', 'b2433381-963b-4e99-8458-8a001fa6ce58', 'winner');
insert into match_participants (match_id, wrestler_id, result) values ('27ce6dcc-477e-4b50-9c49-d464e648d428', '0072611a-281e-4de5-bf57-fbc9696651ec', 'loser');
insert into matches (id, show_id, match_number, match_type, stipulation, is_title_match, title_id, is_mitb, mitb_cashin, defeat_type, rating, is_draw) values ('fa068cef-474c-4c63-842a-49566ca535a0', 'a43ef4b1-4fb0-4212-8d91-b2f459574c9b', 4, 'Single', NULL, FALSE, NULL, NULL, FALSE, 'Pin', 3.5, FALSE);
insert into match_participants (match_id, wrestler_id, result) values ('fa068cef-474c-4c63-842a-49566ca535a0', '004c7b59-d738-4718-a1f0-39aa22e8039d', 'loser');
insert into match_participants (match_id, wrestler_id, result) values ('fa068cef-474c-4c63-842a-49566ca535a0', 'fce02e68-03a4-4670-a5d4-a6790f4f92a1', 'winner');
insert into matches (id, show_id, match_number, match_type, stipulation, is_title_match, title_id, is_mitb, mitb_cashin, defeat_type, rating, is_draw) values ('442a8c88-8ffe-4bae-beff-3ec5d0a69c07', 'a43ef4b1-4fb0-4212-8d91-b2f459574c9b', 5, 'Tag Team', NULL, FALSE, NULL, NULL, FALSE, 'Pin', 4.0, FALSE);
insert into match_participants (match_id, team_id, result) values ('442a8c88-8ffe-4bae-beff-3ec5d0a69c07', '8dd02369-5443-418b-94d5-1970756968ba', 'loser');
insert into matches (id, show_id, match_number, match_type, stipulation, is_title_match, title_id, is_mitb, mitb_cashin, defeat_type, rating, is_draw) values ('91c4ece6-a43a-46e0-b63c-2564313452aa', 'a43ef4b1-4fb0-4212-8d91-b2f459574c9b', 6, 'Battle Royale', NULL, FALSE, NULL, NULL, FALSE, 'Pin', 3.5, FALSE);
insert into match_participants (match_id, wrestler_id, result) values ('91c4ece6-a43a-46e0-b63c-2564313452aa', '3b6bb80e-dcb2-40eb-bf43-d10807b6bd0f', 'loser');
insert into match_participants (match_id, wrestler_id, result) values ('91c4ece6-a43a-46e0-b63c-2564313452aa', 'cce2403e-b550-4727-9b4c-e04012c77f31', 'winner');
insert into match_participants (match_id, wrestler_id, result) values ('91c4ece6-a43a-46e0-b63c-2564313452aa', '1c4de4fe-bbbe-420d-b18a-a70501b14a25', 'loser');
insert into match_participants (match_id, wrestler_id, result) values ('91c4ece6-a43a-46e0-b63c-2564313452aa', '23e929ba-5eab-44b6-90a5-3aeee22f283e', 'loser');
insert into match_participants (match_id, wrestler_id, result) values ('91c4ece6-a43a-46e0-b63c-2564313452aa', 'db9025f4-91c4-47e8-b3de-e3864852a4c8', 'loser');
insert into match_participants (match_id, wrestler_id, result) values ('91c4ece6-a43a-46e0-b63c-2564313452aa', '070ef826-51e2-44ff-b14f-c0c821af8fd4', 'loser');
insert into match_participants (match_id, wrestler_id, result) values ('91c4ece6-a43a-46e0-b63c-2564313452aa', 'c582c07c-786b-4687-9aeb-b0431edfb330', 'loser');
insert into match_participants (match_id, wrestler_id, result) values ('91c4ece6-a43a-46e0-b63c-2564313452aa', 'e7fb9927-dc92-4f23-a0e4-f5801a227c70', 'loser');
insert into matches (id, show_id, match_number, match_type, stipulation, is_title_match, title_id, is_mitb, mitb_cashin, defeat_type, rating, is_draw) values ('01a9d6d2-0d40-458e-9d9f-c7d6b314d653', 'a43ef4b1-4fb0-4212-8d91-b2f459574c9b', 7, 'Tag Team', NULL, FALSE, NULL, NULL, FALSE, 'Pin', 3.0, FALSE);
insert into match_participants (match_id, team_id, result) values ('01a9d6d2-0d40-458e-9d9f-c7d6b314d653', '20fda688-f421-4daf-af58-e45e899e9599', 'loser');
insert into match_participants (match_id, team_id, result) values ('01a9d6d2-0d40-458e-9d9f-c7d6b314d653', '4ac6c974-2d00-4a65-a59f-2b750ca7b4fd', 'winner');
insert into matches (id, show_id, match_number, match_type, stipulation, is_title_match, title_id, is_mitb, mitb_cashin, defeat_type, rating, is_draw) values ('e2e6a443-c89e-4e0e-8c78-3fc6bb1b2312', 'a43ef4b1-4fb0-4212-8d91-b2f459574c9b', 8, 'Tag Team', NULL, FALSE, NULL, NULL, FALSE, 'Pin', 4.0, FALSE);
insert into matches (id, show_id, match_number, match_type, stipulation, is_title_match, title_id, is_mitb, mitb_cashin, defeat_type, rating, is_draw) values ('86e133ed-eff6-4c0e-bcb6-2e96f6d4d273', 'a43ef4b1-4fb0-4212-8d91-b2f459574c9b', 9, 'Triple Threat', NULL, FALSE, NULL, NULL, FALSE, 'Pin', 4.0, FALSE);
insert into match_participants (match_id, wrestler_id, result) values ('86e133ed-eff6-4c0e-bcb6-2e96f6d4d273', '42e5e6d3-4be5-45d5-b4bd-73e02dd0a8fb', 'loser');
insert into match_participants (match_id, wrestler_id, result) values ('86e133ed-eff6-4c0e-bcb6-2e96f6d4d273', '7d9945b2-59a0-4661-8206-198fec52bb2f', 'winner');
insert into match_participants (match_id, wrestler_id, result) values ('86e133ed-eff6-4c0e-bcb6-2e96f6d4d273', '1fdbaeea-4dc7-41ff-9ce9-394d33e1ace4', 'loser');
insert into shows (id, name, show_date, show_type, ppv_name) values ('faaafa89-d162-4bef-a414-f9c94d91c3ab', 'DAW 07-22-2022', '2022-07-22', 'weekly', NULL);
insert into matches (id, show_id, match_number, match_type, stipulation, is_title_match, title_id, is_mitb, mitb_cashin, defeat_type, rating, is_draw) values ('18554da7-027e-4361-a5d2-89810335b0d7', 'faaafa89-d162-4bef-a414-f9c94d91c3ab', 1, 'Single', NULL, FALSE, NULL, NULL, FALSE, 'Pin', 4.0, FALSE);
insert into match_participants (match_id, wrestler_id, result) values ('18554da7-027e-4361-a5d2-89810335b0d7', '3b6bb80e-dcb2-40eb-bf43-d10807b6bd0f', 'winner');
insert into match_participants (match_id, wrestler_id, result) values ('18554da7-027e-4361-a5d2-89810335b0d7', '7ca7fd7b-2526-41ea-b143-cdd82f404014', 'loser');
insert into matches (id, show_id, match_number, match_type, stipulation, is_title_match, title_id, is_mitb, mitb_cashin, defeat_type, rating, is_draw) values ('7055c871-adce-454d-a941-23839ae5dc8c', 'faaafa89-d162-4bef-a414-f9c94d91c3ab', 2, 'Tag Team', NULL, FALSE, NULL, NULL, FALSE, 'Pin', 3.0, FALSE);
insert into match_participants (match_id, team_id, result) values ('7055c871-adce-454d-a941-23839ae5dc8c', '20fda688-f421-4daf-af58-e45e899e9599', 'winner');
insert into match_participants (match_id, team_id, result) values ('7055c871-adce-454d-a941-23839ae5dc8c', '98286bbe-d201-416d-b24c-3769fd460487', 'loser');
insert into matches (id, show_id, match_number, match_type, stipulation, is_title_match, title_id, is_mitb, mitb_cashin, defeat_type, rating, is_draw) values ('10b37e35-d033-4c7a-9e4b-cfbc7d64d2a7', 'faaafa89-d162-4bef-a414-f9c94d91c3ab', 3, 'Single', 'Extreme Rules', FALSE, NULL, NULL, FALSE, 'Pin', 3.5, FALSE);
insert into match_participants (match_id, wrestler_id, result) values ('10b37e35-d033-4c7a-9e4b-cfbc7d64d2a7', 'c582c07c-786b-4687-9aeb-b0431edfb330', 'winner');
insert into match_participants (match_id, wrestler_id, result) values ('10b37e35-d033-4c7a-9e4b-cfbc7d64d2a7', '07687962-07c0-46b6-9541-2d8b60e3c2c1', 'loser');
insert into matches (id, show_id, match_number, match_type, stipulation, is_title_match, title_id, is_mitb, mitb_cashin, defeat_type, rating, is_draw) values ('113c814d-7b2b-4141-b35b-fefc5fa5e165', 'faaafa89-d162-4bef-a414-f9c94d91c3ab', 4, 'Single', NULL, FALSE, NULL, NULL, FALSE, 'Pin', 3.5, FALSE);
insert into match_participants (match_id, wrestler_id, result) values ('113c814d-7b2b-4141-b35b-fefc5fa5e165', 'b2d0cb4c-4471-49a3-b524-544ce1bd95a1', 'winner');
insert into match_participants (match_id, wrestler_id, result) values ('113c814d-7b2b-4141-b35b-fefc5fa5e165', '1c4de4fe-bbbe-420d-b18a-a70501b14a25', 'loser');
insert into matches (id, show_id, match_number, match_type, stipulation, is_title_match, title_id, is_mitb, mitb_cashin, defeat_type, rating, is_draw) values ('2bf41069-0ead-47cb-bd6f-ed26e4b0e211', 'faaafa89-d162-4bef-a414-f9c94d91c3ab', 5, 'Tornado Tag Team', NULL, FALSE, NULL, NULL, FALSE, 'Pin', 3.0, FALSE);
insert into match_participants (match_id, team_id, result) values ('2bf41069-0ead-47cb-bd6f-ed26e4b0e211', '20fda688-f421-4daf-af58-e45e899e9599', 'winner');
insert into match_participants (match_id, team_id, result) values ('2bf41069-0ead-47cb-bd6f-ed26e4b0e211', '0c1be915-234d-4bb2-92ab-225e76d0c50c', 'loser');
insert into matches (id, show_id, match_number, match_type, stipulation, is_title_match, title_id, is_mitb, mitb_cashin, defeat_type, rating, is_draw) values ('85ffadf2-f8c2-44d9-8e65-4fa41b243113', 'faaafa89-d162-4bef-a414-f9c94d91c3ab', 6, 'Fatal 4-Way', NULL, FALSE, NULL, NULL, FALSE, 'Pin', 3.0, FALSE);
insert into match_participants (match_id, wrestler_id, result) values ('85ffadf2-f8c2-44d9-8e65-4fa41b243113', 'ad63b3fd-9de8-4398-a085-7cc8f264589e', 'loser');
insert into match_participants (match_id, wrestler_id, result) values ('85ffadf2-f8c2-44d9-8e65-4fa41b243113', '5c4587c3-7c86-47e4-993e-e75f872da222', 'loser');
insert into match_participants (match_id, wrestler_id, result) values ('85ffadf2-f8c2-44d9-8e65-4fa41b243113', '42e5e6d3-4be5-45d5-b4bd-73e02dd0a8fb', 'winner');
insert into match_participants (match_id, wrestler_id, result) values ('85ffadf2-f8c2-44d9-8e65-4fa41b243113', '360b60ab-b81e-4629-9440-452f85867fb8', 'loser');
insert into matches (id, show_id, match_number, match_type, stipulation, is_title_match, title_id, is_mitb, mitb_cashin, defeat_type, rating, is_draw) values ('9b89545d-76fd-4e97-a01a-c72cd7f177ae', 'faaafa89-d162-4bef-a414-f9c94d91c3ab', 7, 'Single', NULL, FALSE, NULL, NULL, FALSE, 'Pin', 3.5, FALSE);
insert into match_participants (match_id, wrestler_id, result) values ('9b89545d-76fd-4e97-a01a-c72cd7f177ae', '004c7b59-d738-4718-a1f0-39aa22e8039d', 'loser');
insert into match_participants (match_id, wrestler_id, result) values ('9b89545d-76fd-4e97-a01a-c72cd7f177ae', 'fce02e68-03a4-4670-a5d4-a6790f4f92a1', 'winner');
insert into matches (id, show_id, match_number, match_type, stipulation, is_title_match, title_id, is_mitb, mitb_cashin, defeat_type, rating, is_draw) values ('ba455ad9-a27e-4794-9fa7-778092333386', 'faaafa89-d162-4bef-a414-f9c94d91c3ab', 8, 'Single', NULL, FALSE, NULL, NULL, FALSE, 'Pin', 4.0, FALSE);
insert into match_participants (match_id, wrestler_id, result) values ('ba455ad9-a27e-4794-9fa7-778092333386', '7d9945b2-59a0-4661-8206-198fec52bb2f', 'loser');
insert into match_participants (match_id, wrestler_id, result) values ('ba455ad9-a27e-4794-9fa7-778092333386', 'cce2403e-b550-4727-9b4c-e04012c77f31', 'winner');
insert into matches (id, show_id, match_number, match_type, stipulation, is_title_match, title_id, is_mitb, mitb_cashin, defeat_type, rating, is_draw) values ('f86fb216-0a0d-4e57-9f15-7dac1b67a64d', 'faaafa89-d162-4bef-a414-f9c94d91c3ab', 9, 'Battle Royale', NULL, FALSE, NULL, NULL, FALSE, 'Pin', 4.5, FALSE);
insert into match_participants (match_id, wrestler_id, result) values ('f86fb216-0a0d-4e57-9f15-7dac1b67a64d', '122e2f4f-61c3-46f1-8de6-407a73f0712e', 'loser');
insert into match_participants (match_id, wrestler_id, result) values ('f86fb216-0a0d-4e57-9f15-7dac1b67a64d', '60c99dea-a118-4839-99eb-5de3ca41d5d4', 'loser');
insert into match_participants (match_id, wrestler_id, result) values ('f86fb216-0a0d-4e57-9f15-7dac1b67a64d', 'bc93b973-151b-48ca-8d75-8f6c220a0d31', 'loser');
insert into match_participants (match_id, wrestler_id, result) values ('f86fb216-0a0d-4e57-9f15-7dac1b67a64d', '45d6759a-e627-41e8-b142-68a6772440d1', 'loser');
insert into match_participants (match_id, wrestler_id, result) values ('f86fb216-0a0d-4e57-9f15-7dac1b67a64d', '24041ddc-d965-4815-8c45-c9f97a2ed2c1', 'winner');
insert into match_participants (match_id, wrestler_id, result) values ('f86fb216-0a0d-4e57-9f15-7dac1b67a64d', '6744f55d-802e-4dc8-83da-df85f7d6e050', 'loser');
insert into match_participants (match_id, wrestler_id, result) values ('f86fb216-0a0d-4e57-9f15-7dac1b67a64d', '7e31c302-05ee-4325-989f-aefa74f76445', 'loser');
insert into match_participants (match_id, wrestler_id, result) values ('f86fb216-0a0d-4e57-9f15-7dac1b67a64d', '0072611a-281e-4de5-bf57-fbc9696651ec', 'loser');
insert into shows (id, name, show_date, show_type, ppv_name) values ('cc994d0c-33c1-4adf-bfff-8f7fa680d03e', 'DAW 07-29-2022', '2022-07-29', 'weekly', NULL);
insert into matches (id, show_id, match_number, match_type, stipulation, is_title_match, title_id, is_mitb, mitb_cashin, defeat_type, rating, is_draw) values ('a73addc3-266f-4c3d-9e94-5ef08c4909a4', 'cc994d0c-33c1-4adf-bfff-8f7fa680d03e', 1, 'Tornado Tag Team', 'Extreme Rules', TRUE, '4091f18e-1fb8-441e-b708-1729cb0b0011', FALSE, FALSE, 'Pin', 4.5, FALSE);
insert into match_participants (match_id, team_id, result) values ('a73addc3-266f-4c3d-9e94-5ef08c4909a4', '4ac6c974-2d00-4a65-a59f-2b750ca7b4fd', 'loser');
insert into match_participants (match_id, team_id, result) values ('a73addc3-266f-4c3d-9e94-5ef08c4909a4', '326ddb77-a43c-4a2e-832e-258e8e55b621', 'winner');
insert into matches (id, show_id, match_number, match_type, stipulation, is_title_match, title_id, is_mitb, mitb_cashin, defeat_type, rating, is_draw) values ('c31383cf-521a-4ea1-bf30-5ffad91ef905', 'cc994d0c-33c1-4adf-bfff-8f7fa680d03e', 2, 'Single', NULL, FALSE, NULL, NULL, FALSE, 'Pin', 4.0, FALSE);
insert into match_participants (match_id, wrestler_id, result) values ('c31383cf-521a-4ea1-bf30-5ffad91ef905', '5c4587c3-7c86-47e4-993e-e75f872da222', 'loser');
insert into match_participants (match_id, wrestler_id, result) values ('c31383cf-521a-4ea1-bf30-5ffad91ef905', '360b60ab-b81e-4629-9440-452f85867fb8', 'winner');
insert into matches (id, show_id, match_number, match_type, stipulation, is_title_match, title_id, is_mitb, mitb_cashin, defeat_type, rating, is_draw) values ('01152071-2070-4701-adf0-5e3f3eb57286', 'cc994d0c-33c1-4adf-bfff-8f7fa680d03e', 3, 'Triple Threat Tag Team', 'Ladder', TRUE, '743c7e28-1960-4b74-8e70-15b2b4bb0a71', TRUE, FALSE, 'Pin', 3.0, FALSE);
insert into match_participants (match_id, team_id, result) values ('01152071-2070-4701-adf0-5e3f3eb57286', '83fd0ef7-a31d-432b-9a7c-594309de6c3f', 'winner');
insert into match_participants (match_id, team_id, result) values ('01152071-2070-4701-adf0-5e3f3eb57286', '20fda688-f421-4daf-af58-e45e899e9599', 'loser');
insert into match_participants (match_id, team_id, result) values ('01152071-2070-4701-adf0-5e3f3eb57286', '0c1be915-234d-4bb2-92ab-225e76d0c50c', 'loser');
insert into matches (id, show_id, match_number, match_type, stipulation, is_title_match, title_id, is_mitb, mitb_cashin, defeat_type, rating, is_draw) values ('f66f4780-fda2-47c0-bd19-61faf268b20c', 'cc994d0c-33c1-4adf-bfff-8f7fa680d03e', 4, 'Tornado Tag Team', NULL, FALSE, NULL, NULL, FALSE, 'Pin', 3.5, FALSE);
insert into match_participants (match_id, team_id, result) values ('f66f4780-fda2-47c0-bd19-61faf268b20c', 'abb0f1ee-6fbb-415f-9049-90e2cacb0912', 'loser');
insert into match_participants (match_id, team_id, result) values ('f66f4780-fda2-47c0-bd19-61faf268b20c', '98286bbe-d201-416d-b24c-3769fd460487', 'loser');
insert into matches (id, show_id, match_number, match_type, stipulation, is_title_match, title_id, is_mitb, mitb_cashin, defeat_type, rating, is_draw) values ('f267673a-3d8b-400f-a6ba-d7add57351c1', 'cc994d0c-33c1-4adf-bfff-8f7fa680d03e', 5, 'Single', 'No Holds Barred', TRUE, '5d3e065c-43d1-41ee-8d24-e876f1e2b2a1', FALSE, FALSE, 'Pin', 4.0, FALSE);
insert into match_participants (match_id, wrestler_id, result) values ('f267673a-3d8b-400f-a6ba-d7add57351c1', '24041ddc-d965-4815-8c45-c9f97a2ed2c1', 'winner');
insert into match_participants (match_id, wrestler_id, result) values ('f267673a-3d8b-400f-a6ba-d7add57351c1', 'bc5ab7cb-bf3e-4cd8-9024-c4ba2631fec2', 'loser');
insert into matches (id, show_id, match_number, match_type, stipulation, is_title_match, title_id, is_mitb, mitb_cashin, defeat_type, rating, is_draw) values ('0a747fdd-d9f1-4b0f-96f0-1017ba0f4e4d', 'cc994d0c-33c1-4adf-bfff-8f7fa680d03e', 6, 'MitB', 'Ladder', TRUE, 'b691e77a-af24-4f33-9c0f-09c435cd8dac', TRUE, FALSE, 'Pin', 4.5, FALSE);
insert into match_participants (match_id, wrestler_id, result) values ('0a747fdd-d9f1-4b0f-96f0-1017ba0f4e4d', 'bc93b973-151b-48ca-8d75-8f6c220a0d31', 'loser');
insert into match_participants (match_id, wrestler_id, result) values ('0a747fdd-d9f1-4b0f-96f0-1017ba0f4e4d', '60c99dea-a118-4839-99eb-5de3ca41d5d4', 'loser');
insert into match_participants (match_id, wrestler_id, result) values ('0a747fdd-d9f1-4b0f-96f0-1017ba0f4e4d', '7e31c302-05ee-4325-989f-aefa74f76445', 'loser');
insert into match_participants (match_id, wrestler_id, result) values ('0a747fdd-d9f1-4b0f-96f0-1017ba0f4e4d', '31f9e94a-66c8-428d-9ae1-dc8ad7d4834f', 'loser');
insert into match_participants (match_id, wrestler_id, result) values ('0a747fdd-d9f1-4b0f-96f0-1017ba0f4e4d', '6744f55d-802e-4dc8-83da-df85f7d6e050', 'loser');
insert into match_participants (match_id, wrestler_id, result) values ('0a747fdd-d9f1-4b0f-96f0-1017ba0f4e4d', '45d6759a-e627-41e8-b142-68a6772440d1', 'loser');
insert into match_participants (match_id, wrestler_id, result) values ('0a747fdd-d9f1-4b0f-96f0-1017ba0f4e4d', '0072611a-281e-4de5-bf57-fbc9696651ec', 'loser');
insert into match_participants (match_id, wrestler_id, result) values ('0a747fdd-d9f1-4b0f-96f0-1017ba0f4e4d', '25af8129-40ab-446b-b032-79fd524cf7ab', 'winner');
insert into matches (id, show_id, match_number, match_type, stipulation, is_title_match, title_id, is_mitb, mitb_cashin, defeat_type, rating, is_draw) values ('a3d14b17-adbf-4db1-9e1a-4d7d2c9ab221', 'cc994d0c-33c1-4adf-bfff-8f7fa680d03e', 7, 'Single', NULL, FALSE, NULL, NULL, FALSE, 'Pin', 3.0, FALSE);
insert into match_participants (match_id, wrestler_id, result) values ('a3d14b17-adbf-4db1-9e1a-4d7d2c9ab221', 'fca0038d-59fa-4d61-adb0-53904be85483', 'loser');
insert into match_participants (match_id, wrestler_id, result) values ('a3d14b17-adbf-4db1-9e1a-4d7d2c9ab221', 'b2433381-963b-4e99-8458-8a001fa6ce58', 'winner');
insert into matches (id, show_id, match_number, match_type, stipulation, is_title_match, title_id, is_mitb, mitb_cashin, defeat_type, rating, is_draw) values ('c78cd38a-47d4-45fc-b64c-e52921161395', 'cc994d0c-33c1-4adf-bfff-8f7fa680d03e', 8, 'Single', NULL, TRUE, '5db4cd6b-6ebe-4a87-b7bb-017af3856766', FALSE, FALSE, 'Pin', 3.5, FALSE);
insert into match_participants (match_id, wrestler_id, result) values ('c78cd38a-47d4-45fc-b64c-e52921161395', '1c4de4fe-bbbe-420d-b18a-a70501b14a25', 'loser');
insert into match_participants (match_id, wrestler_id, result) values ('c78cd38a-47d4-45fc-b64c-e52921161395', 'ad63b3fd-9de8-4398-a085-7cc8f264589e', 'winner');
insert into matches (id, show_id, match_number, match_type, stipulation, is_title_match, title_id, is_mitb, mitb_cashin, defeat_type, rating, is_draw) values ('beef47ef-c51c-4de0-b202-754139285de7', 'cc994d0c-33c1-4adf-bfff-8f7fa680d03e', 9, 'MitB', 'Ladder', TRUE, 'b25e7259-f027-4be1-a39e-0e956b9d538d', TRUE, FALSE, 'Pin', 4.0, FALSE);
insert into match_participants (match_id, wrestler_id, result) values ('beef47ef-c51c-4de0-b202-754139285de7', '42e5e6d3-4be5-45d5-b4bd-73e02dd0a8fb', 'loser');
insert into match_participants (match_id, wrestler_id, result) values ('beef47ef-c51c-4de0-b202-754139285de7', '7d9945b2-59a0-4661-8206-198fec52bb2f', 'loser');
insert into match_participants (match_id, wrestler_id, result) values ('beef47ef-c51c-4de0-b202-754139285de7', '1fdbaeea-4dc7-41ff-9ce9-394d33e1ace4', 'loser');
insert into match_participants (match_id, wrestler_id, result) values ('beef47ef-c51c-4de0-b202-754139285de7', '7ca7fd7b-2526-41ea-b143-cdd82f404014', 'winner');
insert into match_participants (match_id, wrestler_id, result) values ('beef47ef-c51c-4de0-b202-754139285de7', 'fce02e68-03a4-4670-a5d4-a6790f4f92a1', 'loser');
insert into match_participants (match_id, wrestler_id, result) values ('beef47ef-c51c-4de0-b202-754139285de7', 'db9025f4-91c4-47e8-b3de-e3864852a4c8', 'loser');
insert into match_participants (match_id, wrestler_id, result) values ('beef47ef-c51c-4de0-b202-754139285de7', '004c7b59-d738-4718-a1f0-39aa22e8039d', 'loser');
insert into match_participants (match_id, wrestler_id, result) values ('beef47ef-c51c-4de0-b202-754139285de7', 'b2d0cb4c-4471-49a3-b524-544ce1bd95a1', 'loser');
insert into matches (id, show_id, match_number, match_type, stipulation, is_title_match, title_id, is_mitb, mitb_cashin, defeat_type, rating, is_draw) values ('d7518a98-4818-4d5e-bf05-e1cb6aca9116', 'cc994d0c-33c1-4adf-bfff-8f7fa680d03e', 10, 'Single', NULL, TRUE, '02b0c038-accb-495b-8d6a-8891a7b51554', FALSE, FALSE, 'Pin', 4.0, FALSE);
insert into match_participants (match_id, wrestler_id, result) values ('d7518a98-4818-4d5e-bf05-e1cb6aca9116', '3b6bb80e-dcb2-40eb-bf43-d10807b6bd0f', 'loser');
insert into match_participants (match_id, wrestler_id, result) values ('d7518a98-4818-4d5e-bf05-e1cb6aca9116', 'cce2403e-b550-4727-9b4c-e04012c77f31', 'winner');
insert into matches (id, show_id, match_number, match_type, stipulation, is_title_match, title_id, is_mitb, mitb_cashin, defeat_type, rating, is_draw) values ('b8e7e9f9-422e-47ee-98f0-ee0cb832b854', 'cc994d0c-33c1-4adf-bfff-8f7fa680d03e', 11, 'Single', 'Backstage', TRUE, 'cfeafa70-d81b-4ac5-a40b-ea86f6c86d5b', FALSE, FALSE, 'Pin', 4.5, FALSE);
insert into match_participants (match_id, wrestler_id, result) values ('b8e7e9f9-422e-47ee-98f0-ee0cb832b854', 'cc6c3160-bb30-4b58-bf49-5a1b4ead3fea', 'winner');
insert into match_participants (match_id, wrestler_id, result) values ('b8e7e9f9-422e-47ee-98f0-ee0cb832b854', 'cce2403e-b550-4727-9b4c-e04012c77f31', 'loser');
insert into shows (id, name, show_date, show_type, ppv_name) values ('1603bd5f-073a-4fdc-8e82-ace445e3a325', 'DAW 08-05-2022', '2022-08-05', 'weekly', NULL);
insert into matches (id, show_id, match_number, match_type, stipulation, is_title_match, title_id, is_mitb, mitb_cashin, defeat_type, rating, is_draw) values ('f569958c-f27a-4dc5-a949-9b58bc07fa84', '1603bd5f-073a-4fdc-8e82-ace445e3a325', 1, 'Tag Team', NULL, FALSE, NULL, NULL, FALSE, 'Pin', 4.5, FALSE);
insert into match_participants (match_id, team_id, result) values ('f569958c-f27a-4dc5-a949-9b58bc07fa84', '326ddb77-a43c-4a2e-832e-258e8e55b621', 'winner');
insert into match_participants (match_id, team_id, result) values ('f569958c-f27a-4dc5-a949-9b58bc07fa84', '83fd0ef7-a31d-432b-9a7c-594309de6c3f', 'loser');
insert into matches (id, show_id, match_number, match_type, stipulation, is_title_match, title_id, is_mitb, mitb_cashin, defeat_type, rating, is_draw) values ('27732b53-b2e8-46f0-9581-845d7d62b696', '1603bd5f-073a-4fdc-8e82-ace445e3a325', 2, 'Single', NULL, FALSE, NULL, NULL, FALSE, 'Pin', 3.5, FALSE);
insert into match_participants (match_id, wrestler_id, result) values ('27732b53-b2e8-46f0-9581-845d7d62b696', '3b6bb80e-dcb2-40eb-bf43-d10807b6bd0f', 'winner');
insert into match_participants (match_id, wrestler_id, result) values ('27732b53-b2e8-46f0-9581-845d7d62b696', '7ca7fd7b-2526-41ea-b143-cdd82f404014', 'loser');
insert into matches (id, show_id, match_number, match_type, stipulation, is_title_match, title_id, is_mitb, mitb_cashin, defeat_type, rating, is_draw) values ('5f5a2f91-c3d2-420e-a4b8-d9fa829d9ed4', '1603bd5f-073a-4fdc-8e82-ace445e3a325', 3, 'Single', NULL, FALSE, NULL, NULL, FALSE, 'Pin', 3.5, FALSE);
insert into match_participants (match_id, wrestler_id, result) values ('5f5a2f91-c3d2-420e-a4b8-d9fa829d9ed4', '360b60ab-b81e-4629-9440-452f85867fb8', 'winner');
insert into match_participants (match_id, wrestler_id, result) values ('5f5a2f91-c3d2-420e-a4b8-d9fa829d9ed4', 'ad63b3fd-9de8-4398-a085-7cc8f264589e', 'loser');
insert into matches (id, show_id, match_number, match_type, stipulation, is_title_match, title_id, is_mitb, mitb_cashin, defeat_type, rating, is_draw) values ('dd52a82a-22ef-47ec-b399-c3d572cb5415', '1603bd5f-073a-4fdc-8e82-ace445e3a325', 4, 'Mixed Tag Team', NULL, FALSE, NULL, NULL, FALSE, 'Pin', 3.5, FALSE);
insert into matches (id, show_id, match_number, match_type, stipulation, is_title_match, title_id, is_mitb, mitb_cashin, defeat_type, rating, is_draw) values ('66dcf0a3-51e7-4dde-967c-6a7132656424', '1603bd5f-073a-4fdc-8e82-ace445e3a325', 5, 'Single', NULL, FALSE, NULL, NULL, FALSE, 'Pin', 3.0, FALSE);
insert into match_participants (match_id, wrestler_id, result) values ('66dcf0a3-51e7-4dde-967c-6a7132656424', 'bc93b973-151b-48ca-8d75-8f6c220a0d31', 'winner');
insert into match_participants (match_id, wrestler_id, result) values ('66dcf0a3-51e7-4dde-967c-6a7132656424', '60c99dea-a118-4839-99eb-5de3ca41d5d4', 'loser');
insert into matches (id, show_id, match_number, match_type, stipulation, is_title_match, title_id, is_mitb, mitb_cashin, defeat_type, rating, is_draw) values ('de66012d-2dac-463b-a6fa-174c21b28431', '1603bd5f-073a-4fdc-8e82-ace445e3a325', 6, 'Single', NULL, FALSE, NULL, NULL, FALSE, 'Pin', 4.5, FALSE);
insert into match_participants (match_id, wrestler_id, result) values ('de66012d-2dac-463b-a6fa-174c21b28431', '25af8129-40ab-446b-b032-79fd524cf7ab', 'winner');
insert into matches (id, show_id, match_number, match_type, stipulation, is_title_match, title_id, is_mitb, mitb_cashin, defeat_type, rating, is_draw) values ('1c25d62c-bf70-42c7-b607-c0761f2a1325', '1603bd5f-073a-4fdc-8e82-ace445e3a325', 7, '6-Man Tag Team', NULL, FALSE, NULL, NULL, FALSE, 'DQ', 4.0, TRUE);
insert into match_participants (match_id, team_id, result) values ('1c25d62c-bf70-42c7-b607-c0761f2a1325', '20fda688-f421-4daf-af58-e45e899e9599', 'draw');
insert into matches (id, show_id, match_number, match_type, stipulation, is_title_match, title_id, is_mitb, mitb_cashin, defeat_type, rating, is_draw) values ('ec6b24cf-7d23-4a71-8a3d-63e930a94696', '1603bd5f-073a-4fdc-8e82-ace445e3a325', 8, 'Single', NULL, FALSE, NULL, NULL, FALSE, 'Pin', 3.5, FALSE);
insert into match_participants (match_id, wrestler_id, result) values ('ec6b24cf-7d23-4a71-8a3d-63e930a94696', '7e31c302-05ee-4325-989f-aefa74f76445', 'winner');
insert into match_participants (match_id, wrestler_id, result) values ('ec6b24cf-7d23-4a71-8a3d-63e930a94696', '122e2f4f-61c3-46f1-8de6-407a73f0712e', 'loser');
insert into matches (id, show_id, match_number, match_type, stipulation, is_title_match, title_id, is_mitb, mitb_cashin, defeat_type, rating, is_draw) values ('42163bcb-d623-45bc-bcfb-374dddc23e4b', '1603bd5f-073a-4fdc-8e82-ace445e3a325', 9, 'Single', NULL, FALSE, NULL, NULL, FALSE, 'Pin', 3.0, FALSE);
insert into match_participants (match_id, wrestler_id, result) values ('42163bcb-d623-45bc-bcfb-374dddc23e4b', '004c7b59-d738-4718-a1f0-39aa22e8039d', 'winner');
insert into match_participants (match_id, wrestler_id, result) values ('42163bcb-d623-45bc-bcfb-374dddc23e4b', 'b2d0cb4c-4471-49a3-b524-544ce1bd95a1', 'loser');
insert into shows (id, name, show_date, show_type, ppv_name) values ('63489430-4af4-46fc-8b08-0280db3ec0c0', 'DAW 08-12-2022', '2022-08-12', 'weekly', NULL);
insert into matches (id, show_id, match_number, match_type, stipulation, is_title_match, title_id, is_mitb, mitb_cashin, defeat_type, rating, is_draw) values ('b1def30e-b1da-400e-b7a0-32913bf6d618', '63489430-4af4-46fc-8b08-0280db3ec0c0', 1, 'Single', NULL, FALSE, NULL, NULL, FALSE, 'Pin', 4.5, FALSE);
insert into match_participants (match_id, wrestler_id, result) values ('b1def30e-b1da-400e-b7a0-32913bf6d618', 'c582c07c-786b-4687-9aeb-b0431edfb330', 'loser');
insert into match_participants (match_id, wrestler_id, result) values ('b1def30e-b1da-400e-b7a0-32913bf6d618', '152ce1d4-2816-4c5c-82d3-7a4fa068a413', 'winner');
insert into matches (id, show_id, match_number, match_type, stipulation, is_title_match, title_id, is_mitb, mitb_cashin, defeat_type, rating, is_draw) values ('4c54274a-575b-4fab-a61b-fb1971a3e538', '63489430-4af4-46fc-8b08-0280db3ec0c0', 2, 'Tornado Tag Team 3-Way', NULL, FALSE, NULL, NULL, FALSE, 'Pin', 4.0, FALSE);
insert into match_participants (match_id, team_id, result) values ('4c54274a-575b-4fab-a61b-fb1971a3e538', '0c1be915-234d-4bb2-92ab-225e76d0c50c', 'loser');
insert into match_participants (match_id, team_id, result) values ('4c54274a-575b-4fab-a61b-fb1971a3e538', '98286bbe-d201-416d-b24c-3769fd460487', 'winner');
insert into match_participants (match_id, team_id, result) values ('4c54274a-575b-4fab-a61b-fb1971a3e538', '20fda688-f421-4daf-af58-e45e899e9599', 'loser');
insert into matches (id, show_id, match_number, match_type, stipulation, is_title_match, title_id, is_mitb, mitb_cashin, defeat_type, rating, is_draw) values ('f26e3e11-b295-497c-b561-475f0d4c967e', '63489430-4af4-46fc-8b08-0280db3ec0c0', 3, 'Single', NULL, FALSE, NULL, NULL, FALSE, 'Pin', 3.5, FALSE);
insert into match_participants (match_id, wrestler_id, result) values ('f26e3e11-b295-497c-b561-475f0d4c967e', 'b2d0cb4c-4471-49a3-b524-544ce1bd95a1', 'loser');
insert into match_participants (match_id, wrestler_id, result) values ('f26e3e11-b295-497c-b561-475f0d4c967e', '1fdbaeea-4dc7-41ff-9ce9-394d33e1ace4', 'winner');
insert into matches (id, show_id, match_number, match_type, stipulation, is_title_match, title_id, is_mitb, mitb_cashin, defeat_type, rating, is_draw) values ('7d33454c-db03-4987-84d5-49c0f36fde8e', '63489430-4af4-46fc-8b08-0280db3ec0c0', 4, 'Single', NULL, FALSE, NULL, NULL, FALSE, 'Pin', 4.0, FALSE);
insert into match_participants (match_id, wrestler_id, result) values ('7d33454c-db03-4987-84d5-49c0f36fde8e', '24041ddc-d965-4815-8c45-c9f97a2ed2c1', 'winner');
insert into match_participants (match_id, wrestler_id, result) values ('7d33454c-db03-4987-84d5-49c0f36fde8e', 'bc93b973-151b-48ca-8d75-8f6c220a0d31', 'loser');
insert into matches (id, show_id, match_number, match_type, stipulation, is_title_match, title_id, is_mitb, mitb_cashin, defeat_type, rating, is_draw) values ('0128dc9a-f027-4260-aec3-550184adcfc9', '63489430-4af4-46fc-8b08-0280db3ec0c0', 5, 'Fatal 4-Way', NULL, FALSE, NULL, NULL, FALSE, 'Pin', 4.0, FALSE);
insert into match_participants (match_id, wrestler_id, result) values ('0128dc9a-f027-4260-aec3-550184adcfc9', '42e5e6d3-4be5-45d5-b4bd-73e02dd0a8fb', 'loser');
insert into match_participants (match_id, wrestler_id, result) values ('0128dc9a-f027-4260-aec3-550184adcfc9', 'ad63b3fd-9de8-4398-a085-7cc8f264589e', 'loser');
insert into match_participants (match_id, wrestler_id, result) values ('0128dc9a-f027-4260-aec3-550184adcfc9', '360b60ab-b81e-4629-9440-452f85867fb8', 'loser');
insert into match_participants (match_id, wrestler_id, result) values ('0128dc9a-f027-4260-aec3-550184adcfc9', '7ca7fd7b-2526-41ea-b143-cdd82f404014', 'winner');
insert into matches (id, show_id, match_number, match_type, stipulation, is_title_match, title_id, is_mitb, mitb_cashin, defeat_type, rating, is_draw) values ('a5b72bb1-c61b-4535-97c6-51cd1850e83e', '63489430-4af4-46fc-8b08-0280db3ec0c0', 6, 'Single', NULL, FALSE, NULL, NULL, FALSE, 'Pin', 3.0, FALSE);
insert into match_participants (match_id, wrestler_id, result) values ('a5b72bb1-c61b-4535-97c6-51cd1850e83e', '122e2f4f-61c3-46f1-8de6-407a73f0712e', 'winner');
insert into match_participants (match_id, wrestler_id, result) values ('a5b72bb1-c61b-4535-97c6-51cd1850e83e', '6744f55d-802e-4dc8-83da-df85f7d6e050', 'loser');
insert into matches (id, show_id, match_number, match_type, stipulation, is_title_match, title_id, is_mitb, mitb_cashin, defeat_type, rating, is_draw) values ('f232ea4a-df8f-4360-a1bf-37a4dc30c554', '63489430-4af4-46fc-8b08-0280db3ec0c0', 7, 'Single', NULL, FALSE, NULL, NULL, FALSE, 'Pin', 4.0, FALSE);
insert into match_participants (match_id, wrestler_id, result) values ('f232ea4a-df8f-4360-a1bf-37a4dc30c554', '7e31c302-05ee-4325-989f-aefa74f76445', 'winner');
insert into match_participants (match_id, wrestler_id, result) values ('f232ea4a-df8f-4360-a1bf-37a4dc30c554', '60c99dea-a118-4839-99eb-5de3ca41d5d4', 'loser');
insert into matches (id, show_id, match_number, match_type, stipulation, is_title_match, title_id, is_mitb, mitb_cashin, defeat_type, rating, is_draw) values ('6fe08e76-d77d-4de4-8df6-1d70d1dda285', '63489430-4af4-46fc-8b08-0280db3ec0c0', 8, 'Single', NULL, FALSE, NULL, NULL, FALSE, 'Pin', 4.0, FALSE);
insert into match_participants (match_id, wrestler_id, result) values ('6fe08e76-d77d-4de4-8df6-1d70d1dda285', '7d9945b2-59a0-4661-8206-198fec52bb2f', 'loser');
insert into match_participants (match_id, wrestler_id, result) values ('6fe08e76-d77d-4de4-8df6-1d70d1dda285', 'db9025f4-91c4-47e8-b3de-e3864852a4c8', 'winner');
insert into matches (id, show_id, match_number, match_type, stipulation, is_title_match, title_id, is_mitb, mitb_cashin, defeat_type, rating, is_draw) values ('86fde69f-e644-4917-b243-a9c889adacc1', '63489430-4af4-46fc-8b08-0280db3ec0c0', 9, 'Single', NULL, FALSE, NULL, FALSE, FALSE, 'Pin', 4.5, FALSE);
insert into match_participants (match_id, wrestler_id, result) values ('86fde69f-e644-4917-b243-a9c889adacc1', 'cc6c3160-bb30-4b58-bf49-5a1b4ead3fea', 'loser');
insert into match_participants (match_id, wrestler_id, result) values ('86fde69f-e644-4917-b243-a9c889adacc1', 'fce02e68-03a4-4670-a5d4-a6790f4f92a1', 'winner');
insert into shows (id, name, show_date, show_type, ppv_name) values ('1bd8aec3-7bc3-4290-865c-8cb2cbd47a0f', 'DAW 08-19-2022', '2022-08-19', 'weekly', NULL);
insert into matches (id, show_id, match_number, match_type, stipulation, is_title_match, title_id, is_mitb, mitb_cashin, defeat_type, rating, is_draw) values ('1a7904e7-34af-49d6-96b2-625483a547e7', '1bd8aec3-7bc3-4290-865c-8cb2cbd47a0f', 1, 'Tag Team', NULL, FALSE, NULL, NULL, FALSE, 'Pin', 3.5, FALSE);
insert into match_participants (match_id, team_id, result) values ('1a7904e7-34af-49d6-96b2-625483a547e7', '68c622dc-e758-4f54-9c6b-cfa737db8028', 'loser');
insert into match_participants (match_id, team_id, result) values ('1a7904e7-34af-49d6-96b2-625483a547e7', '326ddb77-a43c-4a2e-832e-258e8e55b621', 'winner');
insert into matches (id, show_id, match_number, match_type, stipulation, is_title_match, title_id, is_mitb, mitb_cashin, defeat_type, rating, is_draw) values ('a25909ab-caf6-4c46-91b7-9aa1feb12c84', '1bd8aec3-7bc3-4290-865c-8cb2cbd47a0f', 2, 'Single', NULL, FALSE, NULL, NULL, FALSE, 'Pin', 3.5, FALSE);
insert into match_participants (match_id, wrestler_id, result) values ('a25909ab-caf6-4c46-91b7-9aa1feb12c84', '1c4de4fe-bbbe-420d-b18a-a70501b14a25', 'winner');
insert into match_participants (match_id, wrestler_id, result) values ('a25909ab-caf6-4c46-91b7-9aa1feb12c84', '004c7b59-d738-4718-a1f0-39aa22e8039d', 'loser');
insert into matches (id, show_id, match_number, match_type, stipulation, is_title_match, title_id, is_mitb, mitb_cashin, defeat_type, rating, is_draw) values ('b76c5b22-af9c-4138-b079-a5e4e2d11f9d', '1bd8aec3-7bc3-4290-865c-8cb2cbd47a0f', 3, 'Tag Team', NULL, FALSE, NULL, NULL, FALSE, 'Pin', 3.0, FALSE);
insert into match_participants (match_id, team_id, result) values ('b76c5b22-af9c-4138-b079-a5e4e2d11f9d', '98286bbe-d201-416d-b24c-3769fd460487', 'winner');
insert into match_participants (match_id, team_id, result) values ('b76c5b22-af9c-4138-b079-a5e4e2d11f9d', '4ac6c974-2d00-4a65-a59f-2b750ca7b4fd', 'loser');
insert into matches (id, show_id, match_number, match_type, stipulation, is_title_match, title_id, is_mitb, mitb_cashin, defeat_type, rating, is_draw) values ('f938d7b2-2707-4833-9c3c-fff1a1e51fd8', '1bd8aec3-7bc3-4290-865c-8cb2cbd47a0f', 4, 'Single', NULL, FALSE, NULL, NULL, FALSE, 'Pin', 4.0, FALSE);
insert into match_participants (match_id, wrestler_id, result) values ('f938d7b2-2707-4833-9c3c-fff1a1e51fd8', '24041ddc-d965-4815-8c45-c9f97a2ed2c1', 'winner');
insert into match_participants (match_id, wrestler_id, result) values ('f938d7b2-2707-4833-9c3c-fff1a1e51fd8', '60c99dea-a118-4839-99eb-5de3ca41d5d4', 'loser');
insert into matches (id, show_id, match_number, match_type, stipulation, is_title_match, title_id, is_mitb, mitb_cashin, defeat_type, rating, is_draw) values ('bbb495be-aa74-4753-bbea-e521ebe81bf6', '1bd8aec3-7bc3-4290-865c-8cb2cbd47a0f', 5, 'Tag Team', NULL, FALSE, NULL, NULL, FALSE, 'Pin', 3.5, FALSE);
insert into match_participants (match_id, team_id, result) values ('bbb495be-aa74-4753-bbea-e521ebe81bf6', '0c1be915-234d-4bb2-92ab-225e76d0c50c', 'winner');
insert into matches (id, show_id, match_number, match_type, stipulation, is_title_match, title_id, is_mitb, mitb_cashin, defeat_type, rating, is_draw) values ('f71ff70a-4da9-46ff-abe5-74c5353594bb', '1bd8aec3-7bc3-4290-865c-8cb2cbd47a0f', 6, 'Fatal 4-Way', NULL, FALSE, NULL, NULL, FALSE, 'Pin', 4.0, FALSE);
insert into match_participants (match_id, wrestler_id, result) values ('f71ff70a-4da9-46ff-abe5-74c5353594bb', '122e2f4f-61c3-46f1-8de6-407a73f0712e', 'winner');
insert into match_participants (match_id, wrestler_id, result) values ('f71ff70a-4da9-46ff-abe5-74c5353594bb', '45d6759a-e627-41e8-b142-68a6772440d1', 'loser');
insert into match_participants (match_id, wrestler_id, result) values ('f71ff70a-4da9-46ff-abe5-74c5353594bb', '0072611a-281e-4de5-bf57-fbc9696651ec', 'loser');
insert into match_participants (match_id, wrestler_id, result) values ('f71ff70a-4da9-46ff-abe5-74c5353594bb', '25af8129-40ab-446b-b032-79fd524cf7ab', 'loser');
insert into matches (id, show_id, match_number, match_type, stipulation, is_title_match, title_id, is_mitb, mitb_cashin, defeat_type, rating, is_draw) values ('ed953b59-cdbb-40c3-ad33-fe6bc2e486f2', '1bd8aec3-7bc3-4290-865c-8cb2cbd47a0f', 7, 'Tornado Tag Team', NULL, FALSE, NULL, NULL, FALSE, 'Pin', 4.0, FALSE);
insert into match_participants (match_id, team_id, result) values ('ed953b59-cdbb-40c3-ad33-fe6bc2e486f2', '20fda688-f421-4daf-af58-e45e899e9599', 'winner');
insert into matches (id, show_id, match_number, match_type, stipulation, is_title_match, title_id, is_mitb, mitb_cashin, defeat_type, rating, is_draw) values ('f171c5f2-411d-4c5f-b197-4e911ac56ea2', '1bd8aec3-7bc3-4290-865c-8cb2cbd47a0f', 8, 'Single', NULL, FALSE, NULL, NULL, FALSE, 'Pin', 3.5, FALSE);
insert into match_participants (match_id, wrestler_id, result) values ('f171c5f2-411d-4c5f-b197-4e911ac56ea2', '7e31c302-05ee-4325-989f-aefa74f76445', 'winner');
insert into match_participants (match_id, wrestler_id, result) values ('f171c5f2-411d-4c5f-b197-4e911ac56ea2', 'bc93b973-151b-48ca-8d75-8f6c220a0d31', 'loser');
insert into matches (id, show_id, match_number, match_type, stipulation, is_title_match, title_id, is_mitb, mitb_cashin, defeat_type, rating, is_draw) values ('a1c9e55c-84ea-4f24-ac5c-a6bde69199ef', '1bd8aec3-7bc3-4290-865c-8cb2cbd47a0f', 9, 'Triple Threat', NULL, FALSE, NULL, FALSE, FALSE, 'Pin', 4.5, FALSE);
insert into match_participants (match_id, wrestler_id, result) values ('a1c9e55c-84ea-4f24-ac5c-a6bde69199ef', 'cc6c3160-bb30-4b58-bf49-5a1b4ead3fea', 'winner');
insert into match_participants (match_id, wrestler_id, result) values ('a1c9e55c-84ea-4f24-ac5c-a6bde69199ef', 'cce2403e-b550-4727-9b4c-e04012c77f31', 'loser');
insert into match_participants (match_id, wrestler_id, result) values ('a1c9e55c-84ea-4f24-ac5c-a6bde69199ef', 'fce02e68-03a4-4670-a5d4-a6790f4f92a1', 'loser');
insert into shows (id, name, show_date, show_type, ppv_name) values ('bf13ba2a-96ec-44dc-ab04-0ebce29bfd09', 'DAW 08-26-2022', '2022-08-26', 'weekly', NULL);
insert into matches (id, show_id, match_number, match_type, stipulation, is_title_match, title_id, is_mitb, mitb_cashin, defeat_type, rating, is_draw) values ('561e08eb-71a1-4d06-b736-e507222d9342', 'bf13ba2a-96ec-44dc-ab04-0ebce29bfd09', 1, 'Tag Team', NULL, TRUE, '4091f18e-1fb8-441e-b708-1729cb0b0011', FALSE, FALSE, 'Pin', 4.5, FALSE);
insert into match_participants (match_id, team_id, result) values ('561e08eb-71a1-4d06-b736-e507222d9342', '326ddb77-a43c-4a2e-832e-258e8e55b621', 'winner');
insert into match_participants (match_id, team_id, result) values ('561e08eb-71a1-4d06-b736-e507222d9342', '83fd0ef7-a31d-432b-9a7c-594309de6c3f', 'loser');
insert into matches (id, show_id, match_number, match_type, stipulation, is_title_match, title_id, is_mitb, mitb_cashin, defeat_type, rating, is_draw) values ('c7f94e2e-676c-45ce-9f72-3715bfb406ec', 'bf13ba2a-96ec-44dc-ab04-0ebce29bfd09', 2, 'Single', NULL, FALSE, NULL, NULL, FALSE, 'Pin', 4.5, FALSE);
insert into match_participants (match_id, wrestler_id, result) values ('c7f94e2e-676c-45ce-9f72-3715bfb406ec', '42e5e6d3-4be5-45d5-b4bd-73e02dd0a8fb', 'winner');
insert into match_participants (match_id, wrestler_id, result) values ('c7f94e2e-676c-45ce-9f72-3715bfb406ec', '004c7b59-d738-4718-a1f0-39aa22e8039d', 'loser');
insert into matches (id, show_id, match_number, match_type, stipulation, is_title_match, title_id, is_mitb, mitb_cashin, defeat_type, rating, is_draw) values ('bbccda8a-b469-4545-97ca-78e87fd051c4', 'bf13ba2a-96ec-44dc-ab04-0ebce29bfd09', 3, 'Single', NULL, FALSE, NULL, NULL, FALSE, 'Pin', 3.5, FALSE);
insert into match_participants (match_id, wrestler_id, result) values ('bbccda8a-b469-4545-97ca-78e87fd051c4', '6744f55d-802e-4dc8-83da-df85f7d6e050', 'winner');
insert into match_participants (match_id, wrestler_id, result) values ('bbccda8a-b469-4545-97ca-78e87fd051c4', 'b2433381-963b-4e99-8458-8a001fa6ce58', 'loser');
insert into matches (id, show_id, match_number, match_type, stipulation, is_title_match, title_id, is_mitb, mitb_cashin, defeat_type, rating, is_draw) values ('e5a4ca5e-39a8-4c34-a0b3-03ec645aa3f1', 'bf13ba2a-96ec-44dc-ab04-0ebce29bfd09', 4, 'Single', NULL, FALSE, NULL, NULL, FALSE, 'Pin', 3.5, FALSE);
insert into match_participants (match_id, wrestler_id, result) values ('e5a4ca5e-39a8-4c34-a0b3-03ec645aa3f1', '9ea2e5bf-7957-4a33-97f9-647520fb7da4', 'winner');
insert into match_participants (match_id, wrestler_id, result) values ('e5a4ca5e-39a8-4c34-a0b3-03ec645aa3f1', '1c4de4fe-bbbe-420d-b18a-a70501b14a25', 'loser');
insert into matches (id, show_id, match_number, match_type, stipulation, is_title_match, title_id, is_mitb, mitb_cashin, defeat_type, rating, is_draw) values ('7fc749b3-1172-4d06-9595-26e4c4aa61f7', 'bf13ba2a-96ec-44dc-ab04-0ebce29bfd09', 5, 'Single', NULL, TRUE, '5db4cd6b-6ebe-4a87-b7bb-017af3856766', FALSE, FALSE, 'Pin', 3.5, FALSE);
insert into match_participants (match_id, wrestler_id, result) values ('7fc749b3-1172-4d06-9595-26e4c4aa61f7', 'ad63b3fd-9de8-4398-a085-7cc8f264589e', 'winner');
insert into match_participants (match_id, wrestler_id, result) values ('7fc749b3-1172-4d06-9595-26e4c4aa61f7', '360b60ab-b81e-4629-9440-452f85867fb8', 'loser');
insert into matches (id, show_id, match_number, match_type, stipulation, is_title_match, title_id, is_mitb, mitb_cashin, defeat_type, rating, is_draw) values ('e7ffe2c1-f1e7-4752-a0d4-930e93b75755', 'bf13ba2a-96ec-44dc-ab04-0ebce29bfd09', 6, 'Tag Team', 'Ladder', TRUE, '743c7e28-1960-4b74-8e70-15b2b4bb0a71', TRUE, FALSE, 'Pin', 3.5, FALSE);
insert into match_participants (match_id, team_id, result) values ('e7ffe2c1-f1e7-4752-a0d4-930e93b75755', '0c1be915-234d-4bb2-92ab-225e76d0c50c', 'winner');
insert into match_participants (match_id, team_id, result) values ('e7ffe2c1-f1e7-4752-a0d4-930e93b75755', '20fda688-f421-4daf-af58-e45e899e9599', 'loser');
insert into matches (id, show_id, match_number, match_type, stipulation, is_title_match, title_id, is_mitb, mitb_cashin, defeat_type, rating, is_draw) values ('ebf8a2f8-8de2-45e0-995c-be44ac893de5', 'bf13ba2a-96ec-44dc-ab04-0ebce29bfd09', 7, 'Battle Royale', NULL, FALSE, NULL, NULL, FALSE, 'Pin', 4.0, FALSE);
insert into match_participants (match_id, wrestler_id, result) values ('ebf8a2f8-8de2-45e0-995c-be44ac893de5', 'b2d0cb4c-4471-49a3-b524-544ce1bd95a1', 'loser');
insert into match_participants (match_id, wrestler_id, result) values ('ebf8a2f8-8de2-45e0-995c-be44ac893de5', '07687962-07c0-46b6-9541-2d8b60e3c2c1', 'loser');
insert into match_participants (match_id, wrestler_id, result) values ('ebf8a2f8-8de2-45e0-995c-be44ac893de5', '3b6bb80e-dcb2-40eb-bf43-d10807b6bd0f', 'loser');
insert into match_participants (match_id, wrestler_id, result) values ('ebf8a2f8-8de2-45e0-995c-be44ac893de5', 'ae2ce814-315f-41f0-ab99-eddf09a7d4c5', 'winner');
insert into match_participants (match_id, wrestler_id, result) values ('ebf8a2f8-8de2-45e0-995c-be44ac893de5', '7ca7fd7b-2526-41ea-b143-cdd82f404014', 'loser');
insert into match_participants (match_id, wrestler_id, result) values ('ebf8a2f8-8de2-45e0-995c-be44ac893de5', 'd3fed657-1bab-4e70-b905-861cebd60ac0', 'loser');
insert into matches (id, show_id, match_number, match_type, stipulation, is_title_match, title_id, is_mitb, mitb_cashin, defeat_type, rating, is_draw) values ('ae5b37bb-40a7-4fb7-bc4d-c8bad2d88ad3', 'bf13ba2a-96ec-44dc-ab04-0ebce29bfd09', 8, 'Single', 'Cage Match', TRUE, '5d3e065c-43d1-41ee-8d24-e876f1e2b2a1', FALSE, FALSE, 'Pin', 4.5, FALSE);
insert into match_participants (match_id, wrestler_id, result) values ('ae5b37bb-40a7-4fb7-bc4d-c8bad2d88ad3', '24041ddc-d965-4815-8c45-c9f97a2ed2c1', 'winner');
insert into match_participants (match_id, wrestler_id, result) values ('ae5b37bb-40a7-4fb7-bc4d-c8bad2d88ad3', '60c99dea-a118-4839-99eb-5de3ca41d5d4', 'loser');
insert into matches (id, show_id, match_number, match_type, stipulation, is_title_match, title_id, is_mitb, mitb_cashin, defeat_type, rating, is_draw) values ('335108be-9264-42ba-837f-4f322e0df96c', 'bf13ba2a-96ec-44dc-ab04-0ebce29bfd09', 9, 'Single', NULL, FALSE, NULL, NULL, FALSE, 'Pin', 4.5, FALSE);
insert into match_participants (match_id, wrestler_id, result) values ('335108be-9264-42ba-837f-4f322e0df96c', 'cd5fa7e0-c982-449d-ab4f-cd0b33045715', 'winner');
insert into match_participants (match_id, wrestler_id, result) values ('335108be-9264-42ba-837f-4f322e0df96c', 'fe2b910f-9821-448e-928d-da0ba9221a8e', 'loser');
insert into matches (id, show_id, match_number, match_type, stipulation, is_title_match, title_id, is_mitb, mitb_cashin, defeat_type, rating, is_draw) values ('f8e3be17-e940-428f-b02f-0b401c189c1f', 'bf13ba2a-96ec-44dc-ab04-0ebce29bfd09', 10, 'Battle Royale', NULL, FALSE, NULL, NULL, FALSE, 'Pin', 4.0, FALSE);
insert into match_participants (match_id, wrestler_id, result) values ('f8e3be17-e940-428f-b02f-0b401c189c1f', '45d6759a-e627-41e8-b142-68a6772440d1', 'loser');
insert into match_participants (match_id, wrestler_id, result) values ('f8e3be17-e940-428f-b02f-0b401c189c1f', '0072611a-281e-4de5-bf57-fbc9696651ec', 'loser');
insert into match_participants (match_id, wrestler_id, result) values ('f8e3be17-e940-428f-b02f-0b401c189c1f', 'bc93b973-151b-48ca-8d75-8f6c220a0d31', 'loser');
insert into match_participants (match_id, wrestler_id, result) values ('f8e3be17-e940-428f-b02f-0b401c189c1f', '25af8129-40ab-446b-b032-79fd524cf7ab', 'winner');
insert into match_participants (match_id, wrestler_id, result) values ('f8e3be17-e940-428f-b02f-0b401c189c1f', '31f9e94a-66c8-428d-9ae1-dc8ad7d4834f', 'loser');
insert into match_participants (match_id, wrestler_id, result) values ('f8e3be17-e940-428f-b02f-0b401c189c1f', 'bc5ab7cb-bf3e-4cd8-9024-c4ba2631fec2', 'loser');
insert into matches (id, show_id, match_number, match_type, stipulation, is_title_match, title_id, is_mitb, mitb_cashin, defeat_type, rating, is_draw) values ('7b9fcced-5778-4082-99a7-6239715de8a5', 'bf13ba2a-96ec-44dc-ab04-0ebce29bfd09', 11, 'Single', NULL, TRUE, 'f3ec52c9-649b-48cb-aa37-da278fbd72df', FALSE, FALSE, 'Pin', 4.5, FALSE);
insert into match_participants (match_id, wrestler_id, result) values ('7b9fcced-5778-4082-99a7-6239715de8a5', '122e2f4f-61c3-46f1-8de6-407a73f0712e', 'winner');
insert into match_participants (match_id, wrestler_id, result) values ('7b9fcced-5778-4082-99a7-6239715de8a5', '7e31c302-05ee-4325-989f-aefa74f76445', 'loser');
insert into matches (id, show_id, match_number, match_type, stipulation, is_title_match, title_id, is_mitb, mitb_cashin, defeat_type, rating, is_draw) values ('e47fba22-2598-4feb-8427-8e8ad20de65a', 'bf13ba2a-96ec-44dc-ab04-0ebce29bfd09', 12, 'Single', NULL, FALSE, NULL, NULL, FALSE, 'Pin', 3.5, FALSE);
insert into match_participants (match_id, wrestler_id, result) values ('e47fba22-2598-4feb-8427-8e8ad20de65a', '1fdbaeea-4dc7-41ff-9ce9-394d33e1ace4', 'loser');
insert into match_participants (match_id, wrestler_id, result) values ('e47fba22-2598-4feb-8427-8e8ad20de65a', 'fce02e68-03a4-4670-a5d4-a6790f4f92a1', 'winner');
insert into matches (id, show_id, match_number, match_type, stipulation, is_title_match, title_id, is_mitb, mitb_cashin, defeat_type, rating, is_draw) values ('f1aae27d-bed2-4c27-ab6e-20c58acaa551', 'bf13ba2a-96ec-44dc-ab04-0ebce29bfd09', 13, 'Single', NULL, FALSE, NULL, NULL, FALSE, 'Pin', 4.0, FALSE);
insert into match_participants (match_id, wrestler_id, result) values ('f1aae27d-bed2-4c27-ab6e-20c58acaa551', 'db9025f4-91c4-47e8-b3de-e3864852a4c8', 'loser');
insert into match_participants (match_id, wrestler_id, result) values ('f1aae27d-bed2-4c27-ab6e-20c58acaa551', '7d9945b2-59a0-4661-8206-198fec52bb2f', 'winner');
insert into matches (id, show_id, match_number, match_type, stipulation, is_title_match, title_id, is_mitb, mitb_cashin, defeat_type, rating, is_draw) values ('ffc8e808-a2e7-4e8c-9e99-cf8a944008da', 'bf13ba2a-96ec-44dc-ab04-0ebce29bfd09', 14, 'Single', NULL, FALSE, NULL, FALSE, FALSE, 'Pin', 4.0, FALSE);
insert into match_participants (match_id, wrestler_id, result) values ('ffc8e808-a2e7-4e8c-9e99-cf8a944008da', 'cc6c3160-bb30-4b58-bf49-5a1b4ead3fea', 'loser');
insert into match_participants (match_id, wrestler_id, result) values ('ffc8e808-a2e7-4e8c-9e99-cf8a944008da', 'cce2403e-b550-4727-9b4c-e04012c77f31', 'winner');
insert into shows (id, name, show_date, show_type, ppv_name) values ('fe529624-cb06-48f6-841a-ed86f5a706d2', 'DAW 09-02-2022', '2022-09-02', 'weekly', NULL);
insert into matches (id, show_id, match_number, match_type, stipulation, is_title_match, title_id, is_mitb, mitb_cashin, defeat_type, rating, is_draw) values ('04da2038-2d97-4860-902c-8d9b170d1772', 'fe529624-cb06-48f6-841a-ed86f5a706d2', 1, 'Tag Team', NULL, FALSE, NULL, NULL, FALSE, 'Pin', 3.0, FALSE);
insert into match_participants (match_id, team_id, result) values ('04da2038-2d97-4860-902c-8d9b170d1772', '326ddb77-a43c-4a2e-832e-258e8e55b621', 'loser');
insert into match_participants (match_id, team_id, result) values ('04da2038-2d97-4860-902c-8d9b170d1772', '20fda688-f421-4daf-af58-e45e899e9599', 'winner');
insert into matches (id, show_id, match_number, match_type, stipulation, is_title_match, title_id, is_mitb, mitb_cashin, defeat_type, rating, is_draw) values ('c9c0fb08-37c9-43cc-b924-ec7771914bcc', 'fe529624-cb06-48f6-841a-ed86f5a706d2', 2, 'Triple Threat', NULL, FALSE, NULL, NULL, FALSE, 'Pin', 4.0, FALSE);
insert into match_participants (match_id, wrestler_id, result) values ('c9c0fb08-37c9-43cc-b924-ec7771914bcc', '004c7b59-d738-4718-a1f0-39aa22e8039d', 'loser');
insert into match_participants (match_id, wrestler_id, result) values ('c9c0fb08-37c9-43cc-b924-ec7771914bcc', '42e5e6d3-4be5-45d5-b4bd-73e02dd0a8fb', 'winner');
insert into matches (id, show_id, match_number, match_type, stipulation, is_title_match, title_id, is_mitb, mitb_cashin, defeat_type, rating, is_draw) values ('8e9e6f38-c7fa-4d75-9bb3-42ad9891f271', 'fe529624-cb06-48f6-841a-ed86f5a706d2', 3, 'Single', NULL, FALSE, NULL, NULL, FALSE, 'Pin', 3.5, FALSE);
insert into match_participants (match_id, wrestler_id, result) values ('8e9e6f38-c7fa-4d75-9bb3-42ad9891f271', '7e31c302-05ee-4325-989f-aefa74f76445', 'loser');
insert into match_participants (match_id, wrestler_id, result) values ('8e9e6f38-c7fa-4d75-9bb3-42ad9891f271', '25af8129-40ab-446b-b032-79fd524cf7ab', 'winner');
insert into matches (id, show_id, match_number, match_type, stipulation, is_title_match, title_id, is_mitb, mitb_cashin, defeat_type, rating, is_draw) values ('7a787e98-d283-444d-8ebd-69d9aada0a87', 'fe529624-cb06-48f6-841a-ed86f5a706d2', 4, 'Single', NULL, FALSE, NULL, NULL, FALSE, 'Pin', 3.5, FALSE);
insert into match_participants (match_id, wrestler_id, result) values ('7a787e98-d283-444d-8ebd-69d9aada0a87', '23e929ba-5eab-44b6-90a5-3aeee22f283e', 'winner');
insert into match_participants (match_id, wrestler_id, result) values ('7a787e98-d283-444d-8ebd-69d9aada0a87', '1fdbaeea-4dc7-41ff-9ce9-394d33e1ace4', 'loser');
insert into matches (id, show_id, match_number, match_type, stipulation, is_title_match, title_id, is_mitb, mitb_cashin, defeat_type, rating, is_draw) values ('fedaf3da-f4f4-4763-93bc-f2cdd0696db4', 'fe529624-cb06-48f6-841a-ed86f5a706d2', 5, 'Tornado Tag Team', NULL, FALSE, NULL, NULL, FALSE, 'Pin', 3.0, FALSE);
insert into match_participants (match_id, team_id, result) values ('fedaf3da-f4f4-4763-93bc-f2cdd0696db4', '8dd02369-5443-418b-94d5-1970756968ba', 'winner');
insert into matches (id, show_id, match_number, match_type, stipulation, is_title_match, title_id, is_mitb, mitb_cashin, defeat_type, rating, is_draw) values ('9e91b911-140a-47a0-996e-e64ea4909d8b', 'fe529624-cb06-48f6-841a-ed86f5a706d2', 6, 'Single', NULL, FALSE, NULL, NULL, FALSE, 'Pin', 4.0, FALSE);
insert into match_participants (match_id, wrestler_id, result) values ('9e91b911-140a-47a0-996e-e64ea4909d8b', 'b2d0cb4c-4471-49a3-b524-544ce1bd95a1', 'winner');
insert into match_participants (match_id, wrestler_id, result) values ('9e91b911-140a-47a0-996e-e64ea4909d8b', '7d9945b2-59a0-4661-8206-198fec52bb2f', 'loser');
insert into matches (id, show_id, match_number, match_type, stipulation, is_title_match, title_id, is_mitb, mitb_cashin, defeat_type, rating, is_draw) values ('a55efae8-5bf3-4e7b-a4c3-cd23f05a982d', 'fe529624-cb06-48f6-841a-ed86f5a706d2', 7, 'Single', NULL, FALSE, NULL, NULL, FALSE, 'Pin', 4.0, FALSE);
insert into match_participants (match_id, wrestler_id, result) values ('a55efae8-5bf3-4e7b-a4c3-cd23f05a982d', '45d6759a-e627-41e8-b142-68a6772440d1', 'loser');
insert into match_participants (match_id, wrestler_id, result) values ('a55efae8-5bf3-4e7b-a4c3-cd23f05a982d', 'bc93b973-151b-48ca-8d75-8f6c220a0d31', 'winner');
insert into matches (id, show_id, match_number, match_type, stipulation, is_title_match, title_id, is_mitb, mitb_cashin, defeat_type, rating, is_draw) values ('f273344b-12fd-491a-8c88-4cc187725896', 'fe529624-cb06-48f6-841a-ed86f5a706d2', 8, 'Single', NULL, FALSE, NULL, NULL, FALSE, 'Pin', 3.5, FALSE);
insert into matches (id, show_id, match_number, match_type, stipulation, is_title_match, title_id, is_mitb, mitb_cashin, defeat_type, rating, is_draw) values ('8ebb4736-1dc0-409e-8d9a-8bdf1419feea', 'fe529624-cb06-48f6-841a-ed86f5a706d2', 9, 'Single', NULL, TRUE, '5db4cd6b-6ebe-4a87-b7bb-017af3856766', FALSE, FALSE, 'Pin', 4.0, FALSE);
insert into match_participants (match_id, wrestler_id, result) values ('8ebb4736-1dc0-409e-8d9a-8bdf1419feea', '360b60ab-b81e-4629-9440-452f85867fb8', 'winner');
insert into match_participants (match_id, wrestler_id, result) values ('8ebb4736-1dc0-409e-8d9a-8bdf1419feea', 'ad63b3fd-9de8-4398-a085-7cc8f264589e', 'loser');
insert into shows (id, name, show_date, show_type, ppv_name) values ('406f9130-143f-4749-a27a-7d2b565ffaa8', 'DAW 09-09-2022', '2022-09-09', 'weekly', NULL);
insert into matches (id, show_id, match_number, match_type, stipulation, is_title_match, title_id, is_mitb, mitb_cashin, defeat_type, rating, is_draw) values ('5826218a-68b0-433d-aadc-cc629a7ec878', '406f9130-143f-4749-a27a-7d2b565ffaa8', 1, 'Tag Team', NULL, FALSE, NULL, NULL, FALSE, 'Pin', 3.0, FALSE);
insert into match_participants (match_id, team_id, result) values ('5826218a-68b0-433d-aadc-cc629a7ec878', '326ddb77-a43c-4a2e-832e-258e8e55b621', 'loser');
insert into match_participants (match_id, team_id, result) values ('5826218a-68b0-433d-aadc-cc629a7ec878', '83fd0ef7-a31d-432b-9a7c-594309de6c3f', 'winner');
insert into matches (id, show_id, match_number, match_type, stipulation, is_title_match, title_id, is_mitb, mitb_cashin, defeat_type, rating, is_draw) values ('73267fa6-f166-4ec1-92e5-848735eaff8b', '406f9130-143f-4749-a27a-7d2b565ffaa8', 2, 'Single', NULL, FALSE, NULL, NULL, FALSE, 'Pin', 4.0, FALSE);
insert into match_participants (match_id, wrestler_id, result) values ('73267fa6-f166-4ec1-92e5-848735eaff8b', '004c7b59-d738-4718-a1f0-39aa22e8039d', 'winner');
insert into match_participants (match_id, wrestler_id, result) values ('73267fa6-f166-4ec1-92e5-848735eaff8b', 'db9025f4-91c4-47e8-b3de-e3864852a4c8', 'loser');
insert into matches (id, show_id, match_number, match_type, stipulation, is_title_match, title_id, is_mitb, mitb_cashin, defeat_type, rating, is_draw) values ('d54e7565-fce2-4a32-a74a-49728a99e6b3', '406f9130-143f-4749-a27a-7d2b565ffaa8', 3, 'Single', NULL, FALSE, NULL, NULL, FALSE, 'Pin', 4.0, FALSE);
insert into match_participants (match_id, wrestler_id, result) values ('d54e7565-fce2-4a32-a74a-49728a99e6b3', '42e5e6d3-4be5-45d5-b4bd-73e02dd0a8fb', 'loser');
insert into match_participants (match_id, wrestler_id, result) values ('d54e7565-fce2-4a32-a74a-49728a99e6b3', '360b60ab-b81e-4629-9440-452f85867fb8', 'winner');
insert into matches (id, show_id, match_number, match_type, stipulation, is_title_match, title_id, is_mitb, mitb_cashin, defeat_type, rating, is_draw) values ('e378356a-c0e3-4824-b2d1-34610a67e9e7', '406f9130-143f-4749-a27a-7d2b565ffaa8', 4, 'Single', NULL, FALSE, NULL, NULL, FALSE, 'Pin', 3.5, FALSE);
insert into match_participants (match_id, wrestler_id, result) values ('e378356a-c0e3-4824-b2d1-34610a67e9e7', '6744f55d-802e-4dc8-83da-df85f7d6e050', 'winner');
insert into match_participants (match_id, wrestler_id, result) values ('e378356a-c0e3-4824-b2d1-34610a67e9e7', '45d6759a-e627-41e8-b142-68a6772440d1', 'loser');
insert into matches (id, show_id, match_number, match_type, stipulation, is_title_match, title_id, is_mitb, mitb_cashin, defeat_type, rating, is_draw) values ('697e4263-1d6c-4d20-9957-34243104e615', '406f9130-143f-4749-a27a-7d2b565ffaa8', 5, 'Tag Team', NULL, FALSE, NULL, NULL, FALSE, 'Pin', 3.5, FALSE);
insert into match_participants (match_id, team_id, result) values ('697e4263-1d6c-4d20-9957-34243104e615', '20fda688-f421-4daf-af58-e45e899e9599', 'winner');
insert into match_participants (match_id, team_id, result) values ('697e4263-1d6c-4d20-9957-34243104e615', '0c1be915-234d-4bb2-92ab-225e76d0c50c', 'loser');
insert into matches (id, show_id, match_number, match_type, stipulation, is_title_match, title_id, is_mitb, mitb_cashin, defeat_type, rating, is_draw) values ('979a6d33-605d-41f0-97d7-1b62dd2eaf11', '406f9130-143f-4749-a27a-7d2b565ffaa8', 6, 'Single', NULL, FALSE, NULL, NULL, FALSE, 'Pin', 3.5, FALSE);
insert into match_participants (match_id, wrestler_id, result) values ('979a6d33-605d-41f0-97d7-1b62dd2eaf11', '7d9945b2-59a0-4661-8206-198fec52bb2f', 'loser');
insert into match_participants (match_id, wrestler_id, result) values ('979a6d33-605d-41f0-97d7-1b62dd2eaf11', '1fdbaeea-4dc7-41ff-9ce9-394d33e1ace4', 'winner');
insert into matches (id, show_id, match_number, match_type, stipulation, is_title_match, title_id, is_mitb, mitb_cashin, defeat_type, rating, is_draw) values ('1af17792-8909-48f8-ae5a-c4db2e79ab5e', '406f9130-143f-4749-a27a-7d2b565ffaa8', 7, 'Tag Team', NULL, FALSE, NULL, NULL, FALSE, 'Pin', 4.5, FALSE);
insert into match_participants (match_id, team_id, result) values ('1af17792-8909-48f8-ae5a-c4db2e79ab5e', '71ab8222-78b8-4584-9717-447687147bd4', 'winner');
insert into matches (id, show_id, match_number, match_type, stipulation, is_title_match, title_id, is_mitb, mitb_cashin, defeat_type, rating, is_draw) values ('c2e4106d-48a5-4a0b-9fcc-964420353465', '406f9130-143f-4749-a27a-7d2b565ffaa8', 8, 'Single', NULL, FALSE, NULL, NULL, FALSE, 'Pin', 4.0, FALSE);
insert into match_participants (match_id, wrestler_id, result) values ('c2e4106d-48a5-4a0b-9fcc-964420353465', '7ca7fd7b-2526-41ea-b143-cdd82f404014', 'loser');
insert into match_participants (match_id, wrestler_id, result) values ('c2e4106d-48a5-4a0b-9fcc-964420353465', 'fce02e68-03a4-4670-a5d4-a6790f4f92a1', 'winner');
insert into matches (id, show_id, match_number, match_type, stipulation, is_title_match, title_id, is_mitb, mitb_cashin, defeat_type, rating, is_draw) values ('cd73193f-5849-4aa3-928d-f3ad946773b9', '406f9130-143f-4749-a27a-7d2b565ffaa8', 9, 'Single', NULL, FALSE, NULL, NULL, FALSE, 'Pin', 4.0, FALSE);
insert into match_participants (match_id, wrestler_id, result) values ('cd73193f-5849-4aa3-928d-f3ad946773b9', '122e2f4f-61c3-46f1-8de6-407a73f0712e', 'winner');
insert into match_participants (match_id, wrestler_id, result) values ('cd73193f-5849-4aa3-928d-f3ad946773b9', '24041ddc-d965-4815-8c45-c9f97a2ed2c1', 'loser');
insert into shows (id, name, show_date, show_type, ppv_name) values ('431c3d82-1b0e-4394-9481-6dae696d74ad', 'DAW 09-16-2022', '2022-09-16', 'weekly', NULL);
insert into matches (id, show_id, match_number, match_type, stipulation, is_title_match, title_id, is_mitb, mitb_cashin, defeat_type, rating, is_draw) values ('f1f217b2-9d49-4eff-b363-b2c31226a562', '431c3d82-1b0e-4394-9481-6dae696d74ad', 1, 'Tag Team', NULL, FALSE, NULL, NULL, FALSE, 'Pin', 4.0, FALSE);
insert into match_participants (match_id, team_id, result) values ('f1f217b2-9d49-4eff-b363-b2c31226a562', '326ddb77-a43c-4a2e-832e-258e8e55b621', 'winner');
insert into match_participants (match_id, team_id, result) values ('f1f217b2-9d49-4eff-b363-b2c31226a562', '20fda688-f421-4daf-af58-e45e899e9599', 'loser');
insert into matches (id, show_id, match_number, match_type, stipulation, is_title_match, title_id, is_mitb, mitb_cashin, defeat_type, rating, is_draw) values ('e14860dc-8ea4-4a6f-b72a-b2d8e3524696', '431c3d82-1b0e-4394-9481-6dae696d74ad', 2, 'Single', NULL, FALSE, NULL, NULL, FALSE, 'Pin', 3.5, FALSE);
insert into match_participants (match_id, wrestler_id, result) values ('e14860dc-8ea4-4a6f-b72a-b2d8e3524696', '236dddd8-b6e3-4f50-9e8d-7b54fe489a20', 'loser');
insert into match_participants (match_id, wrestler_id, result) values ('e14860dc-8ea4-4a6f-b72a-b2d8e3524696', '1fdbaeea-4dc7-41ff-9ce9-394d33e1ace4', 'winner');
insert into matches (id, show_id, match_number, match_type, stipulation, is_title_match, title_id, is_mitb, mitb_cashin, defeat_type, rating, is_draw) values ('4a640512-50e9-4928-b7d8-0788de76a491', '431c3d82-1b0e-4394-9481-6dae696d74ad', 3, 'Tag Team', NULL, FALSE, NULL, NULL, FALSE, 'Pin', 3.5, FALSE);
insert into match_participants (match_id, team_id, result) values ('4a640512-50e9-4928-b7d8-0788de76a491', '4ac6c974-2d00-4a65-a59f-2b750ca7b4fd', 'loser');
insert into matches (id, show_id, match_number, match_type, stipulation, is_title_match, title_id, is_mitb, mitb_cashin, defeat_type, rating, is_draw) values ('cf667294-bbb3-42a9-8e64-ec208450789c', '431c3d82-1b0e-4394-9481-6dae696d74ad', 4, 'Single', NULL, FALSE, NULL, NULL, FALSE, 'Pin', 4.0, FALSE);
insert into match_participants (match_id, wrestler_id, result) values ('cf667294-bbb3-42a9-8e64-ec208450789c', 'b2d0cb4c-4471-49a3-b524-544ce1bd95a1', 'loser');
insert into match_participants (match_id, wrestler_id, result) values ('cf667294-bbb3-42a9-8e64-ec208450789c', 'cd5fa7e0-c982-449d-ab4f-cd0b33045715', 'winner');
insert into matches (id, show_id, match_number, match_type, stipulation, is_title_match, title_id, is_mitb, mitb_cashin, defeat_type, rating, is_draw) values ('5ad40ba6-54a2-43a0-83d4-0b6eb46f00cc', '431c3d82-1b0e-4394-9481-6dae696d74ad', 5, 'Tag Team', NULL, FALSE, NULL, NULL, FALSE, 'Pin', 4.5, FALSE);
insert into match_participants (match_id, team_id, result) values ('5ad40ba6-54a2-43a0-83d4-0b6eb46f00cc', '71ab8222-78b8-4584-9717-447687147bd4', 'loser');
insert into matches (id, show_id, match_number, match_type, stipulation, is_title_match, title_id, is_mitb, mitb_cashin, defeat_type, rating, is_draw) values ('fc0fd66b-71f4-4f82-9beb-21ad78f578b1', '431c3d82-1b0e-4394-9481-6dae696d74ad', 6, 'Single', NULL, FALSE, NULL, NULL, FALSE, 'Pin', 3.5, FALSE);
insert into match_participants (match_id, wrestler_id, result) values ('fc0fd66b-71f4-4f82-9beb-21ad78f578b1', '004c7b59-d738-4718-a1f0-39aa22e8039d', 'loser');
insert into match_participants (match_id, wrestler_id, result) values ('fc0fd66b-71f4-4f82-9beb-21ad78f578b1', 'fe192097-a77b-4d95-a8b9-0f0147ab04a6', 'winner');
insert into matches (id, show_id, match_number, match_type, stipulation, is_title_match, title_id, is_mitb, mitb_cashin, defeat_type, rating, is_draw) values ('d52452e7-3468-4c24-a2b4-59b220257071', '431c3d82-1b0e-4394-9481-6dae696d74ad', 7, 'Single', NULL, FALSE, NULL, NULL, FALSE, 'Pin', 4.0, FALSE);
insert into match_participants (match_id, wrestler_id, result) values ('d52452e7-3468-4c24-a2b4-59b220257071', 'cce2403e-b550-4727-9b4c-e04012c77f31', 'winner');
insert into match_participants (match_id, wrestler_id, result) values ('d52452e7-3468-4c24-a2b4-59b220257071', '360b60ab-b81e-4629-9440-452f85867fb8', 'loser');
insert into matches (id, show_id, match_number, match_type, stipulation, is_title_match, title_id, is_mitb, mitb_cashin, defeat_type, rating, is_draw) values ('dec641cc-8bf9-45f4-982b-512807c17444', '431c3d82-1b0e-4394-9481-6dae696d74ad', 8, 'Single', NULL, FALSE, NULL, NULL, FALSE, 'Pin', 3.0, FALSE);
insert into match_participants (match_id, wrestler_id, result) values ('dec641cc-8bf9-45f4-982b-512807c17444', '122e2f4f-61c3-46f1-8de6-407a73f0712e', 'winner');
insert into match_participants (match_id, wrestler_id, result) values ('dec641cc-8bf9-45f4-982b-512807c17444', '6744f55d-802e-4dc8-83da-df85f7d6e050', 'loser');
insert into matches (id, show_id, match_number, match_type, stipulation, is_title_match, title_id, is_mitb, mitb_cashin, defeat_type, rating, is_draw) values ('f8702d93-f2fe-497f-b0c5-acb57d23e549', '431c3d82-1b0e-4394-9481-6dae696d74ad', 9, 'Single', 'Falls Count Anywhere', FALSE, NULL, NULL, FALSE, 'Pin', 3.5, FALSE);
insert into match_participants (match_id, wrestler_id, result) values ('f8702d93-f2fe-497f-b0c5-acb57d23e549', 'db9025f4-91c4-47e8-b3de-e3864852a4c8', 'loser');
insert into match_participants (match_id, wrestler_id, result) values ('f8702d93-f2fe-497f-b0c5-acb57d23e549', '7d9945b2-59a0-4661-8206-198fec52bb2f', 'winner');
insert into shows (id, name, show_date, show_type, ppv_name) values ('f14794c6-9159-4a24-a8a2-90ec482e73ff', 'DAW 09-23-2022', '2022-09-23', 'weekly', NULL);
insert into matches (id, show_id, match_number, match_type, stipulation, is_title_match, title_id, is_mitb, mitb_cashin, defeat_type, rating, is_draw) values ('f5244c4f-b16c-4158-b0a8-5116e8293c43', 'f14794c6-9159-4a24-a8a2-90ec482e73ff', 1, 'Tag Team', NULL, FALSE, NULL, NULL, FALSE, 'Pin', 3.0, FALSE);
insert into match_participants (match_id, team_id, result) values ('f5244c4f-b16c-4158-b0a8-5116e8293c43', '68c622dc-e758-4f54-9c6b-cfa737db8028', 'winner');
insert into match_participants (match_id, team_id, result) values ('f5244c4f-b16c-4158-b0a8-5116e8293c43', '326ddb77-a43c-4a2e-832e-258e8e55b621', 'loser');
insert into matches (id, show_id, match_number, match_type, stipulation, is_title_match, title_id, is_mitb, mitb_cashin, defeat_type, rating, is_draw) values ('b81a64cd-d336-4b47-a2ef-471cb91d2c67', 'f14794c6-9159-4a24-a8a2-90ec482e73ff', 2, 'Single', NULL, FALSE, NULL, NULL, FALSE, 'Pin', 4.0, FALSE);
insert into match_participants (match_id, wrestler_id, result) values ('b81a64cd-d336-4b47-a2ef-471cb91d2c67', 'fe2b910f-9821-448e-928d-da0ba9221a8e', 'winner');
insert into match_participants (match_id, wrestler_id, result) values ('b81a64cd-d336-4b47-a2ef-471cb91d2c67', '360b60ab-b81e-4629-9440-452f85867fb8', 'loser');
insert into matches (id, show_id, match_number, match_type, stipulation, is_title_match, title_id, is_mitb, mitb_cashin, defeat_type, rating, is_draw) values ('eac55fd7-15b6-4862-9c48-93526d100e01', 'f14794c6-9159-4a24-a8a2-90ec482e73ff', 3, 'Tag Team', NULL, FALSE, NULL, NULL, FALSE, 'Pin', 3.5, FALSE);
insert into match_participants (match_id, team_id, result) values ('eac55fd7-15b6-4862-9c48-93526d100e01', '0c1be915-234d-4bb2-92ab-225e76d0c50c', 'loser');
insert into match_participants (match_id, team_id, result) values ('eac55fd7-15b6-4862-9c48-93526d100e01', '4ac6c974-2d00-4a65-a59f-2b750ca7b4fd', 'winner');
insert into matches (id, show_id, match_number, match_type, stipulation, is_title_match, title_id, is_mitb, mitb_cashin, defeat_type, rating, is_draw) values ('2eef0b46-71dc-4730-8fb7-e85a2b047a8a', 'f14794c6-9159-4a24-a8a2-90ec482e73ff', 4, 'Single', NULL, FALSE, NULL, NULL, FALSE, 'Pin', 3.0, FALSE);
insert into match_participants (match_id, wrestler_id, result) values ('2eef0b46-71dc-4730-8fb7-e85a2b047a8a', '004c7b59-d738-4718-a1f0-39aa22e8039d', 'winner');
insert into match_participants (match_id, wrestler_id, result) values ('2eef0b46-71dc-4730-8fb7-e85a2b047a8a', 'b2d0cb4c-4471-49a3-b524-544ce1bd95a1', 'loser');
insert into matches (id, show_id, match_number, match_type, stipulation, is_title_match, title_id, is_mitb, mitb_cashin, defeat_type, rating, is_draw) values ('70c6cf53-2f17-457b-a2bd-b557984e573b', 'f14794c6-9159-4a24-a8a2-90ec482e73ff', 5, 'Single', NULL, FALSE, NULL, NULL, FALSE, 'Pin', 4.0, FALSE);
insert into match_participants (match_id, wrestler_id, result) values ('70c6cf53-2f17-457b-a2bd-b557984e573b', '60c99dea-a118-4839-99eb-5de3ca41d5d4', 'winner');
insert into match_participants (match_id, wrestler_id, result) values ('70c6cf53-2f17-457b-a2bd-b557984e573b', '7e31c302-05ee-4325-989f-aefa74f76445', 'loser');
insert into matches (id, show_id, match_number, match_type, stipulation, is_title_match, title_id, is_mitb, mitb_cashin, defeat_type, rating, is_draw) values ('7c349349-9a4a-45cd-a065-fed67f55c4c6', 'f14794c6-9159-4a24-a8a2-90ec482e73ff', 6, 'Single', NULL, FALSE, NULL, NULL, FALSE, 'Pin', 4.0, FALSE);
insert into match_participants (match_id, wrestler_id, result) values ('7c349349-9a4a-45cd-a065-fed67f55c4c6', 'bc93b973-151b-48ca-8d75-8f6c220a0d31', 'loser');
insert into match_participants (match_id, wrestler_id, result) values ('7c349349-9a4a-45cd-a065-fed67f55c4c6', '122e2f4f-61c3-46f1-8de6-407a73f0712e', 'winner');
insert into matches (id, show_id, match_number, match_type, stipulation, is_title_match, title_id, is_mitb, mitb_cashin, defeat_type, rating, is_draw) values ('2ef6d0b4-c2b3-483b-b8ac-a5cfe91bbe61', 'f14794c6-9159-4a24-a8a2-90ec482e73ff', 7, 'Single', NULL, FALSE, NULL, NULL, FALSE, 'Pin', 3.5, FALSE);
insert into match_participants (match_id, wrestler_id, result) values ('2ef6d0b4-c2b3-483b-b8ac-a5cfe91bbe61', '1fdbaeea-4dc7-41ff-9ce9-394d33e1ace4', 'loser');
insert into match_participants (match_id, wrestler_id, result) values ('2ef6d0b4-c2b3-483b-b8ac-a5cfe91bbe61', '7d9945b2-59a0-4661-8206-198fec52bb2f', 'winner');
insert into matches (id, show_id, match_number, match_type, stipulation, is_title_match, title_id, is_mitb, mitb_cashin, defeat_type, rating, is_draw) values ('f227815d-9fcc-4228-964e-ab5238674b26', 'f14794c6-9159-4a24-a8a2-90ec482e73ff', 8, 'Single', 'Table', FALSE, NULL, NULL, FALSE, 'Pin', 3.0, FALSE);
insert into match_participants (match_id, wrestler_id, result) values ('f227815d-9fcc-4228-964e-ab5238674b26', '45d6759a-e627-41e8-b142-68a6772440d1', 'winner');
insert into match_participants (match_id, wrestler_id, result) values ('f227815d-9fcc-4228-964e-ab5238674b26', '0072611a-281e-4de5-bf57-fbc9696651ec', 'loser');
insert into shows (id, name, show_date, show_type, ppv_name) values ('6f6c67b5-fe43-44b4-9fb2-8814a792e02b', 'DAW 10-14-2022', '2022-10-14', 'weekly', NULL);
insert into matches (id, show_id, match_number, match_type, stipulation, is_title_match, title_id, is_mitb, mitb_cashin, defeat_type, rating, is_draw) values ('23e5ee6a-eb3b-4eb8-988b-2ebcdb297135', '6f6c67b5-fe43-44b4-9fb2-8814a792e02b', 1, 'Tag Team', NULL, TRUE, '4091f18e-1fb8-441e-b708-1729cb0b0011', FALSE, FALSE, 'Pin', 3.5, FALSE);
insert into match_participants (match_id, team_id, result) values ('23e5ee6a-eb3b-4eb8-988b-2ebcdb297135', '326ddb77-a43c-4a2e-832e-258e8e55b621', 'winner');
insert into match_participants (match_id, team_id, result) values ('23e5ee6a-eb3b-4eb8-988b-2ebcdb297135', '83fd0ef7-a31d-432b-9a7c-594309de6c3f', 'loser');
insert into matches (id, show_id, match_number, match_type, stipulation, is_title_match, title_id, is_mitb, mitb_cashin, defeat_type, rating, is_draw) values ('376a84e7-04f1-40e4-a5aa-ca6b53220843', '6f6c67b5-fe43-44b4-9fb2-8814a792e02b', 2, 'Single', NULL, FALSE, NULL, NULL, FALSE, 'Pin', 4.0, FALSE);
insert into match_participants (match_id, wrestler_id, result) values ('376a84e7-04f1-40e4-a5aa-ca6b53220843', '7ca7fd7b-2526-41ea-b143-cdd82f404014', 'winner');
insert into match_participants (match_id, wrestler_id, result) values ('376a84e7-04f1-40e4-a5aa-ca6b53220843', 'fce02e68-03a4-4670-a5d4-a6790f4f92a1', 'loser');
insert into matches (id, show_id, match_number, match_type, stipulation, is_title_match, title_id, is_mitb, mitb_cashin, defeat_type, rating, is_draw) values ('5a87f15a-691a-4803-9e2a-e38342a60253', '6f6c67b5-fe43-44b4-9fb2-8814a792e02b', 3, 'Single', NULL, FALSE, NULL, NULL, FALSE, 'Pin', 4.0, FALSE);
insert into match_participants (match_id, wrestler_id, result) values ('5a87f15a-691a-4803-9e2a-e38342a60253', '004c7b59-d738-4718-a1f0-39aa22e8039d', 'loser');
insert into match_participants (match_id, wrestler_id, result) values ('5a87f15a-691a-4803-9e2a-e38342a60253', 'fe192097-a77b-4d95-a8b9-0f0147ab04a6', 'winner');
insert into matches (id, show_id, match_number, match_type, stipulation, is_title_match, title_id, is_mitb, mitb_cashin, defeat_type, rating, is_draw) values ('cec80dc0-b381-4d61-861c-28f1645c1237', '6f6c67b5-fe43-44b4-9fb2-8814a792e02b', 4, 'Single', NULL, TRUE, '5db4cd6b-6ebe-4a87-b7bb-017af3856766', FALSE, FALSE, 'Pin', 4.5, FALSE);
insert into match_participants (match_id, wrestler_id, result) values ('cec80dc0-b381-4d61-861c-28f1645c1237', '360b60ab-b81e-4629-9440-452f85867fb8', 'loser');
insert into match_participants (match_id, wrestler_id, result) values ('cec80dc0-b381-4d61-861c-28f1645c1237', 'cd5fa7e0-c982-449d-ab4f-cd0b33045715', 'winner');
insert into matches (id, show_id, match_number, match_type, stipulation, is_title_match, title_id, is_mitb, mitb_cashin, defeat_type, rating, is_draw) values ('dab863ab-52e8-4ffe-b9c1-7abd5b4ade77', '6f6c67b5-fe43-44b4-9fb2-8814a792e02b', 5, 'Fatal 4-Way', NULL, FALSE, NULL, NULL, FALSE, 'Pin', 3.5, FALSE);
insert into match_participants (match_id, wrestler_id, result) values ('dab863ab-52e8-4ffe-b9c1-7abd5b4ade77', '7d9945b2-59a0-4661-8206-198fec52bb2f', 'loser');
insert into match_participants (match_id, wrestler_id, result) values ('dab863ab-52e8-4ffe-b9c1-7abd5b4ade77', 'db9025f4-91c4-47e8-b3de-e3864852a4c8', 'loser');
insert into match_participants (match_id, wrestler_id, result) values ('dab863ab-52e8-4ffe-b9c1-7abd5b4ade77', '07687962-07c0-46b6-9541-2d8b60e3c2c1', 'loser');
insert into match_participants (match_id, wrestler_id, result) values ('dab863ab-52e8-4ffe-b9c1-7abd5b4ade77', 'fe2b910f-9821-448e-928d-da0ba9221a8e', 'winner');
insert into matches (id, show_id, match_number, match_type, stipulation, is_title_match, title_id, is_mitb, mitb_cashin, defeat_type, rating, is_draw) values ('92c6920c-d5b1-458b-877f-9ca17cbdacab', '6f6c67b5-fe43-44b4-9fb2-8814a792e02b', 6, 'Single', NULL, FALSE, NULL, NULL, FALSE, 'Pin', 3.5, FALSE);
insert into match_participants (match_id, wrestler_id, result) values ('92c6920c-d5b1-458b-877f-9ca17cbdacab', 'ad63b3fd-9de8-4398-a085-7cc8f264589e', 'loser');
insert into match_participants (match_id, wrestler_id, result) values ('92c6920c-d5b1-458b-877f-9ca17cbdacab', 'e0f39e94-2cd6-401d-999e-da74148714a2', 'winner');
insert into matches (id, show_id, match_number, match_type, stipulation, is_title_match, title_id, is_mitb, mitb_cashin, defeat_type, rating, is_draw) values ('e9b93c3b-e6ac-45ee-a17b-6755f3a34aa7', '6f6c67b5-fe43-44b4-9fb2-8814a792e02b', 7, 'Single', NULL, TRUE, '5d3e065c-43d1-41ee-8d24-e876f1e2b2a1', FALSE, FALSE, 'Pin', 4.5, FALSE);
insert into match_participants (match_id, wrestler_id, result) values ('e9b93c3b-e6ac-45ee-a17b-6755f3a34aa7', '60c99dea-a118-4839-99eb-5de3ca41d5d4', 'loser');
insert into match_participants (match_id, wrestler_id, result) values ('e9b93c3b-e6ac-45ee-a17b-6755f3a34aa7', '24041ddc-d965-4815-8c45-c9f97a2ed2c1', 'winner');
insert into matches (id, show_id, match_number, match_type, stipulation, is_title_match, title_id, is_mitb, mitb_cashin, defeat_type, rating, is_draw) values ('4142290b-cd4d-482d-bd3f-16dbc311169a', '6f6c67b5-fe43-44b4-9fb2-8814a792e02b', 8, 'Fatal 4-Way', NULL, FALSE, NULL, NULL, FALSE, 'Pin', 3.0, FALSE);
insert into match_participants (match_id, wrestler_id, result) values ('4142290b-cd4d-482d-bd3f-16dbc311169a', '45d6759a-e627-41e8-b142-68a6772440d1', 'loser');
insert into match_participants (match_id, wrestler_id, result) values ('4142290b-cd4d-482d-bd3f-16dbc311169a', 'bc93b973-151b-48ca-8d75-8f6c220a0d31', 'loser');
insert into match_participants (match_id, wrestler_id, result) values ('4142290b-cd4d-482d-bd3f-16dbc311169a', '0072611a-281e-4de5-bf57-fbc9696651ec', 'winner');
insert into match_participants (match_id, wrestler_id, result) values ('4142290b-cd4d-482d-bd3f-16dbc311169a', 'bc5ab7cb-bf3e-4cd8-9024-c4ba2631fec2', 'loser');
insert into matches (id, show_id, match_number, match_type, stipulation, is_title_match, title_id, is_mitb, mitb_cashin, defeat_type, rating, is_draw) values ('670383bd-f59c-4868-be92-ccf1ec1315ab', '6f6c67b5-fe43-44b4-9fb2-8814a792e02b', 9, 'Single', 'Hell in a Cell', TRUE, '02b0c038-accb-495b-8d6a-8891a7b51554', FALSE, FALSE, 'Pin', 4.0, FALSE);
insert into match_participants (match_id, wrestler_id, result) values ('670383bd-f59c-4868-be92-ccf1ec1315ab', 'cce2403e-b550-4727-9b4c-e04012c77f31', 'winner');
insert into match_participants (match_id, wrestler_id, result) values ('670383bd-f59c-4868-be92-ccf1ec1315ab', 'b2d0cb4c-4471-49a3-b524-544ce1bd95a1', 'loser');
insert into shows (id, name, show_date, show_type, ppv_name) values ('b7ec4bea-46f8-4195-9ac9-4f08ae7367b1', 'DAW 10-21-2022', '2022-10-21', 'weekly', NULL);
insert into matches (id, show_id, match_number, match_type, stipulation, is_title_match, title_id, is_mitb, mitb_cashin, defeat_type, rating, is_draw) values ('51ce79b7-8aff-4d47-8121-bd9d4f7212db', 'b7ec4bea-46f8-4195-9ac9-4f08ae7367b1', 1, 'Single', NULL, FALSE, NULL, NULL, FALSE, 'Pin', 2.0, FALSE);
insert into match_participants (match_id, wrestler_id, result) values ('51ce79b7-8aff-4d47-8121-bd9d4f7212db', '43cf1a50-987d-4c83-a79c-32af2e1748bc', 'winner');
insert into match_participants (match_id, wrestler_id, result) values ('51ce79b7-8aff-4d47-8121-bd9d4f7212db', '07687962-07c0-46b6-9541-2d8b60e3c2c1', 'loser');
insert into matches (id, show_id, match_number, match_type, stipulation, is_title_match, title_id, is_mitb, mitb_cashin, defeat_type, rating, is_draw) values ('c4b5aa0e-91fd-4f20-bcf1-9fb03b25d505', 'b7ec4bea-46f8-4195-9ac9-4f08ae7367b1', 2, 'Tag Team', NULL, FALSE, NULL, NULL, FALSE, 'Pin', 2.5, FALSE);
insert into match_participants (match_id, team_id, result) values ('c4b5aa0e-91fd-4f20-bcf1-9fb03b25d505', '8dd02369-5443-418b-94d5-1970756968ba', 'loser');
insert into matches (id, show_id, match_number, match_type, stipulation, is_title_match, title_id, is_mitb, mitb_cashin, defeat_type, rating, is_draw) values ('8d269d0e-9e50-419f-9d00-b518a3b80996', 'b7ec4bea-46f8-4195-9ac9-4f08ae7367b1', 3, 'Single', NULL, FALSE, NULL, NULL, FALSE, 'Pin', 4.0, FALSE);
insert into match_participants (match_id, wrestler_id, result) values ('8d269d0e-9e50-419f-9d00-b518a3b80996', 'c582c07c-786b-4687-9aeb-b0431edfb330', 'loser');
insert into match_participants (match_id, wrestler_id, result) values ('8d269d0e-9e50-419f-9d00-b518a3b80996', 'ae2ce814-315f-41f0-ab99-eddf09a7d4c5', 'winner');
insert into matches (id, show_id, match_number, match_type, stipulation, is_title_match, title_id, is_mitb, mitb_cashin, defeat_type, rating, is_draw) values ('5acfc8a1-4170-4382-bf8d-890889784d0e', 'b7ec4bea-46f8-4195-9ac9-4f08ae7367b1', 4, 'Battle Royale', NULL, FALSE, NULL, NULL, FALSE, 'Pin', 3.5, FALSE);
insert into match_participants (match_id, wrestler_id, result) values ('5acfc8a1-4170-4382-bf8d-890889784d0e', '60c99dea-a118-4839-99eb-5de3ca41d5d4', 'loser');
insert into match_participants (match_id, wrestler_id, result) values ('5acfc8a1-4170-4382-bf8d-890889784d0e', '7e31c302-05ee-4325-989f-aefa74f76445', 'loser');
insert into match_participants (match_id, wrestler_id, result) values ('5acfc8a1-4170-4382-bf8d-890889784d0e', '0072611a-281e-4de5-bf57-fbc9696651ec', 'winner');
insert into match_participants (match_id, wrestler_id, result) values ('5acfc8a1-4170-4382-bf8d-890889784d0e', 'bc5ab7cb-bf3e-4cd8-9024-c4ba2631fec2', 'loser');
insert into match_participants (match_id, wrestler_id, result) values ('5acfc8a1-4170-4382-bf8d-890889784d0e', '31f9e94a-66c8-428d-9ae1-dc8ad7d4834f', 'loser');
insert into match_participants (match_id, wrestler_id, result) values ('5acfc8a1-4170-4382-bf8d-890889784d0e', 'b2433381-963b-4e99-8458-8a001fa6ce58', 'loser');
insert into matches (id, show_id, match_number, match_type, stipulation, is_title_match, title_id, is_mitb, mitb_cashin, defeat_type, rating, is_draw) values ('e3ccab22-6167-440b-bd81-550baaacfec8', 'b7ec4bea-46f8-4195-9ac9-4f08ae7367b1', 5, 'Fatal 4-Way', NULL, FALSE, NULL, NULL, FALSE, 'Pin', 5.0, FALSE);
insert into match_participants (match_id, wrestler_id, result) values ('e3ccab22-6167-440b-bd81-550baaacfec8', '1fdbaeea-4dc7-41ff-9ce9-394d33e1ace4', 'winner');
insert into match_participants (match_id, wrestler_id, result) values ('e3ccab22-6167-440b-bd81-550baaacfec8', '42e5e6d3-4be5-45d5-b4bd-73e02dd0a8fb', 'loser');
insert into match_participants (match_id, wrestler_id, result) values ('e3ccab22-6167-440b-bd81-550baaacfec8', '004c7b59-d738-4718-a1f0-39aa22e8039d', 'loser');
insert into match_participants (match_id, wrestler_id, result) values ('e3ccab22-6167-440b-bd81-550baaacfec8', 'cd5fa7e0-c982-449d-ab4f-cd0b33045715', 'loser');
insert into matches (id, show_id, match_number, match_type, stipulation, is_title_match, title_id, is_mitb, mitb_cashin, defeat_type, rating, is_draw) values ('1a351a10-56e5-49b8-8869-ce3569b091cb', 'b7ec4bea-46f8-4195-9ac9-4f08ae7367b1', 6, 'Tag Team', NULL, FALSE, NULL, NULL, FALSE, 'Pin', 3.5, FALSE);
insert into match_participants (match_id, team_id, result) values ('1a351a10-56e5-49b8-8869-ce3569b091cb', '20fda688-f421-4daf-af58-e45e899e9599', 'loser');
insert into match_participants (match_id, team_id, result) values ('1a351a10-56e5-49b8-8869-ce3569b091cb', '0c1be915-234d-4bb2-92ab-225e76d0c50c', 'winner');
insert into matches (id, show_id, match_number, match_type, stipulation, is_title_match, title_id, is_mitb, mitb_cashin, defeat_type, rating, is_draw) values ('af9acf74-eef8-42bb-934b-36e2b88bd8a3', 'b7ec4bea-46f8-4195-9ac9-4f08ae7367b1', 7, 'Battle Royale', NULL, FALSE, NULL, NULL, FALSE, 'Pin', 4.0, FALSE);
insert into match_participants (match_id, wrestler_id, result) values ('af9acf74-eef8-42bb-934b-36e2b88bd8a3', '9ea2e5bf-7957-4a33-97f9-647520fb7da4', 'loser');
insert into match_participants (match_id, wrestler_id, result) values ('af9acf74-eef8-42bb-934b-36e2b88bd8a3', '236dddd8-b6e3-4f50-9e8d-7b54fe489a20', 'loser');
insert into match_participants (match_id, wrestler_id, result) values ('af9acf74-eef8-42bb-934b-36e2b88bd8a3', 'fce02e68-03a4-4670-a5d4-a6790f4f92a1', 'winner');
insert into match_participants (match_id, wrestler_id, result) values ('af9acf74-eef8-42bb-934b-36e2b88bd8a3', '7ca7fd7b-2526-41ea-b143-cdd82f404014', 'loser');
insert into match_participants (match_id, wrestler_id, result) values ('af9acf74-eef8-42bb-934b-36e2b88bd8a3', 'ad63b3fd-9de8-4398-a085-7cc8f264589e', 'loser');
insert into match_participants (match_id, wrestler_id, result) values ('af9acf74-eef8-42bb-934b-36e2b88bd8a3', 'fe2b910f-9821-448e-928d-da0ba9221a8e', 'loser');
insert into matches (id, show_id, match_number, match_type, stipulation, is_title_match, title_id, is_mitb, mitb_cashin, defeat_type, rating, is_draw) values ('ce3a5edf-d095-4c1f-851f-59acf7ea451d', 'b7ec4bea-46f8-4195-9ac9-4f08ae7367b1', 8, 'Single', NULL, FALSE, NULL, NULL, FALSE, 'Pin', 4.0, FALSE);
insert into match_participants (match_id, wrestler_id, result) values ('ce3a5edf-d095-4c1f-851f-59acf7ea451d', 'b2d0cb4c-4471-49a3-b524-544ce1bd95a1', 'loser');
insert into match_participants (match_id, wrestler_id, result) values ('ce3a5edf-d095-4c1f-851f-59acf7ea451d', '7d9945b2-59a0-4661-8206-198fec52bb2f', 'winner');
insert into matches (id, show_id, match_number, match_type, stipulation, is_title_match, title_id, is_mitb, mitb_cashin, defeat_type, rating, is_draw) values ('f0822028-d5f1-4f0a-aa74-2701c09a9fda', 'b7ec4bea-46f8-4195-9ac9-4f08ae7367b1', 9, 'Single', NULL, FALSE, NULL, NULL, FALSE, 'Pin', 4.5, FALSE);
insert into match_participants (match_id, wrestler_id, result) values ('f0822028-d5f1-4f0a-aa74-2701c09a9fda', '122e2f4f-61c3-46f1-8de6-407a73f0712e', 'winner');
insert into match_participants (match_id, wrestler_id, result) values ('f0822028-d5f1-4f0a-aa74-2701c09a9fda', 'bc93b973-151b-48ca-8d75-8f6c220a0d31', 'loser');
insert into shows (id, name, show_date, show_type, ppv_name) values ('b84b0ee9-95b0-4398-ab31-e3f09e955701', 'DAW 11-04-2022', '2022-11-04', 'weekly', NULL);
insert into matches (id, show_id, match_number, match_type, stipulation, is_title_match, title_id, is_mitb, mitb_cashin, defeat_type, rating, is_draw) values ('a5818fce-2c32-42af-bf35-8af167519299', 'b84b0ee9-95b0-4398-ab31-e3f09e955701', 1, 'Tag Team', NULL, FALSE, NULL, NULL, FALSE, 'Pin', 5.0, FALSE);
insert into match_participants (match_id, team_id, result) values ('a5818fce-2c32-42af-bf35-8af167519299', '0c1be915-234d-4bb2-92ab-225e76d0c50c', 'loser');
insert into match_participants (match_id, team_id, result) values ('a5818fce-2c32-42af-bf35-8af167519299', '326ddb77-a43c-4a2e-832e-258e8e55b621', 'loser');
insert into matches (id, show_id, match_number, match_type, stipulation, is_title_match, title_id, is_mitb, mitb_cashin, defeat_type, rating, is_draw) values ('2de57d8e-2f41-44c1-94b4-3e9b874ccff6', 'b84b0ee9-95b0-4398-ab31-e3f09e955701', 2, 'Single', NULL, FALSE, NULL, NULL, FALSE, 'Sub', 3.5, FALSE);
insert into match_participants (match_id, wrestler_id, result) values ('2de57d8e-2f41-44c1-94b4-3e9b874ccff6', 'fe2b910f-9821-448e-928d-da0ba9221a8e', 'winner');
insert into match_participants (match_id, wrestler_id, result) values ('2de57d8e-2f41-44c1-94b4-3e9b874ccff6', '1c4de4fe-bbbe-420d-b18a-a70501b14a25', 'loser');
insert into matches (id, show_id, match_number, match_type, stipulation, is_title_match, title_id, is_mitb, mitb_cashin, defeat_type, rating, is_draw) values ('58a14db0-3274-4b92-8010-80d6a6d6c79c', 'b84b0ee9-95b0-4398-ab31-e3f09e955701', 3, 'Single', NULL, FALSE, NULL, NULL, FALSE, 'Pin', 1.5, FALSE);
insert into match_participants (match_id, wrestler_id, result) values ('58a14db0-3274-4b92-8010-80d6a6d6c79c', '1fdbaeea-4dc7-41ff-9ce9-394d33e1ace4', 'winner');
insert into match_participants (match_id, wrestler_id, result) values ('58a14db0-3274-4b92-8010-80d6a6d6c79c', '004c7b59-d738-4718-a1f0-39aa22e8039d', 'loser');
insert into matches (id, show_id, match_number, match_type, stipulation, is_title_match, title_id, is_mitb, mitb_cashin, defeat_type, rating, is_draw) values ('ffc8b45a-e76d-4f9b-a41f-73253d526d00', 'b84b0ee9-95b0-4398-ab31-e3f09e955701', 4, 'Tag Team', NULL, FALSE, NULL, NULL, FALSE, 'Pin', 3.5, FALSE);
insert into match_participants (match_id, team_id, result) values ('ffc8b45a-e76d-4f9b-a41f-73253d526d00', '20fda688-f421-4daf-af58-e45e899e9599', 'winner');
insert into match_participants (match_id, team_id, result) values ('ffc8b45a-e76d-4f9b-a41f-73253d526d00', '68c622dc-e758-4f54-9c6b-cfa737db8028', 'loser');
insert into matches (id, show_id, match_number, match_type, stipulation, is_title_match, title_id, is_mitb, mitb_cashin, defeat_type, rating, is_draw) values ('20c8b2e7-2790-4c42-8d19-f24f4b0aaa23', 'b84b0ee9-95b0-4398-ab31-e3f09e955701', 5, 'Single', NULL, FALSE, NULL, NULL, FALSE, 'Pin', 3.0, FALSE);
insert into match_participants (match_id, wrestler_id, result) values ('20c8b2e7-2790-4c42-8d19-f24f4b0aaa23', '7ca7fd7b-2526-41ea-b143-cdd82f404014', 'loser');
insert into match_participants (match_id, wrestler_id, result) values ('20c8b2e7-2790-4c42-8d19-f24f4b0aaa23', '236dddd8-b6e3-4f50-9e8d-7b54fe489a20', 'winner');
insert into matches (id, show_id, match_number, match_type, stipulation, is_title_match, title_id, is_mitb, mitb_cashin, defeat_type, rating, is_draw) values ('bac6556b-a874-4380-b47d-0e9f00111276', 'b84b0ee9-95b0-4398-ab31-e3f09e955701', 6, 'Tag Team', NULL, FALSE, NULL, NULL, FALSE, 'Pin', 3.5, FALSE);
insert into matches (id, show_id, match_number, match_type, stipulation, is_title_match, title_id, is_mitb, mitb_cashin, defeat_type, rating, is_draw) values ('4fdd7c86-ff4a-4f02-b662-1974240b4529', 'b84b0ee9-95b0-4398-ab31-e3f09e955701', 7, 'Single', NULL, FALSE, NULL, NULL, FALSE, 'Pin', 3.5, FALSE);
insert into match_participants (match_id, wrestler_id, result) values ('4fdd7c86-ff4a-4f02-b662-1974240b4529', '24041ddc-d965-4815-8c45-c9f97a2ed2c1', 'winner');
insert into match_participants (match_id, wrestler_id, result) values ('4fdd7c86-ff4a-4f02-b662-1974240b4529', '25af8129-40ab-446b-b032-79fd524cf7ab', 'loser');
insert into matches (id, show_id, match_number, match_type, stipulation, is_title_match, title_id, is_mitb, mitb_cashin, defeat_type, rating, is_draw) values ('9401207f-6d04-4488-821d-d035ef658143', 'b84b0ee9-95b0-4398-ab31-e3f09e955701', 8, 'Single', NULL, FALSE, NULL, NULL, FALSE, 'Pin', 4.5, FALSE);
insert into match_participants (match_id, wrestler_id, result) values ('9401207f-6d04-4488-821d-d035ef658143', '122e2f4f-61c3-46f1-8de6-407a73f0712e', 'loser');
insert into match_participants (match_id, wrestler_id, result) values ('9401207f-6d04-4488-821d-d035ef658143', '0072611a-281e-4de5-bf57-fbc9696651ec', 'winner');
insert into matches (id, show_id, match_number, match_type, stipulation, is_title_match, title_id, is_mitb, mitb_cashin, defeat_type, rating, is_draw) values ('1f384258-251a-40a0-a355-b09ded1a50d0', 'b84b0ee9-95b0-4398-ab31-e3f09e955701', 9, 'Triple Threat', NULL, FALSE, NULL, NULL, FALSE, 'Pin', 4.0, FALSE);
insert into match_participants (match_id, wrestler_id, result) values ('1f384258-251a-40a0-a355-b09ded1a50d0', 'cce2403e-b550-4727-9b4c-e04012c77f31', 'winner');
insert into match_participants (match_id, wrestler_id, result) values ('1f384258-251a-40a0-a355-b09ded1a50d0', 'b2d0cb4c-4471-49a3-b524-544ce1bd95a1', 'loser');
insert into match_participants (match_id, wrestler_id, result) values ('1f384258-251a-40a0-a355-b09ded1a50d0', '7d9945b2-59a0-4661-8206-198fec52bb2f', 'loser');
insert into shows (id, name, show_date, show_type, ppv_name) values ('b023fd85-11d9-408c-aacf-f48d85f598ab', 'DAW 11-11-2022', '2022-11-11', 'weekly', NULL);
insert into matches (id, show_id, match_number, match_type, stipulation, is_title_match, title_id, is_mitb, mitb_cashin, defeat_type, rating, is_draw) values ('51b3d73e-2f68-49d5-b741-9919a5288c08', 'b023fd85-11d9-408c-aacf-f48d85f598ab', 1, 'Single', NULL, FALSE, NULL, NULL, FALSE, 'Pin', 3.0, FALSE);
insert into match_participants (match_id, wrestler_id, result) values ('51b3d73e-2f68-49d5-b741-9919a5288c08', '23e929ba-5eab-44b6-90a5-3aeee22f283e', 'winner');
insert into match_participants (match_id, wrestler_id, result) values ('51b3d73e-2f68-49d5-b741-9919a5288c08', '43cf1a50-987d-4c83-a79c-32af2e1748bc', 'loser');
insert into matches (id, show_id, match_number, match_type, stipulation, is_title_match, title_id, is_mitb, mitb_cashin, defeat_type, rating, is_draw) values ('33813b8d-9d72-49ce-a0a8-139a28fb25e8', 'b023fd85-11d9-408c-aacf-f48d85f598ab', 2, 'Tag Team', NULL, FALSE, NULL, NULL, FALSE, 'Pin', 4.0, FALSE);
insert into match_participants (match_id, team_id, result) values ('33813b8d-9d72-49ce-a0a8-139a28fb25e8', '20fda688-f421-4daf-af58-e45e899e9599', 'loser');
insert into match_participants (match_id, team_id, result) values ('33813b8d-9d72-49ce-a0a8-139a28fb25e8', '4ac6c974-2d00-4a65-a59f-2b750ca7b4fd', 'winner');
insert into matches (id, show_id, match_number, match_type, stipulation, is_title_match, title_id, is_mitb, mitb_cashin, defeat_type, rating, is_draw) values ('fe3b9c58-c875-4727-9bef-5c811b82ea87', 'b023fd85-11d9-408c-aacf-f48d85f598ab', 3, 'Fatal 4-Way', NULL, FALSE, NULL, NULL, FALSE, 'Sub', 3.5, FALSE);
insert into match_participants (match_id, wrestler_id, result) values ('fe3b9c58-c875-4727-9bef-5c811b82ea87', '9ea2e5bf-7957-4a33-97f9-647520fb7da4', 'winner');
insert into match_participants (match_id, wrestler_id, result) values ('fe3b9c58-c875-4727-9bef-5c811b82ea87', '360b60ab-b81e-4629-9440-452f85867fb8', 'loser');
insert into match_participants (match_id, wrestler_id, result) values ('fe3b9c58-c875-4727-9bef-5c811b82ea87', 'e0f39e94-2cd6-401d-999e-da74148714a2', 'loser');
insert into match_participants (match_id, wrestler_id, result) values ('fe3b9c58-c875-4727-9bef-5c811b82ea87', 'ad63b3fd-9de8-4398-a085-7cc8f264589e', 'loser');
insert into matches (id, show_id, match_number, match_type, stipulation, is_title_match, title_id, is_mitb, mitb_cashin, defeat_type, rating, is_draw) values ('5aa21a10-59d8-4110-bc8d-b0078c47a760', 'b023fd85-11d9-408c-aacf-f48d85f598ab', 4, 'Single', NULL, FALSE, NULL, NULL, FALSE, 'Pin', 3.5, FALSE);
insert into match_participants (match_id, wrestler_id, result) values ('5aa21a10-59d8-4110-bc8d-b0078c47a760', '45d6759a-e627-41e8-b142-68a6772440d1', 'loser');
insert into match_participants (match_id, wrestler_id, result) values ('5aa21a10-59d8-4110-bc8d-b0078c47a760', '7e31c302-05ee-4325-989f-aefa74f76445', 'winner');
insert into matches (id, show_id, match_number, match_type, stipulation, is_title_match, title_id, is_mitb, mitb_cashin, defeat_type, rating, is_draw) values ('3e8b1e23-f19b-48df-8e17-6629c0b9659c', 'b023fd85-11d9-408c-aacf-f48d85f598ab', 5, 'Single', 'Cage Match', FALSE, NULL, NULL, FALSE, 'Pin', 4.5, FALSE);
insert into match_participants (match_id, wrestler_id, result) values ('3e8b1e23-f19b-48df-8e17-6629c0b9659c', '004c7b59-d738-4718-a1f0-39aa22e8039d', 'winner');
insert into match_participants (match_id, wrestler_id, result) values ('3e8b1e23-f19b-48df-8e17-6629c0b9659c', '236dddd8-b6e3-4f50-9e8d-7b54fe489a20', 'loser');
insert into matches (id, show_id, match_number, match_type, stipulation, is_title_match, title_id, is_mitb, mitb_cashin, defeat_type, rating, is_draw) values ('f36140fd-19e6-49d4-85ac-b02bcc00630d', 'b023fd85-11d9-408c-aacf-f48d85f598ab', 6, 'Single', NULL, FALSE, NULL, NULL, FALSE, 'Pin', 4.0, FALSE);
insert into match_participants (match_id, wrestler_id, result) values ('f36140fd-19e6-49d4-85ac-b02bcc00630d', '7ca7fd7b-2526-41ea-b143-cdd82f404014', 'loser');
insert into match_participants (match_id, wrestler_id, result) values ('f36140fd-19e6-49d4-85ac-b02bcc00630d', 'fce02e68-03a4-4670-a5d4-a6790f4f92a1', 'winner');
insert into matches (id, show_id, match_number, match_type, stipulation, is_title_match, title_id, is_mitb, mitb_cashin, defeat_type, rating, is_draw) values ('2031edc8-5216-4fec-8a48-b9ebf853b281', 'b023fd85-11d9-408c-aacf-f48d85f598ab', 7, 'Single', NULL, FALSE, NULL, NULL, FALSE, 'Pin', 3.5, FALSE);
insert into match_participants (match_id, wrestler_id, result) values ('2031edc8-5216-4fec-8a48-b9ebf853b281', 'bc93b973-151b-48ca-8d75-8f6c220a0d31', 'winner');
insert into match_participants (match_id, wrestler_id, result) values ('2031edc8-5216-4fec-8a48-b9ebf853b281', '31f9e94a-66c8-428d-9ae1-dc8ad7d4834f', 'loser');
insert into matches (id, show_id, match_number, match_type, stipulation, is_title_match, title_id, is_mitb, mitb_cashin, defeat_type, rating, is_draw) values ('9f6b43bf-5381-46c0-8e30-d0b7fb9895d4', 'b023fd85-11d9-408c-aacf-f48d85f598ab', 8, 'Tag Team', NULL, FALSE, NULL, NULL, FALSE, 'Pin', 3.5, FALSE);
insert into matches (id, show_id, match_number, match_type, stipulation, is_title_match, title_id, is_mitb, mitb_cashin, defeat_type, rating, is_draw) values ('9f3df676-52b9-459b-bcf6-521fdc728dca', 'b023fd85-11d9-408c-aacf-f48d85f598ab', 9, 'MitB', 'Ladder', FALSE, NULL, TRUE, FALSE, 'Pin', 4.0, FALSE);
insert into match_participants (match_id, wrestler_id, result) values ('9f3df676-52b9-459b-bcf6-521fdc728dca', '1fdbaeea-4dc7-41ff-9ce9-394d33e1ace4', 'loser');
insert into match_participants (match_id, wrestler_id, result) values ('9f3df676-52b9-459b-bcf6-521fdc728dca', 'db9025f4-91c4-47e8-b3de-e3864852a4c8', 'loser');
insert into match_participants (match_id, wrestler_id, result) values ('9f3df676-52b9-459b-bcf6-521fdc728dca', 'cd5fa7e0-c982-449d-ab4f-cd0b33045715', 'loser');
insert into match_participants (match_id, wrestler_id, result) values ('9f3df676-52b9-459b-bcf6-521fdc728dca', 'b2d0cb4c-4471-49a3-b524-544ce1bd95a1', 'winner');
insert into match_participants (match_id, wrestler_id, result) values ('9f3df676-52b9-459b-bcf6-521fdc728dca', '42e5e6d3-4be5-45d5-b4bd-73e02dd0a8fb', 'loser');
insert into shows (id, name, show_date, show_type, ppv_name) values ('4dfe824a-b0fd-4810-b2ed-7667f8822b60', 'DAW 11-18-2022', '2022-11-18', 'weekly', NULL);
insert into matches (id, show_id, match_number, match_type, stipulation, is_title_match, title_id, is_mitb, mitb_cashin, defeat_type, rating, is_draw) values ('2c8923e2-3b9e-49b3-bd21-23390afa6ade', '4dfe824a-b0fd-4810-b2ed-7667f8822b60', 1, 'Single', NULL, FALSE, NULL, NULL, FALSE, 'Pin', 3.0, FALSE);
insert into match_participants (match_id, wrestler_id, result) values ('2c8923e2-3b9e-49b3-bd21-23390afa6ade', 'c582c07c-786b-4687-9aeb-b0431edfb330', 'loser');
insert into match_participants (match_id, wrestler_id, result) values ('2c8923e2-3b9e-49b3-bd21-23390afa6ade', '070ef826-51e2-44ff-b14f-c0c821af8fd4', 'winner');
insert into matches (id, show_id, match_number, match_type, stipulation, is_title_match, title_id, is_mitb, mitb_cashin, defeat_type, rating, is_draw) values ('f8dd4cfe-7a1f-4f1b-9a10-04035b6df342', '4dfe824a-b0fd-4810-b2ed-7667f8822b60', 2, 'Tag Team', NULL, FALSE, NULL, NULL, FALSE, 'Pin', 3.5, FALSE);
insert into match_participants (match_id, team_id, result) values ('f8dd4cfe-7a1f-4f1b-9a10-04035b6df342', '4ac6c974-2d00-4a65-a59f-2b750ca7b4fd', 'winner');
insert into match_participants (match_id, team_id, result) values ('f8dd4cfe-7a1f-4f1b-9a10-04035b6df342', '20fda688-f421-4daf-af58-e45e899e9599', 'loser');
insert into matches (id, show_id, match_number, match_type, stipulation, is_title_match, title_id, is_mitb, mitb_cashin, defeat_type, rating, is_draw) values ('4af34ef2-a650-4b00-b182-4641ca8c8283', '4dfe824a-b0fd-4810-b2ed-7667f8822b60', 3, 'Fatal 4-Way', NULL, FALSE, NULL, NULL, FALSE, 'Pin', 3.5, FALSE);
insert into match_participants (match_id, wrestler_id, result) values ('4af34ef2-a650-4b00-b182-4641ca8c8283', '9ea2e5bf-7957-4a33-97f9-647520fb7da4', 'winner');
insert into match_participants (match_id, wrestler_id, result) values ('4af34ef2-a650-4b00-b182-4641ca8c8283', 'fe2b910f-9821-448e-928d-da0ba9221a8e', 'loser');
insert into match_participants (match_id, wrestler_id, result) values ('4af34ef2-a650-4b00-b182-4641ca8c8283', 'cd5fa7e0-c982-449d-ab4f-cd0b33045715', 'loser');
insert into match_participants (match_id, wrestler_id, result) values ('4af34ef2-a650-4b00-b182-4641ca8c8283', '360b60ab-b81e-4629-9440-452f85867fb8', 'loser');
insert into matches (id, show_id, match_number, match_type, stipulation, is_title_match, title_id, is_mitb, mitb_cashin, defeat_type, rating, is_draw) values ('72bb34eb-db4d-4bc5-a15e-3234ecad3259', '4dfe824a-b0fd-4810-b2ed-7667f8822b60', 4, 'Single', NULL, FALSE, NULL, NULL, FALSE, 'Pin', 4.0, FALSE);
insert into match_participants (match_id, wrestler_id, result) values ('72bb34eb-db4d-4bc5-a15e-3234ecad3259', '45d6759a-e627-41e8-b142-68a6772440d1', 'loser');
insert into match_participants (match_id, wrestler_id, result) values ('72bb34eb-db4d-4bc5-a15e-3234ecad3259', '7e31c302-05ee-4325-989f-aefa74f76445', 'winner');
insert into matches (id, show_id, match_number, match_type, stipulation, is_title_match, title_id, is_mitb, mitb_cashin, defeat_type, rating, is_draw) values ('70e5d01e-4750-4555-9da3-366801380b8f', '4dfe824a-b0fd-4810-b2ed-7667f8822b60', 5, 'Single', 'Cage Match', FALSE, NULL, NULL, FALSE, 'Pin', 3.0, FALSE);
insert into match_participants (match_id, wrestler_id, result) values ('70e5d01e-4750-4555-9da3-366801380b8f', '1fdbaeea-4dc7-41ff-9ce9-394d33e1ace4', 'loser');
insert into match_participants (match_id, wrestler_id, result) values ('70e5d01e-4750-4555-9da3-366801380b8f', '004c7b59-d738-4718-a1f0-39aa22e8039d', 'winner');
insert into matches (id, show_id, match_number, match_type, stipulation, is_title_match, title_id, is_mitb, mitb_cashin, defeat_type, rating, is_draw) values ('02b01fbb-1822-4d80-9aea-8ad83c5448d8', '4dfe824a-b0fd-4810-b2ed-7667f8822b60', 6, 'Triple Threat', NULL, FALSE, NULL, NULL, FALSE, 'Pin', 3.5, FALSE);
insert into match_participants (match_id, wrestler_id, result) values ('02b01fbb-1822-4d80-9aea-8ad83c5448d8', 'db9025f4-91c4-47e8-b3de-e3864852a4c8', 'loser');
insert into match_participants (match_id, wrestler_id, result) values ('02b01fbb-1822-4d80-9aea-8ad83c5448d8', 'fce02e68-03a4-4670-a5d4-a6790f4f92a1', 'winner');
insert into match_participants (match_id, wrestler_id, result) values ('02b01fbb-1822-4d80-9aea-8ad83c5448d8', '236dddd8-b6e3-4f50-9e8d-7b54fe489a20', 'loser');
insert into matches (id, show_id, match_number, match_type, stipulation, is_title_match, title_id, is_mitb, mitb_cashin, defeat_type, rating, is_draw) values ('aa0c2cdd-626c-4887-b68f-2612502f20ec', '4dfe824a-b0fd-4810-b2ed-7667f8822b60', 7, 'Single', NULL, FALSE, NULL, NULL, FALSE, 'Pin', 2.5, FALSE);
insert into match_participants (match_id, wrestler_id, result) values ('aa0c2cdd-626c-4887-b68f-2612502f20ec', 'bc93b973-151b-48ca-8d75-8f6c220a0d31', 'winner');
insert into match_participants (match_id, wrestler_id, result) values ('aa0c2cdd-626c-4887-b68f-2612502f20ec', '60c99dea-a118-4839-99eb-5de3ca41d5d4', 'loser');
insert into matches (id, show_id, match_number, match_type, stipulation, is_title_match, title_id, is_mitb, mitb_cashin, defeat_type, rating, is_draw) values ('c0a2097a-0b7e-48c8-8bb0-2cc292796b17', '4dfe824a-b0fd-4810-b2ed-7667f8822b60', 8, 'Tag Team', NULL, FALSE, NULL, NULL, FALSE, 'Pin', 4.0, FALSE);
insert into matches (id, show_id, match_number, match_type, stipulation, is_title_match, title_id, is_mitb, mitb_cashin, defeat_type, rating, is_draw) values ('376fc36b-d674-4305-905a-0fee09815eb2', '4dfe824a-b0fd-4810-b2ed-7667f8822b60', 9, 'Single', 'Ladder', FALSE, NULL, NULL, FALSE, 'Pin', 4.5, FALSE);
insert into match_participants (match_id, wrestler_id, result) values ('376fc36b-d674-4305-905a-0fee09815eb2', 'b2d0cb4c-4471-49a3-b524-544ce1bd95a1', 'winner');
insert into match_participants (match_id, wrestler_id, result) values ('376fc36b-d674-4305-905a-0fee09815eb2', '7d9945b2-59a0-4661-8206-198fec52bb2f', 'loser');
insert into shows (id, name, show_date, show_type, ppv_name) values ('27cba09b-bf85-43c4-be74-dd94636033ef', 'DAW 11-21-2022', '2022-11-21', 'weekly', NULL);
insert into matches (id, show_id, match_number, match_type, stipulation, is_title_match, title_id, is_mitb, mitb_cashin, defeat_type, rating, is_draw) values ('d6ed9c9f-6926-4db4-a509-93a7a0198ddc', '27cba09b-bf85-43c4-be74-dd94636033ef', 1, 'Tag Team', NULL, TRUE, '4091f18e-1fb8-441e-b708-1729cb0b0011', FALSE, FALSE, 'Pin', 4.0, FALSE);
insert into match_participants (match_id, team_id, result) values ('d6ed9c9f-6926-4db4-a509-93a7a0198ddc', '0c1be915-234d-4bb2-92ab-225e76d0c50c', 'winner');
insert into match_participants (match_id, team_id, result) values ('d6ed9c9f-6926-4db4-a509-93a7a0198ddc', '326ddb77-a43c-4a2e-832e-258e8e55b621', 'loser');
insert into matches (id, show_id, match_number, match_type, stipulation, is_title_match, title_id, is_mitb, mitb_cashin, defeat_type, rating, is_draw) values ('93943096-3a79-4502-a93c-e00a891133fb', '27cba09b-bf85-43c4-be74-dd94636033ef', 2, 'Single', NULL, FALSE, NULL, NULL, FALSE, 'Pin', 3.5, FALSE);
insert into match_participants (match_id, wrestler_id, result) values ('93943096-3a79-4502-a93c-e00a891133fb', '360b60ab-b81e-4629-9440-452f85867fb8', 'loser');
insert into match_participants (match_id, wrestler_id, result) values ('93943096-3a79-4502-a93c-e00a891133fb', '9ea2e5bf-7957-4a33-97f9-647520fb7da4', 'winner');
insert into matches (id, show_id, match_number, match_type, stipulation, is_title_match, title_id, is_mitb, mitb_cashin, defeat_type, rating, is_draw) values ('f7a40351-39c6-4abb-95c6-2e527ef08e0a', '27cba09b-bf85-43c4-be74-dd94636033ef', 3, 'Single', 'TLC', TRUE, '5db4cd6b-6ebe-4a87-b7bb-017af3856766', FALSE, FALSE, 'Pin', 5.0, FALSE);
insert into match_participants (match_id, wrestler_id, result) values ('f7a40351-39c6-4abb-95c6-2e527ef08e0a', '004c7b59-d738-4718-a1f0-39aa22e8039d', 'winner');
insert into match_participants (match_id, wrestler_id, result) values ('f7a40351-39c6-4abb-95c6-2e527ef08e0a', 'cd5fa7e0-c982-449d-ab4f-cd0b33045715', 'loser');
insert into matches (id, show_id, match_number, match_type, stipulation, is_title_match, title_id, is_mitb, mitb_cashin, defeat_type, rating, is_draw) values ('6ffdb0b4-4e59-462f-b20c-495c07d5504d', '27cba09b-bf85-43c4-be74-dd94636033ef', 4, 'Tornado Tag Team', 'Cage Match', FALSE, NULL, NULL, FALSE, 'Pin', 2.0, FALSE);
insert into match_participants (match_id, team_id, result) values ('6ffdb0b4-4e59-462f-b20c-495c07d5504d', '83fd0ef7-a31d-432b-9a7c-594309de6c3f', 'winner');
insert into match_participants (match_id, team_id, result) values ('6ffdb0b4-4e59-462f-b20c-495c07d5504d', '68c622dc-e758-4f54-9c6b-cfa737db8028', 'loser');
insert into matches (id, show_id, match_number, match_type, stipulation, is_title_match, title_id, is_mitb, mitb_cashin, defeat_type, rating, is_draw) values ('bf85d870-11bb-4bad-82a3-8abf91b1ef52', '27cba09b-bf85-43c4-be74-dd94636033ef', 5, 'Fatal 4-Way', NULL, FALSE, NULL, NULL, FALSE, 'Pin', 3.5, FALSE);
insert into match_participants (match_id, wrestler_id, result) values ('bf85d870-11bb-4bad-82a3-8abf91b1ef52', '42e5e6d3-4be5-45d5-b4bd-73e02dd0a8fb', 'loser');
insert into match_participants (match_id, wrestler_id, result) values ('bf85d870-11bb-4bad-82a3-8abf91b1ef52', 'e0f39e94-2cd6-401d-999e-da74148714a2', 'winner');
insert into match_participants (match_id, wrestler_id, result) values ('bf85d870-11bb-4bad-82a3-8abf91b1ef52', '1c4de4fe-bbbe-420d-b18a-a70501b14a25', 'loser');
insert into match_participants (match_id, wrestler_id, result) values ('bf85d870-11bb-4bad-82a3-8abf91b1ef52', '507cf73c-cab4-4f96-adf0-fef2b3f3330b', 'loser');
insert into matches (id, show_id, match_number, match_type, stipulation, is_title_match, title_id, is_mitb, mitb_cashin, defeat_type, rating, is_draw) values ('6795f0c6-ad3c-41da-bab4-ecd009b3085f', '27cba09b-bf85-43c4-be74-dd94636033ef', 6, 'Single', NULL, FALSE, NULL, NULL, FALSE, 'Pin', 1.0, FALSE);
insert into match_participants (match_id, wrestler_id, result) values ('6795f0c6-ad3c-41da-bab4-ecd009b3085f', 'db9025f4-91c4-47e8-b3de-e3864852a4c8', 'loser');
insert into match_participants (match_id, wrestler_id, result) values ('6795f0c6-ad3c-41da-bab4-ecd009b3085f', '7ca7fd7b-2526-41ea-b143-cdd82f404014', 'winner');
insert into matches (id, show_id, match_number, match_type, stipulation, is_title_match, title_id, is_mitb, mitb_cashin, defeat_type, rating, is_draw) values ('a88cf20c-4408-4063-ac52-660361b0d85d', '27cba09b-bf85-43c4-be74-dd94636033ef', 7, 'Single', NULL, TRUE, '5d3e065c-43d1-41ee-8d24-e876f1e2b2a1', FALSE, FALSE, 'Pin', 4.0, FALSE);
insert into match_participants (match_id, wrestler_id, result) values ('a88cf20c-4408-4063-ac52-660361b0d85d', '45d6759a-e627-41e8-b142-68a6772440d1', 'loser');
insert into match_participants (match_id, wrestler_id, result) values ('a88cf20c-4408-4063-ac52-660361b0d85d', '24041ddc-d965-4815-8c45-c9f97a2ed2c1', 'winner');
insert into matches (id, show_id, match_number, match_type, stipulation, is_title_match, title_id, is_mitb, mitb_cashin, defeat_type, rating, is_draw) values ('ae6a2d45-ce15-4ed6-a7bc-9a3b66e89d99', '27cba09b-bf85-43c4-be74-dd94636033ef', 8, 'Tornado Tag Team', 'Extreme Rules', FALSE, NULL, NULL, FALSE, 'Pin', 3.0, FALSE);
insert into match_participants (match_id, team_id, result) values ('ae6a2d45-ce15-4ed6-a7bc-9a3b66e89d99', '20fda688-f421-4daf-af58-e45e899e9599', 'winner');
insert into match_participants (match_id, team_id, result) values ('ae6a2d45-ce15-4ed6-a7bc-9a3b66e89d99', '4ac6c974-2d00-4a65-a59f-2b750ca7b4fd', 'loser');
insert into matches (id, show_id, match_number, match_type, stipulation, is_title_match, title_id, is_mitb, mitb_cashin, defeat_type, rating, is_draw) values ('6e9140f5-2f87-47c6-8e84-8c6e7169ea7e', '27cba09b-bf85-43c4-be74-dd94636033ef', 9, 'Single', NULL, FALSE, NULL, NULL, FALSE, 'Pin', 4.0, FALSE);
insert into match_participants (match_id, wrestler_id, result) values ('6e9140f5-2f87-47c6-8e84-8c6e7169ea7e', '1fdbaeea-4dc7-41ff-9ce9-394d33e1ace4', 'winner');
insert into match_participants (match_id, wrestler_id, result) values ('6e9140f5-2f87-47c6-8e84-8c6e7169ea7e', '7d9945b2-59a0-4661-8206-198fec52bb2f', 'loser');
insert into matches (id, show_id, match_number, match_type, stipulation, is_title_match, title_id, is_mitb, mitb_cashin, defeat_type, rating, is_draw) values ('7a7aa1ef-62ae-44de-9251-f94493ce4c5f', '27cba09b-bf85-43c4-be74-dd94636033ef', 10, 'Battle Royale', NULL, FALSE, NULL, NULL, FALSE, 'Pin', 4.5, FALSE);
insert into match_participants (match_id, wrestler_id, result) values ('7a7aa1ef-62ae-44de-9251-f94493ce4c5f', '60c99dea-a118-4839-99eb-5de3ca41d5d4', 'loser');
insert into match_participants (match_id, wrestler_id, result) values ('7a7aa1ef-62ae-44de-9251-f94493ce4c5f', '25af8129-40ab-446b-b032-79fd524cf7ab', 'loser');
insert into match_participants (match_id, wrestler_id, result) values ('7a7aa1ef-62ae-44de-9251-f94493ce4c5f', '6744f55d-802e-4dc8-83da-df85f7d6e050', 'loser');
insert into match_participants (match_id, wrestler_id, result) values ('7a7aa1ef-62ae-44de-9251-f94493ce4c5f', '7e31c302-05ee-4325-989f-aefa74f76445', 'loser');
insert into match_participants (match_id, wrestler_id, result) values ('7a7aa1ef-62ae-44de-9251-f94493ce4c5f', '0072611a-281e-4de5-bf57-fbc9696651ec', 'loser');
insert into match_participants (match_id, wrestler_id, result) values ('7a7aa1ef-62ae-44de-9251-f94493ce4c5f', '31f9e94a-66c8-428d-9ae1-dc8ad7d4834f', 'winner');
insert into matches (id, show_id, match_number, match_type, stipulation, is_title_match, title_id, is_mitb, mitb_cashin, defeat_type, rating, is_draw) values ('b01420cd-d44d-4076-801c-532aa8efb792', '27cba09b-bf85-43c4-be74-dd94636033ef', 11, 'Single', NULL, TRUE, 'f3ec52c9-649b-48cb-aa37-da278fbd72df', FALSE, FALSE, 'Pin', 3.5, FALSE);
insert into match_participants (match_id, wrestler_id, result) values ('b01420cd-d44d-4076-801c-532aa8efb792', '122e2f4f-61c3-46f1-8de6-407a73f0712e', 'winner');
insert into matches (id, show_id, match_number, match_type, stipulation, is_title_match, title_id, is_mitb, mitb_cashin, defeat_type, rating, is_draw) values ('faa09bba-12f9-450a-9b29-8b752a62ad92', '27cba09b-bf85-43c4-be74-dd94636033ef', 12, 'Single', 'Extreme Rules', FALSE, NULL, NULL, FALSE, 'Pin', 3.5, FALSE);
insert into match_participants (match_id, wrestler_id, result) values ('faa09bba-12f9-450a-9b29-8b752a62ad92', 'fce02e68-03a4-4670-a5d4-a6790f4f92a1', 'winner');
insert into match_participants (match_id, wrestler_id, result) values ('faa09bba-12f9-450a-9b29-8b752a62ad92', '236dddd8-b6e3-4f50-9e8d-7b54fe489a20', 'loser');
insert into matches (id, show_id, match_number, match_type, stipulation, is_title_match, title_id, is_mitb, mitb_cashin, defeat_type, rating, is_draw) values ('894d2e7e-0fbd-42ee-af70-8545dcc5da07', '27cba09b-bf85-43c4-be74-dd94636033ef', 13, 'Single', NULL, TRUE, '02b0c038-accb-495b-8d6a-8891a7b51554', FALSE, FALSE, 'Pin', 4.0, FALSE);
insert into match_participants (match_id, wrestler_id, result) values ('894d2e7e-0fbd-42ee-af70-8545dcc5da07', 'b2d0cb4c-4471-49a3-b524-544ce1bd95a1', 'winner');
insert into match_participants (match_id, wrestler_id, result) values ('894d2e7e-0fbd-42ee-af70-8545dcc5da07', 'cce2403e-b550-4727-9b4c-e04012c77f31', 'loser');
insert into shows (id, name, show_date, show_type, ppv_name) values ('a6efff8b-d568-4dfc-a971-7de72c9c8fb2', 'DAW 12-02-2022', '2022-12-02', 'weekly', NULL);
insert into matches (id, show_id, match_number, match_type, stipulation, is_title_match, title_id, is_mitb, mitb_cashin, defeat_type, rating, is_draw) values ('b52c6e99-9661-4a9b-8867-60efd9f6573c', 'a6efff8b-d568-4dfc-a971-7de72c9c8fb2', 1, 'Tag Team', NULL, FALSE, NULL, NULL, FALSE, 'Pin', 2.0, FALSE);
insert into match_participants (match_id, team_id, result) values ('b52c6e99-9661-4a9b-8867-60efd9f6573c', '0c1be915-234d-4bb2-92ab-225e76d0c50c', 'loser');
insert into match_participants (match_id, team_id, result) values ('b52c6e99-9661-4a9b-8867-60efd9f6573c', '20fda688-f421-4daf-af58-e45e899e9599', 'winner');
insert into matches (id, show_id, match_number, match_type, stipulation, is_title_match, title_id, is_mitb, mitb_cashin, defeat_type, rating, is_draw) values ('960c37d5-d81e-4286-a02e-79a6d9e8a7e8', 'a6efff8b-d568-4dfc-a971-7de72c9c8fb2', 2, 'Fatal 4-Way', NULL, FALSE, NULL, NULL, FALSE, 'Pin', 3.5, FALSE);
insert into match_participants (match_id, wrestler_id, result) values ('960c37d5-d81e-4286-a02e-79a6d9e8a7e8', '507cf73c-cab4-4f96-adf0-fef2b3f3330b', 'loser');
insert into match_participants (match_id, wrestler_id, result) values ('960c37d5-d81e-4286-a02e-79a6d9e8a7e8', '42e5e6d3-4be5-45d5-b4bd-73e02dd0a8fb', 'winner');
insert into match_participants (match_id, wrestler_id, result) values ('960c37d5-d81e-4286-a02e-79a6d9e8a7e8', '7d9945b2-59a0-4661-8206-198fec52bb2f', 'loser');
insert into match_participants (match_id, wrestler_id, result) values ('960c37d5-d81e-4286-a02e-79a6d9e8a7e8', 'db9025f4-91c4-47e8-b3de-e3864852a4c8', 'loser');
insert into matches (id, show_id, match_number, match_type, stipulation, is_title_match, title_id, is_mitb, mitb_cashin, defeat_type, rating, is_draw) values ('dfa657d8-1eff-4a59-9e11-6804d19d9ce9', 'a6efff8b-d568-4dfc-a971-7de72c9c8fb2', 3, 'Single', NULL, FALSE, NULL, NULL, FALSE, 'Pin', 4.0, FALSE);
insert into match_participants (match_id, wrestler_id, result) values ('dfa657d8-1eff-4a59-9e11-6804d19d9ce9', 'cd5fa7e0-c982-449d-ab4f-cd0b33045715', 'loser');
insert into match_participants (match_id, wrestler_id, result) values ('dfa657d8-1eff-4a59-9e11-6804d19d9ce9', '1fdbaeea-4dc7-41ff-9ce9-394d33e1ace4', 'winner');
insert into matches (id, show_id, match_number, match_type, stipulation, is_title_match, title_id, is_mitb, mitb_cashin, defeat_type, rating, is_draw) values ('e4d9b10b-8bb6-4a1e-aec6-3e997cb1af1e', 'a6efff8b-d568-4dfc-a971-7de72c9c8fb2', 4, 'Single', NULL, FALSE, NULL, NULL, FALSE, 'Pin', 4.0, FALSE);
insert into match_participants (match_id, wrestler_id, result) values ('e4d9b10b-8bb6-4a1e-aec6-3e997cb1af1e', '31f9e94a-66c8-428d-9ae1-dc8ad7d4834f', 'winner');
insert into match_participants (match_id, wrestler_id, result) values ('e4d9b10b-8bb6-4a1e-aec6-3e997cb1af1e', '24041ddc-d965-4815-8c45-c9f97a2ed2c1', 'loser');
insert into matches (id, show_id, match_number, match_type, stipulation, is_title_match, title_id, is_mitb, mitb_cashin, defeat_type, rating, is_draw) values ('4ad5aa6f-7ff9-4433-92f7-a2939184e026', 'a6efff8b-d568-4dfc-a971-7de72c9c8fb2', 5, 'Tag Team', NULL, FALSE, NULL, NULL, FALSE, 'Pin', 4.5, FALSE);
insert into match_participants (match_id, team_id, result) values ('4ad5aa6f-7ff9-4433-92f7-a2939184e026', '68c622dc-e758-4f54-9c6b-cfa737db8028', 'loser');
insert into match_participants (match_id, team_id, result) values ('4ad5aa6f-7ff9-4433-92f7-a2939184e026', '83fd0ef7-a31d-432b-9a7c-594309de6c3f', 'winner');
insert into matches (id, show_id, match_number, match_type, stipulation, is_title_match, title_id, is_mitb, mitb_cashin, defeat_type, rating, is_draw) values ('ec53eaa8-3660-4198-baa0-a20ce3c6e1f2', 'a6efff8b-d568-4dfc-a971-7de72c9c8fb2', 6, 'Triple Threat', NULL, FALSE, NULL, NULL, FALSE, 'Pin', 3.5, FALSE);
insert into match_participants (match_id, wrestler_id, result) values ('ec53eaa8-3660-4198-baa0-a20ce3c6e1f2', 'bc93b973-151b-48ca-8d75-8f6c220a0d31', 'winner');
insert into match_participants (match_id, wrestler_id, result) values ('ec53eaa8-3660-4198-baa0-a20ce3c6e1f2', '45d6759a-e627-41e8-b142-68a6772440d1', 'loser');
insert into match_participants (match_id, wrestler_id, result) values ('ec53eaa8-3660-4198-baa0-a20ce3c6e1f2', '60c99dea-a118-4839-99eb-5de3ca41d5d4', 'loser');
insert into matches (id, show_id, match_number, match_type, stipulation, is_title_match, title_id, is_mitb, mitb_cashin, defeat_type, rating, is_draw) values ('0134a7fc-672b-45e4-b674-d04bb00319cf', 'a6efff8b-d568-4dfc-a971-7de72c9c8fb2', 7, 'Single', NULL, FALSE, NULL, NULL, FALSE, 'Pin', 3.0, FALSE);
insert into match_participants (match_id, wrestler_id, result) values ('0134a7fc-672b-45e4-b674-d04bb00319cf', 'c582c07c-786b-4687-9aeb-b0431edfb330', 'winner');
insert into match_participants (match_id, wrestler_id, result) values ('0134a7fc-672b-45e4-b674-d04bb00319cf', '004c7b59-d738-4718-a1f0-39aa22e8039d', 'loser');
insert into matches (id, show_id, match_number, match_type, stipulation, is_title_match, title_id, is_mitb, mitb_cashin, defeat_type, rating, is_draw) values ('71916ef0-232a-4421-adfc-d09e759b395a', 'a6efff8b-d568-4dfc-a971-7de72c9c8fb2', 8, 'Single', NULL, FALSE, NULL, NULL, FALSE, 'Pin', 5.0, FALSE);
insert into match_participants (match_id, wrestler_id, result) values ('71916ef0-232a-4421-adfc-d09e759b395a', '122e2f4f-61c3-46f1-8de6-407a73f0712e', 'winner');
insert into match_participants (match_id, wrestler_id, result) values ('71916ef0-232a-4421-adfc-d09e759b395a', '7e31c302-05ee-4325-989f-aefa74f76445', 'loser');
insert into matches (id, show_id, match_number, match_type, stipulation, is_title_match, title_id, is_mitb, mitb_cashin, defeat_type, rating, is_draw) values ('7b18e4af-544d-4aae-935e-545cb2517114', 'a6efff8b-d568-4dfc-a971-7de72c9c8fb2', 9, 'Single', NULL, FALSE, NULL, NULL, FALSE, 'Pin', 4.0, FALSE);
insert into match_participants (match_id, wrestler_id, result) values ('7b18e4af-544d-4aae-935e-545cb2517114', 'b2d0cb4c-4471-49a3-b524-544ce1bd95a1', 'loser');
insert into match_participants (match_id, wrestler_id, result) values ('7b18e4af-544d-4aae-935e-545cb2517114', 'fce02e68-03a4-4670-a5d4-a6790f4f92a1', 'winner');
insert into matches (id, show_id, match_number, match_type, stipulation, is_title_match, title_id, is_mitb, mitb_cashin, defeat_type, rating, is_draw) values ('5b517ace-f3e6-47fd-ae4f-5cdf21c5914f', 'a6efff8b-d568-4dfc-a971-7de72c9c8fb2', 10, 'Single', 'Mr MitB Cash-In', TRUE, '02b0c038-accb-495b-8d6a-8891a7b51554', FALSE, FALSE, 'Pin', 4.0, FALSE);
insert into match_participants (match_id, wrestler_id, result) values ('5b517ace-f3e6-47fd-ae4f-5cdf21c5914f', '7ca7fd7b-2526-41ea-b143-cdd82f404014', 'winner');
insert into match_participants (match_id, wrestler_id, result) values ('5b517ace-f3e6-47fd-ae4f-5cdf21c5914f', 'b2d0cb4c-4471-49a3-b524-544ce1bd95a1', 'loser');
insert into matches (id, show_id, match_number, match_type, stipulation, is_title_match, title_id, is_mitb, mitb_cashin, defeat_type, rating, is_draw) values ('f1c4be8e-afc6-468c-85ea-e164e400e978', 'a6efff8b-d568-4dfc-a971-7de72c9c8fb2', 10, 'Single', NULL, TRUE, 'b25e7259-f027-4be1-a39e-0e956b9d538d', TRUE, FALSE, 'No Contest', 3.0, FALSE);
insert into match_participants (match_id, wrestler_id, result) values ('f1c4be8e-afc6-468c-85ea-e164e400e978', '7ca7fd7b-2526-41ea-b143-cdd82f404014', 'loser');
insert into match_participants (match_id, team_id, result) values ('f1c4be8e-afc6-468c-85ea-e164e400e978', '77ab10d7-12a7-48ea-b6c1-e09e4e455b7d', 'winner');
insert into shows (id, name, show_date, show_type, ppv_name) values ('13dfb413-026f-4091-9f1e-e6921693efdc', 'DAW 12-09-2022', '2022-12-09', 'weekly', NULL);
insert into matches (id, show_id, match_number, match_type, stipulation, is_title_match, title_id, is_mitb, mitb_cashin, defeat_type, rating, is_draw) values ('325c4e3c-4ac6-4269-9b84-df78d530cab9', '13dfb413-026f-4091-9f1e-e6921693efdc', 1, 'Tag Team', NULL, FALSE, NULL, NULL, FALSE, 'Pin', 4.0, FALSE);
insert into match_participants (match_id, team_id, result) values ('325c4e3c-4ac6-4269-9b84-df78d530cab9', '83fd0ef7-a31d-432b-9a7c-594309de6c3f', 'winner');
insert into match_participants (match_id, team_id, result) values ('325c4e3c-4ac6-4269-9b84-df78d530cab9', '4ac6c974-2d00-4a65-a59f-2b750ca7b4fd', 'loser');
insert into matches (id, show_id, match_number, match_type, stipulation, is_title_match, title_id, is_mitb, mitb_cashin, defeat_type, rating, is_draw) values ('e15c154f-6187-4c00-8c0b-e57ef7e4a5dc', '13dfb413-026f-4091-9f1e-e6921693efdc', 2, 'Single', NULL, FALSE, NULL, NULL, FALSE, 'DQ', 1.0, FALSE);
insert into match_participants (match_id, wrestler_id, result) values ('e15c154f-6187-4c00-8c0b-e57ef7e4a5dc', '23e929ba-5eab-44b6-90a5-3aeee22f283e', 'loser');
insert into match_participants (match_id, wrestler_id, result) values ('e15c154f-6187-4c00-8c0b-e57ef7e4a5dc', 'dd421a18-834c-46a2-92a8-47b1c1ebc493', 'winner');
insert into matches (id, show_id, match_number, match_type, stipulation, is_title_match, title_id, is_mitb, mitb_cashin, defeat_type, rating, is_draw) values ('b00dcfd1-6b7d-4ac3-9a54-4b0fe9b35676', '13dfb413-026f-4091-9f1e-e6921693efdc', 3, 'Triple Threat', 'Trash Day Invite', FALSE, NULL, NULL, FALSE, 'Pin', 4.5, FALSE);
insert into match_participants (match_id, wrestler_id, result) values ('b00dcfd1-6b7d-4ac3-9a54-4b0fe9b35676', 'ad63b3fd-9de8-4398-a085-7cc8f264589e', 'loser');
insert into match_participants (match_id, wrestler_id, result) values ('b00dcfd1-6b7d-4ac3-9a54-4b0fe9b35676', 'fce02e68-03a4-4670-a5d4-a6790f4f92a1', 'winner');
insert into match_participants (match_id, wrestler_id, result) values ('b00dcfd1-6b7d-4ac3-9a54-4b0fe9b35676', 'cd5fa7e0-c982-449d-ab4f-cd0b33045715', 'loser');
insert into matches (id, show_id, match_number, match_type, stipulation, is_title_match, title_id, is_mitb, mitb_cashin, defeat_type, rating, is_draw) values ('c34aba31-d88d-4676-b3f6-dbffa636f867', '13dfb413-026f-4091-9f1e-e6921693efdc', 4, 'Single', NULL, FALSE, NULL, NULL, FALSE, 'Sub', 3.5, FALSE);
insert into match_participants (match_id, wrestler_id, result) values ('c34aba31-d88d-4676-b3f6-dbffa636f867', '236dddd8-b6e3-4f50-9e8d-7b54fe489a20', 'loser');
insert into match_participants (match_id, wrestler_id, result) values ('c34aba31-d88d-4676-b3f6-dbffa636f867', 'c582c07c-786b-4687-9aeb-b0431edfb330', 'winner');
insert into matches (id, show_id, match_number, match_type, stipulation, is_title_match, title_id, is_mitb, mitb_cashin, defeat_type, rating, is_draw) values ('e68a45ac-ce6c-48d7-b412-8775f73b977a', '13dfb413-026f-4091-9f1e-e6921693efdc', 5, 'Fatal 4-Way', NULL, FALSE, NULL, NULL, FALSE, 'Pin', 4.0, FALSE);
insert into match_participants (match_id, wrestler_id, result) values ('e68a45ac-ce6c-48d7-b412-8775f73b977a', '0d2420e5-4511-44a9-8d66-a70eef1ce8d4', 'winner');
insert into match_participants (match_id, wrestler_id, result) values ('e68a45ac-ce6c-48d7-b412-8775f73b977a', '45d6759a-e627-41e8-b142-68a6772440d1', 'loser');
insert into match_participants (match_id, wrestler_id, result) values ('e68a45ac-ce6c-48d7-b412-8775f73b977a', '60c99dea-a118-4839-99eb-5de3ca41d5d4', 'loser');
insert into match_participants (match_id, wrestler_id, result) values ('e68a45ac-ce6c-48d7-b412-8775f73b977a', '0072611a-281e-4de5-bf57-fbc9696651ec', 'loser');
insert into matches (id, show_id, match_number, match_type, stipulation, is_title_match, title_id, is_mitb, mitb_cashin, defeat_type, rating, is_draw) values ('3e7f6cc3-15a7-4c07-9cac-380d91cc936a', '13dfb413-026f-4091-9f1e-e6921693efdc', 6, 'Triple Threat', NULL, FALSE, NULL, NULL, FALSE, 'Pin', 3.5, FALSE);
insert into match_participants (match_id, wrestler_id, result) values ('3e7f6cc3-15a7-4c07-9cac-380d91cc936a', '1fdbaeea-4dc7-41ff-9ce9-394d33e1ace4', 'winner');
insert into match_participants (match_id, wrestler_id, result) values ('3e7f6cc3-15a7-4c07-9cac-380d91cc936a', '004c7b59-d738-4718-a1f0-39aa22e8039d', 'loser');
insert into match_participants (match_id, wrestler_id, result) values ('3e7f6cc3-15a7-4c07-9cac-380d91cc936a', '42e5e6d3-4be5-45d5-b4bd-73e02dd0a8fb', 'loser');
insert into matches (id, show_id, match_number, match_type, stipulation, is_title_match, title_id, is_mitb, mitb_cashin, defeat_type, rating, is_draw) values ('e7190c82-3582-487f-a829-0b4cbb291c0d', '13dfb413-026f-4091-9f1e-e6921693efdc', 7, 'Handicap Tag Team', NULL, FALSE, NULL, NULL, FALSE, 'Pin', 4.0, FALSE);
insert into match_participants (match_id, wrestler_id, result) values ('e7190c82-3582-487f-a829-0b4cbb291c0d', 'bc93b973-151b-48ca-8d75-8f6c220a0d31', 'loser');
insert into matches (id, show_id, match_number, match_type, stipulation, is_title_match, title_id, is_mitb, mitb_cashin, defeat_type, rating, is_draw) values ('9d69e945-ff37-46bb-997b-55a43eeee128', '13dfb413-026f-4091-9f1e-e6921693efdc', 8, 'Triple Threat', NULL, FALSE, NULL, NULL, FALSE, 'Pin', 3.5, FALSE);
insert into match_participants (match_id, wrestler_id, result) values ('9d69e945-ff37-46bb-997b-55a43eeee128', '122e2f4f-61c3-46f1-8de6-407a73f0712e', 'loser');
insert into match_participants (match_id, wrestler_id, result) values ('9d69e945-ff37-46bb-997b-55a43eeee128', '7e31c302-05ee-4325-989f-aefa74f76445', 'loser');
insert into match_participants (match_id, wrestler_id, result) values ('9d69e945-ff37-46bb-997b-55a43eeee128', '31f9e94a-66c8-428d-9ae1-dc8ad7d4834f', 'winner');
insert into matches (id, show_id, match_number, match_type, stipulation, is_title_match, title_id, is_mitb, mitb_cashin, defeat_type, rating, is_draw) values ('9734e0b8-737d-4a09-b1b8-d9c2f1352e19', '13dfb413-026f-4091-9f1e-e6921693efdc', 9, 'Single', NULL, FALSE, NULL, NULL, FALSE, 'Pin', 3.0, FALSE);
insert into match_participants (match_id, wrestler_id, result) values ('9734e0b8-737d-4a09-b1b8-d9c2f1352e19', '7d9945b2-59a0-4661-8206-198fec52bb2f', 'loser');
insert into match_participants (match_id, wrestler_id, result) values ('9734e0b8-737d-4a09-b1b8-d9c2f1352e19', '7ca7fd7b-2526-41ea-b143-cdd82f404014', 'winner');
insert into shows (id, name, show_date, show_type, ppv_name) values ('adc3055b-59af-4ea7-b2d0-5a1cf3a1f19a', 'DAW 12-16-2022', '2022-12-16', 'weekly', NULL);
insert into matches (id, show_id, match_number, match_type, stipulation, is_title_match, title_id, is_mitb, mitb_cashin, defeat_type, rating, is_draw) values ('a8d34815-3fe3-40f9-a47a-8c4f88b75eb1', 'adc3055b-59af-4ea7-b2d0-5a1cf3a1f19a', 1, 'Tag Team', NULL, FALSE, NULL, NULL, FALSE, 'Pin', 3.5, FALSE);
insert into match_participants (match_id, team_id, result) values ('a8d34815-3fe3-40f9-a47a-8c4f88b75eb1', '8dd02369-5443-418b-94d5-1970756968ba', 'loser');
insert into matches (id, show_id, match_number, match_type, stipulation, is_title_match, title_id, is_mitb, mitb_cashin, defeat_type, rating, is_draw) values ('7d8cd0e6-ad4d-4e63-bd76-90680669d2cb', 'adc3055b-59af-4ea7-b2d0-5a1cf3a1f19a', 2, 'Single', NULL, FALSE, NULL, NULL, FALSE, 'Pin', 3.0, FALSE);
insert into match_participants (match_id, wrestler_id, result) values ('7d8cd0e6-ad4d-4e63-bd76-90680669d2cb', 'ad63b3fd-9de8-4398-a085-7cc8f264589e', 'loser');
insert into match_participants (match_id, wrestler_id, result) values ('7d8cd0e6-ad4d-4e63-bd76-90680669d2cb', 'fce02e68-03a4-4670-a5d4-a6790f4f92a1', 'winner');
insert into matches (id, show_id, match_number, match_type, stipulation, is_title_match, title_id, is_mitb, mitb_cashin, defeat_type, rating, is_draw) values ('812c9881-c8ce-4efe-bcc3-892e90a9a8d2', 'adc3055b-59af-4ea7-b2d0-5a1cf3a1f19a', 3, 'Single', NULL, FALSE, NULL, NULL, FALSE, 'Pin', 3.0, FALSE);
insert into match_participants (match_id, wrestler_id, result) values ('812c9881-c8ce-4efe-bcc3-892e90a9a8d2', '0d2420e5-4511-44a9-8d66-a70eef1ce8d4', 'loser');
insert into match_participants (match_id, wrestler_id, result) values ('812c9881-c8ce-4efe-bcc3-892e90a9a8d2', '45d6759a-e627-41e8-b142-68a6772440d1', 'winner');
insert into matches (id, show_id, match_number, match_type, stipulation, is_title_match, title_id, is_mitb, mitb_cashin, defeat_type, rating, is_draw) values ('0ebb2ab1-6ba1-4085-9d21-f0eae74e05ea', 'adc3055b-59af-4ea7-b2d0-5a1cf3a1f19a', 4, 'Triple Threat', NULL, FALSE, NULL, NULL, FALSE, 'Pin', 4.0, FALSE);
insert into match_participants (match_id, wrestler_id, result) values ('0ebb2ab1-6ba1-4085-9d21-f0eae74e05ea', '236dddd8-b6e3-4f50-9e8d-7b54fe489a20', 'loser');
insert into match_participants (match_id, wrestler_id, result) values ('0ebb2ab1-6ba1-4085-9d21-f0eae74e05ea', '360b60ab-b81e-4629-9440-452f85867fb8', 'loser');
insert into match_participants (match_id, wrestler_id, result) values ('0ebb2ab1-6ba1-4085-9d21-f0eae74e05ea', 'fe2b910f-9821-448e-928d-da0ba9221a8e', 'winner');
insert into matches (id, show_id, match_number, match_type, stipulation, is_title_match, title_id, is_mitb, mitb_cashin, defeat_type, rating, is_draw) values ('8aae274b-b938-4881-9442-435e35268b60', 'adc3055b-59af-4ea7-b2d0-5a1cf3a1f19a', 5, 'Single', NULL, FALSE, NULL, NULL, FALSE, 'Pin', 4.0, FALSE);
insert into match_participants (match_id, wrestler_id, result) values ('8aae274b-b938-4881-9442-435e35268b60', '1fdbaeea-4dc7-41ff-9ce9-394d33e1ace4', 'loser');
insert into match_participants (match_id, wrestler_id, result) values ('8aae274b-b938-4881-9442-435e35268b60', 'c582c07c-786b-4687-9aeb-b0431edfb330', 'winner');
insert into matches (id, show_id, match_number, match_type, stipulation, is_title_match, title_id, is_mitb, mitb_cashin, defeat_type, rating, is_draw) values ('6b654b9b-ee08-48f5-bb6b-f2ef0bc1b901', 'adc3055b-59af-4ea7-b2d0-5a1cf3a1f19a', 6, 'Single', NULL, FALSE, NULL, NULL, FALSE, 'Pin', 3.5, FALSE);
insert into match_participants (match_id, wrestler_id, result) values ('6b654b9b-ee08-48f5-bb6b-f2ef0bc1b901', '31f9e94a-66c8-428d-9ae1-dc8ad7d4834f', 'loser');
insert into match_participants (match_id, wrestler_id, result) values ('6b654b9b-ee08-48f5-bb6b-f2ef0bc1b901', '7e31c302-05ee-4325-989f-aefa74f76445', 'winner');
insert into matches (id, show_id, match_number, match_type, stipulation, is_title_match, title_id, is_mitb, mitb_cashin, defeat_type, rating, is_draw) values ('8c6de575-44f7-4aa7-b0d6-4a5731f8e4d4', 'adc3055b-59af-4ea7-b2d0-5a1cf3a1f19a', 7, 'Handicap (1v3)', NULL, FALSE, NULL, NULL, FALSE, 'Pin', 5.0, FALSE);
insert into match_participants (match_id, wrestler_id, result) values ('8c6de575-44f7-4aa7-b0d6-4a5731f8e4d4', '7ca7fd7b-2526-41ea-b143-cdd82f404014', 'loser');
insert into match_participants (match_id, team_id, result) values ('8c6de575-44f7-4aa7-b0d6-4a5731f8e4d4', '851cd315-9431-48a4-aa8a-acca45ae40c2', 'winner');
insert into matches (id, show_id, match_number, match_type, stipulation, is_title_match, title_id, is_mitb, mitb_cashin, defeat_type, rating, is_draw) values ('38a4b4f1-a2a2-473e-a232-70001f161f14', 'adc3055b-59af-4ea7-b2d0-5a1cf3a1f19a', 8, 'Fatal 4-Way', NULL, FALSE, NULL, NULL, FALSE, 'Pin', 3.5, FALSE);
insert into match_participants (match_id, wrestler_id, result) values ('38a4b4f1-a2a2-473e-a232-70001f161f14', '8b45127b-9c83-4169-a3e3-fd142b88754c', 'loser');
insert into match_participants (match_id, wrestler_id, result) values ('38a4b4f1-a2a2-473e-a232-70001f161f14', '070ef826-51e2-44ff-b14f-c0c821af8fd4', 'loser');
insert into match_participants (match_id, wrestler_id, result) values ('38a4b4f1-a2a2-473e-a232-70001f161f14', '07687962-07c0-46b6-9541-2d8b60e3c2c1', 'winner');
insert into match_participants (match_id, wrestler_id, result) values ('38a4b4f1-a2a2-473e-a232-70001f161f14', '43cf1a50-987d-4c83-a79c-32af2e1748bc', 'loser');
insert into matches (id, show_id, match_number, match_type, stipulation, is_title_match, title_id, is_mitb, mitb_cashin, defeat_type, rating, is_draw) values ('19bd23ba-0643-486e-8c21-082c4fd78192', 'adc3055b-59af-4ea7-b2d0-5a1cf3a1f19a', 9, 'Single', 'No DQ', FALSE, NULL, NULL, FALSE, 'Pin', 4.5, FALSE);
insert into match_participants (match_id, wrestler_id, result) values ('19bd23ba-0643-486e-8c21-082c4fd78192', '23e929ba-5eab-44b6-90a5-3aeee22f283e', 'loser');
insert into match_participants (match_id, wrestler_id, result) values ('19bd23ba-0643-486e-8c21-082c4fd78192', 'dd421a18-834c-46a2-92a8-47b1c1ebc493', 'winner');
insert into shows (id, name, show_date, show_type, ppv_name) values ('7e8721e8-214c-4752-86f1-8b879528e93e', 'DAW 12-23-2022', '2022-12-23', 'weekly', NULL);
insert into matches (id, show_id, match_number, match_type, stipulation, is_title_match, title_id, is_mitb, mitb_cashin, defeat_type, rating, is_draw) values ('89037f2a-6aa6-4fe5-bc51-b80ad4899bcb', '7e8721e8-214c-4752-86f1-8b879528e93e', 1, 'Single', NULL, FALSE, NULL, NULL, FALSE, 'Pin', 4.0, FALSE);
insert into match_participants (match_id, wrestler_id, result) values ('89037f2a-6aa6-4fe5-bc51-b80ad4899bcb', '43dc0985-a4f7-4e9d-ada2-39dcef4511d4', 'loser');
insert into match_participants (match_id, wrestler_id, result) values ('89037f2a-6aa6-4fe5-bc51-b80ad4899bcb', '24041ddc-d965-4815-8c45-c9f97a2ed2c1', 'winner');
insert into matches (id, show_id, match_number, match_type, stipulation, is_title_match, title_id, is_mitb, mitb_cashin, defeat_type, rating, is_draw) values ('308c6cf7-db6c-4513-828c-65075979c421', '7e8721e8-214c-4752-86f1-8b879528e93e', 2, 'Tag Team', NULL, FALSE, NULL, NULL, FALSE, 'Pin', 3.5, FALSE);
insert into matches (id, show_id, match_number, match_type, stipulation, is_title_match, title_id, is_mitb, mitb_cashin, defeat_type, rating, is_draw) values ('85db2616-6a3d-4e5c-976f-c9d0228c93e2', '7e8721e8-214c-4752-86f1-8b879528e93e', 3, 'Single', NULL, FALSE, NULL, NULL, FALSE, 'Pin', 3.0, FALSE);
insert into match_participants (match_id, wrestler_id, result) values ('85db2616-6a3d-4e5c-976f-c9d0228c93e2', 'ad63b3fd-9de8-4398-a085-7cc8f264589e', 'loser');
insert into match_participants (match_id, wrestler_id, result) values ('85db2616-6a3d-4e5c-976f-c9d0228c93e2', '1c4de4fe-bbbe-420d-b18a-a70501b14a25', 'winner');
insert into matches (id, show_id, match_number, match_type, stipulation, is_title_match, title_id, is_mitb, mitb_cashin, defeat_type, rating, is_draw) values ('00e91c9f-3bf6-434f-9728-e17e16769851', '7e8721e8-214c-4752-86f1-8b879528e93e', 4, 'Single', NULL, FALSE, NULL, NULL, FALSE, 'Pin', 3.5, FALSE);
insert into match_participants (match_id, wrestler_id, result) values ('00e91c9f-3bf6-434f-9728-e17e16769851', '60c99dea-a118-4839-99eb-5de3ca41d5d4', 'winner');
insert into match_participants (match_id, wrestler_id, result) values ('00e91c9f-3bf6-434f-9728-e17e16769851', '25af8129-40ab-446b-b032-79fd524cf7ab', 'loser');
insert into matches (id, show_id, match_number, match_type, stipulation, is_title_match, title_id, is_mitb, mitb_cashin, defeat_type, rating, is_draw) values ('2ae9a2c3-65ee-4c62-865b-6552b4bac7f4', '7e8721e8-214c-4752-86f1-8b879528e93e', 5, 'Tag Team', 'Extreme Rules', FALSE, NULL, NULL, FALSE, 'Pin', 3.5, FALSE);
insert into match_participants (match_id, team_id, result) values ('2ae9a2c3-65ee-4c62-865b-6552b4bac7f4', '4ac6c974-2d00-4a65-a59f-2b750ca7b4fd', 'loser');
insert into match_participants (match_id, team_id, result) values ('2ae9a2c3-65ee-4c62-865b-6552b4bac7f4', '0c1be915-234d-4bb2-92ab-225e76d0c50c', 'winner');
insert into matches (id, show_id, match_number, match_type, stipulation, is_title_match, title_id, is_mitb, mitb_cashin, defeat_type, rating, is_draw) values ('8f9b52a2-70e8-4968-a7d2-7e68a77ff762', '7e8721e8-214c-4752-86f1-8b879528e93e', 6, 'Single', NULL, FALSE, NULL, NULL, FALSE, 'Pin', 3.0, FALSE);
insert into match_participants (match_id, wrestler_id, result) values ('8f9b52a2-70e8-4968-a7d2-7e68a77ff762', 'fe2b910f-9821-448e-928d-da0ba9221a8e', 'loser');
insert into match_participants (match_id, wrestler_id, result) values ('8f9b52a2-70e8-4968-a7d2-7e68a77ff762', '236dddd8-b6e3-4f50-9e8d-7b54fe489a20', 'winner');
insert into matches (id, show_id, match_number, match_type, stipulation, is_title_match, title_id, is_mitb, mitb_cashin, defeat_type, rating, is_draw) values ('13cf5df6-102c-4464-8f81-2ac030fa95c6', '7e8721e8-214c-4752-86f1-8b879528e93e', 7, 'Triple Threat', NULL, FALSE, NULL, NULL, FALSE, 'Pin', 4.0, FALSE);
insert into match_participants (match_id, wrestler_id, result) values ('13cf5df6-102c-4464-8f81-2ac030fa95c6', '7e31c302-05ee-4325-989f-aefa74f76445', 'loser');
insert into match_participants (match_id, wrestler_id, result) values ('13cf5df6-102c-4464-8f81-2ac030fa95c6', '0072611a-281e-4de5-bf57-fbc9696651ec', 'winner');
insert into match_participants (match_id, wrestler_id, result) values ('13cf5df6-102c-4464-8f81-2ac030fa95c6', '45d6759a-e627-41e8-b142-68a6772440d1', 'loser');
insert into matches (id, show_id, match_number, match_type, stipulation, is_title_match, title_id, is_mitb, mitb_cashin, defeat_type, rating, is_draw) values ('5241d1fe-e848-4940-957d-b60c3b6e84ad', '7e8721e8-214c-4752-86f1-8b879528e93e', 8, 'Battle Royale', NULL, FALSE, NULL, NULL, FALSE, 'Pin', 3.5, FALSE);
insert into match_participants (match_id, wrestler_id, result) values ('5241d1fe-e848-4940-957d-b60c3b6e84ad', 'db9025f4-91c4-47e8-b3de-e3864852a4c8', 'loser');
insert into match_participants (match_id, wrestler_id, result) values ('5241d1fe-e848-4940-957d-b60c3b6e84ad', '42e5e6d3-4be5-45d5-b4bd-73e02dd0a8fb', 'loser');
insert into match_participants (match_id, wrestler_id, result) values ('5241d1fe-e848-4940-957d-b60c3b6e84ad', '1fdbaeea-4dc7-41ff-9ce9-394d33e1ace4', 'loser');
insert into match_participants (match_id, wrestler_id, result) values ('5241d1fe-e848-4940-957d-b60c3b6e84ad', 'fce02e68-03a4-4670-a5d4-a6790f4f92a1', 'winner');
insert into match_participants (match_id, wrestler_id, result) values ('5241d1fe-e848-4940-957d-b60c3b6e84ad', 'cd5fa7e0-c982-449d-ab4f-cd0b33045715', 'loser');
insert into match_participants (match_id, wrestler_id, result) values ('5241d1fe-e848-4940-957d-b60c3b6e84ad', '7d9945b2-59a0-4661-8206-198fec52bb2f', 'loser');
insert into match_participants (match_id, wrestler_id, result) values ('5241d1fe-e848-4940-957d-b60c3b6e84ad', '004c7b59-d738-4718-a1f0-39aa22e8039d', 'loser');
insert into match_participants (match_id, wrestler_id, result) values ('5241d1fe-e848-4940-957d-b60c3b6e84ad', 'c582c07c-786b-4687-9aeb-b0431edfb330', 'loser');
insert into matches (id, show_id, match_number, match_type, stipulation, is_title_match, title_id, is_mitb, mitb_cashin, defeat_type, rating, is_draw) values ('75ca4e93-6716-4cea-b445-89d99b626878', '7e8721e8-214c-4752-86f1-8b879528e93e', 9, 'Tag Team', NULL, FALSE, NULL, NULL, FALSE, 'Pin', 4.5, FALSE);
insert into match_participants (match_id, team_id, result) values ('75ca4e93-6716-4cea-b445-89d99b626878', '851cd315-9431-48a4-aa8a-acca45ae40c2', 'loser');
insert into shows (id, name, show_date, show_type, ppv_name) values ('ec46fa41-9bb0-431c-b3c3-4090622f5e10', 'DAW 12-30-2022', '2022-12-30', 'weekly', NULL);
insert into matches (id, show_id, match_number, match_type, stipulation, is_title_match, title_id, is_mitb, mitb_cashin, defeat_type, rating, is_draw) values ('58759e49-cd61-4c40-925a-9f078dd69c18', 'ec46fa41-9bb0-431c-b3c3-4090622f5e10', 1, 'Tag Team', 'Ladder', TRUE, '4091f18e-1fb8-441e-b708-1729cb0b0011', FALSE, FALSE, 'Pin', 3.5, FALSE);
insert into match_participants (match_id, team_id, result) values ('58759e49-cd61-4c40-925a-9f078dd69c18', '0c1be915-234d-4bb2-92ab-225e76d0c50c', 'winner');
insert into match_participants (match_id, team_id, result) values ('58759e49-cd61-4c40-925a-9f078dd69c18', '20fda688-f421-4daf-af58-e45e899e9599', 'loser');
insert into matches (id, show_id, match_number, match_type, stipulation, is_title_match, title_id, is_mitb, mitb_cashin, defeat_type, rating, is_draw) values ('67550d56-93c2-4376-839f-871ab3314e9d', 'ec46fa41-9bb0-431c-b3c3-4090622f5e10', 2, 'Single', NULL, FALSE, NULL, NULL, FALSE, 'Pin', 4.0, FALSE);
insert into match_participants (match_id, wrestler_id, result) values ('67550d56-93c2-4376-839f-871ab3314e9d', 'b89f6511-8a3d-4a13-a45a-f78ce4c5514a', 'winner');
insert into match_participants (match_id, wrestler_id, result) values ('67550d56-93c2-4376-839f-871ab3314e9d', 'ae2ce814-315f-41f0-ab99-eddf09a7d4c5', 'loser');
insert into matches (id, show_id, match_number, match_type, stipulation, is_title_match, title_id, is_mitb, mitb_cashin, defeat_type, rating, is_draw) values ('3cfad1b2-4e91-4cd2-9982-2500cfc60262', 'ec46fa41-9bb0-431c-b3c3-4090622f5e10', 3, 'Single', NULL, TRUE, '5db4cd6b-6ebe-4a87-b7bb-017af3856766', FALSE, FALSE, 'Pin', 4.0, FALSE);
insert into match_participants (match_id, wrestler_id, result) values ('3cfad1b2-4e91-4cd2-9982-2500cfc60262', 'c582c07c-786b-4687-9aeb-b0431edfb330', 'loser');
insert into match_participants (match_id, wrestler_id, result) values ('3cfad1b2-4e91-4cd2-9982-2500cfc60262', '004c7b59-d738-4718-a1f0-39aa22e8039d', 'winner');
insert into matches (id, show_id, match_number, match_type, stipulation, is_title_match, title_id, is_mitb, mitb_cashin, defeat_type, rating, is_draw) values ('0dba0686-d8f0-45ee-9b98-eb04e03f1f94', 'ec46fa41-9bb0-431c-b3c3-4090622f5e10', 4, 'Battle Royale', NULL, FALSE, NULL, NULL, FALSE, 'Pin', 4.5, FALSE);
insert into match_participants (match_id, wrestler_id, result) values ('0dba0686-d8f0-45ee-9b98-eb04e03f1f94', '7e31c302-05ee-4325-989f-aefa74f76445', 'winner');
insert into match_participants (match_id, wrestler_id, result) values ('0dba0686-d8f0-45ee-9b98-eb04e03f1f94', '45d6759a-e627-41e8-b142-68a6772440d1', 'loser');
insert into match_participants (match_id, wrestler_id, result) values ('0dba0686-d8f0-45ee-9b98-eb04e03f1f94', '6744f55d-802e-4dc8-83da-df85f7d6e050', 'loser');
insert into match_participants (match_id, wrestler_id, result) values ('0dba0686-d8f0-45ee-9b98-eb04e03f1f94', '0072611a-281e-4de5-bf57-fbc9696651ec', 'loser');
insert into match_participants (match_id, wrestler_id, result) values ('0dba0686-d8f0-45ee-9b98-eb04e03f1f94', '60c99dea-a118-4839-99eb-5de3ca41d5d4', 'loser');
insert into match_participants (match_id, wrestler_id, result) values ('0dba0686-d8f0-45ee-9b98-eb04e03f1f94', 'bc5ab7cb-bf3e-4cd8-9024-c4ba2631fec2', 'loser');
insert into matches (id, show_id, match_number, match_type, stipulation, is_title_match, title_id, is_mitb, mitb_cashin, defeat_type, rating, is_draw) values ('83c8c0b2-edc4-4a96-995e-f40656b716e0', 'ec46fa41-9bb0-431c-b3c3-4090622f5e10', 5, 'Single', NULL, TRUE, '5d3e065c-43d1-41ee-8d24-e876f1e2b2a1', FALSE, FALSE, 'Pin', 5.0, FALSE);
insert into match_participants (match_id, wrestler_id, result) values ('83c8c0b2-edc4-4a96-995e-f40656b716e0', 'bc93b973-151b-48ca-8d75-8f6c220a0d31', 'loser');
insert into match_participants (match_id, wrestler_id, result) values ('83c8c0b2-edc4-4a96-995e-f40656b716e0', '24041ddc-d965-4815-8c45-c9f97a2ed2c1', 'winner');
insert into matches (id, show_id, match_number, match_type, stipulation, is_title_match, title_id, is_mitb, mitb_cashin, defeat_type, rating, is_draw) values ('662919af-9b94-48e7-807c-eb0562e4e2f2', 'ec46fa41-9bb0-431c-b3c3-4090622f5e10', 6, 'Single', NULL, FALSE, NULL, NULL, FALSE, 'Pin', NULL, FALSE);
insert into match_participants (match_id, wrestler_id, result) values ('662919af-9b94-48e7-807c-eb0562e4e2f2', 'ad63b3fd-9de8-4398-a085-7cc8f264589e', 'winner');
insert into match_participants (match_id, wrestler_id, result) values ('662919af-9b94-48e7-807c-eb0562e4e2f2', 'fce02e68-03a4-4670-a5d4-a6790f4f92a1', 'loser');
insert into matches (id, show_id, match_number, match_type, stipulation, is_title_match, title_id, is_mitb, mitb_cashin, defeat_type, rating, is_draw) values ('1371dcea-872a-4856-9a6a-6200129b9f6c', 'ec46fa41-9bb0-431c-b3c3-4090622f5e10', 7, 'Tornado Tag Team', NULL, FALSE, NULL, NULL, FALSE, 'Pin', 4.0, FALSE);
insert into matches (id, show_id, match_number, match_type, stipulation, is_title_match, title_id, is_mitb, mitb_cashin, defeat_type, rating, is_draw) values ('f8c09313-a973-45ac-9fbb-a1523f6d4599', 'ec46fa41-9bb0-431c-b3c3-4090622f5e10', 8, 'Single', NULL, TRUE, 'f3ec52c9-649b-48cb-aa37-da278fbd72df', FALSE, FALSE, 'Pin', 4.0, FALSE);
insert into match_participants (match_id, wrestler_id, result) values ('f8c09313-a973-45ac-9fbb-a1523f6d4599', '31f9e94a-66c8-428d-9ae1-dc8ad7d4834f', 'loser');
insert into match_participants (match_id, wrestler_id, result) values ('f8c09313-a973-45ac-9fbb-a1523f6d4599', '122e2f4f-61c3-46f1-8de6-407a73f0712e', 'winner');
insert into matches (id, show_id, match_number, match_type, stipulation, is_title_match, title_id, is_mitb, mitb_cashin, defeat_type, rating, is_draw) values ('7b71ab78-acc0-483c-80b6-72567b31bf6e', 'ec46fa41-9bb0-431c-b3c3-4090622f5e10', 9, 'Single', NULL, FALSE, NULL, NULL, FALSE, 'Pin', 3.5, FALSE);
insert into match_participants (match_id, wrestler_id, result) values ('7b71ab78-acc0-483c-80b6-72567b31bf6e', 'f53c5be3-c66c-4d29-b281-5c0157203703', 'loser');
insert into match_participants (match_id, wrestler_id, result) values ('7b71ab78-acc0-483c-80b6-72567b31bf6e', '0d2420e5-4511-44a9-8d66-a70eef1ce8d4', 'winner');
insert into matches (id, show_id, match_number, match_type, stipulation, is_title_match, title_id, is_mitb, mitb_cashin, defeat_type, rating, is_draw) values ('538a28c8-55cc-4096-859c-d998eac0a6a6', 'ec46fa41-9bb0-431c-b3c3-4090622f5e10', 10, 'Single', NULL, FALSE, NULL, NULL, FALSE, 'Pin', 3.5, FALSE);
insert into match_participants (match_id, wrestler_id, result) values ('538a28c8-55cc-4096-859c-d998eac0a6a6', '236dddd8-b6e3-4f50-9e8d-7b54fe489a20', 'loser');
insert into match_participants (match_id, wrestler_id, result) values ('538a28c8-55cc-4096-859c-d998eac0a6a6', 'fe2b910f-9821-448e-928d-da0ba9221a8e', 'winner');
insert into matches (id, show_id, match_number, match_type, stipulation, is_title_match, title_id, is_mitb, mitb_cashin, defeat_type, rating, is_draw) values ('fbdb4757-7497-449b-9de6-d9e55f4fe2e0', 'ec46fa41-9bb0-431c-b3c3-4090622f5e10', 11, 'Single', NULL, TRUE, '02b0c038-accb-495b-8d6a-8891a7b51554', FALSE, FALSE, 'Pin', 4.5, FALSE);
insert into match_participants (match_id, wrestler_id, result) values ('fbdb4757-7497-449b-9de6-d9e55f4fe2e0', '7ca7fd7b-2526-41ea-b143-cdd82f404014', 'winner');
insert into match_participants (match_id, wrestler_id, result) values ('fbdb4757-7497-449b-9de6-d9e55f4fe2e0', 'b2d0cb4c-4471-49a3-b524-544ce1bd95a1', 'loser');
insert into matches (id, show_id, match_number, match_type, stipulation, is_title_match, title_id, is_mitb, mitb_cashin, defeat_type, rating, is_draw) values ('ea953076-4227-4984-97c3-24e1a05eff18', 'ec46fa41-9bb0-431c-b3c3-4090622f5e10', 12, 'Royal Rumble', 'PPV Invite', FALSE, NULL, NULL, FALSE, 'Pin', 5.0, FALSE);
insert into shows (id, name, show_date, show_type, ppv_name) values ('9b738a7c-44cc-4667-b72c-6d026e26014d', 'DAW 01-06-2023', '2023-01-06', 'weekly', NULL);
insert into matches (id, show_id, match_number, match_type, stipulation, is_title_match, title_id, is_mitb, mitb_cashin, defeat_type, rating, is_draw) values ('b1c07dfc-0322-462c-8cdd-03bb288b10c6', '9b738a7c-44cc-4667-b72c-6d026e26014d', 1, 'Tag Team', NULL, FALSE, NULL, NULL, FALSE, 'Pin', 2.5, FALSE);
insert into match_participants (match_id, team_id, result) values ('b1c07dfc-0322-462c-8cdd-03bb288b10c6', '0c1be915-234d-4bb2-92ab-225e76d0c50c', 'loser');
insert into match_participants (match_id, team_id, result) values ('b1c07dfc-0322-462c-8cdd-03bb288b10c6', '326ddb77-a43c-4a2e-832e-258e8e55b621', 'winner');
insert into matches (id, show_id, match_number, match_type, stipulation, is_title_match, title_id, is_mitb, mitb_cashin, defeat_type, rating, is_draw) values ('a2c07715-6c47-4c75-8436-8520b44be63e', '9b738a7c-44cc-4667-b72c-6d026e26014d', 2, 'Single', NULL, FALSE, NULL, NULL, FALSE, 'Pin', 3.5, FALSE);
insert into match_participants (match_id, wrestler_id, result) values ('a2c07715-6c47-4c75-8436-8520b44be63e', '45d6759a-e627-41e8-b142-68a6772440d1', 'winner');
insert into match_participants (match_id, wrestler_id, result) values ('a2c07715-6c47-4c75-8436-8520b44be63e', '24041ddc-d965-4815-8c45-c9f97a2ed2c1', 'loser');
insert into matches (id, show_id, match_number, match_type, stipulation, is_title_match, title_id, is_mitb, mitb_cashin, defeat_type, rating, is_draw) values ('afccf03b-8330-4256-af5d-0853254a1ce4', '9b738a7c-44cc-4667-b72c-6d026e26014d', 3, 'Single', NULL, FALSE, NULL, NULL, FALSE, 'Pin', 3.0, FALSE);
insert into match_participants (match_id, wrestler_id, result) values ('afccf03b-8330-4256-af5d-0853254a1ce4', '004c7b59-d738-4718-a1f0-39aa22e8039d', 'loser');
insert into match_participants (match_id, wrestler_id, result) values ('afccf03b-8330-4256-af5d-0853254a1ce4', 'ad63b3fd-9de8-4398-a085-7cc8f264589e', 'winner');
insert into matches (id, show_id, match_number, match_type, stipulation, is_title_match, title_id, is_mitb, mitb_cashin, defeat_type, rating, is_draw) values ('423062ef-9bd4-47f2-9764-4709a9bbb594', '9b738a7c-44cc-4667-b72c-6d026e26014d', 4, 'Fatal 4-Way', NULL, FALSE, NULL, NULL, FALSE, 'Pin', 4.0, FALSE);
insert into match_participants (match_id, wrestler_id, result) values ('423062ef-9bd4-47f2-9764-4709a9bbb594', 'b89f6511-8a3d-4a13-a45a-f78ce4c5514a', 'winner');
insert into match_participants (match_id, wrestler_id, result) values ('423062ef-9bd4-47f2-9764-4709a9bbb594', 'ae2ce814-315f-41f0-ab99-eddf09a7d4c5', 'loser');
insert into match_participants (match_id, wrestler_id, result) values ('423062ef-9bd4-47f2-9764-4709a9bbb594', '07687962-07c0-46b6-9541-2d8b60e3c2c1', 'loser');
insert into match_participants (match_id, wrestler_id, result) values ('423062ef-9bd4-47f2-9764-4709a9bbb594', '236dddd8-b6e3-4f50-9e8d-7b54fe489a20', 'loser');
insert into matches (id, show_id, match_number, match_type, stipulation, is_title_match, title_id, is_mitb, mitb_cashin, defeat_type, rating, is_draw) values ('405d9bed-7a29-4d02-963a-caa96f993a35', '9b738a7c-44cc-4667-b72c-6d026e26014d', 5, 'Single', NULL, FALSE, NULL, NULL, FALSE, 'Pin', 4.0, FALSE);
insert into match_participants (match_id, wrestler_id, result) values ('405d9bed-7a29-4d02-963a-caa96f993a35', '1fdbaeea-4dc7-41ff-9ce9-394d33e1ace4', 'loser');
insert into match_participants (match_id, wrestler_id, result) values ('405d9bed-7a29-4d02-963a-caa96f993a35', 'fce02e68-03a4-4670-a5d4-a6790f4f92a1', 'winner');
insert into matches (id, show_id, match_number, match_type, stipulation, is_title_match, title_id, is_mitb, mitb_cashin, defeat_type, rating, is_draw) values ('77b4e381-2e8f-4c84-87c2-34475aceb855', '9b738a7c-44cc-4667-b72c-6d026e26014d', 6, 'Tag Team', NULL, FALSE, NULL, NULL, FALSE, 'Pin', 3.5, FALSE);
insert into matches (id, show_id, match_number, match_type, stipulation, is_title_match, title_id, is_mitb, mitb_cashin, defeat_type, rating, is_draw) values ('76e3504d-5f5e-4bfd-99af-3d518abb43a9', '9b738a7c-44cc-4667-b72c-6d026e26014d', 7, 'Triple Threat', NULL, FALSE, NULL, NULL, FALSE, 'Pin', 4.0, FALSE);
insert into match_participants (match_id, wrestler_id, result) values ('76e3504d-5f5e-4bfd-99af-3d518abb43a9', 'b2d0cb4c-4471-49a3-b524-544ce1bd95a1', 'loser');
insert into match_participants (match_id, wrestler_id, result) values ('76e3504d-5f5e-4bfd-99af-3d518abb43a9', 'cce2403e-b550-4727-9b4c-e04012c77f31', 'loser');
insert into match_participants (match_id, wrestler_id, result) values ('76e3504d-5f5e-4bfd-99af-3d518abb43a9', 'fe192097-a77b-4d95-a8b9-0f0147ab04a6', 'winner');
insert into matches (id, show_id, match_number, match_type, stipulation, is_title_match, title_id, is_mitb, mitb_cashin, defeat_type, rating, is_draw) values ('e0032d6a-23c1-42df-b957-80aa71eb11e1', '9b738a7c-44cc-4667-b72c-6d026e26014d', 8, 'Single', NULL, FALSE, NULL, NULL, FALSE, 'Pin', 4.5, FALSE);
insert into match_participants (match_id, wrestler_id, result) values ('e0032d6a-23c1-42df-b957-80aa71eb11e1', '122e2f4f-61c3-46f1-8de6-407a73f0712e', 'loser');
insert into match_participants (match_id, wrestler_id, result) values ('e0032d6a-23c1-42df-b957-80aa71eb11e1', '7e31c302-05ee-4325-989f-aefa74f76445', 'winner');
insert into matches (id, show_id, match_number, match_type, stipulation, is_title_match, title_id, is_mitb, mitb_cashin, defeat_type, rating, is_draw) values ('a8b13ebe-8e51-4758-9484-deb17c1c59b6', '9b738a7c-44cc-4667-b72c-6d026e26014d', 9, 'Single', NULL, FALSE, NULL, NULL, FALSE, 'Pin', 4.0, FALSE);
insert into match_participants (match_id, wrestler_id, result) values ('a8b13ebe-8e51-4758-9484-deb17c1c59b6', '7ca7fd7b-2526-41ea-b143-cdd82f404014', 'loser');
insert into match_participants (match_id, wrestler_id, result) values ('a8b13ebe-8e51-4758-9484-deb17c1c59b6', '7d9945b2-59a0-4661-8206-198fec52bb2f', 'winner');
insert into shows (id, name, show_date, show_type, ppv_name) values ('098b210f-adf1-43f4-9898-d08c5e8fabb9', 'DAW 01-13-2023', '2023-01-13', 'weekly', NULL);
insert into matches (id, show_id, match_number, match_type, stipulation, is_title_match, title_id, is_mitb, mitb_cashin, defeat_type, rating, is_draw) values ('a6d64d85-0151-427d-8c81-7651e235c3d5', '098b210f-adf1-43f4-9898-d08c5e8fabb9', 1, 'Tag Team', NULL, FALSE, NULL, NULL, FALSE, 'Pin', 4.0, FALSE);
insert into match_participants (match_id, team_id, result) values ('a6d64d85-0151-427d-8c81-7651e235c3d5', '20fda688-f421-4daf-af58-e45e899e9599', 'loser');
insert into match_participants (match_id, team_id, result) values ('a6d64d85-0151-427d-8c81-7651e235c3d5', '68c622dc-e758-4f54-9c6b-cfa737db8028', 'winner');
insert into matches (id, show_id, match_number, match_type, stipulation, is_title_match, title_id, is_mitb, mitb_cashin, defeat_type, rating, is_draw) values ('370ad4e6-7efd-4a93-8405-8c6dce2a5815', '098b210f-adf1-43f4-9898-d08c5e8fabb9', 2, 'Single', NULL, FALSE, NULL, NULL, FALSE, 'Pin', 3.5, FALSE);
insert into match_participants (match_id, wrestler_id, result) values ('370ad4e6-7efd-4a93-8405-8c6dce2a5815', '23e929ba-5eab-44b6-90a5-3aeee22f283e', 'winner');
insert into match_participants (match_id, wrestler_id, result) values ('370ad4e6-7efd-4a93-8405-8c6dce2a5815', 'c582c07c-786b-4687-9aeb-b0431edfb330', 'loser');
insert into matches (id, show_id, match_number, match_type, stipulation, is_title_match, title_id, is_mitb, mitb_cashin, defeat_type, rating, is_draw) values ('c6cefa21-e6b7-454d-b103-51927eaba3b8', '098b210f-adf1-43f4-9898-d08c5e8fabb9', 3, 'Single', NULL, FALSE, NULL, NULL, FALSE, 'Pin', 4.5, FALSE);
insert into match_participants (match_id, wrestler_id, result) values ('c6cefa21-e6b7-454d-b103-51927eaba3b8', '6744f55d-802e-4dc8-83da-df85f7d6e050', 'loser');
insert into match_participants (match_id, wrestler_id, result) values ('c6cefa21-e6b7-454d-b103-51927eaba3b8', 'f53c5be3-c66c-4d29-b281-5c0157203703', 'winner');
insert into matches (id, show_id, match_number, match_type, stipulation, is_title_match, title_id, is_mitb, mitb_cashin, defeat_type, rating, is_draw) values ('fbfb60b4-7297-47a4-b7a4-d6c5de71b5c8', '098b210f-adf1-43f4-9898-d08c5e8fabb9', 4, 'Fatal 4-Way', NULL, FALSE, NULL, NULL, FALSE, 'Pin', 4.5, FALSE);
insert into match_participants (match_id, wrestler_id, result) values ('fbfb60b4-7297-47a4-b7a4-d6c5de71b5c8', '07687962-07c0-46b6-9541-2d8b60e3c2c1', 'loser');
insert into match_participants (match_id, wrestler_id, result) values ('fbfb60b4-7297-47a4-b7a4-d6c5de71b5c8', '1fdbaeea-4dc7-41ff-9ce9-394d33e1ace4', 'loser');
insert into match_participants (match_id, wrestler_id, result) values ('fbfb60b4-7297-47a4-b7a4-d6c5de71b5c8', 'cd5fa7e0-c982-449d-ab4f-cd0b33045715', 'winner');
insert into match_participants (match_id, wrestler_id, result) values ('fbfb60b4-7297-47a4-b7a4-d6c5de71b5c8', '9683fa4f-ffaf-4185-938d-e4a435a5aef7', 'loser');
insert into matches (id, show_id, match_number, match_type, stipulation, is_title_match, title_id, is_mitb, mitb_cashin, defeat_type, rating, is_draw) values ('82c648f2-4e66-479b-bb81-dc95b8f79b2b', '098b210f-adf1-43f4-9898-d08c5e8fabb9', 5, 'Single', NULL, FALSE, NULL, NULL, FALSE, 'Pin', 3.5, FALSE);
insert into match_participants (match_id, wrestler_id, result) values ('82c648f2-4e66-479b-bb81-dc95b8f79b2b', '0d2420e5-4511-44a9-8d66-a70eef1ce8d4', 'winner');
insert into match_participants (match_id, wrestler_id, result) values ('82c648f2-4e66-479b-bb81-dc95b8f79b2b', '31f9e94a-66c8-428d-9ae1-dc8ad7d4834f', 'loser');
insert into matches (id, show_id, match_number, match_type, stipulation, is_title_match, title_id, is_mitb, mitb_cashin, defeat_type, rating, is_draw) values ('48ad7255-bf4f-4959-af59-64616b5381bd', '098b210f-adf1-43f4-9898-d08c5e8fabb9', 6, 'Triple Threat', NULL, FALSE, NULL, NULL, FALSE, 'Pin', 3.0, FALSE);
insert into match_participants (match_id, wrestler_id, result) values ('48ad7255-bf4f-4959-af59-64616b5381bd', '7e31c302-05ee-4325-989f-aefa74f76445', 'loser');
insert into match_participants (match_id, wrestler_id, result) values ('48ad7255-bf4f-4959-af59-64616b5381bd', '24041ddc-d965-4815-8c45-c9f97a2ed2c1', 'loser');
insert into match_participants (match_id, wrestler_id, result) values ('48ad7255-bf4f-4959-af59-64616b5381bd', '45d6759a-e627-41e8-b142-68a6772440d1', 'winner');
insert into matches (id, show_id, match_number, match_type, stipulation, is_title_match, title_id, is_mitb, mitb_cashin, defeat_type, rating, is_draw) values ('64a72fa1-be2c-49ff-95a9-6522d44ac901', '098b210f-adf1-43f4-9898-d08c5e8fabb9', 7, 'Triple Threat', NULL, FALSE, NULL, NULL, FALSE, 'Sub', 3.5, FALSE);
insert into match_participants (match_id, wrestler_id, result) values ('64a72fa1-be2c-49ff-95a9-6522d44ac901', '004c7b59-d738-4718-a1f0-39aa22e8039d', 'winner');
insert into match_participants (match_id, wrestler_id, result) values ('64a72fa1-be2c-49ff-95a9-6522d44ac901', '236dddd8-b6e3-4f50-9e8d-7b54fe489a20', 'loser');
insert into match_participants (match_id, wrestler_id, result) values ('64a72fa1-be2c-49ff-95a9-6522d44ac901', 'b89f6511-8a3d-4a13-a45a-f78ce4c5514a', 'loser');
insert into matches (id, show_id, match_number, match_type, stipulation, is_title_match, title_id, is_mitb, mitb_cashin, defeat_type, rating, is_draw) values ('d2f794d9-34e7-4b32-9c77-29212633198f', '098b210f-adf1-43f4-9898-d08c5e8fabb9', 8, 'Single', NULL, FALSE, NULL, NULL, FALSE, 'Pin', 5.0, FALSE);
insert into match_participants (match_id, wrestler_id, result) values ('d2f794d9-34e7-4b32-9c77-29212633198f', 'fce02e68-03a4-4670-a5d4-a6790f4f92a1', 'winner');
insert into match_participants (match_id, wrestler_id, result) values ('d2f794d9-34e7-4b32-9c77-29212633198f', 'db9025f4-91c4-47e8-b3de-e3864852a4c8', 'loser');
insert into matches (id, show_id, match_number, match_type, stipulation, is_title_match, title_id, is_mitb, mitb_cashin, defeat_type, rating, is_draw) values ('308eaa1f-9dc3-4068-8304-72cf0c59cab0', '098b210f-adf1-43f4-9898-d08c5e8fabb9', 9, 'Tag Team', NULL, FALSE, NULL, NULL, FALSE, 'Pin', 4.0, FALSE);
insert into shows (id, name, show_date, show_type, ppv_name) values ('b92d82df-e0c7-4172-8a3b-0a781a334047', 'DAW 01-20-2023', '2023-01-20', 'weekly', NULL);
insert into matches (id, show_id, match_number, match_type, stipulation, is_title_match, title_id, is_mitb, mitb_cashin, defeat_type, rating, is_draw) values ('8ddb6ff0-23ef-4571-938e-5429a2edc522', 'b92d82df-e0c7-4172-8a3b-0a781a334047', 1, 'Tag Team', NULL, FALSE, NULL, NULL, FALSE, 'Pin', 3.5, FALSE);
insert into match_participants (match_id, team_id, result) values ('8ddb6ff0-23ef-4571-938e-5429a2edc522', '0c1be915-234d-4bb2-92ab-225e76d0c50c', 'winner');
insert into match_participants (match_id, team_id, result) values ('8ddb6ff0-23ef-4571-938e-5429a2edc522', '326ddb77-a43c-4a2e-832e-258e8e55b621', 'loser');
insert into matches (id, show_id, match_number, match_type, stipulation, is_title_match, title_id, is_mitb, mitb_cashin, defeat_type, rating, is_draw) values ('6d0faa6b-01da-42c4-9959-0a6e7e6a15dc', 'b92d82df-e0c7-4172-8a3b-0a781a334047', 2, 'Triple Threat', NULL, FALSE, NULL, NULL, FALSE, 'Pin', 4.0, FALSE);
insert into match_participants (match_id, wrestler_id, result) values ('6d0faa6b-01da-42c4-9959-0a6e7e6a15dc', '9683fa4f-ffaf-4185-938d-e4a435a5aef7', 'winner');
insert into match_participants (match_id, wrestler_id, result) values ('6d0faa6b-01da-42c4-9959-0a6e7e6a15dc', '507cf73c-cab4-4f96-adf0-fef2b3f3330b', 'loser');
insert into match_participants (match_id, wrestler_id, result) values ('6d0faa6b-01da-42c4-9959-0a6e7e6a15dc', '236dddd8-b6e3-4f50-9e8d-7b54fe489a20', 'loser');
insert into matches (id, show_id, match_number, match_type, stipulation, is_title_match, title_id, is_mitb, mitb_cashin, defeat_type, rating, is_draw) values ('ee25f07b-b99c-4510-9093-f08f04c6781f', 'b92d82df-e0c7-4172-8a3b-0a781a334047', 3, 'Single', NULL, FALSE, NULL, NULL, FALSE, 'Pin', 3.5, FALSE);
insert into match_participants (match_id, wrestler_id, result) values ('ee25f07b-b99c-4510-9093-f08f04c6781f', 'fe2b910f-9821-448e-928d-da0ba9221a8e', 'winner');
insert into match_participants (match_id, wrestler_id, result) values ('ee25f07b-b99c-4510-9093-f08f04c6781f', '004c7b59-d738-4718-a1f0-39aa22e8039d', 'loser');
insert into matches (id, show_id, match_number, match_type, stipulation, is_title_match, title_id, is_mitb, mitb_cashin, defeat_type, rating, is_draw) values ('ca3b3557-ad37-497a-8946-ee93eeaabdd4', 'b92d82df-e0c7-4172-8a3b-0a781a334047', 4, 'Tag Team', NULL, FALSE, NULL, NULL, FALSE, 'Pin', 2.5, FALSE);
insert into matches (id, show_id, match_number, match_type, stipulation, is_title_match, title_id, is_mitb, mitb_cashin, defeat_type, rating, is_draw) values ('8032659d-7d5f-4ab0-b79f-e62155a937e1', 'b92d82df-e0c7-4172-8a3b-0a781a334047', 5, 'Single', NULL, FALSE, NULL, NULL, FALSE, 'Pin', 3.0, FALSE);
insert into match_participants (match_id, wrestler_id, result) values ('8032659d-7d5f-4ab0-b79f-e62155a937e1', '7ca7fd7b-2526-41ea-b143-cdd82f404014', 'loser');
insert into match_participants (match_id, wrestler_id, result) values ('8032659d-7d5f-4ab0-b79f-e62155a937e1', '1fdbaeea-4dc7-41ff-9ce9-394d33e1ace4', 'winner');
insert into matches (id, show_id, match_number, match_type, stipulation, is_title_match, title_id, is_mitb, mitb_cashin, defeat_type, rating, is_draw) values ('1945a857-9a22-40ce-b1ed-4c33c3efdf15', 'b92d82df-e0c7-4172-8a3b-0a781a334047', 6, 'Fatal 4-Way', NULL, FALSE, NULL, NULL, FALSE, 'Pin', 3.5, FALSE);
insert into match_participants (match_id, wrestler_id, result) values ('1945a857-9a22-40ce-b1ed-4c33c3efdf15', 'b2d0cb4c-4471-49a3-b524-544ce1bd95a1', 'loser');
insert into match_participants (match_id, wrestler_id, result) values ('1945a857-9a22-40ce-b1ed-4c33c3efdf15', 'fce02e68-03a4-4670-a5d4-a6790f4f92a1', 'winner');
insert into match_participants (match_id, wrestler_id, result) values ('1945a857-9a22-40ce-b1ed-4c33c3efdf15', 'db9025f4-91c4-47e8-b3de-e3864852a4c8', 'loser');
insert into match_participants (match_id, wrestler_id, result) values ('1945a857-9a22-40ce-b1ed-4c33c3efdf15', 'cce2403e-b550-4727-9b4c-e04012c77f31', 'loser');
insert into matches (id, show_id, match_number, match_type, stipulation, is_title_match, title_id, is_mitb, mitb_cashin, defeat_type, rating, is_draw) values ('918d6035-63ba-4fd1-8c9e-f649ea1c71b3', 'b92d82df-e0c7-4172-8a3b-0a781a334047', 7, 'Single', NULL, FALSE, NULL, NULL, FALSE, 'Pin', 4.0, FALSE);
insert into match_participants (match_id, wrestler_id, result) values ('918d6035-63ba-4fd1-8c9e-f649ea1c71b3', '45d6759a-e627-41e8-b142-68a6772440d1', 'winner');
insert into match_participants (match_id, wrestler_id, result) values ('918d6035-63ba-4fd1-8c9e-f649ea1c71b3', '7e31c302-05ee-4325-989f-aefa74f76445', 'loser');
insert into matches (id, show_id, match_number, match_type, stipulation, is_title_match, title_id, is_mitb, mitb_cashin, defeat_type, rating, is_draw) values ('d129ebda-ac0b-4286-b8b9-354de75cda3e', 'b92d82df-e0c7-4172-8a3b-0a781a334047', 8, 'Fatal 4-Way', NULL, FALSE, NULL, NULL, FALSE, 'Pin', 3.0, FALSE);
insert into match_participants (match_id, wrestler_id, result) values ('d129ebda-ac0b-4286-b8b9-354de75cda3e', '0d2420e5-4511-44a9-8d66-a70eef1ce8d4', 'winner');
insert into match_participants (match_id, wrestler_id, result) values ('d129ebda-ac0b-4286-b8b9-354de75cda3e', 'f53c5be3-c66c-4d29-b281-5c0157203703', 'loser');
insert into match_participants (match_id, wrestler_id, result) values ('d129ebda-ac0b-4286-b8b9-354de75cda3e', '24041ddc-d965-4815-8c45-c9f97a2ed2c1', 'loser');
insert into match_participants (match_id, wrestler_id, result) values ('d129ebda-ac0b-4286-b8b9-354de75cda3e', '122e2f4f-61c3-46f1-8de6-407a73f0712e', 'loser');
insert into matches (id, show_id, match_number, match_type, stipulation, is_title_match, title_id, is_mitb, mitb_cashin, defeat_type, rating, is_draw) values ('f1f95514-10e9-45f1-aca3-09235afe12d0', 'b92d82df-e0c7-4172-8a3b-0a781a334047', 9, 'Single', NULL, FALSE, NULL, NULL, FALSE, 'Pin', 4.0, FALSE);
insert into match_participants (match_id, wrestler_id, result) values ('f1f95514-10e9-45f1-aca3-09235afe12d0', '7d9945b2-59a0-4661-8206-198fec52bb2f', 'loser');
insert into match_participants (match_id, wrestler_id, result) values ('f1f95514-10e9-45f1-aca3-09235afe12d0', 'fe192097-a77b-4d95-a8b9-0f0147ab04a6', 'winner');
insert into shows (id, name, show_date, show_type, ppv_name) values ('f40e9f2b-b9b3-4c9c-a9a9-a1ea15b46ba3', 'DAW 01-27-2023', '2023-01-27', 'weekly', NULL);
insert into matches (id, show_id, match_number, match_type, stipulation, is_title_match, title_id, is_mitb, mitb_cashin, defeat_type, rating, is_draw) values ('525e076a-88da-4d21-822d-1f4bd5116f3f', 'f40e9f2b-b9b3-4c9c-a9a9-a1ea15b46ba3', 1, 'Tag Team', 'Extreme Rules', FALSE, NULL, NULL, FALSE, 'Pin', 3.5, FALSE);
insert into match_participants (match_id, team_id, result) values ('525e076a-88da-4d21-822d-1f4bd5116f3f', '68c622dc-e758-4f54-9c6b-cfa737db8028', 'winner');
insert into match_participants (match_id, team_id, result) values ('525e076a-88da-4d21-822d-1f4bd5116f3f', '20fda688-f421-4daf-af58-e45e899e9599', 'loser');
insert into matches (id, show_id, match_number, match_type, stipulation, is_title_match, title_id, is_mitb, mitb_cashin, defeat_type, rating, is_draw) values ('0425521e-7d44-42d8-a3a1-3915a4dd6d1d', 'f40e9f2b-b9b3-4c9c-a9a9-a1ea15b46ba3', 2, 'Triple Threat', NULL, FALSE, NULL, NULL, FALSE, 'Pin', 4.0, FALSE);
insert into match_participants (match_id, wrestler_id, result) values ('0425521e-7d44-42d8-a3a1-3915a4dd6d1d', 'cd5fa7e0-c982-449d-ab4f-cd0b33045715', 'loser');
insert into match_participants (match_id, wrestler_id, result) values ('0425521e-7d44-42d8-a3a1-3915a4dd6d1d', '360b60ab-b81e-4629-9440-452f85867fb8', 'loser');
insert into match_participants (match_id, wrestler_id, result) values ('0425521e-7d44-42d8-a3a1-3915a4dd6d1d', 'fe2b910f-9821-448e-928d-da0ba9221a8e', 'winner');
insert into matches (id, show_id, match_number, match_type, stipulation, is_title_match, title_id, is_mitb, mitb_cashin, defeat_type, rating, is_draw) values ('7d2a9b96-e361-40fd-ac8a-df2ec42bb415', 'f40e9f2b-b9b3-4c9c-a9a9-a1ea15b46ba3', 3, 'Single', NULL, FALSE, NULL, NULL, FALSE, 'Pin', 4.0, FALSE);
insert into match_participants (match_id, wrestler_id, result) values ('7d2a9b96-e361-40fd-ac8a-df2ec42bb415', '9683fa4f-ffaf-4185-938d-e4a435a5aef7', 'winner');
insert into match_participants (match_id, wrestler_id, result) values ('7d2a9b96-e361-40fd-ac8a-df2ec42bb415', '507cf73c-cab4-4f96-adf0-fef2b3f3330b', 'loser');
insert into matches (id, show_id, match_number, match_type, stipulation, is_title_match, title_id, is_mitb, mitb_cashin, defeat_type, rating, is_draw) values ('56dca0bd-1661-44c0-b137-ab4e891c28d6', 'f40e9f2b-b9b3-4c9c-a9a9-a1ea15b46ba3', 4, 'Single', NULL, FALSE, NULL, NULL, FALSE, 'Pin', 3.0, FALSE);
insert into match_participants (match_id, wrestler_id, result) values ('56dca0bd-1661-44c0-b137-ab4e891c28d6', '7e31c302-05ee-4325-989f-aefa74f76445', 'winner');
insert into match_participants (match_id, wrestler_id, result) values ('56dca0bd-1661-44c0-b137-ab4e891c28d6', 'f53c5be3-c66c-4d29-b281-5c0157203703', 'loser');
insert into matches (id, show_id, match_number, match_type, stipulation, is_title_match, title_id, is_mitb, mitb_cashin, defeat_type, rating, is_draw) values ('0be886fe-5042-486b-94f2-0ea3aa7e050a', 'f40e9f2b-b9b3-4c9c-a9a9-a1ea15b46ba3', 5, '3-Man Tag', NULL, FALSE, NULL, NULL, FALSE, 'Pin', 3.0, FALSE);
insert into match_participants (match_id, team_id, result) values ('0be886fe-5042-486b-94f2-0ea3aa7e050a', '326ddb77-a43c-4a2e-832e-258e8e55b621', 'winner');
insert into matches (id, show_id, match_number, match_type, stipulation, is_title_match, title_id, is_mitb, mitb_cashin, defeat_type, rating, is_draw) values ('2ec0d76f-8fed-4ff1-a10b-71be08a9a486', 'f40e9f2b-b9b3-4c9c-a9a9-a1ea15b46ba3', 6, 'Fatal 4-Way', NULL, FALSE, NULL, NULL, FALSE, 'Pin', 2.5, FALSE);
insert into match_participants (match_id, wrestler_id, result) values ('2ec0d76f-8fed-4ff1-a10b-71be08a9a486', '0d2420e5-4511-44a9-8d66-a70eef1ce8d4', 'loser');
insert into match_participants (match_id, wrestler_id, result) values ('2ec0d76f-8fed-4ff1-a10b-71be08a9a486', '60c99dea-a118-4839-99eb-5de3ca41d5d4', 'winner');
insert into match_participants (match_id, wrestler_id, result) values ('2ec0d76f-8fed-4ff1-a10b-71be08a9a486', '31f9e94a-66c8-428d-9ae1-dc8ad7d4834f', 'loser');
insert into match_participants (match_id, wrestler_id, result) values ('2ec0d76f-8fed-4ff1-a10b-71be08a9a486', '45d6759a-e627-41e8-b142-68a6772440d1', 'loser');
insert into matches (id, show_id, match_number, match_type, stipulation, is_title_match, title_id, is_mitb, mitb_cashin, defeat_type, rating, is_draw) values ('a586afc4-14d7-4886-92b0-37dc7a82aea2', 'f40e9f2b-b9b3-4c9c-a9a9-a1ea15b46ba3', 7, 'Single', 'Extreme Rules', FALSE, NULL, NULL, FALSE, 'Pin', 4.0, FALSE);
insert into match_participants (match_id, wrestler_id, result) values ('a586afc4-14d7-4886-92b0-37dc7a82aea2', 'fce02e68-03a4-4670-a5d4-a6790f4f92a1', 'loser');
insert into match_participants (match_id, wrestler_id, result) values ('a586afc4-14d7-4886-92b0-37dc7a82aea2', 'db9025f4-91c4-47e8-b3de-e3864852a4c8', 'winner');
insert into matches (id, show_id, match_number, match_type, stipulation, is_title_match, title_id, is_mitb, mitb_cashin, defeat_type, rating, is_draw) values ('1cb5ab0a-4c80-4995-99fd-2b221630994b', 'f40e9f2b-b9b3-4c9c-a9a9-a1ea15b46ba3', 8, 'Triple Threat', NULL, FALSE, NULL, NULL, FALSE, 'Pin', 3.0, FALSE);
insert into match_participants (match_id, wrestler_id, result) values ('1cb5ab0a-4c80-4995-99fd-2b221630994b', '1fdbaeea-4dc7-41ff-9ce9-394d33e1ace4', 'winner');
insert into match_participants (match_id, wrestler_id, result) values ('1cb5ab0a-4c80-4995-99fd-2b221630994b', 'fe192097-a77b-4d95-a8b9-0f0147ab04a6', 'loser');
insert into match_participants (match_id, wrestler_id, result) values ('1cb5ab0a-4c80-4995-99fd-2b221630994b', '7d9945b2-59a0-4661-8206-198fec52bb2f', 'loser');
insert into matches (id, show_id, match_number, match_type, stipulation, is_title_match, title_id, is_mitb, mitb_cashin, defeat_type, rating, is_draw) values ('99a3a968-5b5e-4a0b-81c5-9cc9fc1bc718', 'f40e9f2b-b9b3-4c9c-a9a9-a1ea15b46ba3', 9, 'Single', NULL, FALSE, NULL, NULL, FALSE, 'Pin', 3.5, FALSE);
insert into match_participants (match_id, wrestler_id, result) values ('99a3a968-5b5e-4a0b-81c5-9cc9fc1bc718', 'cce2403e-b550-4727-9b4c-e04012c77f31', 'loser');
insert into match_participants (match_id, wrestler_id, result) values ('99a3a968-5b5e-4a0b-81c5-9cc9fc1bc718', 'b2d0cb4c-4471-49a3-b524-544ce1bd95a1', 'winner');
insert into shows (id, name, show_date, show_type, ppv_name) values ('85431615-36ba-4a79-8ef3-c8d709427578', 'DAW 02-03-2023', '2023-02-03', 'weekly', NULL);
insert into matches (id, show_id, match_number, match_type, stipulation, is_title_match, title_id, is_mitb, mitb_cashin, defeat_type, rating, is_draw) values ('41e65f91-6872-4bc4-bc68-0b764336adbf', '85431615-36ba-4a79-8ef3-c8d709427578', 1, 'Tag Team', NULL, FALSE, NULL, NULL, FALSE, 'Pin', 4.0, FALSE);
insert into match_participants (match_id, team_id, result) values ('41e65f91-6872-4bc4-bc68-0b764336adbf', 'eebd2a89-a1f9-4931-982e-9cf035d48429', 'winner');
insert into matches (id, show_id, match_number, match_type, stipulation, is_title_match, title_id, is_mitb, mitb_cashin, defeat_type, rating, is_draw) values ('1f2f5dc2-5134-47a3-a44c-d4e4e804ea7c', '85431615-36ba-4a79-8ef3-c8d709427578', 2, 'Fatal 4-Way', 'Extreme Rules', FALSE, NULL, NULL, FALSE, 'Pin', 4.5, FALSE);
insert into match_participants (match_id, wrestler_id, result) values ('1f2f5dc2-5134-47a3-a44c-d4e4e804ea7c', '07687962-07c0-46b6-9541-2d8b60e3c2c1', 'loser');
insert into match_participants (match_id, wrestler_id, result) values ('1f2f5dc2-5134-47a3-a44c-d4e4e804ea7c', 'db9025f4-91c4-47e8-b3de-e3864852a4c8', 'winner');
insert into matches (id, show_id, match_number, match_type, stipulation, is_title_match, title_id, is_mitb, mitb_cashin, defeat_type, rating, is_draw) values ('3f5df3e1-29f1-4ef9-8690-00936a132c18', '85431615-36ba-4a79-8ef3-c8d709427578', 3, 'Single', NULL, FALSE, NULL, NULL, FALSE, 'Pin', 3.0, FALSE);
insert into match_participants (match_id, wrestler_id, result) values ('3f5df3e1-29f1-4ef9-8690-00936a132c18', 'b2d0cb4c-4471-49a3-b524-544ce1bd95a1', 'winner');
insert into match_participants (match_id, wrestler_id, result) values ('3f5df3e1-29f1-4ef9-8690-00936a132c18', 'd9b273b2-5a17-4561-862b-580d35adc781', 'loser');
insert into matches (id, show_id, match_number, match_type, stipulation, is_title_match, title_id, is_mitb, mitb_cashin, defeat_type, rating, is_draw) values ('dc70b4a0-5bbb-4b14-a629-33e03f0bd58e', '85431615-36ba-4a79-8ef3-c8d709427578', 4, 'Tag Team', 'Table', FALSE, NULL, NULL, FALSE, 'Pin', 2.5, FALSE);
insert into match_participants (match_id, team_id, result) values ('dc70b4a0-5bbb-4b14-a629-33e03f0bd58e', '326ddb77-a43c-4a2e-832e-258e8e55b621', 'loser');
insert into matches (id, show_id, match_number, match_type, stipulation, is_title_match, title_id, is_mitb, mitb_cashin, defeat_type, rating, is_draw) values ('70b93c1d-ff82-4e32-81b6-df243621aeae', '85431615-36ba-4a79-8ef3-c8d709427578', 5, 'Single', NULL, FALSE, NULL, NULL, FALSE, 'Pin', 2.5, FALSE);
insert into match_participants (match_id, wrestler_id, result) values ('70b93c1d-ff82-4e32-81b6-df243621aeae', '1fdbaeea-4dc7-41ff-9ce9-394d33e1ace4', 'loser');
insert into match_participants (match_id, wrestler_id, result) values ('70b93c1d-ff82-4e32-81b6-df243621aeae', '04bb2438-6c5c-4bf4-9474-9f5ed9cc845d', 'winner');
insert into matches (id, show_id, match_number, match_type, stipulation, is_title_match, title_id, is_mitb, mitb_cashin, defeat_type, rating, is_draw) values ('b35edbeb-e42f-4cff-8553-1b21f525fcc0', '85431615-36ba-4a79-8ef3-c8d709427578', 6, 'Fatal 4-Way', NULL, FALSE, NULL, NULL, FALSE, 'Pin', 4.0, FALSE);
insert into match_participants (match_id, wrestler_id, result) values ('b35edbeb-e42f-4cff-8553-1b21f525fcc0', '6744f55d-802e-4dc8-83da-df85f7d6e050', 'loser');
insert into match_participants (match_id, wrestler_id, result) values ('b35edbeb-e42f-4cff-8553-1b21f525fcc0', '24041ddc-d965-4815-8c45-c9f97a2ed2c1', 'loser');
insert into match_participants (match_id, wrestler_id, result) values ('b35edbeb-e42f-4cff-8553-1b21f525fcc0', '06d1ca05-e548-4e20-a55c-50831c6f47fa', 'winner');
insert into matches (id, show_id, match_number, match_type, stipulation, is_title_match, title_id, is_mitb, mitb_cashin, defeat_type, rating, is_draw) values ('22bdf299-b4fa-4f8a-a2aa-508d1a1bb366', '85431615-36ba-4a79-8ef3-c8d709427578', 7, 'Single', 'TLC', FALSE, NULL, NULL, FALSE, 'Pin', 1.5, FALSE);
insert into match_participants (match_id, wrestler_id, result) values ('22bdf299-b4fa-4f8a-a2aa-508d1a1bb366', 'cd5fa7e0-c982-449d-ab4f-cd0b33045715', 'loser');
insert into match_participants (match_id, wrestler_id, result) values ('22bdf299-b4fa-4f8a-a2aa-508d1a1bb366', '2918125d-cb27-42c2-9fc9-149c52a46066', 'winner');
insert into matches (id, show_id, match_number, match_type, stipulation, is_title_match, title_id, is_mitb, mitb_cashin, defeat_type, rating, is_draw) values ('da6ef95a-edf1-4572-ad8e-70d2b73632ff', '85431615-36ba-4a79-8ef3-c8d709427578', 8, 'Tag Team', 'Extreme Rules', FALSE, NULL, NULL, FALSE, 'Pin', 3.5, FALSE);
insert into matches (id, show_id, match_number, match_type, stipulation, is_title_match, title_id, is_mitb, mitb_cashin, defeat_type, rating, is_draw) values ('58ab017f-ae7e-420d-bc71-aa8ca75135ad', '85431615-36ba-4a79-8ef3-c8d709427578', 9, 'Single', 'Cage Match', FALSE, NULL, NULL, FALSE, 'Pin', 2.5, FALSE);
insert into match_participants (match_id, wrestler_id, result) values ('58ab017f-ae7e-420d-bc71-aa8ca75135ad', 'cce2403e-b550-4727-9b4c-e04012c77f31', 'winner');
insert into match_participants (match_id, wrestler_id, result) values ('58ab017f-ae7e-420d-bc71-aa8ca75135ad', 'a21e0dad-410f-43b5-96a1-ba983b5cbd47', 'loser');
insert into matches (id, show_id, match_number, match_type, stipulation, is_title_match, title_id, is_mitb, mitb_cashin, defeat_type, rating, is_draw) values ('7cb3a0a2-8234-4ede-92c5-c4df066a17a9', '85431615-36ba-4a79-8ef3-c8d709427578', 10, 'Single', 'Last Man Standing', TRUE, '80af6068-c132-4943-8fd1-2379e01a2b5b', FALSE, FALSE, 'Pin', 4.0, FALSE);
insert into match_participants (match_id, wrestler_id, result) values ('7cb3a0a2-8234-4ede-92c5-c4df066a17a9', '004c7b59-d738-4718-a1f0-39aa22e8039d', 'winner');
insert into match_participants (match_id, wrestler_id, result) values ('7cb3a0a2-8234-4ede-92c5-c4df066a17a9', '179973c9-5892-400c-b0b2-b1b2cc54514f', 'loser');
insert into matches (id, show_id, match_number, match_type, stipulation, is_title_match, title_id, is_mitb, mitb_cashin, defeat_type, rating, is_draw) values ('62bad3b2-d154-4fa6-8918-785719359a2e', '85431615-36ba-4a79-8ef3-c8d709427578', 11, 'Title Match', NULL, TRUE, '46952eff-1f06-4c53-8271-cb673389cdc4', FALSE, FALSE, 'Pin', 3.5, FALSE);
insert into match_participants (match_id, team_id, result) values ('62bad3b2-d154-4fa6-8918-785719359a2e', '68c622dc-e758-4f54-9c6b-cfa737db8028', 'loser');
insert into match_participants (match_id, team_id, result) values ('62bad3b2-d154-4fa6-8918-785719359a2e', 'c1cd0fad-c0fe-48ec-933c-23e2b2e507b0', 'winner');
insert into matches (id, show_id, match_number, match_type, stipulation, is_title_match, title_id, is_mitb, mitb_cashin, defeat_type, rating, is_draw) values ('c69c856e-e0fd-4760-9c46-4ffcb6d59c90', '85431615-36ba-4a79-8ef3-c8d709427578', 12, 'Tag Team', 'Ladder', FALSE, NULL, NULL, FALSE, 'Pin', 3.0, FALSE);
insert into matches (id, show_id, match_number, match_type, stipulation, is_title_match, title_id, is_mitb, mitb_cashin, defeat_type, rating, is_draw) values ('b9cc9637-f47e-4769-92a5-3a56077d50a6', '85431615-36ba-4a79-8ef3-c8d709427578', 13, 'Single', 'Falls Count Anywhere', TRUE, '12a0a465-de6a-4c0c-a1f8-b229c3aca347', FALSE, FALSE, 'Pin', 3.5, FALSE);
insert into match_participants (match_id, wrestler_id, result) values ('b9cc9637-f47e-4769-92a5-3a56077d50a6', '122e2f4f-61c3-46f1-8de6-407a73f0712e', 'winner');
insert into match_participants (match_id, wrestler_id, result) values ('b9cc9637-f47e-4769-92a5-3a56077d50a6', 'f43de039-514a-421f-8987-8ed7bfb2bb0a', 'loser');
insert into matches (id, show_id, match_number, match_type, stipulation, is_title_match, title_id, is_mitb, mitb_cashin, defeat_type, rating, is_draw) values ('eeb2aca4-8585-40b6-b363-e42e7409a3b1', '85431615-36ba-4a79-8ef3-c8d709427578', 14, 'Royal Rumble', 'PPV Invite', FALSE, NULL, NULL, FALSE, 'Pin', 4.0, FALSE);
insert into shows (id, name, show_date, show_type, ppv_name) values ('3b83779f-6b7e-4304-8a2c-30e935daa4ba', 'DAW 02-10-2023', '2023-02-10', 'weekly', NULL);
insert into matches (id, show_id, match_number, match_type, stipulation, is_title_match, title_id, is_mitb, mitb_cashin, defeat_type, rating, is_draw) values ('d6206e13-1e6a-4e79-9b93-d27436c70eeb', '3b83779f-6b7e-4304-8a2c-30e935daa4ba', 1, 'Tornado Tag Team', 'Ladder', FALSE, NULL, NULL, FALSE, 'Pin', 3.0, FALSE);
insert into matches (id, show_id, match_number, match_type, stipulation, is_title_match, title_id, is_mitb, mitb_cashin, defeat_type, rating, is_draw) values ('41ae0e24-22ce-485a-b900-e51304d9dc33', '3b83779f-6b7e-4304-8a2c-30e935daa4ba', 2, 'Fatal 4-Way', NULL, FALSE, NULL, NULL, FALSE, 'Pin', 4.5, FALSE);
insert into match_participants (match_id, wrestler_id, result) values ('41ae0e24-22ce-485a-b900-e51304d9dc33', 'bc93b973-151b-48ca-8d75-8f6c220a0d31', 'loser');
insert into match_participants (match_id, wrestler_id, result) values ('41ae0e24-22ce-485a-b900-e51304d9dc33', '7e31c302-05ee-4325-989f-aefa74f76445', 'winner');
insert into match_participants (match_id, wrestler_id, result) values ('41ae0e24-22ce-485a-b900-e51304d9dc33', '0d2420e5-4511-44a9-8d66-a70eef1ce8d4', 'loser');
insert into match_participants (match_id, wrestler_id, result) values ('41ae0e24-22ce-485a-b900-e51304d9dc33', '60c99dea-a118-4839-99eb-5de3ca41d5d4', 'loser');
insert into matches (id, show_id, match_number, match_type, stipulation, is_title_match, title_id, is_mitb, mitb_cashin, defeat_type, rating, is_draw) values ('a1e47d54-32bb-4bc2-b610-f3106af1b2f4', '3b83779f-6b7e-4304-8a2c-30e935daa4ba', 3, 'Single', NULL, FALSE, NULL, NULL, FALSE, 'Pin', 4.0, FALSE);
insert into match_participants (match_id, wrestler_id, result) values ('a1e47d54-32bb-4bc2-b610-f3106af1b2f4', 'fce02e68-03a4-4670-a5d4-a6790f4f92a1', 'winner');
insert into match_participants (match_id, wrestler_id, result) values ('a1e47d54-32bb-4bc2-b610-f3106af1b2f4', '004c7b59-d738-4718-a1f0-39aa22e8039d', 'loser');
insert into matches (id, show_id, match_number, match_type, stipulation, is_title_match, title_id, is_mitb, mitb_cashin, defeat_type, rating, is_draw) values ('71001b69-5c25-463d-91f1-169b843e5f73', '3b83779f-6b7e-4304-8a2c-30e935daa4ba', 4, 'Battle Royale', NULL, FALSE, NULL, NULL, FALSE, 'Pin', 2.5, FALSE);
insert into match_participants (match_id, wrestler_id, result) values ('71001b69-5c25-463d-91f1-169b843e5f73', '07687962-07c0-46b6-9541-2d8b60e3c2c1', 'loser');
insert into match_participants (match_id, wrestler_id, result) values ('71001b69-5c25-463d-91f1-169b843e5f73', '507cf73c-cab4-4f96-adf0-fef2b3f3330b', 'loser');
insert into match_participants (match_id, wrestler_id, result) values ('71001b69-5c25-463d-91f1-169b843e5f73', '42e5e6d3-4be5-45d5-b4bd-73e02dd0a8fb', 'loser');
insert into match_participants (match_id, wrestler_id, result) values ('71001b69-5c25-463d-91f1-169b843e5f73', 'cd5fa7e0-c982-449d-ab4f-cd0b33045715', 'loser');
insert into match_participants (match_id, wrestler_id, result) values ('71001b69-5c25-463d-91f1-169b843e5f73', '360b60ab-b81e-4629-9440-452f85867fb8', 'winner');
insert into match_participants (match_id, wrestler_id, result) values ('71001b69-5c25-463d-91f1-169b843e5f73', 'b89f6511-8a3d-4a13-a45a-f78ce4c5514a', 'loser');
insert into match_participants (match_id, wrestler_id, result) values ('71001b69-5c25-463d-91f1-169b843e5f73', 'fe2b910f-9821-448e-928d-da0ba9221a8e', 'loser');
insert into matches (id, show_id, match_number, match_type, stipulation, is_title_match, title_id, is_mitb, mitb_cashin, defeat_type, rating, is_draw) values ('548ec91f-423e-4a4d-999e-0dfb172ab450', '3b83779f-6b7e-4304-8a2c-30e935daa4ba', 5, 'Tornado Tag Team', NULL, FALSE, NULL, NULL, FALSE, 'Pin', 2.5, FALSE);
insert into match_participants (match_id, team_id, result) values ('548ec91f-423e-4a4d-999e-0dfb172ab450', 'eebd2a89-a1f9-4931-982e-9cf035d48429', 'winner');
insert into match_participants (match_id, team_id, result) values ('548ec91f-423e-4a4d-999e-0dfb172ab450', '8dd02369-5443-418b-94d5-1970756968ba', 'loser');
insert into matches (id, show_id, match_number, match_type, stipulation, is_title_match, title_id, is_mitb, mitb_cashin, defeat_type, rating, is_draw) values ('78ff9793-3fc3-4280-b667-28eea503431b', '3b83779f-6b7e-4304-8a2c-30e935daa4ba', 6, 'Single', NULL, FALSE, NULL, NULL, FALSE, 'Pin', 4.0, FALSE);
insert into match_participants (match_id, wrestler_id, result) values ('78ff9793-3fc3-4280-b667-28eea503431b', 'fe192097-a77b-4d95-a8b9-0f0147ab04a6', 'winner');
insert into match_participants (match_id, wrestler_id, result) values ('78ff9793-3fc3-4280-b667-28eea503431b', 'db9025f4-91c4-47e8-b3de-e3864852a4c8', 'loser');
insert into matches (id, show_id, match_number, match_type, stipulation, is_title_match, title_id, is_mitb, mitb_cashin, defeat_type, rating, is_draw) values ('f1ee01aa-fd6f-46af-81b4-724107764524', '3b83779f-6b7e-4304-8a2c-30e935daa4ba', 7, 'Triple Threat', NULL, FALSE, NULL, NULL, FALSE, 'Pin', 1.5, FALSE);
insert into match_participants (match_id, wrestler_id, result) values ('f1ee01aa-fd6f-46af-81b4-724107764524', '1fdbaeea-4dc7-41ff-9ce9-394d33e1ace4', 'loser');
insert into match_participants (match_id, wrestler_id, result) values ('f1ee01aa-fd6f-46af-81b4-724107764524', 'cce2403e-b550-4727-9b4c-e04012c77f31', 'winner');
insert into match_participants (match_id, wrestler_id, result) values ('f1ee01aa-fd6f-46af-81b4-724107764524', 'b2d0cb4c-4471-49a3-b524-544ce1bd95a1', 'loser');
insert into matches (id, show_id, match_number, match_type, stipulation, is_title_match, title_id, is_mitb, mitb_cashin, defeat_type, rating, is_draw) values ('6162f7d2-a9a7-4a62-87f6-d62ff2bc89a9', '3b83779f-6b7e-4304-8a2c-30e935daa4ba', 8, 'Single', NULL, FALSE, NULL, NULL, FALSE, 'Pin', 3.5, FALSE);
insert into match_participants (match_id, wrestler_id, result) values ('6162f7d2-a9a7-4a62-87f6-d62ff2bc89a9', 'f53c5be3-c66c-4d29-b281-5c0157203703', 'winner');
insert into match_participants (match_id, wrestler_id, result) values ('6162f7d2-a9a7-4a62-87f6-d62ff2bc89a9', '122e2f4f-61c3-46f1-8de6-407a73f0712e', 'loser');
insert into matches (id, show_id, match_number, match_type, stipulation, is_title_match, title_id, is_mitb, mitb_cashin, defeat_type, rating, is_draw) values ('fa2490c3-1af5-410a-85f7-5786b61fc7ac', '3b83779f-6b7e-4304-8a2c-30e935daa4ba', 9, 'Single', NULL, FALSE, NULL, NULL, FALSE, 'Pin', 3.0, FALSE);
insert into match_participants (match_id, wrestler_id, result) values ('fa2490c3-1af5-410a-85f7-5786b61fc7ac', '7d9945b2-59a0-4661-8206-198fec52bb2f', 'winner');
insert into match_participants (match_id, wrestler_id, result) values ('fa2490c3-1af5-410a-85f7-5786b61fc7ac', '7ca7fd7b-2526-41ea-b143-cdd82f404014', 'loser');
insert into shows (id, name, show_date, show_type, ppv_name) values ('c543bd4c-60de-4384-bdfd-d5be9036f8e9', 'DAW 02-17-2023', '2023-02-17', 'weekly', NULL);
insert into matches (id, show_id, match_number, match_type, stipulation, is_title_match, title_id, is_mitb, mitb_cashin, defeat_type, rating, is_draw) values ('7b9cfd60-022e-4b81-bfd8-e3c5450f04e2', 'c543bd4c-60de-4384-bdfd-d5be9036f8e9', 1, 'Tag Team', NULL, FALSE, NULL, NULL, FALSE, 'Pin', 3.5, FALSE);
insert into match_participants (match_id, team_id, result) values ('7b9cfd60-022e-4b81-bfd8-e3c5450f04e2', 'c818c2b6-7c58-495d-afc3-99539ec0e172', 'winner');
insert into match_participants (match_id, team_id, result) values ('7b9cfd60-022e-4b81-bfd8-e3c5450f04e2', '0c1be915-234d-4bb2-92ab-225e76d0c50c', 'loser');
insert into matches (id, show_id, match_number, match_type, stipulation, is_title_match, title_id, is_mitb, mitb_cashin, defeat_type, rating, is_draw) values ('d3f03251-73a7-4d17-a039-0cda43e4a0dd', 'c543bd4c-60de-4384-bdfd-d5be9036f8e9', 2, 'Single', NULL, FALSE, NULL, NULL, FALSE, 'Pin', 3.0, FALSE);
insert into match_participants (match_id, wrestler_id, result) values ('d3f03251-73a7-4d17-a039-0cda43e4a0dd', '0d2420e5-4511-44a9-8d66-a70eef1ce8d4', 'loser');
insert into match_participants (match_id, wrestler_id, result) values ('d3f03251-73a7-4d17-a039-0cda43e4a0dd', '45d6759a-e627-41e8-b142-68a6772440d1', 'winner');
insert into matches (id, show_id, match_number, match_type, stipulation, is_title_match, title_id, is_mitb, mitb_cashin, defeat_type, rating, is_draw) values ('7113f094-c47f-4ed0-9c8e-ec840073e0a9', 'c543bd4c-60de-4384-bdfd-d5be9036f8e9', 3, 'Triple Threat', NULL, FALSE, NULL, NULL, FALSE, 'Pin', 4.0, FALSE);
insert into match_participants (match_id, wrestler_id, result) values ('7113f094-c47f-4ed0-9c8e-ec840073e0a9', 'fe2b910f-9821-448e-928d-da0ba9221a8e', 'winner');
insert into match_participants (match_id, wrestler_id, result) values ('7113f094-c47f-4ed0-9c8e-ec840073e0a9', 'fce02e68-03a4-4670-a5d4-a6790f4f92a1', 'loser');
insert into match_participants (match_id, wrestler_id, result) values ('7113f094-c47f-4ed0-9c8e-ec840073e0a9', 'db9025f4-91c4-47e8-b3de-e3864852a4c8', 'loser');
insert into matches (id, show_id, match_number, match_type, stipulation, is_title_match, title_id, is_mitb, mitb_cashin, defeat_type, rating, is_draw) values ('941591aa-9121-4983-a80d-ace529c3a02b', 'c543bd4c-60de-4384-bdfd-d5be9036f8e9', 4, 'Single', NULL, FALSE, NULL, NULL, FALSE, 'Pin', 3.0, FALSE);
insert into match_participants (match_id, wrestler_id, result) values ('941591aa-9121-4983-a80d-ace529c3a02b', '07687962-07c0-46b6-9541-2d8b60e3c2c1', 'loser');
insert into match_participants (match_id, wrestler_id, result) values ('941591aa-9121-4983-a80d-ace529c3a02b', '236dddd8-b6e3-4f50-9e8d-7b54fe489a20', 'winner');
insert into matches (id, show_id, match_number, match_type, stipulation, is_title_match, title_id, is_mitb, mitb_cashin, defeat_type, rating, is_draw) values ('614d1e64-8e41-425a-9c5c-119d293d658c', 'c543bd4c-60de-4384-bdfd-d5be9036f8e9', 5, 'Single', NULL, FALSE, NULL, NULL, FALSE, 'Pin', 4.0, FALSE);
insert into match_participants (match_id, wrestler_id, result) values ('614d1e64-8e41-425a-9c5c-119d293d658c', '6744f55d-802e-4dc8-83da-df85f7d6e050', 'loser');
insert into match_participants (match_id, wrestler_id, result) values ('614d1e64-8e41-425a-9c5c-119d293d658c', '24041ddc-d965-4815-8c45-c9f97a2ed2c1', 'winner');
insert into matches (id, show_id, match_number, match_type, stipulation, is_title_match, title_id, is_mitb, mitb_cashin, defeat_type, rating, is_draw) values ('fe545021-3fdd-4c9e-9616-e0802cb7c0b7', 'c543bd4c-60de-4384-bdfd-d5be9036f8e9', 6, 'Tag Team', NULL, FALSE, NULL, NULL, FALSE, 'Pin', 4.0, FALSE);
insert into matches (id, show_id, match_number, match_type, stipulation, is_title_match, title_id, is_mitb, mitb_cashin, defeat_type, rating, is_draw) values ('6337d312-f609-472a-814c-ba4d16d66fa9', 'c543bd4c-60de-4384-bdfd-d5be9036f8e9', 7, 'Single', NULL, FALSE, NULL, NULL, FALSE, 'Pin', 2.5, FALSE);
insert into match_participants (match_id, wrestler_id, result) values ('6337d312-f609-472a-814c-ba4d16d66fa9', 'fe192097-a77b-4d95-a8b9-0f0147ab04a6', 'loser');
insert into match_participants (match_id, wrestler_id, result) values ('6337d312-f609-472a-814c-ba4d16d66fa9', '1fdbaeea-4dc7-41ff-9ce9-394d33e1ace4', 'winner');
insert into matches (id, show_id, match_number, match_type, stipulation, is_title_match, title_id, is_mitb, mitb_cashin, defeat_type, rating, is_draw) values ('22edafe3-2f19-45ae-8183-50bce6d16581', 'c543bd4c-60de-4384-bdfd-d5be9036f8e9', 8, 'Triple Threat', NULL, FALSE, NULL, NULL, FALSE, 'Pin', 4.5, FALSE);
insert into match_participants (match_id, wrestler_id, result) values ('22edafe3-2f19-45ae-8183-50bce6d16581', 'b2d0cb4c-4471-49a3-b524-544ce1bd95a1', 'winner');
insert into match_participants (match_id, wrestler_id, result) values ('22edafe3-2f19-45ae-8183-50bce6d16581', '7ca7fd7b-2526-41ea-b143-cdd82f404014', 'loser');
insert into match_participants (match_id, wrestler_id, result) values ('22edafe3-2f19-45ae-8183-50bce6d16581', '7d9945b2-59a0-4661-8206-198fec52bb2f', 'loser');
insert into matches (id, show_id, match_number, match_type, stipulation, is_title_match, title_id, is_mitb, mitb_cashin, defeat_type, rating, is_draw) values ('f1de4185-b31c-4f63-b3aa-f0f77514005c', 'c543bd4c-60de-4384-bdfd-d5be9036f8e9', 9, 'Single', NULL, FALSE, NULL, NULL, FALSE, 'Pin', 4.0, FALSE);
insert into match_participants (match_id, wrestler_id, result) values ('f1de4185-b31c-4f63-b3aa-f0f77514005c', 'cce2403e-b550-4727-9b4c-e04012c77f31', 'loser');
insert into match_participants (match_id, wrestler_id, result) values ('f1de4185-b31c-4f63-b3aa-f0f77514005c', '004c7b59-d738-4718-a1f0-39aa22e8039d', 'winner');
insert into shows (id, name, show_date, show_type, ppv_name) values ('72e6fe57-7c83-450e-ab0b-6183fcde5ac0', 'DAW 02-24-2023', '2023-02-24', 'weekly', NULL);
insert into matches (id, show_id, match_number, match_type, stipulation, is_title_match, title_id, is_mitb, mitb_cashin, defeat_type, rating, is_draw) values ('de71dcb8-40e5-4d4e-b943-b7b6cd87a2ae', '72e6fe57-7c83-450e-ab0b-6183fcde5ac0', 1, 'Tag Team', NULL, FALSE, NULL, NULL, FALSE, 'Pin', 3.0, FALSE);
insert into match_participants (match_id, team_id, result) values ('de71dcb8-40e5-4d4e-b943-b7b6cd87a2ae', '326ddb77-a43c-4a2e-832e-258e8e55b621', 'loser');
insert into match_participants (match_id, team_id, result) values ('de71dcb8-40e5-4d4e-b943-b7b6cd87a2ae', '20fda688-f421-4daf-af58-e45e899e9599', 'winner');
insert into matches (id, show_id, match_number, match_type, stipulation, is_title_match, title_id, is_mitb, mitb_cashin, defeat_type, rating, is_draw) values ('6ac461ac-a560-4008-949f-6c4954a5fd3d', '72e6fe57-7c83-450e-ab0b-6183fcde5ac0', 2, 'Single', NULL, FALSE, NULL, NULL, FALSE, 'Pin', 4.0, FALSE);
insert into match_participants (match_id, wrestler_id, result) values ('6ac461ac-a560-4008-949f-6c4954a5fd3d', '9683fa4f-ffaf-4185-938d-e4a435a5aef7', 'winner');
insert into match_participants (match_id, wrestler_id, result) values ('6ac461ac-a560-4008-949f-6c4954a5fd3d', '23e929ba-5eab-44b6-90a5-3aeee22f283e', 'loser');
insert into matches (id, show_id, match_number, match_type, stipulation, is_title_match, title_id, is_mitb, mitb_cashin, defeat_type, rating, is_draw) values ('19f43614-aa8e-4606-9165-2ec9e6949e69', '72e6fe57-7c83-450e-ab0b-6183fcde5ac0', 3, 'Fatal 4-Way', NULL, FALSE, NULL, NULL, FALSE, 'Pin', 3.5, FALSE);
insert into match_participants (match_id, wrestler_id, result) values ('19f43614-aa8e-4606-9165-2ec9e6949e69', '004c7b59-d738-4718-a1f0-39aa22e8039d', 'loser');
insert into match_participants (match_id, wrestler_id, result) values ('19f43614-aa8e-4606-9165-2ec9e6949e69', 'fce02e68-03a4-4670-a5d4-a6790f4f92a1', 'loser');
insert into match_participants (match_id, wrestler_id, result) values ('19f43614-aa8e-4606-9165-2ec9e6949e69', 'fe192097-a77b-4d95-a8b9-0f0147ab04a6', 'winner');
insert into match_participants (match_id, wrestler_id, result) values ('19f43614-aa8e-4606-9165-2ec9e6949e69', 'ad63b3fd-9de8-4398-a085-7cc8f264589e', 'loser');
insert into matches (id, show_id, match_number, match_type, stipulation, is_title_match, title_id, is_mitb, mitb_cashin, defeat_type, rating, is_draw) values ('f632bd55-6de5-4ae3-811d-589ef7500886', '72e6fe57-7c83-450e-ab0b-6183fcde5ac0', 4, 'Single', NULL, FALSE, NULL, NULL, FALSE, 'Pin', 3.5, FALSE);
insert into match_participants (match_id, wrestler_id, result) values ('f632bd55-6de5-4ae3-811d-589ef7500886', '0d2420e5-4511-44a9-8d66-a70eef1ce8d4', 'winner');
insert into match_participants (match_id, wrestler_id, result) values ('f632bd55-6de5-4ae3-811d-589ef7500886', '45d6759a-e627-41e8-b142-68a6772440d1', 'loser');
insert into matches (id, show_id, match_number, match_type, stipulation, is_title_match, title_id, is_mitb, mitb_cashin, defeat_type, rating, is_draw) values ('5840087f-91ad-4bfc-b28e-1fa7d4b7e087', '72e6fe57-7c83-450e-ab0b-6183fcde5ac0', 5, 'Tag Team', NULL, FALSE, NULL, NULL, FALSE, 'Pin', 4.0, FALSE);
insert into matches (id, show_id, match_number, match_type, stipulation, is_title_match, title_id, is_mitb, mitb_cashin, defeat_type, rating, is_draw) values ('6578e8cd-3cc6-4b99-8a96-d032cf55aa9b', '72e6fe57-7c83-450e-ab0b-6183fcde5ac0', 6, 'Triple Threat', NULL, FALSE, NULL, NULL, FALSE, 'Pin', 4.0, FALSE);
insert into match_participants (match_id, wrestler_id, result) values ('6578e8cd-3cc6-4b99-8a96-d032cf55aa9b', '60c99dea-a118-4839-99eb-5de3ca41d5d4', 'loser');
insert into match_participants (match_id, wrestler_id, result) values ('6578e8cd-3cc6-4b99-8a96-d032cf55aa9b', 'bc93b973-151b-48ca-8d75-8f6c220a0d31', 'winner');
insert into match_participants (match_id, wrestler_id, result) values ('6578e8cd-3cc6-4b99-8a96-d032cf55aa9b', '24041ddc-d965-4815-8c45-c9f97a2ed2c1', 'loser');
insert into matches (id, show_id, match_number, match_type, stipulation, is_title_match, title_id, is_mitb, mitb_cashin, defeat_type, rating, is_draw) values ('ef13601b-44f4-4cc5-98ab-cfc8ba4be8f2', '72e6fe57-7c83-450e-ab0b-6183fcde5ac0', 7, 'Single', NULL, FALSE, NULL, NULL, FALSE, 'Pin', 4.5, FALSE);
insert into match_participants (match_id, wrestler_id, result) values ('ef13601b-44f4-4cc5-98ab-cfc8ba4be8f2', '1fdbaeea-4dc7-41ff-9ce9-394d33e1ace4', 'loser');
insert into match_participants (match_id, wrestler_id, result) values ('ef13601b-44f4-4cc5-98ab-cfc8ba4be8f2', 'cce2403e-b550-4727-9b4c-e04012c77f31', 'winner');
insert into matches (id, show_id, match_number, match_type, stipulation, is_title_match, title_id, is_mitb, mitb_cashin, defeat_type, rating, is_draw) values ('fbd95d4b-9479-45c5-bc05-2a9d74ecea54', '72e6fe57-7c83-450e-ab0b-6183fcde5ac0', 8, 'Single', NULL, FALSE, NULL, NULL, FALSE, 'Pin', 4.5, FALSE);
insert into match_participants (match_id, wrestler_id, result) values ('fbd95d4b-9479-45c5-bc05-2a9d74ecea54', '122e2f4f-61c3-46f1-8de6-407a73f0712e', 'loser');
insert into match_participants (match_id, wrestler_id, result) values ('fbd95d4b-9479-45c5-bc05-2a9d74ecea54', 'f53c5be3-c66c-4d29-b281-5c0157203703', 'winner');
insert into matches (id, show_id, match_number, match_type, stipulation, is_title_match, title_id, is_mitb, mitb_cashin, defeat_type, rating, is_draw) values ('1839f37d-44f9-4ead-ba72-dab8ebb11177', '72e6fe57-7c83-450e-ab0b-6183fcde5ac0', 9, 'Single', 'No DQ', FALSE, NULL, NULL, FALSE, 'Pin', 4.0, FALSE);
insert into match_participants (match_id, wrestler_id, result) values ('1839f37d-44f9-4ead-ba72-dab8ebb11177', 'b2d0cb4c-4471-49a3-b524-544ce1bd95a1', 'winner');
insert into match_participants (match_id, wrestler_id, result) values ('1839f37d-44f9-4ead-ba72-dab8ebb11177', '7ca7fd7b-2526-41ea-b143-cdd82f404014', 'loser');
insert into shows (id, name, show_date, show_type, ppv_name) values ('a37467ec-251d-4482-85be-c72368ecc025', 'DAW 03-03-2023', '2023-03-03', 'weekly', NULL);
insert into matches (id, show_id, match_number, match_type, stipulation, is_title_match, title_id, is_mitb, mitb_cashin, defeat_type, rating, is_draw) values ('dbc6b707-a665-4c31-8cdd-b890ecff6f52', 'a37467ec-251d-4482-85be-c72368ecc025', 1, 'Tag Team', NULL, FALSE, NULL, NULL, FALSE, 'Pin', 3.0, FALSE);
insert into match_participants (match_id, team_id, result) values ('dbc6b707-a665-4c31-8cdd-b890ecff6f52', '68c622dc-e758-4f54-9c6b-cfa737db8028', 'winner');
insert into match_participants (match_id, team_id, result) values ('dbc6b707-a665-4c31-8cdd-b890ecff6f52', '0c1be915-234d-4bb2-92ab-225e76d0c50c', 'loser');
insert into matches (id, show_id, match_number, match_type, stipulation, is_title_match, title_id, is_mitb, mitb_cashin, defeat_type, rating, is_draw) values ('ad52acd3-4448-4c24-b49a-389a7f8026f2', 'a37467ec-251d-4482-85be-c72368ecc025', 2, 'Single', NULL, FALSE, NULL, NULL, FALSE, 'Pin', 3.5, FALSE);
insert into match_participants (match_id, wrestler_id, result) values ('ad52acd3-4448-4c24-b49a-389a7f8026f2', '236dddd8-b6e3-4f50-9e8d-7b54fe489a20', 'loser');
insert into match_participants (match_id, wrestler_id, result) values ('ad52acd3-4448-4c24-b49a-389a7f8026f2', '07687962-07c0-46b6-9541-2d8b60e3c2c1', 'winner');
insert into matches (id, show_id, match_number, match_type, stipulation, is_title_match, title_id, is_mitb, mitb_cashin, defeat_type, rating, is_draw) values ('6f971240-3368-4fb2-9a7d-df62bab702fe', 'a37467ec-251d-4482-85be-c72368ecc025', 3, 'Triple Threat', NULL, FALSE, NULL, NULL, FALSE, 'Pin', 4.0, FALSE);
insert into match_participants (match_id, wrestler_id, result) values ('6f971240-3368-4fb2-9a7d-df62bab702fe', 'ae2ce814-315f-41f0-ab99-eddf09a7d4c5', 'winner');
insert into match_participants (match_id, wrestler_id, result) values ('6f971240-3368-4fb2-9a7d-df62bab702fe', 'fce02e68-03a4-4670-a5d4-a6790f4f92a1', 'loser');
insert into match_participants (match_id, wrestler_id, result) values ('6f971240-3368-4fb2-9a7d-df62bab702fe', 'db9025f4-91c4-47e8-b3de-e3864852a4c8', 'loser');
insert into matches (id, show_id, match_number, match_type, stipulation, is_title_match, title_id, is_mitb, mitb_cashin, defeat_type, rating, is_draw) values ('8b631128-e633-41d4-832d-7689c17ad656', 'a37467ec-251d-4482-85be-c72368ecc025', 4, 'Single', NULL, FALSE, NULL, NULL, FALSE, 'Pin', 5.0, FALSE);
insert into match_participants (match_id, wrestler_id, result) values ('8b631128-e633-41d4-832d-7689c17ad656', '60c99dea-a118-4839-99eb-5de3ca41d5d4', 'winner');
insert into match_participants (match_id, wrestler_id, result) values ('8b631128-e633-41d4-832d-7689c17ad656', '6744f55d-802e-4dc8-83da-df85f7d6e050', 'loser');
insert into matches (id, show_id, match_number, match_type, stipulation, is_title_match, title_id, is_mitb, mitb_cashin, defeat_type, rating, is_draw) values ('9c4c1061-0dc3-4008-b1e8-659a8fea53ee', 'a37467ec-251d-4482-85be-c72368ecc025', 5, 'Tag Team', 'Ladder', FALSE, NULL, NULL, FALSE, 'Pin', 1.5, FALSE);
insert into match_participants (match_id, team_id, result) values ('9c4c1061-0dc3-4008-b1e8-659a8fea53ee', 'c818c2b6-7c58-495d-afc3-99539ec0e172', 'loser');
insert into match_participants (match_id, team_id, result) values ('9c4c1061-0dc3-4008-b1e8-659a8fea53ee', '20fda688-f421-4daf-af58-e45e899e9599', 'winner');
insert into matches (id, show_id, match_number, match_type, stipulation, is_title_match, title_id, is_mitb, mitb_cashin, defeat_type, rating, is_draw) values ('6e0382b3-3706-4984-976a-ba139f077ba3', 'a37467ec-251d-4482-85be-c72368ecc025', 6, 'Fatal 4-Way', NULL, FALSE, NULL, NULL, FALSE, 'Pin', 4.0, FALSE);
insert into match_participants (match_id, wrestler_id, result) values ('6e0382b3-3706-4984-976a-ba139f077ba3', '7ca7fd7b-2526-41ea-b143-cdd82f404014', 'loser');
insert into match_participants (match_id, wrestler_id, result) values ('6e0382b3-3706-4984-976a-ba139f077ba3', '7d9945b2-59a0-4661-8206-198fec52bb2f', 'loser');
insert into match_participants (match_id, wrestler_id, result) values ('6e0382b3-3706-4984-976a-ba139f077ba3', 'cce2403e-b550-4727-9b4c-e04012c77f31', 'winner');
insert into match_participants (match_id, wrestler_id, result) values ('6e0382b3-3706-4984-976a-ba139f077ba3', '1fdbaeea-4dc7-41ff-9ce9-394d33e1ace4', 'loser');
insert into matches (id, show_id, match_number, match_type, stipulation, is_title_match, title_id, is_mitb, mitb_cashin, defeat_type, rating, is_draw) values ('7dc662d6-9cb8-487b-95f9-4dbd11e2f603', 'a37467ec-251d-4482-85be-c72368ecc025', 7, 'Single', NULL, FALSE, NULL, NULL, FALSE, 'Pin', 4.5, FALSE);
insert into match_participants (match_id, wrestler_id, result) values ('7dc662d6-9cb8-487b-95f9-4dbd11e2f603', 'bc93b973-151b-48ca-8d75-8f6c220a0d31', 'winner');
insert into match_participants (match_id, wrestler_id, result) values ('7dc662d6-9cb8-487b-95f9-4dbd11e2f603', '0d2420e5-4511-44a9-8d66-a70eef1ce8d4', 'loser');
insert into matches (id, show_id, match_number, match_type, stipulation, is_title_match, title_id, is_mitb, mitb_cashin, defeat_type, rating, is_draw) values ('91470bdb-3279-4750-accf-d9ec441d567b', 'a37467ec-251d-4482-85be-c72368ecc025', 8, 'Single', NULL, FALSE, NULL, NULL, FALSE, 'Pin', 3.5, FALSE);
insert into match_participants (match_id, wrestler_id, result) values ('91470bdb-3279-4750-accf-d9ec441d567b', 'b2d0cb4c-4471-49a3-b524-544ce1bd95a1', 'winner');
insert into match_participants (match_id, wrestler_id, result) values ('91470bdb-3279-4750-accf-d9ec441d567b', '004c7b59-d738-4718-a1f0-39aa22e8039d', 'loser');
insert into matches (id, show_id, match_number, match_type, stipulation, is_title_match, title_id, is_mitb, mitb_cashin, defeat_type, rating, is_draw) values ('6f215db7-344d-4b65-99b7-cfd8893dd0bb', 'a37467ec-251d-4482-85be-c72368ecc025', 9, 'Fatal 4-Way', NULL, FALSE, NULL, NULL, FALSE, 'Pin', 3.0, FALSE);
insert into match_participants (match_id, wrestler_id, result) values ('6f215db7-344d-4b65-99b7-cfd8893dd0bb', 'f53c5be3-c66c-4d29-b281-5c0157203703', 'loser');
insert into match_participants (match_id, wrestler_id, result) values ('6f215db7-344d-4b65-99b7-cfd8893dd0bb', '122e2f4f-61c3-46f1-8de6-407a73f0712e', 'loser');
insert into match_participants (match_id, wrestler_id, result) values ('6f215db7-344d-4b65-99b7-cfd8893dd0bb', '24041ddc-d965-4815-8c45-c9f97a2ed2c1', 'winner');
insert into match_participants (match_id, wrestler_id, result) values ('6f215db7-344d-4b65-99b7-cfd8893dd0bb', '45d6759a-e627-41e8-b142-68a6772440d1', 'loser');
insert into shows (id, name, show_date, show_type, ppv_name) values ('dc292411-e5cf-406d-ba4a-69ac7cb4ea98', 'DAW 03-10-2023', '2023-03-10', 'weekly', NULL);
insert into matches (id, show_id, match_number, match_type, stipulation, is_title_match, title_id, is_mitb, mitb_cashin, defeat_type, rating, is_draw) values ('51501080-0253-46b8-ba55-a7ada08828d6', 'dc292411-e5cf-406d-ba4a-69ac7cb4ea98', 1, 'Tag Team', NULL, TRUE, '4091f18e-1fb8-441e-b708-1729cb0b0011', FALSE, FALSE, 'Pin', 3.5, FALSE);
insert into match_participants (match_id, team_id, result) values ('51501080-0253-46b8-ba55-a7ada08828d6', '20fda688-f421-4daf-af58-e45e899e9599', 'loser');
insert into match_participants (match_id, team_id, result) values ('51501080-0253-46b8-ba55-a7ada08828d6', '0c1be915-234d-4bb2-92ab-225e76d0c50c', 'winner');
insert into matches (id, show_id, match_number, match_type, stipulation, is_title_match, title_id, is_mitb, mitb_cashin, defeat_type, rating, is_draw) values ('663f7081-81bf-4c26-aa87-ba6eee8e0e90', 'dc292411-e5cf-406d-ba4a-69ac7cb4ea98', 2, 'Single', NULL, FALSE, NULL, NULL, FALSE, 'Pin', 2.5, FALSE);
insert into match_participants (match_id, wrestler_id, result) values ('663f7081-81bf-4c26-aa87-ba6eee8e0e90', '42e5e6d3-4be5-45d5-b4bd-73e02dd0a8fb', 'winner');
insert into match_participants (match_id, wrestler_id, result) values ('663f7081-81bf-4c26-aa87-ba6eee8e0e90', 'b89f6511-8a3d-4a13-a45a-f78ce4c5514a', 'loser');
insert into matches (id, show_id, match_number, match_type, stipulation, is_title_match, title_id, is_mitb, mitb_cashin, defeat_type, rating, is_draw) values ('5a206ce8-ca1f-463a-a8ed-ede3d0372227', 'dc292411-e5cf-406d-ba4a-69ac7cb4ea98', 3, 'Single', NULL, FALSE, NULL, NULL, FALSE, 'Pin', 2.5, FALSE);
insert into match_participants (match_id, wrestler_id, result) values ('5a206ce8-ca1f-463a-a8ed-ede3d0372227', '360b60ab-b81e-4629-9440-452f85867fb8', 'winner');
insert into match_participants (match_id, wrestler_id, result) values ('5a206ce8-ca1f-463a-a8ed-ede3d0372227', '507cf73c-cab4-4f96-adf0-fef2b3f3330b', 'loser');
insert into matches (id, show_id, match_number, match_type, stipulation, is_title_match, title_id, is_mitb, mitb_cashin, defeat_type, rating, is_draw) values ('aa36c679-d9af-416a-a373-ded9fefa9ef5', 'dc292411-e5cf-406d-ba4a-69ac7cb4ea98', 4, 'Fatal 4-Way', NULL, FALSE, NULL, NULL, FALSE, 'Pin', 5.0, FALSE);
insert into match_participants (match_id, wrestler_id, result) values ('aa36c679-d9af-416a-a373-ded9fefa9ef5', 'db9025f4-91c4-47e8-b3de-e3864852a4c8', 'loser');
insert into match_participants (match_id, wrestler_id, result) values ('aa36c679-d9af-416a-a373-ded9fefa9ef5', 'fe2b910f-9821-448e-928d-da0ba9221a8e', 'loser');
insert into match_participants (match_id, wrestler_id, result) values ('aa36c679-d9af-416a-a373-ded9fefa9ef5', 'cd5fa7e0-c982-449d-ab4f-cd0b33045715', 'loser');
insert into match_participants (match_id, wrestler_id, result) values ('aa36c679-d9af-416a-a373-ded9fefa9ef5', '236dddd8-b6e3-4f50-9e8d-7b54fe489a20', 'loser');
insert into matches (id, show_id, match_number, match_type, stipulation, is_title_match, title_id, is_mitb, mitb_cashin, defeat_type, rating, is_draw) values ('5fa07686-7efc-41d1-98a2-e90db5e36231', 'dc292411-e5cf-406d-ba4a-69ac7cb4ea98', 5, 'Single', 'Last Man Standing', TRUE, '5d3e065c-43d1-41ee-8d24-e876f1e2b2a1', FALSE, FALSE, 'Pin', 4.0, FALSE);
insert into match_participants (match_id, wrestler_id, result) values ('5fa07686-7efc-41d1-98a2-e90db5e36231', '45d6759a-e627-41e8-b142-68a6772440d1', 'loser');
insert into match_participants (match_id, wrestler_id, result) values ('5fa07686-7efc-41d1-98a2-e90db5e36231', '24041ddc-d965-4815-8c45-c9f97a2ed2c1', 'winner');
insert into matches (id, show_id, match_number, match_type, stipulation, is_title_match, title_id, is_mitb, mitb_cashin, defeat_type, rating, is_draw) values ('0b9a0bd6-76cd-4ab9-a6a6-0da470939af7', 'dc292411-e5cf-406d-ba4a-69ac7cb4ea98', 6, 'Battle Royale', NULL, FALSE, NULL, NULL, FALSE, 'Pin', 3.0, FALSE);
insert into match_participants (match_id, wrestler_id, result) values ('0b9a0bd6-76cd-4ab9-a6a6-0da470939af7', '0072611a-281e-4de5-bf57-fbc9696651ec', 'winner');
insert into match_participants (match_id, wrestler_id, result) values ('0b9a0bd6-76cd-4ab9-a6a6-0da470939af7', '6744f55d-802e-4dc8-83da-df85f7d6e050', 'loser');
insert into match_participants (match_id, wrestler_id, result) values ('0b9a0bd6-76cd-4ab9-a6a6-0da470939af7', '25af8129-40ab-446b-b032-79fd524cf7ab', 'loser');
insert into match_participants (match_id, wrestler_id, result) values ('0b9a0bd6-76cd-4ab9-a6a6-0da470939af7', '31f9e94a-66c8-428d-9ae1-dc8ad7d4834f', 'loser');
insert into match_participants (match_id, wrestler_id, result) values ('0b9a0bd6-76cd-4ab9-a6a6-0da470939af7', '7e31c302-05ee-4325-989f-aefa74f76445', 'loser');
insert into match_participants (match_id, wrestler_id, result) values ('0b9a0bd6-76cd-4ab9-a6a6-0da470939af7', 'bc93b973-151b-48ca-8d75-8f6c220a0d31', 'loser');
insert into matches (id, show_id, match_number, match_type, stipulation, is_title_match, title_id, is_mitb, mitb_cashin, defeat_type, rating, is_draw) values ('8fff2e57-ec04-4118-b765-f785e81d1e9b', 'dc292411-e5cf-406d-ba4a-69ac7cb4ea98', 7, 'Single', 'Extreme Rules', FALSE, NULL, NULL, FALSE, 'Pin', 4.0, FALSE);
insert into match_participants (match_id, wrestler_id, result) values ('8fff2e57-ec04-4118-b765-f785e81d1e9b', 'ae2ce814-315f-41f0-ab99-eddf09a7d4c5', 'loser');
insert into match_participants (match_id, wrestler_id, result) values ('8fff2e57-ec04-4118-b765-f785e81d1e9b', '07687962-07c0-46b6-9541-2d8b60e3c2c1', 'winner');
insert into matches (id, show_id, match_number, match_type, stipulation, is_title_match, title_id, is_mitb, mitb_cashin, defeat_type, rating, is_draw) values ('0a7ca860-0fbb-46d0-9e12-ebce3ffd4682', 'dc292411-e5cf-406d-ba4a-69ac7cb4ea98', 8, 'Tag Team', NULL, FALSE, NULL, NULL, FALSE, 'Pin', 3.5, FALSE);
insert into match_participants (match_id, team_id, result) values ('0a7ca860-0fbb-46d0-9e12-ebce3ffd4682', '326ddb77-a43c-4a2e-832e-258e8e55b621', 'winner');
insert into match_participants (match_id, team_id, result) values ('0a7ca860-0fbb-46d0-9e12-ebce3ffd4682', '68c622dc-e758-4f54-9c6b-cfa737db8028', 'loser');
insert into matches (id, show_id, match_number, match_type, stipulation, is_title_match, title_id, is_mitb, mitb_cashin, defeat_type, rating, is_draw) values ('bd17656c-d7c3-489c-b65e-8420f9dba971', 'dc292411-e5cf-406d-ba4a-69ac7cb4ea98', 9, 'Single', NULL, TRUE, '5db4cd6b-6ebe-4a87-b7bb-017af3856766', FALSE, FALSE, 'Pin', 1.0, FALSE);
insert into match_participants (match_id, wrestler_id, result) values ('bd17656c-d7c3-489c-b65e-8420f9dba971', 'fce02e68-03a4-4670-a5d4-a6790f4f92a1', 'loser');
insert into match_participants (match_id, wrestler_id, result) values ('bd17656c-d7c3-489c-b65e-8420f9dba971', '004c7b59-d738-4718-a1f0-39aa22e8039d', 'winner');
insert into matches (id, show_id, match_number, match_type, stipulation, is_title_match, title_id, is_mitb, mitb_cashin, defeat_type, rating, is_draw) values ('be83be7e-0d23-435d-a56f-819631274a48', 'dc292411-e5cf-406d-ba4a-69ac7cb4ea98', 10, 'Single', NULL, FALSE, NULL, NULL, FALSE, 'Pin', 1.0, FALSE);
insert into match_participants (match_id, wrestler_id, result) values ('be83be7e-0d23-435d-a56f-819631274a48', '9683fa4f-ffaf-4185-938d-e4a435a5aef7', 'winner');
insert into match_participants (match_id, wrestler_id, result) values ('be83be7e-0d23-435d-a56f-819631274a48', 'fe192097-a77b-4d95-a8b9-0f0147ab04a6', 'loser');
insert into matches (id, show_id, match_number, match_type, stipulation, is_title_match, title_id, is_mitb, mitb_cashin, defeat_type, rating, is_draw) values ('abcac3ba-3687-4ecf-91ee-92638352d0af', 'dc292411-e5cf-406d-ba4a-69ac7cb4ea98', 11, 'Single', NULL, FALSE, NULL, NULL, FALSE, 'Pin', 4.5, FALSE);
insert into match_participants (match_id, wrestler_id, result) values ('abcac3ba-3687-4ecf-91ee-92638352d0af', '0d2420e5-4511-44a9-8d66-a70eef1ce8d4', 'winner');
insert into match_participants (match_id, wrestler_id, result) values ('abcac3ba-3687-4ecf-91ee-92638352d0af', '60c99dea-a118-4839-99eb-5de3ca41d5d4', 'loser');
insert into matches (id, show_id, match_number, match_type, stipulation, is_title_match, title_id, is_mitb, mitb_cashin, defeat_type, rating, is_draw) values ('7cd54c19-2e0b-48df-8ec2-e472c1cbc45a', 'dc292411-e5cf-406d-ba4a-69ac7cb4ea98', 12, 'Single', NULL, TRUE, 'f3ec52c9-649b-48cb-aa37-da278fbd72df', FALSE, FALSE, 'Pin', 4.0, FALSE);
insert into match_participants (match_id, wrestler_id, result) values ('7cd54c19-2e0b-48df-8ec2-e472c1cbc45a', 'f53c5be3-c66c-4d29-b281-5c0157203703', 'loser');
insert into match_participants (match_id, wrestler_id, result) values ('7cd54c19-2e0b-48df-8ec2-e472c1cbc45a', '122e2f4f-61c3-46f1-8de6-407a73f0712e', 'winner');
insert into matches (id, show_id, match_number, match_type, stipulation, is_title_match, title_id, is_mitb, mitb_cashin, defeat_type, rating, is_draw) values ('67221661-4e2a-4172-9cd7-3b369cc132f7', 'dc292411-e5cf-406d-ba4a-69ac7cb4ea98', 13, 'Single', NULL, FALSE, NULL, NULL, FALSE, 'Pin', 1.0, FALSE);
insert into match_participants (match_id, wrestler_id, result) values ('67221661-4e2a-4172-9cd7-3b369cc132f7', '1fdbaeea-4dc7-41ff-9ce9-394d33e1ace4', 'winner');
insert into match_participants (match_id, wrestler_id, result) values ('67221661-4e2a-4172-9cd7-3b369cc132f7', 'cce2403e-b550-4727-9b4c-e04012c77f31', 'loser');
insert into matches (id, show_id, match_number, match_type, stipulation, is_title_match, title_id, is_mitb, mitb_cashin, defeat_type, rating, is_draw) values ('ae339889-18ea-47b5-931c-eeb57edb2ec8', 'dc292411-e5cf-406d-ba4a-69ac7cb4ea98', 14, 'Triple Threat', NULL, TRUE, '02b0c038-accb-495b-8d6a-8891a7b51554', FALSE, FALSE, 'Pin', 3.5, FALSE);
insert into match_participants (match_id, wrestler_id, result) values ('ae339889-18ea-47b5-931c-eeb57edb2ec8', '7ca7fd7b-2526-41ea-b143-cdd82f404014', 'winner');
insert into match_participants (match_id, wrestler_id, result) values ('ae339889-18ea-47b5-931c-eeb57edb2ec8', '7d9945b2-59a0-4661-8206-198fec52bb2f', 'loser');
insert into match_participants (match_id, wrestler_id, result) values ('ae339889-18ea-47b5-931c-eeb57edb2ec8', 'b2d0cb4c-4471-49a3-b524-544ce1bd95a1', 'loser');
insert into shows (id, name, show_date, show_type, ppv_name) values ('89d05cb5-7ee6-4e91-a7ad-06a22ee05aec', 'DAW 03-17-2023', '2023-03-17', 'weekly', NULL);
insert into matches (id, show_id, match_number, match_type, stipulation, is_title_match, title_id, is_mitb, mitb_cashin, defeat_type, rating, is_draw) values ('a09bcb28-f87b-4f9b-9b85-861d36961784', '89d05cb5-7ee6-4e91-a7ad-06a22ee05aec', 1, 'Tag Team', NULL, FALSE, NULL, NULL, FALSE, 'Pin', 3.5, FALSE);
insert into match_participants (match_id, team_id, result) values ('a09bcb28-f87b-4f9b-9b85-861d36961784', '326ddb77-a43c-4a2e-832e-258e8e55b621', 'loser');
insert into match_participants (match_id, team_id, result) values ('a09bcb28-f87b-4f9b-9b85-861d36961784', '0c1be915-234d-4bb2-92ab-225e76d0c50c', 'winner');
insert into matches (id, show_id, match_number, match_type, stipulation, is_title_match, title_id, is_mitb, mitb_cashin, defeat_type, rating, is_draw) values ('715eef40-6cf3-4bc4-9a44-f8af81d9e731', '89d05cb5-7ee6-4e91-a7ad-06a22ee05aec', 2, 'Single', NULL, FALSE, NULL, NULL, FALSE, 'Pin', 2.5, FALSE);
insert into match_participants (match_id, wrestler_id, result) values ('715eef40-6cf3-4bc4-9a44-f8af81d9e731', 'ae2ce814-315f-41f0-ab99-eddf09a7d4c5', 'loser');
insert into match_participants (match_id, wrestler_id, result) values ('715eef40-6cf3-4bc4-9a44-f8af81d9e731', 'cce2403e-b550-4727-9b4c-e04012c77f31', 'winner');
insert into matches (id, show_id, match_number, match_type, stipulation, is_title_match, title_id, is_mitb, mitb_cashin, defeat_type, rating, is_draw) values ('88cbada3-3aba-4d5e-9b0d-f66d3ba4a3aa', '89d05cb5-7ee6-4e91-a7ad-06a22ee05aec', 3, 'Single', NULL, FALSE, NULL, NULL, FALSE, 'Pin', 4.0, FALSE);
insert into match_participants (match_id, wrestler_id, result) values ('88cbada3-3aba-4d5e-9b0d-f66d3ba4a3aa', '152ce1d4-2816-4c5c-82d3-7a4fa068a413', 'winner');
insert into match_participants (match_id, wrestler_id, result) values ('88cbada3-3aba-4d5e-9b0d-f66d3ba4a3aa', 'fe192097-a77b-4d95-a8b9-0f0147ab04a6', 'loser');
insert into matches (id, show_id, match_number, match_type, stipulation, is_title_match, title_id, is_mitb, mitb_cashin, defeat_type, rating, is_draw) values ('ce166835-34b5-4d5a-b012-8145a52f5268', '89d05cb5-7ee6-4e91-a7ad-06a22ee05aec', 4, 'Fatal 4-Way', NULL, FALSE, NULL, NULL, FALSE, 'Pin', 4.0, FALSE);
insert into match_participants (match_id, wrestler_id, result) values ('ce166835-34b5-4d5a-b012-8145a52f5268', 'db9025f4-91c4-47e8-b3de-e3864852a4c8', 'winner');
insert into match_participants (match_id, wrestler_id, result) values ('ce166835-34b5-4d5a-b012-8145a52f5268', '236dddd8-b6e3-4f50-9e8d-7b54fe489a20', 'loser');
insert into match_participants (match_id, wrestler_id, result) values ('ce166835-34b5-4d5a-b012-8145a52f5268', 'ad63b3fd-9de8-4398-a085-7cc8f264589e', 'loser');
insert into match_participants (match_id, wrestler_id, result) values ('ce166835-34b5-4d5a-b012-8145a52f5268', '07687962-07c0-46b6-9541-2d8b60e3c2c1', 'loser');
insert into matches (id, show_id, match_number, match_type, stipulation, is_title_match, title_id, is_mitb, mitb_cashin, defeat_type, rating, is_draw) values ('28555ed9-14ea-422b-a54d-dad38dc3b057', '89d05cb5-7ee6-4e91-a7ad-06a22ee05aec', 5, 'Tag Team', NULL, FALSE, NULL, NULL, FALSE, 'Pin', 3.0, FALSE);
insert into matches (id, show_id, match_number, match_type, stipulation, is_title_match, title_id, is_mitb, mitb_cashin, defeat_type, rating, is_draw) values ('64e5fab0-5054-4be8-ad79-3d5bbe12697d', '89d05cb5-7ee6-4e91-a7ad-06a22ee05aec', 6, 'Single', NULL, FALSE, NULL, NULL, FALSE, 'Pin', 4.5, FALSE);
insert into match_participants (match_id, wrestler_id, result) values ('64e5fab0-5054-4be8-ad79-3d5bbe12697d', 'b2d0cb4c-4471-49a3-b524-544ce1bd95a1', 'loser');
insert into match_participants (match_id, wrestler_id, result) values ('64e5fab0-5054-4be8-ad79-3d5bbe12697d', '1fdbaeea-4dc7-41ff-9ce9-394d33e1ace4', 'winner');
insert into matches (id, show_id, match_number, match_type, stipulation, is_title_match, title_id, is_mitb, mitb_cashin, defeat_type, rating, is_draw) values ('2a963b84-7f0c-493b-bf9a-91a6aa5ca30e', '89d05cb5-7ee6-4e91-a7ad-06a22ee05aec', 7, 'Single', 'No Holds Barred', FALSE, NULL, NULL, FALSE, 'Pin', 1.5, FALSE);
insert into match_participants (match_id, wrestler_id, result) values ('2a963b84-7f0c-493b-bf9a-91a6aa5ca30e', 'cd5fa7e0-c982-449d-ab4f-cd0b33045715', 'loser');
insert into match_participants (match_id, wrestler_id, result) values ('2a963b84-7f0c-493b-bf9a-91a6aa5ca30e', 'fe2b910f-9821-448e-928d-da0ba9221a8e', 'winner');
insert into matches (id, show_id, match_number, match_type, stipulation, is_title_match, title_id, is_mitb, mitb_cashin, defeat_type, rating, is_draw) values ('3b24a52c-9d67-4445-a099-bd5d965db7b0', '89d05cb5-7ee6-4e91-a7ad-06a22ee05aec', 8, 'Fatal 4-Way', NULL, FALSE, NULL, NULL, FALSE, 'Pin', 5.0, FALSE);
insert into match_participants (match_id, wrestler_id, result) values ('3b24a52c-9d67-4445-a099-bd5d965db7b0', 'f53c5be3-c66c-4d29-b281-5c0157203703', 'winner');
insert into match_participants (match_id, wrestler_id, result) values ('3b24a52c-9d67-4445-a099-bd5d965db7b0', '45d6759a-e627-41e8-b142-68a6772440d1', 'loser');
insert into match_participants (match_id, wrestler_id, result) values ('3b24a52c-9d67-4445-a099-bd5d965db7b0', '24041ddc-d965-4815-8c45-c9f97a2ed2c1', 'loser');
insert into match_participants (match_id, wrestler_id, result) values ('3b24a52c-9d67-4445-a099-bd5d965db7b0', '122e2f4f-61c3-46f1-8de6-407a73f0712e', 'loser');
insert into matches (id, show_id, match_number, match_type, stipulation, is_title_match, title_id, is_mitb, mitb_cashin, defeat_type, rating, is_draw) values ('97e4a870-0f54-4c8d-9773-d88ccab504d3', '89d05cb5-7ee6-4e91-a7ad-06a22ee05aec', 9, 'Single', NULL, TRUE, '02b0c038-accb-495b-8d6a-8891a7b51554', FALSE, FALSE, 'Pin', 5.0, FALSE);
insert into match_participants (match_id, wrestler_id, result) values ('97e4a870-0f54-4c8d-9773-d88ccab504d3', '7d9945b2-59a0-4661-8206-198fec52bb2f', 'winner');
insert into match_participants (match_id, wrestler_id, result) values ('97e4a870-0f54-4c8d-9773-d88ccab504d3', '7ca7fd7b-2526-41ea-b143-cdd82f404014', 'loser');
insert into shows (id, name, show_date, show_type, ppv_name) values ('c3577306-6503-4d7f-9b74-260ebd9c4701', 'DAW 03-24-2023', '2023-03-24', 'weekly', NULL);
insert into matches (id, show_id, match_number, match_type, stipulation, is_title_match, title_id, is_mitb, mitb_cashin, defeat_type, rating, is_draw) values ('60702b2e-c4ea-4325-840c-ec42b0966725', 'c3577306-6503-4d7f-9b74-260ebd9c4701', 1, 'Tag Team', NULL, FALSE, NULL, NULL, FALSE, 'Pin', 2.5, FALSE);
insert into match_participants (match_id, team_id, result) values ('60702b2e-c4ea-4325-840c-ec42b0966725', '326ddb77-a43c-4a2e-832e-258e8e55b621', 'winner');
insert into match_participants (match_id, team_id, result) values ('60702b2e-c4ea-4325-840c-ec42b0966725', '68c622dc-e758-4f54-9c6b-cfa737db8028', 'loser');
insert into matches (id, show_id, match_number, match_type, stipulation, is_title_match, title_id, is_mitb, mitb_cashin, defeat_type, rating, is_draw) values ('714b9789-816e-400e-b207-565700f35d35', 'c3577306-6503-4d7f-9b74-260ebd9c4701', 2, 'Single', NULL, FALSE, NULL, NULL, FALSE, 'Pin', 3.0, FALSE);
insert into match_participants (match_id, wrestler_id, result) values ('714b9789-816e-400e-b207-565700f35d35', '0d2420e5-4511-44a9-8d66-a70eef1ce8d4', 'winner');
insert into match_participants (match_id, wrestler_id, result) values ('714b9789-816e-400e-b207-565700f35d35', '7e31c302-05ee-4325-989f-aefa74f76445', 'loser');
insert into matches (id, show_id, match_number, match_type, stipulation, is_title_match, title_id, is_mitb, mitb_cashin, defeat_type, rating, is_draw) values ('66562265-3708-407a-bcaa-2121d1dc7e61', 'c3577306-6503-4d7f-9b74-260ebd9c4701', 3, 'Single', NULL, FALSE, NULL, NULL, FALSE, 'Pin', 1.5, FALSE);
insert into match_participants (match_id, wrestler_id, result) values ('66562265-3708-407a-bcaa-2121d1dc7e61', '004c7b59-d738-4718-a1f0-39aa22e8039d', 'winner');
insert into match_participants (match_id, wrestler_id, result) values ('66562265-3708-407a-bcaa-2121d1dc7e61', '9683fa4f-ffaf-4185-938d-e4a435a5aef7', 'loser');
insert into matches (id, show_id, match_number, match_type, stipulation, is_title_match, title_id, is_mitb, mitb_cashin, defeat_type, rating, is_draw) values ('9d46282c-946a-4123-8724-de5e0d6d2c9d', 'c3577306-6503-4d7f-9b74-260ebd9c4701', 4, 'Tag Team', NULL, FALSE, NULL, NULL, FALSE, 'Sub', 3.5, FALSE);
insert into matches (id, show_id, match_number, match_type, stipulation, is_title_match, title_id, is_mitb, mitb_cashin, defeat_type, rating, is_draw) values ('7be2ac41-ef32-497d-b4a4-0545bdd88c0f', 'c3577306-6503-4d7f-9b74-260ebd9c4701', 5, 'Tornado Tag Team', NULL, FALSE, NULL, NULL, FALSE, 'Sub', 4.0, FALSE);
insert into match_participants (match_id, team_id, result) values ('7be2ac41-ef32-497d-b4a4-0545bdd88c0f', 'eebd2a89-a1f9-4931-982e-9cf035d48429', 'winner');
insert into matches (id, show_id, match_number, match_type, stipulation, is_title_match, title_id, is_mitb, mitb_cashin, defeat_type, rating, is_draw) values ('d1e0a2b6-125d-41ec-84fa-93b2f0102ffc', 'c3577306-6503-4d7f-9b74-260ebd9c4701', 6, 'Battle Royale', NULL, FALSE, NULL, NULL, FALSE, 'Pin', 3.0, FALSE);
insert into match_participants (match_id, wrestler_id, result) values ('d1e0a2b6-125d-41ec-84fa-93b2f0102ffc', 'b2d0cb4c-4471-49a3-b524-544ce1bd95a1', 'winner');
insert into match_participants (match_id, wrestler_id, result) values ('d1e0a2b6-125d-41ec-84fa-93b2f0102ffc', '236dddd8-b6e3-4f50-9e8d-7b54fe489a20', 'loser');
insert into match_participants (match_id, wrestler_id, result) values ('d1e0a2b6-125d-41ec-84fa-93b2f0102ffc', 'cce2403e-b550-4727-9b4c-e04012c77f31', 'loser');
insert into match_participants (match_id, wrestler_id, result) values ('d1e0a2b6-125d-41ec-84fa-93b2f0102ffc', 'fce02e68-03a4-4670-a5d4-a6790f4f92a1', 'loser');
insert into match_participants (match_id, wrestler_id, result) values ('d1e0a2b6-125d-41ec-84fa-93b2f0102ffc', '7ca7fd7b-2526-41ea-b143-cdd82f404014', 'loser');
insert into match_participants (match_id, wrestler_id, result) values ('d1e0a2b6-125d-41ec-84fa-93b2f0102ffc', 'ae2ce814-315f-41f0-ab99-eddf09a7d4c5', 'loser');
insert into matches (id, show_id, match_number, match_type, stipulation, is_title_match, title_id, is_mitb, mitb_cashin, defeat_type, rating, is_draw) values ('c292a192-ac93-43e2-8414-dac33b320e84', 'c3577306-6503-4d7f-9b74-260ebd9c4701', 7, 'Triple Threat', NULL, FALSE, NULL, NULL, FALSE, 'Pin', 4.0, FALSE);
insert into match_participants (match_id, wrestler_id, result) values ('c292a192-ac93-43e2-8414-dac33b320e84', '1fdbaeea-4dc7-41ff-9ce9-394d33e1ace4', 'loser');
insert into match_participants (match_id, wrestler_id, result) values ('c292a192-ac93-43e2-8414-dac33b320e84', 'fe192097-a77b-4d95-a8b9-0f0147ab04a6', 'winner');
insert into match_participants (match_id, wrestler_id, result) values ('c292a192-ac93-43e2-8414-dac33b320e84', '7d9945b2-59a0-4661-8206-198fec52bb2f', 'loser');
insert into matches (id, show_id, match_number, match_type, stipulation, is_title_match, title_id, is_mitb, mitb_cashin, defeat_type, rating, is_draw) values ('160d2d9a-ea58-49fe-a9ac-0a6822e3eba7', 'c3577306-6503-4d7f-9b74-260ebd9c4701', 8, 'Single', NULL, FALSE, NULL, NULL, FALSE, 'Pin', 4.5, FALSE);
insert into match_participants (match_id, wrestler_id, result) values ('160d2d9a-ea58-49fe-a9ac-0a6822e3eba7', '60c99dea-a118-4839-99eb-5de3ca41d5d4', 'winner');
insert into match_participants (match_id, wrestler_id, result) values ('160d2d9a-ea58-49fe-a9ac-0a6822e3eba7', 'bc93b973-151b-48ca-8d75-8f6c220a0d31', 'loser');
insert into matches (id, show_id, match_number, match_type, stipulation, is_title_match, title_id, is_mitb, mitb_cashin, defeat_type, rating, is_draw) values ('95a63340-5a56-4e0b-8b89-fb5788972107', 'c3577306-6503-4d7f-9b74-260ebd9c4701', 9, 'Triple Threat', NULL, FALSE, NULL, NULL, FALSE, 'Pin', 3.5, FALSE);
insert into match_participants (match_id, wrestler_id, result) values ('95a63340-5a56-4e0b-8b89-fb5788972107', 'f53c5be3-c66c-4d29-b281-5c0157203703', 'loser');
insert into match_participants (match_id, wrestler_id, result) values ('95a63340-5a56-4e0b-8b89-fb5788972107', '122e2f4f-61c3-46f1-8de6-407a73f0712e', 'winner');
insert into match_participants (match_id, wrestler_id, result) values ('95a63340-5a56-4e0b-8b89-fb5788972107', 'ce7af308-9278-4c37-aa87-b7d2ea0e48c9', 'loser');
insert into shows (id, name, show_date, show_type, ppv_name) values ('0f7d034a-8ebe-4c9a-8440-7011e4483812', 'DAW 03-31-2023', '2023-03-31', 'weekly', NULL);
insert into matches (id, show_id, match_number, match_type, stipulation, is_title_match, title_id, is_mitb, mitb_cashin, defeat_type, rating, is_draw) values ('331d8091-f3a1-45e2-b225-468d7a98c996', '0f7d034a-8ebe-4c9a-8440-7011e4483812', 1, 'Battle Royale', NULL, FALSE, NULL, NULL, FALSE, 'Pin', 3.0, FALSE);
insert into match_participants (match_id, wrestler_id, result) values ('331d8091-f3a1-45e2-b225-468d7a98c996', '8b45127b-9c83-4169-a3e3-fd142b88754c', 'loser');
insert into match_participants (match_id, wrestler_id, result) values ('331d8091-f3a1-45e2-b225-468d7a98c996', 'ad63b3fd-9de8-4398-a085-7cc8f264589e', 'loser');
insert into match_participants (match_id, wrestler_id, result) values ('331d8091-f3a1-45e2-b225-468d7a98c996', 'c582c07c-786b-4687-9aeb-b0431edfb330', 'loser');
insert into match_participants (match_id, wrestler_id, result) values ('331d8091-f3a1-45e2-b225-468d7a98c996', '070ef826-51e2-44ff-b14f-c0c821af8fd4', 'loser');
insert into match_participants (match_id, wrestler_id, result) values ('331d8091-f3a1-45e2-b225-468d7a98c996', 'dd421a18-834c-46a2-92a8-47b1c1ebc493', 'loser');
insert into match_participants (match_id, wrestler_id, result) values ('331d8091-f3a1-45e2-b225-468d7a98c996', '72a13a54-c48a-4382-a17e-3db462967ef7', 'winner');
insert into match_participants (match_id, wrestler_id, result) values ('331d8091-f3a1-45e2-b225-468d7a98c996', '43cf1a50-987d-4c83-a79c-32af2e1748bc', 'loser');
insert into matches (id, show_id, match_number, match_type, stipulation, is_title_match, title_id, is_mitb, mitb_cashin, defeat_type, rating, is_draw) values ('3e25e5a1-dc2a-40e2-9e3b-235ba9ce65a6', '0f7d034a-8ebe-4c9a-8440-7011e4483812', 2, 'Single', NULL, FALSE, NULL, NULL, FALSE, 'Sub', 3.5, FALSE);
insert into match_participants (match_id, wrestler_id, result) values ('3e25e5a1-dc2a-40e2-9e3b-235ba9ce65a6', '0072611a-281e-4de5-bf57-fbc9696651ec', 'winner');
insert into match_participants (match_id, wrestler_id, result) values ('3e25e5a1-dc2a-40e2-9e3b-235ba9ce65a6', '6744f55d-802e-4dc8-83da-df85f7d6e050', 'loser');
insert into matches (id, show_id, match_number, match_type, stipulation, is_title_match, title_id, is_mitb, mitb_cashin, defeat_type, rating, is_draw) values ('a8c7078b-89f2-4276-8cd5-b8ffbbe7de74', '0f7d034a-8ebe-4c9a-8440-7011e4483812', 3, 'Fatal 4-Way', NULL, FALSE, NULL, NULL, FALSE, 'Pin', 2.5, FALSE);
insert into match_participants (match_id, wrestler_id, result) values ('a8c7078b-89f2-4276-8cd5-b8ffbbe7de74', '004c7b59-d738-4718-a1f0-39aa22e8039d', 'winner');
insert into match_participants (match_id, wrestler_id, result) values ('a8c7078b-89f2-4276-8cd5-b8ffbbe7de74', 'b2d0cb4c-4471-49a3-b524-544ce1bd95a1', 'loser');
insert into match_participants (match_id, wrestler_id, result) values ('a8c7078b-89f2-4276-8cd5-b8ffbbe7de74', 'cce2403e-b550-4727-9b4c-e04012c77f31', 'loser');
insert into match_participants (match_id, wrestler_id, result) values ('a8c7078b-89f2-4276-8cd5-b8ffbbe7de74', 'fce02e68-03a4-4670-a5d4-a6790f4f92a1', 'loser');
insert into matches (id, show_id, match_number, match_type, stipulation, is_title_match, title_id, is_mitb, mitb_cashin, defeat_type, rating, is_draw) values ('c7cf3b48-823c-453b-94d7-5e8d59974fa1', '0f7d034a-8ebe-4c9a-8440-7011e4483812', 4, 'Single', NULL, FALSE, NULL, NULL, FALSE, 'Pin', 3.5, FALSE);
insert into match_participants (match_id, wrestler_id, result) values ('c7cf3b48-823c-453b-94d7-5e8d59974fa1', '0d2420e5-4511-44a9-8d66-a70eef1ce8d4', 'winner');
insert into match_participants (match_id, wrestler_id, result) values ('c7cf3b48-823c-453b-94d7-5e8d59974fa1', '7e31c302-05ee-4325-989f-aefa74f76445', 'loser');
insert into matches (id, show_id, match_number, match_type, stipulation, is_title_match, title_id, is_mitb, mitb_cashin, defeat_type, rating, is_draw) values ('a723f07f-78f4-4160-a314-bbf454e9c545', '0f7d034a-8ebe-4c9a-8440-7011e4483812', 5, 'Single', NULL, FALSE, NULL, NULL, FALSE, 'Pin', 3.5, FALSE);
insert into match_participants (match_id, wrestler_id, result) values ('a723f07f-78f4-4160-a314-bbf454e9c545', '236dddd8-b6e3-4f50-9e8d-7b54fe489a20', 'loser');
insert into match_participants (match_id, wrestler_id, result) values ('a723f07f-78f4-4160-a314-bbf454e9c545', '9683fa4f-ffaf-4185-938d-e4a435a5aef7', 'winner');
insert into matches (id, show_id, match_number, match_type, stipulation, is_title_match, title_id, is_mitb, mitb_cashin, defeat_type, rating, is_draw) values ('e54e7514-00b0-486a-9657-53b7dece1709', '0f7d034a-8ebe-4c9a-8440-7011e4483812', 6, 'Single', NULL, FALSE, NULL, NULL, FALSE, 'Sub', 2.0, FALSE);
insert into match_participants (match_id, wrestler_id, result) values ('e54e7514-00b0-486a-9657-53b7dece1709', 'db9025f4-91c4-47e8-b3de-e3864852a4c8', 'loser');
insert into match_participants (match_id, wrestler_id, result) values ('e54e7514-00b0-486a-9657-53b7dece1709', '07687962-07c0-46b6-9541-2d8b60e3c2c1', 'winner');
insert into matches (id, show_id, match_number, match_type, stipulation, is_title_match, title_id, is_mitb, mitb_cashin, defeat_type, rating, is_draw) values ('657f6bff-f906-4f98-986f-ecee2ec760bf', '0f7d034a-8ebe-4c9a-8440-7011e4483812', 7, 'Single', NULL, FALSE, NULL, NULL, FALSE, 'Pin', 4.5, FALSE);
insert into match_participants (match_id, wrestler_id, result) values ('657f6bff-f906-4f98-986f-ecee2ec760bf', '45d6759a-e627-41e8-b142-68a6772440d1', 'loser');
insert into match_participants (match_id, wrestler_id, result) values ('657f6bff-f906-4f98-986f-ecee2ec760bf', 'bc93b973-151b-48ca-8d75-8f6c220a0d31', 'winner');
insert into matches (id, show_id, match_number, match_type, stipulation, is_title_match, title_id, is_mitb, mitb_cashin, defeat_type, rating, is_draw) values ('35d6bd11-08aa-4ac0-ab19-083006d66ce0', '0f7d034a-8ebe-4c9a-8440-7011e4483812', 8, 'Tag Team', NULL, FALSE, NULL, NULL, FALSE, 'Sub', 3.0, FALSE);
insert into matches (id, show_id, match_number, match_type, stipulation, is_title_match, title_id, is_mitb, mitb_cashin, defeat_type, rating, is_draw) values ('f72d3ba2-ccce-4fff-ae73-f5a42f8227df', '0f7d034a-8ebe-4c9a-8440-7011e4483812', 9, 'Single', NULL, TRUE, 'f3ec52c9-649b-48cb-aa37-da278fbd72df', FALSE, FALSE, 'Pin', 5.0, FALSE);
insert into match_participants (match_id, wrestler_id, result) values ('f72d3ba2-ccce-4fff-ae73-f5a42f8227df', 'f53c5be3-c66c-4d29-b281-5c0157203703', 'winner');
insert into match_participants (match_id, wrestler_id, result) values ('f72d3ba2-ccce-4fff-ae73-f5a42f8227df', '122e2f4f-61c3-46f1-8de6-407a73f0712e', 'loser');
insert into shows (id, name, show_date, show_type, ppv_name) values ('24ef8d4e-9ad8-44a5-ae76-bf6d144db76f', 'DAW 04-07-2023', '2023-04-07', 'weekly', NULL);
insert into matches (id, show_id, match_number, match_type, stipulation, is_title_match, title_id, is_mitb, mitb_cashin, defeat_type, rating, is_draw) values ('9fe576db-59dc-40e1-b985-9387b4d7cbab', '24ef8d4e-9ad8-44a5-ae76-bf6d144db76f', 1, 'Single', NULL, FALSE, NULL, NULL, FALSE, 'Pin', 1.0, FALSE);
insert into match_participants (match_id, wrestler_id, result) values ('9fe576db-59dc-40e1-b985-9387b4d7cbab', '23e929ba-5eab-44b6-90a5-3aeee22f283e', 'winner');
insert into match_participants (match_id, wrestler_id, result) values ('9fe576db-59dc-40e1-b985-9387b4d7cbab', 'ad63b3fd-9de8-4398-a085-7cc8f264589e', 'loser');
insert into matches (id, show_id, match_number, match_type, stipulation, is_title_match, title_id, is_mitb, mitb_cashin, defeat_type, rating, is_draw) values ('e5ca7b56-b10f-4b04-a576-1b3d444291cd', '24ef8d4e-9ad8-44a5-ae76-bf6d144db76f', 2, 'Single', NULL, FALSE, NULL, NULL, FALSE, 'Pin', 2.0, FALSE);
insert into match_participants (match_id, wrestler_id, result) values ('e5ca7b56-b10f-4b04-a576-1b3d444291cd', '72a13a54-c48a-4382-a17e-3db462967ef7', 'winner');
insert into match_participants (match_id, wrestler_id, result) values ('e5ca7b56-b10f-4b04-a576-1b3d444291cd', '070ef826-51e2-44ff-b14f-c0c821af8fd4', 'loser');
insert into matches (id, show_id, match_number, match_type, stipulation, is_title_match, title_id, is_mitb, mitb_cashin, defeat_type, rating, is_draw) values ('6753efb3-4c8e-45f5-a2c1-c9d5cbb6d7ba', '24ef8d4e-9ad8-44a5-ae76-bf6d144db76f', 3, 'Triple Threat', NULL, FALSE, NULL, NULL, FALSE, 'Sub', 3.5, FALSE);
insert into match_participants (match_id, wrestler_id, result) values ('6753efb3-4c8e-45f5-a2c1-c9d5cbb6d7ba', '0d2420e5-4511-44a9-8d66-a70eef1ce8d4', 'loser');
insert into match_participants (match_id, wrestler_id, result) values ('6753efb3-4c8e-45f5-a2c1-c9d5cbb6d7ba', '0072611a-281e-4de5-bf57-fbc9696651ec', 'winner');
insert into match_participants (match_id, wrestler_id, result) values ('6753efb3-4c8e-45f5-a2c1-c9d5cbb6d7ba', '24041ddc-d965-4815-8c45-c9f97a2ed2c1', 'loser');
insert into matches (id, show_id, match_number, match_type, stipulation, is_title_match, title_id, is_mitb, mitb_cashin, defeat_type, rating, is_draw) values ('62159e5b-6a11-474a-8cc7-19fc14b95120', '24ef8d4e-9ad8-44a5-ae76-bf6d144db76f', 4, 'Fatal 4-Way', NULL, FALSE, NULL, NULL, FALSE, 'Pin', 4.0, FALSE);
insert into match_participants (match_id, wrestler_id, result) values ('62159e5b-6a11-474a-8cc7-19fc14b95120', 'db9025f4-91c4-47e8-b3de-e3864852a4c8', 'loser');
insert into match_participants (match_id, wrestler_id, result) values ('62159e5b-6a11-474a-8cc7-19fc14b95120', 'fce02e68-03a4-4670-a5d4-a6790f4f92a1', 'loser');
insert into match_participants (match_id, wrestler_id, result) values ('62159e5b-6a11-474a-8cc7-19fc14b95120', '9683fa4f-ffaf-4185-938d-e4a435a5aef7', 'winner');
insert into match_participants (match_id, wrestler_id, result) values ('62159e5b-6a11-474a-8cc7-19fc14b95120', 'fe2b910f-9821-448e-928d-da0ba9221a8e', 'loser');
insert into matches (id, show_id, match_number, match_type, stipulation, is_title_match, title_id, is_mitb, mitb_cashin, defeat_type, rating, is_draw) values ('1ef73e00-3abe-4220-8557-21b23abc3567', '24ef8d4e-9ad8-44a5-ae76-bf6d144db76f', 5, 'Tornado Tag Team', NULL, FALSE, NULL, NULL, FALSE, 'Sub', 3.0, FALSE);
insert into match_participants (match_id, team_id, result) values ('1ef73e00-3abe-4220-8557-21b23abc3567', '7137a09b-03ed-43a7-b363-b22cfd3158d4', 'loser');
insert into match_participants (match_id, team_id, result) values ('1ef73e00-3abe-4220-8557-21b23abc3567', '83fd0ef7-a31d-432b-9a7c-594309de6c3f', 'winner');
insert into matches (id, show_id, match_number, match_type, stipulation, is_title_match, title_id, is_mitb, mitb_cashin, defeat_type, rating, is_draw) values ('3e40380d-f669-41ef-aa8c-5c6d943d43f1', '24ef8d4e-9ad8-44a5-ae76-bf6d144db76f', 6, 'Single', NULL, FALSE, NULL, NULL, FALSE, 'Pin', 3.5, FALSE);
insert into match_participants (match_id, wrestler_id, result) values ('3e40380d-f669-41ef-aa8c-5c6d943d43f1', 'cce2403e-b550-4727-9b4c-e04012c77f31', 'loser');
insert into match_participants (match_id, wrestler_id, result) values ('3e40380d-f669-41ef-aa8c-5c6d943d43f1', 'c582c07c-786b-4687-9aeb-b0431edfb330', 'winner');
insert into matches (id, show_id, match_number, match_type, stipulation, is_title_match, title_id, is_mitb, mitb_cashin, defeat_type, rating, is_draw) values ('3753e66a-a932-4ac7-ab09-2b380002edbd', '24ef8d4e-9ad8-44a5-ae76-bf6d144db76f', 7, 'Single', NULL, FALSE, NULL, NULL, FALSE, 'Sub', 4.5, FALSE);
insert into match_participants (match_id, wrestler_id, result) values ('3753e66a-a932-4ac7-ab09-2b380002edbd', '7ca7fd7b-2526-41ea-b143-cdd82f404014', 'winner');
insert into match_participants (match_id, wrestler_id, result) values ('3753e66a-a932-4ac7-ab09-2b380002edbd', 'ae2ce814-315f-41f0-ab99-eddf09a7d4c5', 'loser');
insert into matches (id, show_id, match_number, match_type, stipulation, is_title_match, title_id, is_mitb, mitb_cashin, defeat_type, rating, is_draw) values ('ea4f8784-b706-46a1-80fc-a25d2a346d41', '24ef8d4e-9ad8-44a5-ae76-bf6d144db76f', 8, 'Single', NULL, FALSE, NULL, NULL, FALSE, 'Pin', 3.5, FALSE);
insert into match_participants (match_id, wrestler_id, result) values ('ea4f8784-b706-46a1-80fc-a25d2a346d41', '7d9945b2-59a0-4661-8206-198fec52bb2f', 'loser');
insert into match_participants (match_id, wrestler_id, result) values ('ea4f8784-b706-46a1-80fc-a25d2a346d41', 'b2d0cb4c-4471-49a3-b524-544ce1bd95a1', 'winner');
insert into matches (id, show_id, match_number, match_type, stipulation, is_title_match, title_id, is_mitb, mitb_cashin, defeat_type, rating, is_draw) values ('a3ab487d-9cfc-4595-b755-dc49d907f755', '24ef8d4e-9ad8-44a5-ae76-bf6d144db76f', 9, 'Tag Team', NULL, FALSE, NULL, NULL, FALSE, 'Pin', 4.5, FALSE);
insert into shows (id, name, show_date, show_type, ppv_name) values ('7d913564-1bea-4955-85ec-8582b8ce94a7', 'DAW 04-14-2023', '2023-04-14', 'weekly', NULL);
insert into matches (id, show_id, match_number, match_type, stipulation, is_title_match, title_id, is_mitb, mitb_cashin, defeat_type, rating, is_draw) values ('d41d4e72-a30b-4945-8650-66b8b852b247', '7d913564-1bea-4955-85ec-8582b8ce94a7', 1, 'Tag Team', NULL, TRUE, '4091f18e-1fb8-441e-b708-1729cb0b0011', FALSE, FALSE, 'Pin', 3.0, FALSE);
insert into match_participants (match_id, team_id, result) values ('d41d4e72-a30b-4945-8650-66b8b852b247', '68c622dc-e758-4f54-9c6b-cfa737db8028', 'winner');
insert into match_participants (match_id, team_id, result) values ('d41d4e72-a30b-4945-8650-66b8b852b247', '0c1be915-234d-4bb2-92ab-225e76d0c50c', 'loser');
insert into matches (id, show_id, match_number, match_type, stipulation, is_title_match, title_id, is_mitb, mitb_cashin, defeat_type, rating, is_draw) values ('b9d600f2-df57-4d14-9542-08124094184d', '7d913564-1bea-4955-85ec-8582b8ce94a7', 2, 'Single', NULL, FALSE, NULL, NULL, FALSE, 'Pin', 2.5, FALSE);
insert into match_participants (match_id, wrestler_id, result) values ('b9d600f2-df57-4d14-9542-08124094184d', '45d6759a-e627-41e8-b142-68a6772440d1', 'winner');
insert into match_participants (match_id, wrestler_id, result) values ('b9d600f2-df57-4d14-9542-08124094184d', '7e31c302-05ee-4325-989f-aefa74f76445', 'loser');
insert into matches (id, show_id, match_number, match_type, stipulation, is_title_match, title_id, is_mitb, mitb_cashin, defeat_type, rating, is_draw) values ('d0386cd4-963d-4d8f-80e1-aa481000016e', '7d913564-1bea-4955-85ec-8582b8ce94a7', 3, 'Single', NULL, FALSE, NULL, NULL, FALSE, 'Pin', 2.5, FALSE);
insert into match_participants (match_id, wrestler_id, result) values ('d0386cd4-963d-4d8f-80e1-aa481000016e', '7ca7fd7b-2526-41ea-b143-cdd82f404014', 'loser');
insert into match_participants (match_id, wrestler_id, result) values ('d0386cd4-963d-4d8f-80e1-aa481000016e', 'fe2b910f-9821-448e-928d-da0ba9221a8e', 'winner');
insert into matches (id, show_id, match_number, match_type, stipulation, is_title_match, title_id, is_mitb, mitb_cashin, defeat_type, rating, is_draw) values ('d97715ed-ccea-4914-9060-acbf7f5a1d98', '7d913564-1bea-4955-85ec-8582b8ce94a7', 4, 'Tornado Tag Team', 'Table', FALSE, NULL, NULL, FALSE, 'Pin', 3.0, FALSE);
insert into match_participants (match_id, team_id, result) values ('d97715ed-ccea-4914-9060-acbf7f5a1d98', '326ddb77-a43c-4a2e-832e-258e8e55b621', 'winner');
insert into match_participants (match_id, team_id, result) values ('d97715ed-ccea-4914-9060-acbf7f5a1d98', '84f28d1e-e778-4e20-964c-259275f561ed', 'loser');
insert into matches (id, show_id, match_number, match_type, stipulation, is_title_match, title_id, is_mitb, mitb_cashin, defeat_type, rating, is_draw) values ('ea489e8f-0a48-4855-a8c1-ee0ba8d8c54d', '7d913564-1bea-4955-85ec-8582b8ce94a7', 5, 'Single', NULL, TRUE, '5d3e065c-43d1-41ee-8d24-e876f1e2b2a1', FALSE, FALSE, 'Pin', 3.5, FALSE);
insert into match_participants (match_id, wrestler_id, result) values ('ea489e8f-0a48-4855-a8c1-ee0ba8d8c54d', '0d2420e5-4511-44a9-8d66-a70eef1ce8d4', 'loser');
insert into match_participants (match_id, wrestler_id, result) values ('ea489e8f-0a48-4855-a8c1-ee0ba8d8c54d', '24041ddc-d965-4815-8c45-c9f97a2ed2c1', 'winner');
insert into matches (id, show_id, match_number, match_type, stipulation, is_title_match, title_id, is_mitb, mitb_cashin, defeat_type, rating, is_draw) values ('c503c2a7-063d-4835-95cf-dcf2544408a6', '7d913564-1bea-4955-85ec-8582b8ce94a7', 6, 'Single', NULL, FALSE, NULL, NULL, FALSE, 'Pin', 4.0, FALSE);
insert into match_participants (match_id, wrestler_id, result) values ('c503c2a7-063d-4835-95cf-dcf2544408a6', '42e5e6d3-4be5-45d5-b4bd-73e02dd0a8fb', 'winner');
insert into match_participants (match_id, wrestler_id, result) values ('c503c2a7-063d-4835-95cf-dcf2544408a6', '507cf73c-cab4-4f96-adf0-fef2b3f3330b', 'loser');
insert into matches (id, show_id, match_number, match_type, stipulation, is_title_match, title_id, is_mitb, mitb_cashin, defeat_type, rating, is_draw) values ('66b6316d-6b51-4473-b0dd-d992c204e9ef', '7d913564-1bea-4955-85ec-8582b8ce94a7', 7, 'Single', NULL, TRUE, '12a0a465-de6a-4c0c-a1f8-b229c3aca347', FALSE, FALSE, 'Pin', 4.0, FALSE);
insert into match_participants (match_id, wrestler_id, result) values ('66b6316d-6b51-4473-b0dd-d992c204e9ef', 'ce7af308-9278-4c37-aa87-b7d2ea0e48c9', 'winner');
insert into match_participants (match_id, wrestler_id, result) values ('66b6316d-6b51-4473-b0dd-d992c204e9ef', '122e2f4f-61c3-46f1-8de6-407a73f0712e', 'loser');
insert into matches (id, show_id, match_number, match_type, stipulation, is_title_match, title_id, is_mitb, mitb_cashin, defeat_type, rating, is_draw) values ('b1a307ba-75b2-49c5-9735-140b8e826630', '7d913564-1bea-4955-85ec-8582b8ce94a7', 8, 'Triple Threat', NULL, FALSE, NULL, NULL, FALSE, 'Pin', 4.0, FALSE);
insert into match_participants (match_id, wrestler_id, result) values ('b1a307ba-75b2-49c5-9735-140b8e826630', 'b89f6511-8a3d-4a13-a45a-f78ce4c5514a', 'loser');
insert into match_participants (match_id, wrestler_id, result) values ('b1a307ba-75b2-49c5-9735-140b8e826630', 'ae2ce814-315f-41f0-ab99-eddf09a7d4c5', 'loser');
insert into match_participants (match_id, wrestler_id, result) values ('b1a307ba-75b2-49c5-9735-140b8e826630', 'cd5fa7e0-c982-449d-ab4f-cd0b33045715', 'winner');
insert into matches (id, show_id, match_number, match_type, stipulation, is_title_match, title_id, is_mitb, mitb_cashin, defeat_type, rating, is_draw) values ('e136af47-3aa2-409e-a548-e03d2dd39c51', '7d913564-1bea-4955-85ec-8582b8ce94a7', 9, '6-Man', 'Ladder', TRUE, '5db4cd6b-6ebe-4a87-b7bb-017af3856766', FALSE, FALSE, 'Pin', 4.5, FALSE);
insert into match_participants (match_id, wrestler_id, result) values ('e136af47-3aa2-409e-a548-e03d2dd39c51', 'db9025f4-91c4-47e8-b3de-e3864852a4c8', 'loser');
insert into match_participants (match_id, wrestler_id, result) values ('e136af47-3aa2-409e-a548-e03d2dd39c51', 'fce02e68-03a4-4670-a5d4-a6790f4f92a1', 'loser');
insert into match_participants (match_id, wrestler_id, result) values ('e136af47-3aa2-409e-a548-e03d2dd39c51', '9683fa4f-ffaf-4185-938d-e4a435a5aef7', 'loser');
insert into match_participants (match_id, wrestler_id, result) values ('e136af47-3aa2-409e-a548-e03d2dd39c51', '004c7b59-d738-4718-a1f0-39aa22e8039d', 'loser');
insert into match_participants (match_id, wrestler_id, result) values ('e136af47-3aa2-409e-a548-e03d2dd39c51', '1fdbaeea-4dc7-41ff-9ce9-394d33e1ace4', 'loser');
insert into match_participants (match_id, wrestler_id, result) values ('e136af47-3aa2-409e-a548-e03d2dd39c51', '07687962-07c0-46b6-9541-2d8b60e3c2c1', 'winner');
insert into matches (id, show_id, match_number, match_type, stipulation, is_title_match, title_id, is_mitb, mitb_cashin, defeat_type, rating, is_draw) values ('e2a604cb-e972-48a9-97ad-8fadaeaca3c6', '7d913564-1bea-4955-85ec-8582b8ce94a7', 10, 'Single', 'Cage Match', FALSE, NULL, NULL, FALSE, 'Pin', 4.5, FALSE);
insert into match_participants (match_id, wrestler_id, result) values ('e2a604cb-e972-48a9-97ad-8fadaeaca3c6', 'cce2403e-b550-4727-9b4c-e04012c77f31', 'loser');
insert into match_participants (match_id, wrestler_id, result) values ('e2a604cb-e972-48a9-97ad-8fadaeaca3c6', 'b2d0cb4c-4471-49a3-b524-544ce1bd95a1', 'winner');
insert into matches (id, show_id, match_number, match_type, stipulation, is_title_match, title_id, is_mitb, mitb_cashin, defeat_type, rating, is_draw) values ('e733f66c-bea3-4bd7-923f-45a52a9f42ef', '7d913564-1bea-4955-85ec-8582b8ce94a7', 11, 'Fatal 4-Way', NULL, FALSE, NULL, NULL, FALSE, 'Sub', 4.0, FALSE);
insert into match_participants (match_id, wrestler_id, result) values ('e733f66c-bea3-4bd7-923f-45a52a9f42ef', '0072611a-281e-4de5-bf57-fbc9696651ec', 'winner');
insert into match_participants (match_id, wrestler_id, result) values ('e733f66c-bea3-4bd7-923f-45a52a9f42ef', '31f9e94a-66c8-428d-9ae1-dc8ad7d4834f', 'loser');
insert into match_participants (match_id, wrestler_id, result) values ('e733f66c-bea3-4bd7-923f-45a52a9f42ef', '6744f55d-802e-4dc8-83da-df85f7d6e050', 'loser');
insert into match_participants (match_id, wrestler_id, result) values ('e733f66c-bea3-4bd7-923f-45a52a9f42ef', '25af8129-40ab-446b-b032-79fd524cf7ab', 'loser');
insert into matches (id, show_id, match_number, match_type, stipulation, is_title_match, title_id, is_mitb, mitb_cashin, defeat_type, rating, is_draw) values ('e5a7d3b3-c59c-4edc-bfec-052107bf8a22', '7d913564-1bea-4955-85ec-8582b8ce94a7', 12, 'Single', NULL, TRUE, '02b0c038-accb-495b-8d6a-8891a7b51554', FALSE, FALSE, 'Sub', 5.0, FALSE);
insert into match_participants (match_id, wrestler_id, result) values ('e5a7d3b3-c59c-4edc-bfec-052107bf8a22', 'fe192097-a77b-4d95-a8b9-0f0147ab04a6', 'loser');
insert into match_participants (match_id, wrestler_id, result) values ('e5a7d3b3-c59c-4edc-bfec-052107bf8a22', '7d9945b2-59a0-4661-8206-198fec52bb2f', 'winner');
insert into matches (id, show_id, match_number, match_type, stipulation, is_title_match, title_id, is_mitb, mitb_cashin, defeat_type, rating, is_draw) values ('369d31c8-39f6-41f9-96ca-42733eef2e3b', '7d913564-1bea-4955-85ec-8582b8ce94a7', 13, 'Single', NULL, FALSE, NULL, NULL, FALSE, 'Pin', 5.0, FALSE);
insert into match_participants (match_id, wrestler_id, result) values ('369d31c8-39f6-41f9-96ca-42733eef2e3b', 'bc93b973-151b-48ca-8d75-8f6c220a0d31', 'winner');
insert into match_participants (match_id, wrestler_id, result) values ('369d31c8-39f6-41f9-96ca-42733eef2e3b', '60c99dea-a118-4839-99eb-5de3ca41d5d4', 'loser');
insert into matches (id, show_id, match_number, match_type, stipulation, is_title_match, title_id, is_mitb, mitb_cashin, defeat_type, rating, is_draw) values ('e10c7c25-cf35-4f6a-b38f-eda607f9cd68', '7d913564-1bea-4955-85ec-8582b8ce94a7', 14, 'Single', 'Cage Match', TRUE, 'f3ec52c9-649b-48cb-aa37-da278fbd72df', FALSE, FALSE, 'Pin', 3.0, FALSE);
insert into match_participants (match_id, wrestler_id, result) values ('e10c7c25-cf35-4f6a-b38f-eda607f9cd68', 'f53c5be3-c66c-4d29-b281-5c0157203703', 'winner');
insert into match_participants (match_id, wrestler_id, result) values ('e10c7c25-cf35-4f6a-b38f-eda607f9cd68', '122e2f4f-61c3-46f1-8de6-407a73f0712e', 'loser');
insert into shows (id, name, show_date, show_type, ppv_name) values ('2046b6cd-fbb3-46a2-85b6-42cc211cd9e5', 'DAW 04-21-2023', '2023-04-21', 'weekly', NULL);
insert into matches (id, show_id, match_number, match_type, stipulation, is_title_match, title_id, is_mitb, mitb_cashin, defeat_type, rating, is_draw) values ('01dfc55e-a77f-4942-a1f1-049fe9ed6ad6', '2046b6cd-fbb3-46a2-85b6-42cc211cd9e5', 1, 'Battle Royale', NULL, FALSE, NULL, NULL, FALSE, 'Pin', 4.0, FALSE);
insert into match_participants (match_id, wrestler_id, result) values ('01dfc55e-a77f-4942-a1f1-049fe9ed6ad6', 'd5419b1f-c540-4ae7-81e8-9cf6283544db', 'winner');
insert into match_participants (match_id, wrestler_id, result) values ('01dfc55e-a77f-4942-a1f1-049fe9ed6ad6', 'd0df50f1-fbbb-4298-ab0c-f7e6e122c4c4', 'loser');
insert into match_participants (match_id, wrestler_id, result) values ('01dfc55e-a77f-4942-a1f1-049fe9ed6ad6', '31f8c2ba-a0c4-4352-ae28-1cf68d200216', 'loser');
insert into match_participants (match_id, wrestler_id, result) values ('01dfc55e-a77f-4942-a1f1-049fe9ed6ad6', '87e03c56-c65e-4c6b-82f4-5fa5ea0eeada', 'loser');
insert into match_participants (match_id, wrestler_id, result) values ('01dfc55e-a77f-4942-a1f1-049fe9ed6ad6', 'd02a9351-6c1e-46ef-bb03-473a19e744f4', 'loser');
insert into match_participants (match_id, wrestler_id, result) values ('01dfc55e-a77f-4942-a1f1-049fe9ed6ad6', 'b89f6511-8a3d-4a13-a45a-f78ce4c5514a', 'loser');
insert into matches (id, show_id, match_number, match_type, stipulation, is_title_match, title_id, is_mitb, mitb_cashin, defeat_type, rating, is_draw) values ('eb0bbbce-9922-4dc7-9589-1cc92f7f9a49', '2046b6cd-fbb3-46a2-85b6-42cc211cd9e5', 2, 'Tag Team', NULL, FALSE, NULL, NULL, FALSE, 'Pin', 3.5, FALSE);
insert into match_participants (match_id, team_id, result) values ('eb0bbbce-9922-4dc7-9589-1cc92f7f9a49', '68c622dc-e758-4f54-9c6b-cfa737db8028', 'winner');
insert into matches (id, show_id, match_number, match_type, stipulation, is_title_match, title_id, is_mitb, mitb_cashin, defeat_type, rating, is_draw) values ('e6f3d989-4908-47d9-98fd-3eeda98e06c6', '2046b6cd-fbb3-46a2-85b6-42cc211cd9e5', 3, 'Triple Threat', NULL, FALSE, NULL, NULL, FALSE, 'Pin', 4.5, FALSE);
insert into match_participants (match_id, wrestler_id, result) values ('e6f3d989-4908-47d9-98fd-3eeda98e06c6', 'db9025f4-91c4-47e8-b3de-e3864852a4c8', 'loser');
insert into match_participants (match_id, wrestler_id, result) values ('e6f3d989-4908-47d9-98fd-3eeda98e06c6', '42e5e6d3-4be5-45d5-b4bd-73e02dd0a8fb', 'loser');
insert into match_participants (match_id, wrestler_id, result) values ('e6f3d989-4908-47d9-98fd-3eeda98e06c6', '9683fa4f-ffaf-4185-938d-e4a435a5aef7', 'winner');
insert into matches (id, show_id, match_number, match_type, stipulation, is_title_match, title_id, is_mitb, mitb_cashin, defeat_type, rating, is_draw) values ('0ad58533-d942-4c5e-9c44-fdded5970885', '2046b6cd-fbb3-46a2-85b6-42cc211cd9e5', 4, 'Single', NULL, FALSE, NULL, NULL, FALSE, 'Pin', 3.0, FALSE);
insert into match_participants (match_id, wrestler_id, result) values ('0ad58533-d942-4c5e-9c44-fdded5970885', 'cd5fa7e0-c982-449d-ab4f-cd0b33045715', 'loser');
insert into match_participants (match_id, wrestler_id, result) values ('0ad58533-d942-4c5e-9c44-fdded5970885', 'fe2b910f-9821-448e-928d-da0ba9221a8e', 'winner');
insert into matches (id, show_id, match_number, match_type, stipulation, is_title_match, title_id, is_mitb, mitb_cashin, defeat_type, rating, is_draw) values ('fa61fa55-eb98-4a28-ae2b-0bca8068ad49', '2046b6cd-fbb3-46a2-85b6-42cc211cd9e5', 5, 'Triple Threat', NULL, FALSE, NULL, NULL, FALSE, 'Pin', 4.0, FALSE);
insert into match_participants (match_id, wrestler_id, result) values ('fa61fa55-eb98-4a28-ae2b-0bca8068ad49', 'ae2ce814-315f-41f0-ab99-eddf09a7d4c5', 'loser');
insert into match_participants (match_id, wrestler_id, result) values ('fa61fa55-eb98-4a28-ae2b-0bca8068ad49', '07687962-07c0-46b6-9541-2d8b60e3c2c1', 'winner');
insert into match_participants (match_id, wrestler_id, result) values ('fa61fa55-eb98-4a28-ae2b-0bca8068ad49', '236dddd8-b6e3-4f50-9e8d-7b54fe489a20', 'loser');
insert into matches (id, show_id, match_number, match_type, stipulation, is_title_match, title_id, is_mitb, mitb_cashin, defeat_type, rating, is_draw) values ('96beac38-1511-4cef-9414-2966ba66f538', '2046b6cd-fbb3-46a2-85b6-42cc211cd9e5', 6, 'Tornado Tag Team', NULL, FALSE, NULL, NULL, FALSE, 'Pin', 3.5, FALSE);
insert into match_participants (match_id, team_id, result) values ('96beac38-1511-4cef-9414-2966ba66f538', '0c1be915-234d-4bb2-92ab-225e76d0c50c', 'winner');
insert into matches (id, show_id, match_number, match_type, stipulation, is_title_match, title_id, is_mitb, mitb_cashin, defeat_type, rating, is_draw) values ('a0724783-354a-4e4b-bc66-13c7d4f4d526', '2046b6cd-fbb3-46a2-85b6-42cc211cd9e5', 7, 'Single', 'Cage Match', FALSE, NULL, NULL, FALSE, 'Pin', 5.0, FALSE);
insert into match_participants (match_id, wrestler_id, result) values ('a0724783-354a-4e4b-bc66-13c7d4f4d526', '7ca7fd7b-2526-41ea-b143-cdd82f404014', 'winner');
insert into match_participants (match_id, wrestler_id, result) values ('a0724783-354a-4e4b-bc66-13c7d4f4d526', 'fce02e68-03a4-4670-a5d4-a6790f4f92a1', 'loser');
insert into matches (id, show_id, match_number, match_type, stipulation, is_title_match, title_id, is_mitb, mitb_cashin, defeat_type, rating, is_draw) values ('e226ce1c-2259-4327-8f60-01ee3e90920c', '2046b6cd-fbb3-46a2-85b6-42cc211cd9e5', 8, 'Tornado Tag Team', NULL, FALSE, NULL, NULL, FALSE, 'Sub', 4.5, FALSE);
insert into match_participants (match_id, team_id, result) values ('e226ce1c-2259-4327-8f60-01ee3e90920c', 'eebd2a89-a1f9-4931-982e-9cf035d48429', 'winner');
insert into match_participants (match_id, team_id, result) values ('e226ce1c-2259-4327-8f60-01ee3e90920c', '8dd02369-5443-418b-94d5-1970756968ba', 'loser');
insert into matches (id, show_id, match_number, match_type, stipulation, is_title_match, title_id, is_mitb, mitb_cashin, defeat_type, rating, is_draw) values ('55fc23fb-1da5-4f5a-bb4b-0a4989a8ee6e', '2046b6cd-fbb3-46a2-85b6-42cc211cd9e5', 9, 'Tornado Tag Team', 'Table', FALSE, NULL, NULL, FALSE, 'Pin', 2.0, FALSE);
insert into match_participants (match_id, team_id, result) values ('55fc23fb-1da5-4f5a-bb4b-0a4989a8ee6e', '326ddb77-a43c-4a2e-832e-258e8e55b621', 'loser');
insert into match_participants (match_id, team_id, result) values ('55fc23fb-1da5-4f5a-bb4b-0a4989a8ee6e', '84f28d1e-e778-4e20-964c-259275f561ed', 'winner');
insert into matches (id, show_id, match_number, match_type, stipulation, is_title_match, title_id, is_mitb, mitb_cashin, defeat_type, rating, is_draw) values ('2c412bbf-4d97-4fcb-9897-372bf070f1f1', '2046b6cd-fbb3-46a2-85b6-42cc211cd9e5', 10, 'Triple Threat', NULL, FALSE, NULL, NULL, FALSE, 'Pin', 4.5, FALSE);
insert into match_participants (match_id, wrestler_id, result) values ('2c412bbf-4d97-4fcb-9897-372bf070f1f1', '25af8129-40ab-446b-b032-79fd524cf7ab', 'loser');
insert into match_participants (match_id, wrestler_id, result) values ('2c412bbf-4d97-4fcb-9897-372bf070f1f1', 'bc93b973-151b-48ca-8d75-8f6c220a0d31', 'winner');
insert into match_participants (match_id, wrestler_id, result) values ('2c412bbf-4d97-4fcb-9897-372bf070f1f1', '31f9e94a-66c8-428d-9ae1-dc8ad7d4834f', 'loser');
insert into matches (id, show_id, match_number, match_type, stipulation, is_title_match, title_id, is_mitb, mitb_cashin, defeat_type, rating, is_draw) values ('b519faf5-097a-425f-8a3c-025660508629', '2046b6cd-fbb3-46a2-85b6-42cc211cd9e5', 11, 'Fatal 4-Way', 'Ladder', FALSE, NULL, NULL, FALSE, 'Pin', 3.0, FALSE);
insert into match_participants (match_id, wrestler_id, result) values ('b519faf5-097a-425f-8a3c-025660508629', '0d2420e5-4511-44a9-8d66-a70eef1ce8d4', 'loser');
insert into match_participants (match_id, wrestler_id, result) values ('b519faf5-097a-425f-8a3c-025660508629', '122e2f4f-61c3-46f1-8de6-407a73f0712e', 'loser');
insert into match_participants (match_id, wrestler_id, result) values ('b519faf5-097a-425f-8a3c-025660508629', '7e31c302-05ee-4325-989f-aefa74f76445', 'winner');
insert into match_participants (match_id, wrestler_id, result) values ('b519faf5-097a-425f-8a3c-025660508629', 'f53c5be3-c66c-4d29-b281-5c0157203703', 'loser');
insert into matches (id, show_id, match_number, match_type, stipulation, is_title_match, title_id, is_mitb, mitb_cashin, defeat_type, rating, is_draw) values ('0c640ae9-c22e-4ed2-8b7d-1c26b2bb7ebc', '2046b6cd-fbb3-46a2-85b6-42cc211cd9e5', 12, 'Single', NULL, FALSE, NULL, NULL, FALSE, 'Pin', 3.5, FALSE);
insert into match_participants (match_id, wrestler_id, result) values ('0c640ae9-c22e-4ed2-8b7d-1c26b2bb7ebc', '004c7b59-d738-4718-a1f0-39aa22e8039d', 'loser');
insert into match_participants (match_id, wrestler_id, result) values ('0c640ae9-c22e-4ed2-8b7d-1c26b2bb7ebc', 'cce2403e-b550-4727-9b4c-e04012c77f31', 'winner');
insert into matches (id, show_id, match_number, match_type, stipulation, is_title_match, title_id, is_mitb, mitb_cashin, defeat_type, rating, is_draw) values ('e790d1cd-19a3-476b-80cb-ed6c22f29496', '2046b6cd-fbb3-46a2-85b6-42cc211cd9e5', 13, 'Single', NULL, FALSE, NULL, NULL, FALSE, 'Pin', 2.0, FALSE);
insert into match_participants (match_id, wrestler_id, result) values ('e790d1cd-19a3-476b-80cb-ed6c22f29496', '5c8c1999-694f-4348-b73a-1dad27a170e3', 'winner');
insert into match_participants (match_id, wrestler_id, result) values ('e790d1cd-19a3-476b-80cb-ed6c22f29496', '60c99dea-a118-4839-99eb-5de3ca41d5d4', 'loser');
insert into matches (id, show_id, match_number, match_type, stipulation, is_title_match, title_id, is_mitb, mitb_cashin, defeat_type, rating, is_draw) values ('bb2837a3-ae90-444c-b487-47d2ac834022', '2046b6cd-fbb3-46a2-85b6-42cc211cd9e5', 14, 'Single', NULL, FALSE, NULL, NULL, FALSE, 'Pin', 3.5, FALSE);
insert into match_participants (match_id, wrestler_id, result) values ('bb2837a3-ae90-444c-b487-47d2ac834022', 'b2d0cb4c-4471-49a3-b524-544ce1bd95a1', 'winner');
insert into match_participants (match_id, wrestler_id, result) values ('bb2837a3-ae90-444c-b487-47d2ac834022', '1fdbaeea-4dc7-41ff-9ce9-394d33e1ace4', 'loser');
insert into shows (id, name, show_date, show_type, ppv_name) values ('19e00488-4719-4dca-9ee7-706656d92463', 'DAW 04-28-2023', '2023-04-28', 'weekly', NULL);
insert into matches (id, show_id, match_number, match_type, stipulation, is_title_match, title_id, is_mitb, mitb_cashin, defeat_type, rating, is_draw) values ('391afea2-0c87-46d9-b5d3-42d7e6717f86', '19e00488-4719-4dca-9ee7-706656d92463', 1, 'Triple Threat', NULL, FALSE, NULL, NULL, FALSE, 'Pin', 3.5, FALSE);
insert into match_participants (match_id, wrestler_id, result) values ('391afea2-0c87-46d9-b5d3-42d7e6717f86', 'db9025f4-91c4-47e8-b3de-e3864852a4c8', 'loser');
insert into match_participants (match_id, wrestler_id, result) values ('391afea2-0c87-46d9-b5d3-42d7e6717f86', 'fce02e68-03a4-4670-a5d4-a6790f4f92a1', 'winner');
insert into match_participants (match_id, wrestler_id, result) values ('391afea2-0c87-46d9-b5d3-42d7e6717f86', 'd02a9351-6c1e-46ef-bb03-473a19e744f4', 'loser');
insert into matches (id, show_id, match_number, match_type, stipulation, is_title_match, title_id, is_mitb, mitb_cashin, defeat_type, rating, is_draw) values ('3452c604-906d-450b-b439-3dd3b67d232f', '19e00488-4719-4dca-9ee7-706656d92463', 2, 'Fatal 4-Way', NULL, FALSE, NULL, NULL, FALSE, 'Pin', 4.0, FALSE);
insert into match_participants (match_id, wrestler_id, result) values ('3452c604-906d-450b-b439-3dd3b67d232f', 'd0df50f1-fbbb-4298-ab0c-f7e6e122c4c4', 'loser');
insert into match_participants (match_id, wrestler_id, result) values ('3452c604-906d-450b-b439-3dd3b67d232f', '9683fa4f-ffaf-4185-938d-e4a435a5aef7', 'loser');
insert into match_participants (match_id, wrestler_id, result) values ('3452c604-906d-450b-b439-3dd3b67d232f', '31f8c2ba-a0c4-4352-ae28-1cf68d200216', 'winner');
insert into match_participants (match_id, wrestler_id, result) values ('3452c604-906d-450b-b439-3dd3b67d232f', 'd5419b1f-c540-4ae7-81e8-9cf6283544db', 'loser');
insert into matches (id, show_id, match_number, match_type, stipulation, is_title_match, title_id, is_mitb, mitb_cashin, defeat_type, rating, is_draw) values ('ff59bb55-3410-4440-9856-ea869ab42015', '19e00488-4719-4dca-9ee7-706656d92463', 3, 'Triple Threat', NULL, FALSE, NULL, NULL, FALSE, 'Pin', 3.5, FALSE);
insert into match_participants (match_id, wrestler_id, result) values ('ff59bb55-3410-4440-9856-ea869ab42015', 'cce2403e-b550-4727-9b4c-e04012c77f31', 'loser');
insert into match_participants (match_id, wrestler_id, result) values ('ff59bb55-3410-4440-9856-ea869ab42015', '004c7b59-d738-4718-a1f0-39aa22e8039d', 'winner');
insert into match_participants (match_id, wrestler_id, result) values ('ff59bb55-3410-4440-9856-ea869ab42015', '1fdbaeea-4dc7-41ff-9ce9-394d33e1ace4', 'loser');
insert into matches (id, show_id, match_number, match_type, stipulation, is_title_match, title_id, is_mitb, mitb_cashin, defeat_type, rating, is_draw) values ('0a18ca15-24bc-4958-885c-1742d1d9f45f', '19e00488-4719-4dca-9ee7-706656d92463', 4, 'Single', NULL, FALSE, NULL, NULL, FALSE, 'Pin', 4.5, FALSE);
insert into match_participants (match_id, wrestler_id, result) values ('0a18ca15-24bc-4958-885c-1742d1d9f45f', '236dddd8-b6e3-4f50-9e8d-7b54fe489a20', 'winner');
insert into match_participants (match_id, wrestler_id, result) values ('0a18ca15-24bc-4958-885c-1742d1d9f45f', '07687962-07c0-46b6-9541-2d8b60e3c2c1', 'loser');
insert into matches (id, show_id, match_number, match_type, stipulation, is_title_match, title_id, is_mitb, mitb_cashin, defeat_type, rating, is_draw) values ('a76321ae-d144-4dd8-9498-5e1c52ac265d', '19e00488-4719-4dca-9ee7-706656d92463', 5, 'Tornado Tag Team', NULL, FALSE, NULL, NULL, FALSE, 'Pin', 2.5, FALSE);
insert into match_participants (match_id, team_id, result) values ('a76321ae-d144-4dd8-9498-5e1c52ac265d', 'd992f7dd-e5d0-4867-917a-5fd7dd7e98ba', 'loser');
insert into match_participants (match_id, team_id, result) values ('a76321ae-d144-4dd8-9498-5e1c52ac265d', '326ddb77-a43c-4a2e-832e-258e8e55b621', 'winner');
insert into match_participants (match_id, team_id, result) values ('a76321ae-d144-4dd8-9498-5e1c52ac265d', '83fd0ef7-a31d-432b-9a7c-594309de6c3f', 'loser');
insert into match_participants (match_id, team_id, result) values ('a76321ae-d144-4dd8-9498-5e1c52ac265d', '68c622dc-e758-4f54-9c6b-cfa737db8028', 'loser');
insert into matches (id, show_id, match_number, match_type, stipulation, is_title_match, title_id, is_mitb, mitb_cashin, defeat_type, rating, is_draw) values ('e8c61997-1d39-4384-a071-00ce08584d8c', '19e00488-4719-4dca-9ee7-706656d92463', 6, 'Single', NULL, FALSE, NULL, NULL, FALSE, 'Pin', 4.5, FALSE);
insert into match_participants (match_id, wrestler_id, result) values ('e8c61997-1d39-4384-a071-00ce08584d8c', '24041ddc-d965-4815-8c45-c9f97a2ed2c1', 'winner');
insert into match_participants (match_id, wrestler_id, result) values ('e8c61997-1d39-4384-a071-00ce08584d8c', '0072611a-281e-4de5-bf57-fbc9696651ec', 'loser');
insert into matches (id, show_id, match_number, match_type, stipulation, is_title_match, title_id, is_mitb, mitb_cashin, defeat_type, rating, is_draw) values ('491c428f-bccd-4925-b052-67a34b789017', '19e00488-4719-4dca-9ee7-706656d92463', 7, 'Tornado Tag Team', NULL, FALSE, NULL, NULL, FALSE, 'Pin', 3.0, FALSE);
insert into match_participants (match_id, team_id, result) values ('491c428f-bccd-4925-b052-67a34b789017', '71ab8222-78b8-4584-9717-447687147bd4', 'winner');
insert into matches (id, show_id, match_number, match_type, stipulation, is_title_match, title_id, is_mitb, mitb_cashin, defeat_type, rating, is_draw) values ('356ce84a-999c-407c-9e4f-4d7951e0e68a', '19e00488-4719-4dca-9ee7-706656d92463', 8, 'Single', NULL, FALSE, NULL, NULL, FALSE, 'Pin', 4.0, FALSE);
insert into match_participants (match_id, wrestler_id, result) values ('356ce84a-999c-407c-9e4f-4d7951e0e68a', 'b2d0cb4c-4471-49a3-b524-544ce1bd95a1', 'loser');
insert into match_participants (match_id, wrestler_id, result) values ('356ce84a-999c-407c-9e4f-4d7951e0e68a', '7d9945b2-59a0-4661-8206-198fec52bb2f', 'winner');
insert into matches (id, show_id, match_number, match_type, stipulation, is_title_match, title_id, is_mitb, mitb_cashin, defeat_type, rating, is_draw) values ('63692aa0-9a9a-47f5-98e6-2024053a54cf', '19e00488-4719-4dca-9ee7-706656d92463', 9, 'Single', NULL, FALSE, NULL, NULL, FALSE, 'Pin', 5.0, FALSE);
insert into match_participants (match_id, wrestler_id, result) values ('63692aa0-9a9a-47f5-98e6-2024053a54cf', '7e31c302-05ee-4325-989f-aefa74f76445', 'winner');
insert into match_participants (match_id, wrestler_id, result) values ('63692aa0-9a9a-47f5-98e6-2024053a54cf', 'f53c5be3-c66c-4d29-b281-5c0157203703', 'loser');
insert into shows (id, name, show_date, show_type, ppv_name) values ('4569434b-24d1-4950-a3d0-0ad07d0cb42d', 'DAW 05-05-2023', '2023-05-05', 'weekly', NULL);
insert into matches (id, show_id, match_number, match_type, stipulation, is_title_match, title_id, is_mitb, mitb_cashin, defeat_type, rating, is_draw) values ('fb1e6f06-6735-4bb3-a102-ee96a6185532', '4569434b-24d1-4950-a3d0-0ad07d0cb42d', 1, 'Tag Team', NULL, FALSE, NULL, NULL, FALSE, 'No Contest', 4.0, TRUE);
insert into matches (id, show_id, match_number, match_type, stipulation, is_title_match, title_id, is_mitb, mitb_cashin, defeat_type, rating, is_draw) values ('c14361ae-b0f0-4254-8240-87313adc28c7', '4569434b-24d1-4950-a3d0-0ad07d0cb42d', 2, 'Triple Threat', NULL, FALSE, NULL, NULL, FALSE, 'Pin', 3.0, FALSE);
insert into match_participants (match_id, wrestler_id, result) values ('c14361ae-b0f0-4254-8240-87313adc28c7', 'ad63b3fd-9de8-4398-a085-7cc8f264589e', 'winner');
insert into match_participants (match_id, wrestler_id, result) values ('c14361ae-b0f0-4254-8240-87313adc28c7', 'fe192097-a77b-4d95-a8b9-0f0147ab04a6', 'loser');
insert into match_participants (match_id, wrestler_id, result) values ('c14361ae-b0f0-4254-8240-87313adc28c7', 'b0a5de67-da65-4808-bb98-ace3a77fa729', 'loser');
insert into matches (id, show_id, match_number, match_type, stipulation, is_title_match, title_id, is_mitb, mitb_cashin, defeat_type, rating, is_draw) values ('b5aa00a7-91a3-4a44-b0e1-b9679ce1c562', '4569434b-24d1-4950-a3d0-0ad07d0cb42d', 3, 'Single', NULL, FALSE, NULL, NULL, FALSE, 'Pin', 4.0, FALSE);
insert into match_participants (match_id, wrestler_id, result) values ('b5aa00a7-91a3-4a44-b0e1-b9679ce1c562', 'ae2ce814-315f-41f0-ab99-eddf09a7d4c5', 'loser');
insert into match_participants (match_id, wrestler_id, result) values ('b5aa00a7-91a3-4a44-b0e1-b9679ce1c562', '87e03c56-c65e-4c6b-82f4-5fa5ea0eeada', 'winner');
insert into matches (id, show_id, match_number, match_type, stipulation, is_title_match, title_id, is_mitb, mitb_cashin, defeat_type, rating, is_draw) values ('cad160e5-f75b-4d5e-b975-846a00dfc06b', '4569434b-24d1-4950-a3d0-0ad07d0cb42d', 4, 'Tornado Tag Team', NULL, FALSE, NULL, NULL, FALSE, 'Pin', 4.5, FALSE);
insert into match_participants (match_id, team_id, result) values ('cad160e5-f75b-4d5e-b975-846a00dfc06b', '7137a09b-03ed-43a7-b363-b22cfd3158d4', 'winner');
insert into match_participants (match_id, team_id, result) values ('cad160e5-f75b-4d5e-b975-846a00dfc06b', '1e9ea366-fb52-496c-a960-2c327a8677d2', 'loser');
insert into matches (id, show_id, match_number, match_type, stipulation, is_title_match, title_id, is_mitb, mitb_cashin, defeat_type, rating, is_draw) values ('3118d00d-cfee-4f07-b69d-6866994f0c74', '4569434b-24d1-4950-a3d0-0ad07d0cb42d', 5, 'Single', NULL, FALSE, NULL, NULL, FALSE, 'Sub', 5.0, FALSE);
insert into match_participants (match_id, wrestler_id, result) values ('3118d00d-cfee-4f07-b69d-6866994f0c74', 'cce2403e-b550-4727-9b4c-e04012c77f31', 'winner');
insert into match_participants (match_id, wrestler_id, result) values ('3118d00d-cfee-4f07-b69d-6866994f0c74', 'db9025f4-91c4-47e8-b3de-e3864852a4c8', 'loser');
insert into matches (id, show_id, match_number, match_type, stipulation, is_title_match, title_id, is_mitb, mitb_cashin, defeat_type, rating, is_draw) values ('c63b6587-b1ca-42aa-89ad-f5c663f05f9e', '4569434b-24d1-4950-a3d0-0ad07d0cb42d', 6, 'Single', NULL, FALSE, NULL, NULL, FALSE, 'DQ', 4.5, FALSE);
insert into match_participants (match_id, wrestler_id, result) values ('c63b6587-b1ca-42aa-89ad-f5c663f05f9e', '6744f55d-802e-4dc8-83da-df85f7d6e050', 'loser');
insert into match_participants (match_id, wrestler_id, result) values ('c63b6587-b1ca-42aa-89ad-f5c663f05f9e', '0072611a-281e-4de5-bf57-fbc9696651ec', 'winner');
insert into matches (id, show_id, match_number, match_type, stipulation, is_title_match, title_id, is_mitb, mitb_cashin, defeat_type, rating, is_draw) values ('b0c6f8ed-3584-4e26-9b4e-6190e0b6dec2', '4569434b-24d1-4950-a3d0-0ad07d0cb42d', 7, 'Single', NULL, FALSE, NULL, NULL, FALSE, 'Pin', 5.0, FALSE);
insert into match_participants (match_id, wrestler_id, result) values ('b0c6f8ed-3584-4e26-9b4e-6190e0b6dec2', 'b2d0cb4c-4471-49a3-b524-544ce1bd95a1', 'loser');
insert into match_participants (match_id, wrestler_id, result) values ('b0c6f8ed-3584-4e26-9b4e-6190e0b6dec2', '7ca7fd7b-2526-41ea-b143-cdd82f404014', 'loser');
insert into match_participants (match_id, wrestler_id, result) values ('b0c6f8ed-3584-4e26-9b4e-6190e0b6dec2', 'fce02e68-03a4-4670-a5d4-a6790f4f92a1', 'loser');
insert into match_participants (match_id, wrestler_id, result) values ('b0c6f8ed-3584-4e26-9b4e-6190e0b6dec2', '7d9945b2-59a0-4661-8206-198fec52bb2f', 'winner');
insert into matches (id, show_id, match_number, match_type, stipulation, is_title_match, title_id, is_mitb, mitb_cashin, defeat_type, rating, is_draw) values ('c6cb708d-61ed-4cf1-b1ad-507d1bfa196d', '4569434b-24d1-4950-a3d0-0ad07d0cb42d', 8, 'Single', NULL, FALSE, NULL, NULL, FALSE, 'Pin', 4.0, FALSE);
insert into match_participants (match_id, wrestler_id, result) values ('c6cb708d-61ed-4cf1-b1ad-507d1bfa196d', '60c99dea-a118-4839-99eb-5de3ca41d5d4', 'winner');
insert into match_participants (match_id, wrestler_id, result) values ('c6cb708d-61ed-4cf1-b1ad-507d1bfa196d', '5c8c1999-694f-4348-b73a-1dad27a170e3', 'loser');
insert into matches (id, show_id, match_number, match_type, stipulation, is_title_match, title_id, is_mitb, mitb_cashin, defeat_type, rating, is_draw) values ('ae250584-8e0d-4a98-a8e8-ecdcfdaaf94f', '4569434b-24d1-4950-a3d0-0ad07d0cb42d', 9, 'Fatal 4-Way', NULL, FALSE, NULL, NULL, FALSE, 'Pin', 4.5, FALSE);
insert into match_participants (match_id, wrestler_id, result) values ('ae250584-8e0d-4a98-a8e8-ecdcfdaaf94f', '0d2420e5-4511-44a9-8d66-a70eef1ce8d4', 'loser');
insert into match_participants (match_id, wrestler_id, result) values ('ae250584-8e0d-4a98-a8e8-ecdcfdaaf94f', '122e2f4f-61c3-46f1-8de6-407a73f0712e', 'winner');
insert into match_participants (match_id, wrestler_id, result) values ('ae250584-8e0d-4a98-a8e8-ecdcfdaaf94f', '7e31c302-05ee-4325-989f-aefa74f76445', 'loser');
insert into match_participants (match_id, wrestler_id, result) values ('ae250584-8e0d-4a98-a8e8-ecdcfdaaf94f', 'f53c5be3-c66c-4d29-b281-5c0157203703', 'loser');
insert into shows (id, name, show_date, show_type, ppv_name) values ('d20cc449-4895-4b60-a9b2-06e86adbbd62', 'DAW 05-12-2023', '2023-05-12', 'weekly', NULL);
insert into matches (id, show_id, match_number, match_type, stipulation, is_title_match, title_id, is_mitb, mitb_cashin, defeat_type, rating, is_draw) values ('da29d788-d650-4d19-a1c6-7696f21ab65b', 'd20cc449-4895-4b60-a9b2-06e86adbbd62', 1, 'Tag Team', NULL, FALSE, NULL, NULL, FALSE, 'Pin', 2.5, FALSE);
insert into match_participants (match_id, team_id, result) values ('da29d788-d650-4d19-a1c6-7696f21ab65b', 'd992f7dd-e5d0-4867-917a-5fd7dd7e98ba', 'loser');
insert into match_participants (match_id, team_id, result) values ('da29d788-d650-4d19-a1c6-7696f21ab65b', '0c1be915-234d-4bb2-92ab-225e76d0c50c', 'winner');
insert into matches (id, show_id, match_number, match_type, stipulation, is_title_match, title_id, is_mitb, mitb_cashin, defeat_type, rating, is_draw) values ('5f8c7251-8299-467f-9f86-6d9853cf8591', 'd20cc449-4895-4b60-a9b2-06e86adbbd62', 2, 'Triple Threat', NULL, FALSE, NULL, NULL, FALSE, 'Pin', 4.5, FALSE);
insert into match_participants (match_id, wrestler_id, result) values ('5f8c7251-8299-467f-9f86-6d9853cf8591', '9683fa4f-ffaf-4185-938d-e4a435a5aef7', 'loser');
insert into match_participants (match_id, wrestler_id, result) values ('5f8c7251-8299-467f-9f86-6d9853cf8591', '0fe9e528-1533-4867-8646-25084f3bc1a1', 'loser');
insert into match_participants (match_id, wrestler_id, result) values ('5f8c7251-8299-467f-9f86-6d9853cf8591', 'c582c07c-786b-4687-9aeb-b0431edfb330', 'winner');
insert into matches (id, show_id, match_number, match_type, stipulation, is_title_match, title_id, is_mitb, mitb_cashin, defeat_type, rating, is_draw) values ('093b5afe-f326-4af9-a2f4-57a3cabf9625', 'd20cc449-4895-4b60-a9b2-06e86adbbd62', 3, 'Single', NULL, FALSE, NULL, NULL, FALSE, 'Pin', 2.0, FALSE);
insert into match_participants (match_id, wrestler_id, result) values ('093b5afe-f326-4af9-a2f4-57a3cabf9625', 'd02a9351-6c1e-46ef-bb03-473a19e744f4', 'winner');
insert into match_participants (match_id, wrestler_id, result) values ('093b5afe-f326-4af9-a2f4-57a3cabf9625', 'd0df50f1-fbbb-4298-ab0c-f7e6e122c4c4', 'loser');
insert into matches (id, show_id, match_number, match_type, stipulation, is_title_match, title_id, is_mitb, mitb_cashin, defeat_type, rating, is_draw) values ('b5803a12-83fa-4859-942f-65bb2d0f57a6', 'd20cc449-4895-4b60-a9b2-06e86adbbd62', 4, 'Single', NULL, FALSE, NULL, NULL, FALSE, 'Pin', 4.0, FALSE);
insert into match_participants (match_id, wrestler_id, result) values ('b5803a12-83fa-4859-942f-65bb2d0f57a6', '004c7b59-d738-4718-a1f0-39aa22e8039d', 'winner');
insert into match_participants (match_id, wrestler_id, result) values ('b5803a12-83fa-4859-942f-65bb2d0f57a6', 'db9025f4-91c4-47e8-b3de-e3864852a4c8', 'loser');
insert into matches (id, show_id, match_number, match_type, stipulation, is_title_match, title_id, is_mitb, mitb_cashin, defeat_type, rating, is_draw) values ('5aae6ea5-9ab1-4213-96cc-c5dcd651a944', 'd20cc449-4895-4b60-a9b2-06e86adbbd62', 5, 'Single', NULL, FALSE, NULL, NULL, FALSE, 'Pin', 4.0, FALSE);
insert into match_participants (match_id, wrestler_id, result) values ('5aae6ea5-9ab1-4213-96cc-c5dcd651a944', '236dddd8-b6e3-4f50-9e8d-7b54fe489a20', 'loser');
insert into match_participants (match_id, wrestler_id, result) values ('5aae6ea5-9ab1-4213-96cc-c5dcd651a944', 'd5419b1f-c540-4ae7-81e8-9cf6283544db', 'winner');
insert into matches (id, show_id, match_number, match_type, stipulation, is_title_match, title_id, is_mitb, mitb_cashin, defeat_type, rating, is_draw) values ('d3c18973-715b-453a-aff5-d1253900a434', 'd20cc449-4895-4b60-a9b2-06e86adbbd62', 6, 'Single', NULL, FALSE, NULL, NULL, FALSE, 'Pin', 3.5, FALSE);
insert into match_participants (match_id, wrestler_id, result) values ('d3c18973-715b-453a-aff5-d1253900a434', '31f8c2ba-a0c4-4352-ae28-1cf68d200216', 'loser');
insert into match_participants (match_id, wrestler_id, result) values ('d3c18973-715b-453a-aff5-d1253900a434', 'fe2b910f-9821-448e-928d-da0ba9221a8e', 'winner');
insert into matches (id, show_id, match_number, match_type, stipulation, is_title_match, title_id, is_mitb, mitb_cashin, defeat_type, rating, is_draw) values ('678529c3-8830-4034-b4d7-cac15a5f88c0', 'd20cc449-4895-4b60-a9b2-06e86adbbd62', 7, 'Battle Royale', NULL, FALSE, NULL, NULL, FALSE, 'Pin', 5.0, FALSE);
insert into match_participants (match_id, wrestler_id, result) values ('678529c3-8830-4034-b4d7-cac15a5f88c0', '6744f55d-802e-4dc8-83da-df85f7d6e050', 'loser');
insert into match_participants (match_id, wrestler_id, result) values ('678529c3-8830-4034-b4d7-cac15a5f88c0', '24041ddc-d965-4815-8c45-c9f97a2ed2c1', 'loser');
insert into match_participants (match_id, wrestler_id, result) values ('678529c3-8830-4034-b4d7-cac15a5f88c0', '60c99dea-a118-4839-99eb-5de3ca41d5d4', 'loser');
insert into match_participants (match_id, wrestler_id, result) values ('678529c3-8830-4034-b4d7-cac15a5f88c0', '25af8129-40ab-446b-b032-79fd524cf7ab', 'loser');
insert into match_participants (match_id, wrestler_id, result) values ('678529c3-8830-4034-b4d7-cac15a5f88c0', 'f53c5be3-c66c-4d29-b281-5c0157203703', 'loser');
insert into match_participants (match_id, wrestler_id, result) values ('678529c3-8830-4034-b4d7-cac15a5f88c0', '0d2420e5-4511-44a9-8d66-a70eef1ce8d4', 'loser');
insert into match_participants (match_id, wrestler_id, result) values ('678529c3-8830-4034-b4d7-cac15a5f88c0', '0072611a-281e-4de5-bf57-fbc9696651ec', 'winner');
insert into match_participants (match_id, wrestler_id, result) values ('678529c3-8830-4034-b4d7-cac15a5f88c0', '45d6759a-e627-41e8-b142-68a6772440d1', 'loser');
insert into matches (id, show_id, match_number, match_type, stipulation, is_title_match, title_id, is_mitb, mitb_cashin, defeat_type, rating, is_draw) values ('3716b716-bc85-4106-aa26-5c2497b09b8a', 'd20cc449-4895-4b60-a9b2-06e86adbbd62', 8, 'Single', NULL, FALSE, NULL, NULL, FALSE, 'Pin', 4.0, FALSE);
insert into match_participants (match_id, wrestler_id, result) values ('3716b716-bc85-4106-aa26-5c2497b09b8a', 'b2d0cb4c-4471-49a3-b524-544ce1bd95a1', 'loser');
insert into match_participants (match_id, wrestler_id, result) values ('3716b716-bc85-4106-aa26-5c2497b09b8a', '1fdbaeea-4dc7-41ff-9ce9-394d33e1ace4', 'winner');
insert into matches (id, show_id, match_number, match_type, stipulation, is_title_match, title_id, is_mitb, mitb_cashin, defeat_type, rating, is_draw) values ('1ab9e55c-d24a-428d-b810-6d4510311a56', 'd20cc449-4895-4b60-a9b2-06e86adbbd62', 9, 'Single', NULL, FALSE, NULL, NULL, FALSE, 'Pin', 4.5, FALSE);
insert into match_participants (match_id, wrestler_id, result) values ('1ab9e55c-d24a-428d-b810-6d4510311a56', '7e31c302-05ee-4325-989f-aefa74f76445', 'winner');
insert into match_participants (match_id, wrestler_id, result) values ('1ab9e55c-d24a-428d-b810-6d4510311a56', '122e2f4f-61c3-46f1-8de6-407a73f0712e', 'loser');
insert into shows (id, name, show_date, show_type, ppv_name) values ('60eeceae-5e59-42e7-bb77-8fb385336a7b', 'DAW 05-19-2023', '2023-05-19', 'weekly', NULL);
insert into matches (id, show_id, match_number, match_type, stipulation, is_title_match, title_id, is_mitb, mitb_cashin, defeat_type, rating, is_draw) values ('5a126709-ff43-4ec5-9093-0d7bf6b8a78b', '60eeceae-5e59-42e7-bb77-8fb385336a7b', 1, 'Tag Team', NULL, TRUE, '4091f18e-1fb8-441e-b708-1729cb0b0011', FALSE, FALSE, 'Pin', 5.0, FALSE);
insert into match_participants (match_id, team_id, result) values ('5a126709-ff43-4ec5-9093-0d7bf6b8a78b', '83fd0ef7-a31d-432b-9a7c-594309de6c3f', 'winner');
insert into match_participants (match_id, team_id, result) values ('5a126709-ff43-4ec5-9093-0d7bf6b8a78b', '68c622dc-e758-4f54-9c6b-cfa737db8028', 'loser');
insert into matches (id, show_id, match_number, match_type, stipulation, is_title_match, title_id, is_mitb, mitb_cashin, defeat_type, rating, is_draw) values ('91d68004-c81e-40dd-ba1d-a1225054a132', '60eeceae-5e59-42e7-bb77-8fb385336a7b', 2, 'Fatal 4-Way', NULL, FALSE, NULL, NULL, FALSE, 'Pin', 4.5, FALSE);
insert into match_participants (match_id, wrestler_id, result) values ('91d68004-c81e-40dd-ba1d-a1225054a132', '5c8c1999-694f-4348-b73a-1dad27a170e3', 'loser');
insert into match_participants (match_id, wrestler_id, result) values ('91d68004-c81e-40dd-ba1d-a1225054a132', 'b53deaf4-6809-46c8-a85f-587ef1ead267', 'loser');
insert into match_participants (match_id, wrestler_id, result) values ('91d68004-c81e-40dd-ba1d-a1225054a132', 'bc93b973-151b-48ca-8d75-8f6c220a0d31', 'winner');
insert into match_participants (match_id, wrestler_id, result) values ('91d68004-c81e-40dd-ba1d-a1225054a132', '0d2420e5-4511-44a9-8d66-a70eef1ce8d4', 'loser');
insert into matches (id, show_id, match_number, match_type, stipulation, is_title_match, title_id, is_mitb, mitb_cashin, defeat_type, rating, is_draw) values ('11166984-26b2-460e-9ddb-21acca1424d9', '60eeceae-5e59-42e7-bb77-8fb385336a7b', 3, 'Tornado Tag Team', 'Table', FALSE, NULL, NULL, FALSE, 'Pin', 3.5, FALSE);
insert into match_participants (match_id, team_id, result) values ('11166984-26b2-460e-9ddb-21acca1424d9', 'd2ceb13e-7a13-446c-93a0-cc8e2cc4e575', 'winner');
insert into match_participants (match_id, team_id, result) values ('11166984-26b2-460e-9ddb-21acca1424d9', 'f10035f5-dbd0-4e54-974c-abe9f75f0c51', 'loser');
insert into matches (id, show_id, match_number, match_type, stipulation, is_title_match, title_id, is_mitb, mitb_cashin, defeat_type, rating, is_draw) values ('a0964481-0985-46a2-8ea6-6108b4b96ac4', '60eeceae-5e59-42e7-bb77-8fb385336a7b', 4, 'Single', NULL, FALSE, NULL, NULL, FALSE, 'Pin', 4.5, FALSE);
insert into match_participants (match_id, wrestler_id, result) values ('a0964481-0985-46a2-8ea6-6108b4b96ac4', '1fdbaeea-4dc7-41ff-9ce9-394d33e1ace4', 'winner');
insert into match_participants (match_id, wrestler_id, result) values ('a0964481-0985-46a2-8ea6-6108b4b96ac4', 'd5419b1f-c540-4ae7-81e8-9cf6283544db', 'loser');
insert into matches (id, show_id, match_number, match_type, stipulation, is_title_match, title_id, is_mitb, mitb_cashin, defeat_type, rating, is_draw) values ('270ddb03-af3c-40b4-82f9-f9cd8b79c40a', '60eeceae-5e59-42e7-bb77-8fb385336a7b', 5, 'Single', NULL, TRUE, '5db4cd6b-6ebe-4a87-b7bb-017af3856766', FALSE, FALSE, 'Pin', 3.5, FALSE);
insert into match_participants (match_id, wrestler_id, result) values ('270ddb03-af3c-40b4-82f9-f9cd8b79c40a', '236dddd8-b6e3-4f50-9e8d-7b54fe489a20', 'loser');
insert into match_participants (match_id, wrestler_id, result) values ('270ddb03-af3c-40b4-82f9-f9cd8b79c40a', '07687962-07c0-46b6-9541-2d8b60e3c2c1', 'winner');
insert into matches (id, show_id, match_number, match_type, stipulation, is_title_match, title_id, is_mitb, mitb_cashin, defeat_type, rating, is_draw) values ('93d981bb-8114-4e66-a146-a1775a296485', '60eeceae-5e59-42e7-bb77-8fb385336a7b', 6, 'Tornado Tag Team', 'Ladder', TRUE, '743c7e28-1960-4b74-8e70-15b2b4bb0a71', TRUE, FALSE, 'Pin', 2.5, FALSE);
insert into match_participants (match_id, team_id, result) values ('93d981bb-8114-4e66-a146-a1775a296485', '84f28d1e-e778-4e20-964c-259275f561ed', 'loser');
insert into match_participants (match_id, team_id, result) values ('93d981bb-8114-4e66-a146-a1775a296485', '0c1be915-234d-4bb2-92ab-225e76d0c50c', 'loser');
insert into match_participants (match_id, team_id, result) values ('93d981bb-8114-4e66-a146-a1775a296485', 'd992f7dd-e5d0-4867-917a-5fd7dd7e98ba', 'winner');
insert into matches (id, show_id, match_number, match_type, stipulation, is_title_match, title_id, is_mitb, mitb_cashin, defeat_type, rating, is_draw) values ('d50833e5-545b-4c7c-b7bc-4ce8075aa5b6', '60eeceae-5e59-42e7-bb77-8fb385336a7b', 7, 'Single', NULL, FALSE, NULL, NULL, FALSE, 'Pin', 2.5, FALSE);
insert into match_participants (match_id, wrestler_id, result) values ('d50833e5-545b-4c7c-b7bc-4ce8075aa5b6', '45d6759a-e627-41e8-b142-68a6772440d1', 'winner');
insert into match_participants (match_id, wrestler_id, result) values ('d50833e5-545b-4c7c-b7bc-4ce8075aa5b6', '6744f55d-802e-4dc8-83da-df85f7d6e050', 'loser');
insert into matches (id, show_id, match_number, match_type, stipulation, is_title_match, title_id, is_mitb, mitb_cashin, defeat_type, rating, is_draw) values ('f53b85ae-df90-4b56-a197-db87b65b400d', '60eeceae-5e59-42e7-bb77-8fb385336a7b', 8, 'Single', 'No Holds Barred', TRUE, '5d3e065c-43d1-41ee-8d24-e876f1e2b2a1', FALSE, FALSE, 'Pin', 5.0, FALSE);
insert into match_participants (match_id, wrestler_id, result) values ('f53b85ae-df90-4b56-a197-db87b65b400d', '0072611a-281e-4de5-bf57-fbc9696651ec', 'loser');
insert into match_participants (match_id, wrestler_id, result) values ('f53b85ae-df90-4b56-a197-db87b65b400d', '24041ddc-d965-4815-8c45-c9f97a2ed2c1', 'winner');
insert into matches (id, show_id, match_number, match_type, stipulation, is_title_match, title_id, is_mitb, mitb_cashin, defeat_type, rating, is_draw) values ('0676d589-8030-48e9-aaff-bf52aa2b5990', '60eeceae-5e59-42e7-bb77-8fb385336a7b', 9, 'Tornado Tag Team', NULL, TRUE, 'c35e55d3-eeb9-45fd-8160-df160862cff0', FALSE, FALSE, 'Pin', 4.0, FALSE);
insert into match_participants (match_id, team_id, result) values ('0676d589-8030-48e9-aaff-bf52aa2b5990', '71ab8222-78b8-4584-9717-447687147bd4', 'winner');
insert into matches (id, show_id, match_number, match_type, stipulation, is_title_match, title_id, is_mitb, mitb_cashin, defeat_type, rating, is_draw) values ('ab3256d4-ac31-474d-b775-61b08381ac4a', '60eeceae-5e59-42e7-bb77-8fb385336a7b', 10, 'Single', 'Extreme Rules', FALSE, NULL, NULL, FALSE, 'Pin', 5.0, FALSE);
insert into match_participants (match_id, wrestler_id, result) values ('ab3256d4-ac31-474d-b775-61b08381ac4a', 'db9025f4-91c4-47e8-b3de-e3864852a4c8', 'loser');
insert into match_participants (match_id, wrestler_id, result) values ('ab3256d4-ac31-474d-b775-61b08381ac4a', '004c7b59-d738-4718-a1f0-39aa22e8039d', 'winner');
insert into matches (id, show_id, match_number, match_type, stipulation, is_title_match, title_id, is_mitb, mitb_cashin, defeat_type, rating, is_draw) values ('00448750-0e16-4618-a24d-c2d2378be0ac', '60eeceae-5e59-42e7-bb77-8fb385336a7b', 11, 'Tornado Tag Team', NULL, FALSE, NULL, NULL, FALSE, 'Pin', 5.0, FALSE);
insert into matches (id, show_id, match_number, match_type, stipulation, is_title_match, title_id, is_mitb, mitb_cashin, defeat_type, rating, is_draw) values ('641194ba-6e08-4076-aacb-620df4f29ff6', '60eeceae-5e59-42e7-bb77-8fb385336a7b', 12, 'Single', NULL, FALSE, NULL, NULL, FALSE, 'Pin', 4.0, FALSE);
insert into match_participants (match_id, wrestler_id, result) values ('641194ba-6e08-4076-aacb-620df4f29ff6', '7ca7fd7b-2526-41ea-b143-cdd82f404014', 'winner');
insert into match_participants (match_id, wrestler_id, result) values ('641194ba-6e08-4076-aacb-620df4f29ff6', 'c582c07c-786b-4687-9aeb-b0431edfb330', 'loser');
insert into matches (id, show_id, match_number, match_type, stipulation, is_title_match, title_id, is_mitb, mitb_cashin, defeat_type, rating, is_draw) values ('ebfb6022-d3d5-4a5f-b4cc-183be53463f5', '60eeceae-5e59-42e7-bb77-8fb385336a7b', 13, 'Single', NULL, TRUE, '02b0c038-accb-495b-8d6a-8891a7b51554', FALSE, FALSE, 'No Contest', 4.5, TRUE);
insert into match_participants (match_id, wrestler_id, result) values ('ebfb6022-d3d5-4a5f-b4cc-183be53463f5', 'b2d0cb4c-4471-49a3-b524-544ce1bd95a1', 'draw');
insert into match_participants (match_id, wrestler_id, result) values ('ebfb6022-d3d5-4a5f-b4cc-183be53463f5', '7d9945b2-59a0-4661-8206-198fec52bb2f', 'winner');
insert into matches (id, show_id, match_number, match_type, stipulation, is_title_match, title_id, is_mitb, mitb_cashin, defeat_type, rating, is_draw) values ('af923e66-7aba-4f8a-a371-2cd95d138481', '60eeceae-5e59-42e7-bb77-8fb385336a7b', 14, 'Single', NULL, TRUE, 'f3ec52c9-649b-48cb-aa37-da278fbd72df', FALSE, FALSE, 'Pin', 4.0, FALSE);
insert into match_participants (match_id, wrestler_id, result) values ('af923e66-7aba-4f8a-a371-2cd95d138481', '7e31c302-05ee-4325-989f-aefa74f76445', 'loser');
insert into match_participants (match_id, wrestler_id, result) values ('af923e66-7aba-4f8a-a371-2cd95d138481', 'f53c5be3-c66c-4d29-b281-5c0157203703', 'winner');
insert into shows (id, name, show_date, show_type, ppv_name) values ('5c7ee10e-6482-414a-94e3-475392d431c6', 'DAW 05-26-2023', '2023-05-26', 'weekly', NULL);
insert into matches (id, show_id, match_number, match_type, stipulation, is_title_match, title_id, is_mitb, mitb_cashin, defeat_type, rating, is_draw) values ('7703bcdd-7bc4-4a58-ae67-b24fba713b5c', '5c7ee10e-6482-414a-94e3-475392d431c6', 1, 'Tag Team', NULL, FALSE, NULL, NULL, FALSE, 'Pin', 3.5, FALSE);
insert into match_participants (match_id, team_id, result) values ('7703bcdd-7bc4-4a58-ae67-b24fba713b5c', '83fd0ef7-a31d-432b-9a7c-594309de6c3f', 'winner');
insert into match_participants (match_id, team_id, result) values ('7703bcdd-7bc4-4a58-ae67-b24fba713b5c', 'd2ceb13e-7a13-446c-93a0-cc8e2cc4e575', 'loser');
insert into matches (id, show_id, match_number, match_type, stipulation, is_title_match, title_id, is_mitb, mitb_cashin, defeat_type, rating, is_draw) values ('85ba3881-8fc6-4fcb-8e65-34f7d96c3a8f', '5c7ee10e-6482-414a-94e3-475392d431c6', 2, 'Triple Threat', NULL, FALSE, NULL, NULL, FALSE, 'Pin', 4.0, FALSE);
insert into match_participants (match_id, wrestler_id, result) values ('85ba3881-8fc6-4fcb-8e65-34f7d96c3a8f', 'cd5fa7e0-c982-449d-ab4f-cd0b33045715', 'winner');
insert into match_participants (match_id, wrestler_id, result) values ('85ba3881-8fc6-4fcb-8e65-34f7d96c3a8f', '07687962-07c0-46b6-9541-2d8b60e3c2c1', 'loser');
insert into match_participants (match_id, wrestler_id, result) values ('85ba3881-8fc6-4fcb-8e65-34f7d96c3a8f', '9683fa4f-ffaf-4185-938d-e4a435a5aef7', 'loser');
insert into matches (id, show_id, match_number, match_type, stipulation, is_title_match, title_id, is_mitb, mitb_cashin, defeat_type, rating, is_draw) values ('7edc35ef-d03f-44f6-ab57-534fecdff191', '5c7ee10e-6482-414a-94e3-475392d431c6', 3, 'Tornado Tag Team', NULL, FALSE, NULL, NULL, FALSE, 'Pin', 3.5, FALSE);
insert into match_participants (match_id, team_id, result) values ('7edc35ef-d03f-44f6-ab57-534fecdff191', '71ab8222-78b8-4584-9717-447687147bd4', 'loser');
insert into match_participants (match_id, team_id, result) values ('7edc35ef-d03f-44f6-ab57-534fecdff191', 'eebd2a89-a1f9-4931-982e-9cf035d48429', 'loser');
insert into matches (id, show_id, match_number, match_type, stipulation, is_title_match, title_id, is_mitb, mitb_cashin, defeat_type, rating, is_draw) values ('eb894262-1d94-4852-a211-8dd237a63a4b', '5c7ee10e-6482-414a-94e3-475392d431c6', 4, 'Single', NULL, FALSE, NULL, NULL, FALSE, 'Pin', 4.0, FALSE);
insert into match_participants (match_id, wrestler_id, result) values ('eb894262-1d94-4852-a211-8dd237a63a4b', 'ad63b3fd-9de8-4398-a085-7cc8f264589e', 'winner');
insert into match_participants (match_id, wrestler_id, result) values ('eb894262-1d94-4852-a211-8dd237a63a4b', 'b0a5de67-da65-4808-bb98-ace3a77fa729', 'loser');
insert into matches (id, show_id, match_number, match_type, stipulation, is_title_match, title_id, is_mitb, mitb_cashin, defeat_type, rating, is_draw) values ('1c0451f8-61b4-47cc-a533-7974b3df4a4d', '5c7ee10e-6482-414a-94e3-475392d431c6', 5, 'Tornado Tag Team', NULL, FALSE, NULL, NULL, FALSE, 'Pin', 4.5, FALSE);
insert into matches (id, show_id, match_number, match_type, stipulation, is_title_match, title_id, is_mitb, mitb_cashin, defeat_type, rating, is_draw) values ('62a92f64-1ab7-4392-b345-567dc900c31e', '5c7ee10e-6482-414a-94e3-475392d431c6', 6, 'Single', NULL, FALSE, NULL, NULL, FALSE, 'Pin', 5.0, FALSE);
insert into match_participants (match_id, wrestler_id, result) values ('62a92f64-1ab7-4392-b345-567dc900c31e', '122e2f4f-61c3-46f1-8de6-407a73f0712e', 'loser');
insert into match_participants (match_id, wrestler_id, result) values ('62a92f64-1ab7-4392-b345-567dc900c31e', '24041ddc-d965-4815-8c45-c9f97a2ed2c1', 'winner');
insert into matches (id, show_id, match_number, match_type, stipulation, is_title_match, title_id, is_mitb, mitb_cashin, defeat_type, rating, is_draw) values ('5979077d-ec99-4c1d-8ef6-16b5192edaad', '5c7ee10e-6482-414a-94e3-475392d431c6', 7, 'Single', NULL, FALSE, NULL, NULL, FALSE, 'DQ', 3.5, FALSE);
insert into match_participants (match_id, wrestler_id, result) values ('5979077d-ec99-4c1d-8ef6-16b5192edaad', '0d2420e5-4511-44a9-8d66-a70eef1ce8d4', 'loser');
insert into match_participants (match_id, wrestler_id, result) values ('5979077d-ec99-4c1d-8ef6-16b5192edaad', 'bc93b973-151b-48ca-8d75-8f6c220a0d31', 'winner');
insert into matches (id, show_id, match_number, match_type, stipulation, is_title_match, title_id, is_mitb, mitb_cashin, defeat_type, rating, is_draw) values ('18ff4dd8-d4ec-4088-a10d-5ea7f0d5adac', '5c7ee10e-6482-414a-94e3-475392d431c6', 8, 'Single', NULL, FALSE, NULL, NULL, FALSE, 'Pin', 5.0, FALSE);
insert into match_participants (match_id, wrestler_id, result) values ('18ff4dd8-d4ec-4088-a10d-5ea7f0d5adac', 'b53deaf4-6809-46c8-a85f-587ef1ead267', 'winner');
insert into match_participants (match_id, wrestler_id, result) values ('18ff4dd8-d4ec-4088-a10d-5ea7f0d5adac', 'f53c5be3-c66c-4d29-b281-5c0157203703', 'loser');
insert into matches (id, show_id, match_number, match_type, stipulation, is_title_match, title_id, is_mitb, mitb_cashin, defeat_type, rating, is_draw) values ('9381686a-2690-4385-be6a-feac0cac5ecd', '5c7ee10e-6482-414a-94e3-475392d431c6', 9, 'Single', 'Extreme Rules', TRUE, '02b0c038-accb-495b-8d6a-8891a7b51554', FALSE, FALSE, 'Pin', 4.0, FALSE);
insert into match_participants (match_id, wrestler_id, result) values ('9381686a-2690-4385-be6a-feac0cac5ecd', '7d9945b2-59a0-4661-8206-198fec52bb2f', 'winner');
insert into match_participants (match_id, wrestler_id, result) values ('9381686a-2690-4385-be6a-feac0cac5ecd', 'b2d0cb4c-4471-49a3-b524-544ce1bd95a1', 'loser');
insert into shows (id, name, show_date, show_type, ppv_name) values ('e21b3f14-eb65-48b0-bfdb-23434067555c', 'DAW 06-02-2023', '2023-06-02', 'weekly', NULL);
insert into matches (id, show_id, match_number, match_type, stipulation, is_title_match, title_id, is_mitb, mitb_cashin, defeat_type, rating, is_draw) values ('e9ae8055-958c-4627-ad79-70500e5a7c4c', 'e21b3f14-eb65-48b0-bfdb-23434067555c', 1, 'Tag Team', NULL, FALSE, NULL, NULL, FALSE, 'Pin', 4.0, FALSE);
insert into match_participants (match_id, team_id, result) values ('e9ae8055-958c-4627-ad79-70500e5a7c4c', 'd992f7dd-e5d0-4867-917a-5fd7dd7e98ba', 'loser');
insert into match_participants (match_id, team_id, result) values ('e9ae8055-958c-4627-ad79-70500e5a7c4c', '83fd0ef7-a31d-432b-9a7c-594309de6c3f', 'winner');
insert into matches (id, show_id, match_number, match_type, stipulation, is_title_match, title_id, is_mitb, mitb_cashin, defeat_type, rating, is_draw) values ('438c41e5-a799-4186-a416-3ccbfc168aec', 'e21b3f14-eb65-48b0-bfdb-23434067555c', 2, 'Triple Threat', NULL, FALSE, NULL, NULL, FALSE, 'Pin', 3.5, FALSE);
insert into match_participants (match_id, wrestler_id, result) values ('438c41e5-a799-4186-a416-3ccbfc168aec', '236dddd8-b6e3-4f50-9e8d-7b54fe489a20', 'winner');
insert into match_participants (match_id, wrestler_id, result) values ('438c41e5-a799-4186-a416-3ccbfc168aec', 'cce2403e-b550-4727-9b4c-e04012c77f31', 'loser');
insert into match_participants (match_id, wrestler_id, result) values ('438c41e5-a799-4186-a416-3ccbfc168aec', 'fce02e68-03a4-4670-a5d4-a6790f4f92a1', 'loser');
insert into matches (id, show_id, match_number, match_type, stipulation, is_title_match, title_id, is_mitb, mitb_cashin, defeat_type, rating, is_draw) values ('2cd150d6-0795-49de-a31a-d9be05288f1b', 'e21b3f14-eb65-48b0-bfdb-23434067555c', 3, 'Single', NULL, FALSE, NULL, NULL, FALSE, 'Pin', 4.0, FALSE);
insert into match_participants (match_id, wrestler_id, result) values ('2cd150d6-0795-49de-a31a-d9be05288f1b', '004c7b59-d738-4718-a1f0-39aa22e8039d', 'winner');
insert into match_participants (match_id, wrestler_id, result) values ('2cd150d6-0795-49de-a31a-d9be05288f1b', '1fdbaeea-4dc7-41ff-9ce9-394d33e1ace4', 'loser');
insert into matches (id, show_id, match_number, match_type, stipulation, is_title_match, title_id, is_mitb, mitb_cashin, defeat_type, rating, is_draw) values ('1823bee5-e25b-4ba5-be6a-ceba71a686c7', 'e21b3f14-eb65-48b0-bfdb-23434067555c', 4, 'Single', NULL, FALSE, NULL, NULL, FALSE, 'Pin', 3.5, FALSE);
insert into match_participants (match_id, wrestler_id, result) values ('1823bee5-e25b-4ba5-be6a-ceba71a686c7', 'b2d0cb4c-4471-49a3-b524-544ce1bd95a1', 'loser');
insert into match_participants (match_id, wrestler_id, result) values ('1823bee5-e25b-4ba5-be6a-ceba71a686c7', '07687962-07c0-46b6-9541-2d8b60e3c2c1', 'winner');
insert into matches (id, show_id, match_number, match_type, stipulation, is_title_match, title_id, is_mitb, mitb_cashin, defeat_type, rating, is_draw) values ('8d3c808d-656f-4e98-b1b0-3ee1aef1ef33', 'e21b3f14-eb65-48b0-bfdb-23434067555c', 5, 'Tag Team', NULL, FALSE, NULL, NULL, FALSE, 'Sub', 4.0, FALSE);
insert into match_participants (match_id, team_id, result) values ('8d3c808d-656f-4e98-b1b0-3ee1aef1ef33', '71ab8222-78b8-4584-9717-447687147bd4', 'loser');
insert into matches (id, show_id, match_number, match_type, stipulation, is_title_match, title_id, is_mitb, mitb_cashin, defeat_type, rating, is_draw) values ('19f41a1f-440e-4feb-a2d7-2217250a2f56', 'e21b3f14-eb65-48b0-bfdb-23434067555c', 6, 'Triple Threat', NULL, FALSE, NULL, NULL, FALSE, 'Pin', 4.5, FALSE);
insert into match_participants (match_id, wrestler_id, result) values ('19f41a1f-440e-4feb-a2d7-2217250a2f56', '7e31c302-05ee-4325-989f-aefa74f76445', 'winner');
insert into match_participants (match_id, wrestler_id, result) values ('19f41a1f-440e-4feb-a2d7-2217250a2f56', '24041ddc-d965-4815-8c45-c9f97a2ed2c1', 'loser');
insert into match_participants (match_id, wrestler_id, result) values ('19f41a1f-440e-4feb-a2d7-2217250a2f56', 'f53c5be3-c66c-4d29-b281-5c0157203703', 'loser');
insert into matches (id, show_id, match_number, match_type, stipulation, is_title_match, title_id, is_mitb, mitb_cashin, defeat_type, rating, is_draw) values ('58d3f4d6-ba0b-4691-b05f-be2125fb603e', 'e21b3f14-eb65-48b0-bfdb-23434067555c', 7, 'Tag Team', NULL, FALSE, NULL, NULL, FALSE, 'Sub', 4.5, FALSE);
insert into match_participants (match_id, wrestler_id, result) values ('58d3f4d6-ba0b-4691-b05f-be2125fb603e', 'd0df50f1-fbbb-4298-ab0c-f7e6e122c4c4', 'winner');
insert into match_participants (match_id, wrestler_id, result) values ('58d3f4d6-ba0b-4691-b05f-be2125fb603e', 'ad63b3fd-9de8-4398-a085-7cc8f264589e', 'loser');
insert into matches (id, show_id, match_number, match_type, stipulation, is_title_match, title_id, is_mitb, mitb_cashin, defeat_type, rating, is_draw) values ('8fefe973-a04a-455b-833e-2e0df346558f', 'e21b3f14-eb65-48b0-bfdb-23434067555c', 8, 'Single', NULL, FALSE, NULL, NULL, FALSE, 'Pin', 5.0, FALSE);
insert into match_participants (match_id, wrestler_id, result) values ('8fefe973-a04a-455b-833e-2e0df346558f', '7d9945b2-59a0-4661-8206-198fec52bb2f', 'winner');
insert into match_participants (match_id, wrestler_id, result) values ('8fefe973-a04a-455b-833e-2e0df346558f', '9683fa4f-ffaf-4185-938d-e4a435a5aef7', 'loser');
insert into matches (id, show_id, match_number, match_type, stipulation, is_title_match, title_id, is_mitb, mitb_cashin, defeat_type, rating, is_draw) values ('fb98c3a3-77b3-41c7-a534-bf2fbada1828', 'e21b3f14-eb65-48b0-bfdb-23434067555c', 9, 'Single', 'Extreme Rules, Falls Count Anywhere', FALSE, NULL, NULL, FALSE, 'Pin', 3.5, FALSE);
insert into match_participants (match_id, wrestler_id, result) values ('fb98c3a3-77b3-41c7-a534-bf2fbada1828', '0d2420e5-4511-44a9-8d66-a70eef1ce8d4', 'loser');
insert into match_participants (match_id, wrestler_id, result) values ('fb98c3a3-77b3-41c7-a534-bf2fbada1828', 'bc93b973-151b-48ca-8d75-8f6c220a0d31', 'winner');
insert into shows (id, name, show_date, show_type, ppv_name) values ('86e43ff7-8dc4-4248-8d44-6fb4e7164afd', 'DAW 06-09-2023', '2023-06-09', 'weekly', NULL);
insert into matches (id, show_id, match_number, match_type, stipulation, is_title_match, title_id, is_mitb, mitb_cashin, defeat_type, rating, is_draw) values ('4b738d37-3dc4-4fb6-a17a-37afb35db94d', '86e43ff7-8dc4-4248-8d44-6fb4e7164afd', 1, 'Tag Team', NULL, FALSE, NULL, NULL, FALSE, 'Pin', 3.0, FALSE);
insert into match_participants (match_id, team_id, result) values ('4b738d37-3dc4-4fb6-a17a-37afb35db94d', '0c1be915-234d-4bb2-92ab-225e76d0c50c', 'winner');
insert into match_participants (match_id, team_id, result) values ('4b738d37-3dc4-4fb6-a17a-37afb35db94d', '68c622dc-e758-4f54-9c6b-cfa737db8028', 'loser');
insert into matches (id, show_id, match_number, match_type, stipulation, is_title_match, title_id, is_mitb, mitb_cashin, defeat_type, rating, is_draw) values ('f28f7a3d-6fdb-433e-bc5b-aba63e2a593f', '86e43ff7-8dc4-4248-8d44-6fb4e7164afd', 2, 'Triple Threat', NULL, FALSE, NULL, NULL, FALSE, 'Pin', 3.5, FALSE);
insert into match_participants (match_id, wrestler_id, result) values ('f28f7a3d-6fdb-433e-bc5b-aba63e2a593f', '9683fa4f-ffaf-4185-938d-e4a435a5aef7', 'loser');
insert into match_participants (match_id, wrestler_id, result) values ('f28f7a3d-6fdb-433e-bc5b-aba63e2a593f', '0fe9e528-1533-4867-8646-25084f3bc1a1', 'winner');
insert into match_participants (match_id, wrestler_id, result) values ('f28f7a3d-6fdb-433e-bc5b-aba63e2a593f', '1fdbaeea-4dc7-41ff-9ce9-394d33e1ace4', 'loser');
insert into matches (id, show_id, match_number, match_type, stipulation, is_title_match, title_id, is_mitb, mitb_cashin, defeat_type, rating, is_draw) values ('7b854031-c75b-468f-b371-84519cf72e92', '86e43ff7-8dc4-4248-8d44-6fb4e7164afd', 3, 'Single', NULL, FALSE, NULL, NULL, FALSE, 'Pin', 4.0, FALSE);
insert into match_participants (match_id, wrestler_id, result) values ('7b854031-c75b-468f-b371-84519cf72e92', 'c582c07c-786b-4687-9aeb-b0431edfb330', 'winner');
insert into match_participants (match_id, wrestler_id, result) values ('7b854031-c75b-468f-b371-84519cf72e92', '31f8c2ba-a0c4-4352-ae28-1cf68d200216', 'loser');
insert into matches (id, show_id, match_number, match_type, stipulation, is_title_match, title_id, is_mitb, mitb_cashin, defeat_type, rating, is_draw) values ('5a24561a-f7ce-4bed-b344-a59a4602ca67', '86e43ff7-8dc4-4248-8d44-6fb4e7164afd', 4, 'Tag Team', NULL, FALSE, NULL, NULL, FALSE, 'Pin', 4.0, FALSE);
insert into match_participants (match_id, team_id, result) values ('5a24561a-f7ce-4bed-b344-a59a4602ca67', 'eebd2a89-a1f9-4931-982e-9cf035d48429', 'winner');
insert into matches (id, show_id, match_number, match_type, stipulation, is_title_match, title_id, is_mitb, mitb_cashin, defeat_type, rating, is_draw) values ('9a3756fb-cf64-496a-953e-a8437411e25b', '86e43ff7-8dc4-4248-8d44-6fb4e7164afd', 5, 'Single', NULL, FALSE, NULL, NULL, FALSE, 'DQ', 3.5, FALSE);
insert into match_participants (match_id, wrestler_id, result) values ('9a3756fb-cf64-496a-953e-a8437411e25b', '122e2f4f-61c3-46f1-8de6-407a73f0712e', 'loser');
insert into match_participants (match_id, wrestler_id, result) values ('9a3756fb-cf64-496a-953e-a8437411e25b', '60c99dea-a118-4839-99eb-5de3ca41d5d4', 'winner');
insert into matches (id, show_id, match_number, match_type, stipulation, is_title_match, title_id, is_mitb, mitb_cashin, defeat_type, rating, is_draw) values ('39bc5da8-aeac-4c79-a282-8df67eff708d', '86e43ff7-8dc4-4248-8d44-6fb4e7164afd', 6, 'Tornado Tag Team', NULL, FALSE, NULL, NULL, FALSE, 'Pin', 4.0, FALSE);
insert into match_participants (match_id, team_id, result) values ('39bc5da8-aeac-4c79-a282-8df67eff708d', '1e9ea366-fb52-496c-a960-2c327a8677d2', 'winner');
insert into matches (id, show_id, match_number, match_type, stipulation, is_title_match, title_id, is_mitb, mitb_cashin, defeat_type, rating, is_draw) values ('777ebae3-21db-410b-8336-a213a71844ee', '86e43ff7-8dc4-4248-8d44-6fb4e7164afd', 7, 'Single', NULL, FALSE, NULL, NULL, FALSE, 'Pin', 5.0, FALSE);
insert into match_participants (match_id, wrestler_id, result) values ('777ebae3-21db-410b-8336-a213a71844ee', 'db9025f4-91c4-47e8-b3de-e3864852a4c8', 'loser');
insert into match_participants (match_id, wrestler_id, result) values ('777ebae3-21db-410b-8336-a213a71844ee', '7ca7fd7b-2526-41ea-b143-cdd82f404014', 'winner');
insert into matches (id, show_id, match_number, match_type, stipulation, is_title_match, title_id, is_mitb, mitb_cashin, defeat_type, rating, is_draw) values ('ee9528f6-f3a5-4a74-8f2e-4a41fc1e9297', '86e43ff7-8dc4-4248-8d44-6fb4e7164afd', 8, 'Single', NULL, FALSE, NULL, NULL, FALSE, 'Pin', 3.5, FALSE);
insert into match_participants (match_id, wrestler_id, result) values ('ee9528f6-f3a5-4a74-8f2e-4a41fc1e9297', 'b53deaf4-6809-46c8-a85f-587ef1ead267', 'loser');
insert into match_participants (match_id, wrestler_id, result) values ('ee9528f6-f3a5-4a74-8f2e-4a41fc1e9297', '24041ddc-d965-4815-8c45-c9f97a2ed2c1', 'winner');
insert into matches (id, show_id, match_number, match_type, stipulation, is_title_match, title_id, is_mitb, mitb_cashin, defeat_type, rating, is_draw) values ('d965540d-6aed-4566-b0fb-e36c1f998d18', '86e43ff7-8dc4-4248-8d44-6fb4e7164afd', 9, 'Single', NULL, FALSE, NULL, NULL, FALSE, 'Pin', 4.5, FALSE);
insert into match_participants (match_id, wrestler_id, result) values ('d965540d-6aed-4566-b0fb-e36c1f998d18', '7d9945b2-59a0-4661-8206-198fec52bb2f', 'winner');
insert into match_participants (match_id, wrestler_id, result) values ('d965540d-6aed-4566-b0fb-e36c1f998d18', 'ae2ce814-315f-41f0-ab99-eddf09a7d4c5', 'loser');
insert into shows (id, name, show_date, show_type, ppv_name) values ('d2ba6229-390f-43bd-8e4d-1274276d4c41', 'DAW 06-16-2023', '2023-06-16', 'weekly', NULL);
insert into matches (id, show_id, match_number, match_type, stipulation, is_title_match, title_id, is_mitb, mitb_cashin, defeat_type, rating, is_draw) values ('ed6db67f-7abc-460f-aea9-04044557f4b0', 'd2ba6229-390f-43bd-8e4d-1274276d4c41', 1, 'Triple Threat', NULL, FALSE, NULL, NULL, FALSE, 'Pin', 4.0, FALSE);
insert into match_participants (match_id, wrestler_id, result) values ('ed6db67f-7abc-460f-aea9-04044557f4b0', 'ad63b3fd-9de8-4398-a085-7cc8f264589e', 'winner');
insert into match_participants (match_id, wrestler_id, result) values ('ed6db67f-7abc-460f-aea9-04044557f4b0', 'b0a5de67-da65-4808-bb98-ace3a77fa729', 'loser');
insert into match_participants (match_id, wrestler_id, result) values ('ed6db67f-7abc-460f-aea9-04044557f4b0', 'fe192097-a77b-4d95-a8b9-0f0147ab04a6', 'loser');
insert into matches (id, show_id, match_number, match_type, stipulation, is_title_match, title_id, is_mitb, mitb_cashin, defeat_type, rating, is_draw) values ('451b7d0d-9b3b-434d-a972-66079678882f', 'd2ba6229-390f-43bd-8e4d-1274276d4c41', 2, 'Single', NULL, FALSE, NULL, NULL, FALSE, 'Pin', 4.5, FALSE);
insert into match_participants (match_id, wrestler_id, result) values ('451b7d0d-9b3b-434d-a972-66079678882f', 'fce02e68-03a4-4670-a5d4-a6790f4f92a1', 'loser');
insert into match_participants (match_id, wrestler_id, result) values ('451b7d0d-9b3b-434d-a972-66079678882f', '87e03c56-c65e-4c6b-82f4-5fa5ea0eeada', 'winner');
insert into matches (id, show_id, match_number, match_type, stipulation, is_title_match, title_id, is_mitb, mitb_cashin, defeat_type, rating, is_draw) values ('a61714cd-bc49-4b1c-ab1d-480ec8278046', 'd2ba6229-390f-43bd-8e4d-1274276d4c41', 3, 'Single', NULL, FALSE, NULL, NULL, FALSE, 'Pin', 3.0, FALSE);
insert into match_participants (match_id, wrestler_id, result) values ('a61714cd-bc49-4b1c-ab1d-480ec8278046', 'cce2403e-b550-4727-9b4c-e04012c77f31', 'loser');
insert into match_participants (match_id, wrestler_id, result) values ('a61714cd-bc49-4b1c-ab1d-480ec8278046', '07687962-07c0-46b6-9541-2d8b60e3c2c1', 'winner');
insert into matches (id, show_id, match_number, match_type, stipulation, is_title_match, title_id, is_mitb, mitb_cashin, defeat_type, rating, is_draw) values ('33cf0282-dc28-4072-a6b7-8682f4802f25', 'd2ba6229-390f-43bd-8e4d-1274276d4c41', 4, 'Triple Threat', NULL, FALSE, NULL, NULL, FALSE, 'Pin', 2.5, FALSE);
insert into match_participants (match_id, wrestler_id, result) values ('33cf0282-dc28-4072-a6b7-8682f4802f25', '31f9e94a-66c8-428d-9ae1-dc8ad7d4834f', 'loser');
insert into match_participants (match_id, wrestler_id, result) values ('33cf0282-dc28-4072-a6b7-8682f4802f25', 'bc93b973-151b-48ca-8d75-8f6c220a0d31', 'loser');
insert into match_participants (match_id, wrestler_id, result) values ('33cf0282-dc28-4072-a6b7-8682f4802f25', '7e31c302-05ee-4325-989f-aefa74f76445', 'winner');
insert into matches (id, show_id, match_number, match_type, stipulation, is_title_match, title_id, is_mitb, mitb_cashin, defeat_type, rating, is_draw) values ('673644b5-9901-4b50-85fc-d825109ef7e2', 'd2ba6229-390f-43bd-8e4d-1274276d4c41', 5, 'Single', NULL, FALSE, NULL, NULL, FALSE, 'Pin', 3.0, FALSE);
insert into match_participants (match_id, wrestler_id, result) values ('673644b5-9901-4b50-85fc-d825109ef7e2', 'cd5fa7e0-c982-449d-ab4f-cd0b33045715', 'winner');
insert into match_participants (match_id, wrestler_id, result) values ('673644b5-9901-4b50-85fc-d825109ef7e2', 'd0df50f1-fbbb-4298-ab0c-f7e6e122c4c4', 'loser');
insert into matches (id, show_id, match_number, match_type, stipulation, is_title_match, title_id, is_mitb, mitb_cashin, defeat_type, rating, is_draw) values ('2550510f-0dbb-4c13-86b8-1274079e4fdd', 'd2ba6229-390f-43bd-8e4d-1274276d4c41', 6, 'Single', NULL, FALSE, NULL, NULL, FALSE, 'Pin', 3.0, FALSE);
insert into match_participants (match_id, wrestler_id, result) values ('2550510f-0dbb-4c13-86b8-1274079e4fdd', '0072611a-281e-4de5-bf57-fbc9696651ec', 'winner');
insert into match_participants (match_id, wrestler_id, result) values ('2550510f-0dbb-4c13-86b8-1274079e4fdd', '25af8129-40ab-446b-b032-79fd524cf7ab', 'loser');
insert into matches (id, show_id, match_number, match_type, stipulation, is_title_match, title_id, is_mitb, mitb_cashin, defeat_type, rating, is_draw) values ('64ed95d9-2d07-486f-95c0-83db49792811', 'd2ba6229-390f-43bd-8e4d-1274276d4c41', 7, 'Handicap (1v2)', NULL, FALSE, NULL, NULL, FALSE, 'Pin', 4.0, FALSE);
insert into match_participants (match_id, wrestler_id, result) values ('64ed95d9-2d07-486f-95c0-83db49792811', '7d9945b2-59a0-4661-8206-198fec52bb2f', 'loser');
insert into matches (id, show_id, match_number, match_type, stipulation, is_title_match, title_id, is_mitb, mitb_cashin, defeat_type, rating, is_draw) values ('ad5877df-21e6-4acc-a683-77f33828c91a', 'd2ba6229-390f-43bd-8e4d-1274276d4c41', 8, 'Battle Royale', NULL, FALSE, NULL, NULL, FALSE, 'Pin', 3.5, FALSE);
insert into match_participants (match_id, wrestler_id, result) values ('ad5877df-21e6-4acc-a683-77f33828c91a', 'b53deaf4-6809-46c8-a85f-587ef1ead267', 'loser');
insert into match_participants (match_id, wrestler_id, result) values ('ad5877df-21e6-4acc-a683-77f33828c91a', '24041ddc-d965-4815-8c45-c9f97a2ed2c1', 'loser');
insert into match_participants (match_id, wrestler_id, result) values ('ad5877df-21e6-4acc-a683-77f33828c91a', '60c99dea-a118-4839-99eb-5de3ca41d5d4', 'winner');
insert into match_participants (match_id, wrestler_id, result) values ('ad5877df-21e6-4acc-a683-77f33828c91a', '122e2f4f-61c3-46f1-8de6-407a73f0712e', 'loser');
insert into match_participants (match_id, wrestler_id, result) values ('ad5877df-21e6-4acc-a683-77f33828c91a', '6744f55d-802e-4dc8-83da-df85f7d6e050', 'loser');
insert into match_participants (match_id, wrestler_id, result) values ('ad5877df-21e6-4acc-a683-77f33828c91a', '45d6759a-e627-41e8-b142-68a6772440d1', 'loser');
insert into match_participants (match_id, wrestler_id, result) values ('ad5877df-21e6-4acc-a683-77f33828c91a', 'f53c5be3-c66c-4d29-b281-5c0157203703', 'loser');
insert into match_participants (match_id, wrestler_id, result) values ('ad5877df-21e6-4acc-a683-77f33828c91a', '0d2420e5-4511-44a9-8d66-a70eef1ce8d4', 'loser');
insert into matches (id, show_id, match_number, match_type, stipulation, is_title_match, title_id, is_mitb, mitb_cashin, defeat_type, rating, is_draw) values ('60f82160-f72b-4567-8fa7-fcc2bc4cc48f', 'd2ba6229-390f-43bd-8e4d-1274276d4c41', 9, '6-Man', NULL, FALSE, NULL, NULL, FALSE, 'Pin', 4.0, FALSE);
insert into shows (id, name, show_date, show_type, ppv_name) values ('8ab78026-402a-49fc-a4bf-e571515eb1d7', 'DAW 06-23-2023', '2023-06-23', 'weekly', NULL);
insert into matches (id, show_id, match_number, match_type, stipulation, is_title_match, title_id, is_mitb, mitb_cashin, defeat_type, rating, is_draw) values ('2891f246-18b6-49f6-b62f-37dddd653c79', '8ab78026-402a-49fc-a4bf-e571515eb1d7', 1, 'Tornado Tag Team', 'Extreme Rules', TRUE, '4091f18e-1fb8-441e-b708-1729cb0b0011', FALSE, FALSE, 'Pin', 3.0, FALSE);
insert into match_participants (match_id, team_id, result) values ('2891f246-18b6-49f6-b62f-37dddd653c79', 'd992f7dd-e5d0-4867-917a-5fd7dd7e98ba', 'loser');
insert into match_participants (match_id, team_id, result) values ('2891f246-18b6-49f6-b62f-37dddd653c79', '83fd0ef7-a31d-432b-9a7c-594309de6c3f', 'winner');
insert into matches (id, show_id, match_number, match_type, stipulation, is_title_match, title_id, is_mitb, mitb_cashin, defeat_type, rating, is_draw) values ('4a295158-ec2d-49e3-8c9d-a1f7e26eccda', '8ab78026-402a-49fc-a4bf-e571515eb1d7', 2, 'Single', 'Extreme Rules', FALSE, NULL, NULL, FALSE, 'Pin', 2.0, FALSE);
insert into match_participants (match_id, wrestler_id, result) values ('4a295158-ec2d-49e3-8c9d-a1f7e26eccda', '09a1ddc7-5133-4858-b8e1-c89de2eefe3b', 'loser');
insert into match_participants (match_id, wrestler_id, result) values ('4a295158-ec2d-49e3-8c9d-a1f7e26eccda', '5731fc92-1890-46d3-bfd4-cb7aa3c970fd', 'winner');
insert into matches (id, show_id, match_number, match_type, stipulation, is_title_match, title_id, is_mitb, mitb_cashin, defeat_type, rating, is_draw) values ('d42d1926-6ee1-46c0-a199-c50150562c74', '8ab78026-402a-49fc-a4bf-e571515eb1d7', 3, 'Single', 'Extreme Rules', FALSE, NULL, NULL, FALSE, 'Pin', 2.5, FALSE);
insert into match_participants (match_id, wrestler_id, result) values ('d42d1926-6ee1-46c0-a199-c50150562c74', '6744f55d-802e-4dc8-83da-df85f7d6e050', 'loser');
insert into match_participants (match_id, wrestler_id, result) values ('d42d1926-6ee1-46c0-a199-c50150562c74', '31f9e94a-66c8-428d-9ae1-dc8ad7d4834f', 'winner');
insert into matches (id, show_id, match_number, match_type, stipulation, is_title_match, title_id, is_mitb, mitb_cashin, defeat_type, rating, is_draw) values ('9a06baa7-4065-4530-94a5-273caec45a96', '8ab78026-402a-49fc-a4bf-e571515eb1d7', 4, 'Triple Threat', 'Extreme Rules', TRUE, '5db4cd6b-6ebe-4a87-b7bb-017af3856766', FALSE, FALSE, 'Pin', 3.5, FALSE);
insert into match_participants (match_id, wrestler_id, result) values ('9a06baa7-4065-4530-94a5-273caec45a96', 'b2d0cb4c-4471-49a3-b524-544ce1bd95a1', 'winner');
insert into match_participants (match_id, wrestler_id, result) values ('9a06baa7-4065-4530-94a5-273caec45a96', '236dddd8-b6e3-4f50-9e8d-7b54fe489a20', 'loser');
insert into match_participants (match_id, wrestler_id, result) values ('9a06baa7-4065-4530-94a5-273caec45a96', '07687962-07c0-46b6-9541-2d8b60e3c2c1', 'loser');
insert into matches (id, show_id, match_number, match_type, stipulation, is_title_match, title_id, is_mitb, mitb_cashin, defeat_type, rating, is_draw) values ('0b931d8c-7212-439b-abcf-0386f4cf17cb', '8ab78026-402a-49fc-a4bf-e571515eb1d7', 5, 'Tornado Tag Team', 'Ladder', FALSE, NULL, NULL, FALSE, 'Pin', 3.0, FALSE);
insert into match_participants (match_id, team_id, result) values ('0b931d8c-7212-439b-abcf-0386f4cf17cb', 'd2ceb13e-7a13-446c-93a0-cc8e2cc4e575', 'loser');
insert into match_participants (match_id, team_id, result) values ('0b931d8c-7212-439b-abcf-0386f4cf17cb', 'f10035f5-dbd0-4e54-974c-abe9f75f0c51', 'loser');
insert into match_participants (match_id, team_id, result) values ('0b931d8c-7212-439b-abcf-0386f4cf17cb', '68c622dc-e758-4f54-9c6b-cfa737db8028', 'winner');
insert into matches (id, show_id, match_number, match_type, stipulation, is_title_match, title_id, is_mitb, mitb_cashin, defeat_type, rating, is_draw) values ('938810a8-e3ab-48e1-9770-2d7d5aecf6b8', '8ab78026-402a-49fc-a4bf-e571515eb1d7', 6, 'Tornado Tag Team', 'Extreme Rules', TRUE, 'c35e55d3-eeb9-45fd-8160-df160862cff0', FALSE, FALSE, 'Pin', 3.5, FALSE);
insert into match_participants (match_id, team_id, result) values ('938810a8-e3ab-48e1-9770-2d7d5aecf6b8', 'eebd2a89-a1f9-4931-982e-9cf035d48429', 'winner');
insert into match_participants (match_id, team_id, result) values ('938810a8-e3ab-48e1-9770-2d7d5aecf6b8', '71ab8222-78b8-4584-9717-447687147bd4', 'loser');
insert into matches (id, show_id, match_number, match_type, stipulation, is_title_match, title_id, is_mitb, mitb_cashin, defeat_type, rating, is_draw) values ('d17f25d8-6e4f-4049-90f6-1610ae5f166c', '8ab78026-402a-49fc-a4bf-e571515eb1d7', 7, '5-Man', 'Table', FALSE, NULL, NULL, FALSE, 'Pin', 2.0, FALSE);
insert into match_participants (match_id, wrestler_id, result) values ('d17f25d8-6e4f-4049-90f6-1610ae5f166c', '7ca7fd7b-2526-41ea-b143-cdd82f404014', 'loser');
insert into match_participants (match_id, wrestler_id, result) values ('d17f25d8-6e4f-4049-90f6-1610ae5f166c', 'd5419b1f-c540-4ae7-81e8-9cf6283544db', 'loser');
insert into match_participants (match_id, wrestler_id, result) values ('d17f25d8-6e4f-4049-90f6-1610ae5f166c', '0fe9e528-1533-4867-8646-25084f3bc1a1', 'winner');
insert into match_participants (match_id, wrestler_id, result) values ('d17f25d8-6e4f-4049-90f6-1610ae5f166c', 'cd5fa7e0-c982-449d-ab4f-cd0b33045715', 'loser');
insert into match_participants (match_id, wrestler_id, result) values ('d17f25d8-6e4f-4049-90f6-1610ae5f166c', 'cce2403e-b550-4727-9b4c-e04012c77f31', 'loser');
insert into matches (id, show_id, match_number, match_type, stipulation, is_title_match, title_id, is_mitb, mitb_cashin, defeat_type, rating, is_draw) values ('0412f1b3-4e65-4ac1-bbe9-2b08caf28f5c', '8ab78026-402a-49fc-a4bf-e571515eb1d7', 8, 'Single', 'Extreme Rules', TRUE, '5d3e065c-43d1-41ee-8d24-e876f1e2b2a1', FALSE, FALSE, 'Pin', 5.0, FALSE);
insert into match_participants (match_id, wrestler_id, result) values ('0412f1b3-4e65-4ac1-bbe9-2b08caf28f5c', 'b53deaf4-6809-46c8-a85f-587ef1ead267', 'loser');
insert into match_participants (match_id, wrestler_id, result) values ('0412f1b3-4e65-4ac1-bbe9-2b08caf28f5c', '24041ddc-d965-4815-8c45-c9f97a2ed2c1', 'winner');
insert into matches (id, show_id, match_number, match_type, stipulation, is_title_match, title_id, is_mitb, mitb_cashin, defeat_type, rating, is_draw) values ('e29733f4-d1f1-469a-b971-a70e6242bd25', '8ab78026-402a-49fc-a4bf-e571515eb1d7', 9, 'Single', 'Extreme Rules', FALSE, NULL, NULL, FALSE, 'Pin', 2.5, FALSE);
insert into match_participants (match_id, wrestler_id, result) values ('e29733f4-d1f1-469a-b971-a70e6242bd25', '0d2420e5-4511-44a9-8d66-a70eef1ce8d4', 'loser');
insert into match_participants (match_id, wrestler_id, result) values ('e29733f4-d1f1-469a-b971-a70e6242bd25', '122e2f4f-61c3-46f1-8de6-407a73f0712e', 'winner');
insert into matches (id, show_id, match_number, match_type, stipulation, is_title_match, title_id, is_mitb, mitb_cashin, defeat_type, rating, is_draw) values ('6ffb9a4e-81b0-40a1-b519-fca6e8c384fe', '8ab78026-402a-49fc-a4bf-e571515eb1d7', 10, 'Single', 'Table', FALSE, NULL, NULL, FALSE, 'Pin', 0.5, FALSE);
insert into match_participants (match_id, wrestler_id, result) values ('6ffb9a4e-81b0-40a1-b519-fca6e8c384fe', '9683fa4f-ffaf-4185-938d-e4a435a5aef7', 'winner');
insert into match_participants (match_id, wrestler_id, result) values ('6ffb9a4e-81b0-40a1-b519-fca6e8c384fe', '1fdbaeea-4dc7-41ff-9ce9-394d33e1ace4', 'loser');
insert into matches (id, show_id, match_number, match_type, stipulation, is_title_match, title_id, is_mitb, mitb_cashin, defeat_type, rating, is_draw) values ('39eb093d-8577-48a5-89e9-29712d9a914c', '8ab78026-402a-49fc-a4bf-e571515eb1d7', 11, 'Single', 'Falls Count Anywhere', TRUE, 'f3ec52c9-649b-48cb-aa37-da278fbd72df', FALSE, FALSE, 'Pin', 4.0, FALSE);
insert into match_participants (match_id, wrestler_id, result) values ('39eb093d-8577-48a5-89e9-29712d9a914c', 'bc93b973-151b-48ca-8d75-8f6c220a0d31', 'loser');
insert into match_participants (match_id, wrestler_id, result) values ('39eb093d-8577-48a5-89e9-29712d9a914c', 'f53c5be3-c66c-4d29-b281-5c0157203703', 'winner');
insert into matches (id, show_id, match_number, match_type, stipulation, is_title_match, title_id, is_mitb, mitb_cashin, defeat_type, rating, is_draw) values ('d9ee02d3-153e-4877-b162-53e6e37590fb', '8ab78026-402a-49fc-a4bf-e571515eb1d7', 12, 'Single', 'Last Man Standing', FALSE, NULL, NULL, FALSE, 'Pin', 3.0, FALSE);
insert into match_participants (match_id, wrestler_id, result) values ('d9ee02d3-153e-4877-b162-53e6e37590fb', 'fce02e68-03a4-4670-a5d4-a6790f4f92a1', 'loser');
insert into match_participants (match_id, wrestler_id, result) values ('d9ee02d3-153e-4877-b162-53e6e37590fb', '87e03c56-c65e-4c6b-82f4-5fa5ea0eeada', 'winner');
insert into matches (id, show_id, match_number, match_type, stipulation, is_title_match, title_id, is_mitb, mitb_cashin, defeat_type, rating, is_draw) values ('b8786a13-e827-4a26-8373-31db23757155', '8ab78026-402a-49fc-a4bf-e571515eb1d7', 13, 'Single', 'Hell in a Cell', FALSE, NULL, NULL, FALSE, 'Pin', 3.5, FALSE);
insert into match_participants (match_id, wrestler_id, result) values ('b8786a13-e827-4a26-8373-31db23757155', '004c7b59-d738-4718-a1f0-39aa22e8039d', 'loser');
insert into match_participants (match_id, wrestler_id, result) values ('b8786a13-e827-4a26-8373-31db23757155', 'db9025f4-91c4-47e8-b3de-e3864852a4c8', 'winner');
insert into matches (id, show_id, match_number, match_type, stipulation, is_title_match, title_id, is_mitb, mitb_cashin, defeat_type, rating, is_draw) values ('9e40cf32-b41f-40ee-a01e-91e4566b947d', '8ab78026-402a-49fc-a4bf-e571515eb1d7', 14, 'Single', 'Hell in a Cell', TRUE, '02b0c038-accb-495b-8d6a-8891a7b51554', FALSE, FALSE, 'Pin', 4.5, FALSE);
insert into match_participants (match_id, wrestler_id, result) values ('9e40cf32-b41f-40ee-a01e-91e4566b947d', 'db9025f4-91c4-47e8-b3de-e3864852a4c8', 'loser');
insert into match_participants (match_id, wrestler_id, result) values ('9e40cf32-b41f-40ee-a01e-91e4566b947d', '7d9945b2-59a0-4661-8206-198fec52bb2f', 'winner');
insert into shows (id, name, show_date, show_type, ppv_name) values ('6ad5e11c-c2ba-44db-8dda-0d16ca4177b9', 'DAW 06-30-2023', '2023-06-30', 'weekly', NULL);
insert into matches (id, show_id, match_number, match_type, stipulation, is_title_match, title_id, is_mitb, mitb_cashin, defeat_type, rating, is_draw) values ('e17c3dfb-b8fb-486d-a5b8-a93ffa514713', '6ad5e11c-c2ba-44db-8dda-0d16ca4177b9', 1, 'Tag Team', NULL, FALSE, NULL, NULL, FALSE, 'Pin', 3.5, FALSE);
insert into match_participants (match_id, team_id, result) values ('e17c3dfb-b8fb-486d-a5b8-a93ffa514713', '1e9ea366-fb52-496c-a960-2c327a8677d2', 'loser');
insert into match_participants (match_id, team_id, result) values ('e17c3dfb-b8fb-486d-a5b8-a93ffa514713', 'd2ceb13e-7a13-446c-93a0-cc8e2cc4e575', 'winner');
insert into matches (id, show_id, match_number, match_type, stipulation, is_title_match, title_id, is_mitb, mitb_cashin, defeat_type, rating, is_draw) values ('5e3981f6-d3cb-4fe4-bd4a-22b092b33182', '6ad5e11c-c2ba-44db-8dda-0d16ca4177b9', 2, 'Triple Threat', NULL, FALSE, NULL, NULL, FALSE, 'Pin', 3.5, FALSE);
insert into match_participants (match_id, wrestler_id, result) values ('5e3981f6-d3cb-4fe4-bd4a-22b092b33182', '6744f55d-802e-4dc8-83da-df85f7d6e050', 'loser');
insert into match_participants (match_id, wrestler_id, result) values ('5e3981f6-d3cb-4fe4-bd4a-22b092b33182', '0d2420e5-4511-44a9-8d66-a70eef1ce8d4', 'loser');
insert into match_participants (match_id, wrestler_id, result) values ('5e3981f6-d3cb-4fe4-bd4a-22b092b33182', '7e31c302-05ee-4325-989f-aefa74f76445', 'winner');
insert into matches (id, show_id, match_number, match_type, stipulation, is_title_match, title_id, is_mitb, mitb_cashin, defeat_type, rating, is_draw) values ('56f97c9e-d0cb-4fe7-b3be-923ec32de35a', '6ad5e11c-c2ba-44db-8dda-0d16ca4177b9', 3, 'Single', NULL, FALSE, NULL, NULL, FALSE, 'Pin', 4.5, FALSE);
insert into match_participants (match_id, wrestler_id, result) values ('56f97c9e-d0cb-4fe7-b3be-923ec32de35a', '7ca7fd7b-2526-41ea-b143-cdd82f404014', 'loser');
insert into match_participants (match_id, wrestler_id, result) values ('56f97c9e-d0cb-4fe7-b3be-923ec32de35a', '2ac78512-097e-4b54-a45b-c67fe4aa1ea6', 'winner');
insert into matches (id, show_id, match_number, match_type, stipulation, is_title_match, title_id, is_mitb, mitb_cashin, defeat_type, rating, is_draw) values ('3f8f61a4-e1c6-4c80-92d8-c2f5a53f6b03', '6ad5e11c-c2ba-44db-8dda-0d16ca4177b9', 4, 'Tornado Tag Team', NULL, FALSE, NULL, NULL, FALSE, 'Pin', 3.0, FALSE);
insert into matches (id, show_id, match_number, match_type, stipulation, is_title_match, title_id, is_mitb, mitb_cashin, defeat_type, rating, is_draw) values ('36d223f9-fb03-45bb-83c0-1db25012508c', '6ad5e11c-c2ba-44db-8dda-0d16ca4177b9', 5, 'Tag Team', NULL, FALSE, NULL, NULL, FALSE, 'Pin', 4.5, FALSE);
insert into matches (id, show_id, match_number, match_type, stipulation, is_title_match, title_id, is_mitb, mitb_cashin, defeat_type, rating, is_draw) values ('154b5b93-c1c0-408e-8b69-3e2712418d1f', '6ad5e11c-c2ba-44db-8dda-0d16ca4177b9', 6, 'Single', NULL, FALSE, NULL, NULL, FALSE, 'Pin', 4.0, FALSE);
insert into match_participants (match_id, wrestler_id, result) values ('154b5b93-c1c0-408e-8b69-3e2712418d1f', '25af8129-40ab-446b-b032-79fd524cf7ab', 'loser');
insert into match_participants (match_id, wrestler_id, result) values ('154b5b93-c1c0-408e-8b69-3e2712418d1f', '24041ddc-d965-4815-8c45-c9f97a2ed2c1', 'winner');
insert into matches (id, show_id, match_number, match_type, stipulation, is_title_match, title_id, is_mitb, mitb_cashin, defeat_type, rating, is_draw) values ('537e58fd-09d3-4d74-9c27-dcc4c49e6296', '6ad5e11c-c2ba-44db-8dda-0d16ca4177b9', 7, 'Triple Threat', NULL, FALSE, NULL, NULL, FALSE, 'Pin', 3.0, FALSE);
insert into match_participants (match_id, wrestler_id, result) values ('537e58fd-09d3-4d74-9c27-dcc4c49e6296', 'db9025f4-91c4-47e8-b3de-e3864852a4c8', 'loser');
insert into match_participants (match_id, wrestler_id, result) values ('537e58fd-09d3-4d74-9c27-dcc4c49e6296', '9683fa4f-ffaf-4185-938d-e4a435a5aef7', 'winner');
insert into match_participants (match_id, wrestler_id, result) values ('537e58fd-09d3-4d74-9c27-dcc4c49e6296', '09a1ddc7-5133-4858-b8e1-c89de2eefe3b', 'loser');
insert into matches (id, show_id, match_number, match_type, stipulation, is_title_match, title_id, is_mitb, mitb_cashin, defeat_type, rating, is_draw) values ('589c17a8-0c3e-4e56-b1d3-86ca871d6430', '6ad5e11c-c2ba-44db-8dda-0d16ca4177b9', 8, 'Single', NULL, FALSE, NULL, NULL, FALSE, 'Pin', 4.5, FALSE);
insert into match_participants (match_id, wrestler_id, result) values ('589c17a8-0c3e-4e56-b1d3-86ca871d6430', 'f53c5be3-c66c-4d29-b281-5c0157203703', 'loser');
insert into match_participants (match_id, wrestler_id, result) values ('589c17a8-0c3e-4e56-b1d3-86ca871d6430', '60c99dea-a118-4839-99eb-5de3ca41d5d4', 'winner');
insert into matches (id, show_id, match_number, match_type, stipulation, is_title_match, title_id, is_mitb, mitb_cashin, defeat_type, rating, is_draw) values ('978b1afa-dbcc-40fd-bbd6-c7493eea3009', '6ad5e11c-c2ba-44db-8dda-0d16ca4177b9', 9, 'Single', NULL, FALSE, NULL, NULL, FALSE, 'Pin', 4.0, FALSE);
insert into match_participants (match_id, wrestler_id, result) values ('978b1afa-dbcc-40fd-bbd6-c7493eea3009', '236dddd8-b6e3-4f50-9e8d-7b54fe489a20', 'loser');
insert into match_participants (match_id, wrestler_id, result) values ('978b1afa-dbcc-40fd-bbd6-c7493eea3009', '7d9945b2-59a0-4661-8206-198fec52bb2f', 'winner');
insert into shows (id, name, show_date, show_type, ppv_name) values ('78651b1d-5d27-4b56-99cc-729b034269aa', 'DAW 07-07-2023', '2023-07-07', 'weekly', NULL);
insert into matches (id, show_id, match_number, match_type, stipulation, is_title_match, title_id, is_mitb, mitb_cashin, defeat_type, rating, is_draw) values ('ebfd6858-b6fe-4d68-916a-6dd2d38b9d6d', '78651b1d-5d27-4b56-99cc-729b034269aa', 1, 'Tag Team', NULL, FALSE, NULL, NULL, FALSE, 'Pin', 3.0, FALSE);
insert into matches (id, show_id, match_number, match_type, stipulation, is_title_match, title_id, is_mitb, mitb_cashin, defeat_type, rating, is_draw) values ('a15c9071-d138-4fb6-b495-efd118d00fb1', '78651b1d-5d27-4b56-99cc-729b034269aa', 2, 'Single', NULL, FALSE, NULL, NULL, FALSE, 'Pin', 2.5, FALSE);
insert into match_participants (match_id, wrestler_id, result) values ('a15c9071-d138-4fb6-b495-efd118d00fb1', '31f8c2ba-a0c4-4352-ae28-1cf68d200216', 'loser');
insert into match_participants (match_id, wrestler_id, result) values ('a15c9071-d138-4fb6-b495-efd118d00fb1', 'd5419b1f-c540-4ae7-81e8-9cf6283544db', 'winner');
insert into matches (id, show_id, match_number, match_type, stipulation, is_title_match, title_id, is_mitb, mitb_cashin, defeat_type, rating, is_draw) values ('d89c0847-48cf-4df9-8182-5d5cbff319f5', '78651b1d-5d27-4b56-99cc-729b034269aa', 3, 'Triple Threat', NULL, FALSE, NULL, NULL, FALSE, 'Pin', 3.0, FALSE);
insert into match_participants (match_id, wrestler_id, result) values ('d89c0847-48cf-4df9-8182-5d5cbff319f5', '24041ddc-d965-4815-8c45-c9f97a2ed2c1', 'winner');
insert into match_participants (match_id, wrestler_id, result) values ('d89c0847-48cf-4df9-8182-5d5cbff319f5', 'bc93b973-151b-48ca-8d75-8f6c220a0d31', 'loser');
insert into match_participants (match_id, wrestler_id, result) values ('d89c0847-48cf-4df9-8182-5d5cbff319f5', '7e31c302-05ee-4325-989f-aefa74f76445', 'loser');
insert into matches (id, show_id, match_number, match_type, stipulation, is_title_match, title_id, is_mitb, mitb_cashin, defeat_type, rating, is_draw) values ('7dbacada-4684-4624-a271-e5945d3d7f68', '78651b1d-5d27-4b56-99cc-729b034269aa', 4, 'Single', NULL, FALSE, NULL, NULL, FALSE, 'Pin', 3.0, FALSE);
insert into match_participants (match_id, wrestler_id, result) values ('7dbacada-4684-4624-a271-e5945d3d7f68', '1fdbaeea-4dc7-41ff-9ce9-394d33e1ace4', 'loser');
insert into match_participants (match_id, wrestler_id, result) values ('7dbacada-4684-4624-a271-e5945d3d7f68', 'fce02e68-03a4-4670-a5d4-a6790f4f92a1', 'winner');
insert into matches (id, show_id, match_number, match_type, stipulation, is_title_match, title_id, is_mitb, mitb_cashin, defeat_type, rating, is_draw) values ('1fe1e3c1-6df0-4ef6-bb56-b2bbd93bf054', '78651b1d-5d27-4b56-99cc-729b034269aa', 5, 'Single', NULL, FALSE, NULL, NULL, FALSE, 'Pin', 2.5, FALSE);
insert into match_participants (match_id, wrestler_id, result) values ('1fe1e3c1-6df0-4ef6-bb56-b2bbd93bf054', 'db9025f4-91c4-47e8-b3de-e3864852a4c8', 'winner');
insert into match_participants (match_id, wrestler_id, result) values ('1fe1e3c1-6df0-4ef6-bb56-b2bbd93bf054', '09a1ddc7-5133-4858-b8e1-c89de2eefe3b', 'loser');
insert into matches (id, show_id, match_number, match_type, stipulation, is_title_match, title_id, is_mitb, mitb_cashin, defeat_type, rating, is_draw) values ('64ae61c7-86d1-405e-b6c3-099f79e6f42f', '78651b1d-5d27-4b56-99cc-729b034269aa', 6, 'Single', NULL, FALSE, NULL, NULL, FALSE, 'Pin', 4.0, FALSE);
insert into match_participants (match_id, wrestler_id, result) values ('64ae61c7-86d1-405e-b6c3-099f79e6f42f', 'b53deaf4-6809-46c8-a85f-587ef1ead267', 'loser');
insert into match_participants (match_id, wrestler_id, result) values ('64ae61c7-86d1-405e-b6c3-099f79e6f42f', '45d6759a-e627-41e8-b142-68a6772440d1', 'winner');
insert into matches (id, show_id, match_number, match_type, stipulation, is_title_match, title_id, is_mitb, mitb_cashin, defeat_type, rating, is_draw) values ('6e28a0d1-174e-40e4-a46c-cd40f649723c', '78651b1d-5d27-4b56-99cc-729b034269aa', 7, 'Single', NULL, FALSE, NULL, NULL, FALSE, 'Pin', 3.0, FALSE);
insert into match_participants (match_id, wrestler_id, result) values ('6e28a0d1-174e-40e4-a46c-cd40f649723c', '9683fa4f-ffaf-4185-938d-e4a435a5aef7', 'loser');
insert into match_participants (match_id, wrestler_id, result) values ('6e28a0d1-174e-40e4-a46c-cd40f649723c', '004c7b59-d738-4718-a1f0-39aa22e8039d', 'winner');
insert into matches (id, show_id, match_number, match_type, stipulation, is_title_match, title_id, is_mitb, mitb_cashin, defeat_type, rating, is_draw) values ('4a3384c6-7d7b-47de-be8e-dab3320365d7', '78651b1d-5d27-4b56-99cc-729b034269aa', 8, 'Tag Team', NULL, FALSE, NULL, NULL, FALSE, 'Pin', 4.0, FALSE);
insert into matches (id, show_id, match_number, match_type, stipulation, is_title_match, title_id, is_mitb, mitb_cashin, defeat_type, rating, is_draw) values ('35afac26-095a-4d1d-89d4-0cb2ed933941', '78651b1d-5d27-4b56-99cc-729b034269aa', 9, 'Single', NULL, FALSE, NULL, NULL, FALSE, 'Pin', 3.0, FALSE);
insert into match_participants (match_id, wrestler_id, result) values ('35afac26-095a-4d1d-89d4-0cb2ed933941', '7d9945b2-59a0-4661-8206-198fec52bb2f', 'winner');
insert into match_participants (match_id, wrestler_id, result) values ('35afac26-095a-4d1d-89d4-0cb2ed933941', 'c582c07c-786b-4687-9aeb-b0431edfb330', 'loser');
insert into shows (id, name, show_date, show_type, ppv_name) values ('c008f218-01b9-4c5c-b489-6fbcdf909645', 'DAW 07-14-2023', '2023-07-14', 'weekly', NULL);
insert into matches (id, show_id, match_number, match_type, stipulation, is_title_match, title_id, is_mitb, mitb_cashin, defeat_type, rating, is_draw) values ('b81efbc8-ddac-4cc9-a7ee-9ae2ef862ded', 'c008f218-01b9-4c5c-b489-6fbcdf909645', 1, 'Tag Team', NULL, FALSE, NULL, NULL, FALSE, 'Pin', 3.5, FALSE);
insert into matches (id, show_id, match_number, match_type, stipulation, is_title_match, title_id, is_mitb, mitb_cashin, defeat_type, rating, is_draw) values ('f98608db-05c3-47aa-acb8-edc7b80b95c7', 'c008f218-01b9-4c5c-b489-6fbcdf909645', 2, 'Single', NULL, FALSE, NULL, NULL, FALSE, 'Pin', 3.0, FALSE);
insert into match_participants (match_id, wrestler_id, result) values ('f98608db-05c3-47aa-acb8-edc7b80b95c7', '9683fa4f-ffaf-4185-938d-e4a435a5aef7', 'winner');
insert into match_participants (match_id, wrestler_id, result) values ('f98608db-05c3-47aa-acb8-edc7b80b95c7', '09a1ddc7-5133-4858-b8e1-c89de2eefe3b', 'loser');
insert into matches (id, show_id, match_number, match_type, stipulation, is_title_match, title_id, is_mitb, mitb_cashin, defeat_type, rating, is_draw) values ('3007a14e-53c7-4388-84e2-23c758c936b4', 'c008f218-01b9-4c5c-b489-6fbcdf909645', 3, 'Single', NULL, FALSE, NULL, NULL, FALSE, 'Pin', 2.5, FALSE);
insert into match_participants (match_id, wrestler_id, result) values ('3007a14e-53c7-4388-84e2-23c758c936b4', 'd5419b1f-c540-4ae7-81e8-9cf6283544db', 'winner');
insert into match_participants (match_id, wrestler_id, result) values ('3007a14e-53c7-4388-84e2-23c758c936b4', 'd0df50f1-fbbb-4298-ab0c-f7e6e122c4c4', 'loser');
insert into matches (id, show_id, match_number, match_type, stipulation, is_title_match, title_id, is_mitb, mitb_cashin, defeat_type, rating, is_draw) values ('48557f60-d094-40b6-927d-75c7d339881b', 'c008f218-01b9-4c5c-b489-6fbcdf909645', 4, 'Single', NULL, FALSE, NULL, NULL, FALSE, 'Pin', 3.0, FALSE);
insert into match_participants (match_id, wrestler_id, result) values ('48557f60-d094-40b6-927d-75c7d339881b', 'db9025f4-91c4-47e8-b3de-e3864852a4c8', 'loser');
insert into match_participants (match_id, wrestler_id, result) values ('48557f60-d094-40b6-927d-75c7d339881b', '07687962-07c0-46b6-9541-2d8b60e3c2c1', 'winner');
insert into matches (id, show_id, match_number, match_type, stipulation, is_title_match, title_id, is_mitb, mitb_cashin, defeat_type, rating, is_draw) values ('d6d0f312-f5be-4379-b539-15146dd65bc4', 'c008f218-01b9-4c5c-b489-6fbcdf909645', 5, 'Single', NULL, FALSE, NULL, NULL, FALSE, 'Pin', 2.0, FALSE);
insert into match_participants (match_id, wrestler_id, result) values ('d6d0f312-f5be-4379-b539-15146dd65bc4', 'ae2ce814-315f-41f0-ab99-eddf09a7d4c5', 'winner');
insert into match_participants (match_id, wrestler_id, result) values ('d6d0f312-f5be-4379-b539-15146dd65bc4', 'c582c07c-786b-4687-9aeb-b0431edfb330', 'loser');
insert into matches (id, show_id, match_number, match_type, stipulation, is_title_match, title_id, is_mitb, mitb_cashin, defeat_type, rating, is_draw) values ('eb96bf53-17f6-4058-87d7-c6826bc3809d', 'c008f218-01b9-4c5c-b489-6fbcdf909645', 6, 'Single', NULL, FALSE, NULL, NULL, FALSE, 'Pin', 3.0, FALSE);
insert into match_participants (match_id, wrestler_id, result) values ('eb96bf53-17f6-4058-87d7-c6826bc3809d', 'cce2403e-b550-4727-9b4c-e04012c77f31', 'loser');
insert into match_participants (match_id, wrestler_id, result) values ('eb96bf53-17f6-4058-87d7-c6826bc3809d', '236dddd8-b6e3-4f50-9e8d-7b54fe489a20', 'winner');
insert into matches (id, show_id, match_number, match_type, stipulation, is_title_match, title_id, is_mitb, mitb_cashin, defeat_type, rating, is_draw) values ('6bd26c64-6907-494c-a9a0-95dd3f467a6c', 'c008f218-01b9-4c5c-b489-6fbcdf909645', 7, 'Single', NULL, FALSE, NULL, NULL, FALSE, 'Pin', 3.0, FALSE);
insert into match_participants (match_id, wrestler_id, result) values ('6bd26c64-6907-494c-a9a0-95dd3f467a6c', 'cd5fa7e0-c982-449d-ab4f-cd0b33045715', 'loser');
insert into match_participants (match_id, wrestler_id, result) values ('6bd26c64-6907-494c-a9a0-95dd3f467a6c', '31f8c2ba-a0c4-4352-ae28-1cf68d200216', 'winner');
insert into matches (id, show_id, match_number, match_type, stipulation, is_title_match, title_id, is_mitb, mitb_cashin, defeat_type, rating, is_draw) values ('a07bfdf5-3dd0-4b96-a9bc-a2b1c6bafdff', 'c008f218-01b9-4c5c-b489-6fbcdf909645', 8, 'Battle Royale', NULL, FALSE, NULL, NULL, FALSE, 'Pin', 4.0, FALSE);
insert into match_participants (match_id, wrestler_id, result) values ('a07bfdf5-3dd0-4b96-a9bc-a2b1c6bafdff', '45d6759a-e627-41e8-b142-68a6772440d1', 'loser');
insert into match_participants (match_id, wrestler_id, result) values ('a07bfdf5-3dd0-4b96-a9bc-a2b1c6bafdff', '0072611a-281e-4de5-bf57-fbc9696651ec', 'winner');
insert into match_participants (match_id, wrestler_id, result) values ('a07bfdf5-3dd0-4b96-a9bc-a2b1c6bafdff', '122e2f4f-61c3-46f1-8de6-407a73f0712e', 'loser');
insert into match_participants (match_id, wrestler_id, result) values ('a07bfdf5-3dd0-4b96-a9bc-a2b1c6bafdff', 'b53deaf4-6809-46c8-a85f-587ef1ead267', 'loser');
insert into match_participants (match_id, wrestler_id, result) values ('a07bfdf5-3dd0-4b96-a9bc-a2b1c6bafdff', '60c99dea-a118-4839-99eb-5de3ca41d5d4', 'loser');
insert into match_participants (match_id, wrestler_id, result) values ('a07bfdf5-3dd0-4b96-a9bc-a2b1c6bafdff', '0d2420e5-4511-44a9-8d66-a70eef1ce8d4', 'loser');
insert into match_participants (match_id, wrestler_id, result) values ('a07bfdf5-3dd0-4b96-a9bc-a2b1c6bafdff', 'f53c5be3-c66c-4d29-b281-5c0157203703', 'loser');
insert into matches (id, show_id, match_number, match_type, stipulation, is_title_match, title_id, is_mitb, mitb_cashin, defeat_type, rating, is_draw) values ('e7d830d5-a002-4a6e-8dac-5a44159bfded', 'c008f218-01b9-4c5c-b489-6fbcdf909645', 9, 'Single', NULL, FALSE, NULL, NULL, FALSE, 'Pin', 4.0, FALSE);
insert into match_participants (match_id, wrestler_id, result) values ('e7d830d5-a002-4a6e-8dac-5a44159bfded', '7d9945b2-59a0-4661-8206-198fec52bb2f', 'winner');
insert into match_participants (match_id, wrestler_id, result) values ('e7d830d5-a002-4a6e-8dac-5a44159bfded', 'd02a9351-6c1e-46ef-bb03-473a19e744f4', 'loser');
insert into shows (id, name, show_date, show_type, ppv_name) values ('7514c081-9ad4-4395-8397-7ed4f537e0b8', 'DAW 07-20-2023', '2023-07-20', 'weekly', NULL);
insert into matches (id, show_id, match_number, match_type, stipulation, is_title_match, title_id, is_mitb, mitb_cashin, defeat_type, rating, is_draw) values ('5e3d530b-c519-40e9-9136-2a4e7e71e820', '7514c081-9ad4-4395-8397-7ed4f537e0b8', 15, 'Single', NULL, TRUE, 'b691e77a-af24-4f33-9c0f-09c435cd8dac', TRUE, FALSE, 'No Contest', 3.0, FALSE);
insert into match_participants (match_id, wrestler_id, result) values ('5e3d530b-c519-40e9-9136-2a4e7e71e820', '25af8129-40ab-446b-b032-79fd524cf7ab', 'loser');
insert into match_participants (match_id, team_id, result) values ('5e3d530b-c519-40e9-9136-2a4e7e71e820', '77ab10d7-12a7-48ea-b6c1-e09e4e455b7d', 'winner');
insert into shows (id, name, show_date, show_type, ppv_name) values ('9b3f81f1-d691-4e18-9315-3de6f042cba6', 'DAW 07-21-2023', '2023-07-21', 'weekly', NULL);
insert into matches (id, show_id, match_number, match_type, stipulation, is_title_match, title_id, is_mitb, mitb_cashin, defeat_type, rating, is_draw) values ('fef5355a-5ccf-482f-9dff-3d07f46e4f68', '9b3f81f1-d691-4e18-9315-3de6f042cba6', 1, 'Tag Team', NULL, TRUE, '4091f18e-1fb8-441e-b708-1729cb0b0011', FALSE, FALSE, 'Pin', 4.0, FALSE);
insert into match_participants (match_id, team_id, result) values ('fef5355a-5ccf-482f-9dff-3d07f46e4f68', '68c622dc-e758-4f54-9c6b-cfa737db8028', 'winner');
insert into matches (id, show_id, match_number, match_type, stipulation, is_title_match, title_id, is_mitb, mitb_cashin, defeat_type, rating, is_draw) values ('c108c095-6387-4a51-93ce-e603a8a97c75', '9b3f81f1-d691-4e18-9315-3de6f042cba6', 2, 'Triple Threat', NULL, FALSE, NULL, NULL, FALSE, 'Pin', 4.0, FALSE);
insert into match_participants (match_id, wrestler_id, result) values ('c108c095-6387-4a51-93ce-e603a8a97c75', 'cd5fa7e0-c982-449d-ab4f-cd0b33045715', 'loser');
insert into match_participants (match_id, wrestler_id, result) values ('c108c095-6387-4a51-93ce-e603a8a97c75', 'cce2403e-b550-4727-9b4c-e04012c77f31', 'winner');
insert into match_participants (match_id, wrestler_id, result) values ('c108c095-6387-4a51-93ce-e603a8a97c75', 'db9025f4-91c4-47e8-b3de-e3864852a4c8', 'loser');
insert into matches (id, show_id, match_number, match_type, stipulation, is_title_match, title_id, is_mitb, mitb_cashin, defeat_type, rating, is_draw) values ('75f4154d-cb57-463e-bc08-90f27ef69bcf', '9b3f81f1-d691-4e18-9315-3de6f042cba6', 3, 'Single', 'Extreme Rules', FALSE, NULL, NULL, FALSE, 'Pin', 4.5, FALSE);
insert into match_participants (match_id, wrestler_id, result) values ('75f4154d-cb57-463e-bc08-90f27ef69bcf', '7ca7fd7b-2526-41ea-b143-cdd82f404014', 'winner');
insert into match_participants (match_id, wrestler_id, result) values ('75f4154d-cb57-463e-bc08-90f27ef69bcf', '2ac78512-097e-4b54-a45b-c67fe4aa1ea6', 'loser');
insert into matches (id, show_id, match_number, match_type, stipulation, is_title_match, title_id, is_mitb, mitb_cashin, defeat_type, rating, is_draw) values ('6acc1662-9cd7-49c8-9fe0-82947fa6e875', '9b3f81f1-d691-4e18-9315-3de6f042cba6', 4, 'Single', NULL, FALSE, NULL, NULL, FALSE, 'Pin', 4.0, FALSE);
insert into match_participants (match_id, wrestler_id, result) values ('6acc1662-9cd7-49c8-9fe0-82947fa6e875', 'd0df50f1-fbbb-4298-ab0c-f7e6e122c4c4', 'loser');
insert into match_participants (match_id, wrestler_id, result) values ('6acc1662-9cd7-49c8-9fe0-82947fa6e875', 'b2d0cb4c-4471-49a3-b524-544ce1bd95a1', 'winner');
insert into matches (id, show_id, match_number, match_type, stipulation, is_title_match, title_id, is_mitb, mitb_cashin, defeat_type, rating, is_draw) values ('4ad18329-fc1a-41f5-bee9-be6a527cf5bb', '9b3f81f1-d691-4e18-9315-3de6f042cba6', 5, 'Tag Team', 'Table', FALSE, NULL, NULL, FALSE, 'Pin', 3.0, FALSE);
insert into matches (id, show_id, match_number, match_type, stipulation, is_title_match, title_id, is_mitb, mitb_cashin, defeat_type, rating, is_draw) values ('cfe95465-5eac-48cb-91ef-e78aeb99e288', '9b3f81f1-d691-4e18-9315-3de6f042cba6', 6, '6-Man', 'Ladder', TRUE, 'b691e77a-af24-4f33-9c0f-09c435cd8dac', TRUE, FALSE, 'Pin', 4.0, FALSE);
insert into match_participants (match_id, wrestler_id, result) values ('cfe95465-5eac-48cb-91ef-e78aeb99e288', '0d2420e5-4511-44a9-8d66-a70eef1ce8d4', 'loser');
insert into match_participants (match_id, wrestler_id, result) values ('cfe95465-5eac-48cb-91ef-e78aeb99e288', 'b53deaf4-6809-46c8-a85f-587ef1ead267', 'loser');
insert into match_participants (match_id, wrestler_id, result) values ('cfe95465-5eac-48cb-91ef-e78aeb99e288', '122e2f4f-61c3-46f1-8de6-407a73f0712e', 'loser');
insert into match_participants (match_id, wrestler_id, result) values ('cfe95465-5eac-48cb-91ef-e78aeb99e288', 'bc93b973-151b-48ca-8d75-8f6c220a0d31', 'loser');
insert into match_participants (match_id, wrestler_id, result) values ('cfe95465-5eac-48cb-91ef-e78aeb99e288', '6744f55d-802e-4dc8-83da-df85f7d6e050', 'loser');
insert into match_participants (match_id, wrestler_id, result) values ('cfe95465-5eac-48cb-91ef-e78aeb99e288', '25af8129-40ab-446b-b032-79fd524cf7ab', 'loser');
insert into match_participants (match_id, wrestler_id, result) values ('cfe95465-5eac-48cb-91ef-e78aeb99e288', '7e31c302-05ee-4325-989f-aefa74f76445', 'loser');
insert into match_participants (match_id, wrestler_id, result) values ('cfe95465-5eac-48cb-91ef-e78aeb99e288', '24041ddc-d965-4815-8c45-c9f97a2ed2c1', 'winner');
insert into matches (id, show_id, match_number, match_type, stipulation, is_title_match, title_id, is_mitb, mitb_cashin, defeat_type, rating, is_draw) values ('672872b0-1625-4d76-925b-230414759515', '9b3f81f1-d691-4e18-9315-3de6f042cba6', 7, 'Single', 'Falls Count Anywhere', FALSE, NULL, NULL, FALSE, 'Pin', 4.5, FALSE);
insert into match_participants (match_id, wrestler_id, result) values ('672872b0-1625-4d76-925b-230414759515', '45d6759a-e627-41e8-b142-68a6772440d1', 'loser');
insert into match_participants (match_id, wrestler_id, result) values ('672872b0-1625-4d76-925b-230414759515', '0072611a-281e-4de5-bf57-fbc9696651ec', 'winner');
insert into matches (id, show_id, match_number, match_type, stipulation, is_title_match, title_id, is_mitb, mitb_cashin, defeat_type, rating, is_draw) values ('c974d29f-27af-491d-ae59-0a541389d779', '9b3f81f1-d691-4e18-9315-3de6f042cba6', 8, 'Tag Team', 'Extreme Rules', FALSE, NULL, NULL, FALSE, 'Pin', 3.5, FALSE);
insert into matches (id, show_id, match_number, match_type, stipulation, is_title_match, title_id, is_mitb, mitb_cashin, defeat_type, rating, is_draw) values ('a6d1b0fa-7f08-4b24-bc3b-0b5ffbecf4ae', '9b3f81f1-d691-4e18-9315-3de6f042cba6', 9, '6-Man', 'Ladder', TRUE, 'b25e7259-f027-4be1-a39e-0e956b9d538d', TRUE, FALSE, 'Pin', 4.5, FALSE);
insert into match_participants (match_id, wrestler_id, result) values ('a6d1b0fa-7f08-4b24-bc3b-0b5ffbecf4ae', 'ae2ce814-315f-41f0-ab99-eddf09a7d4c5', 'loser');
insert into match_participants (match_id, wrestler_id, result) values ('a6d1b0fa-7f08-4b24-bc3b-0b5ffbecf4ae', 'd5419b1f-c540-4ae7-81e8-9cf6283544db', 'loser');
insert into match_participants (match_id, wrestler_id, result) values ('a6d1b0fa-7f08-4b24-bc3b-0b5ffbecf4ae', '07687962-07c0-46b6-9541-2d8b60e3c2c1', 'loser');
insert into match_participants (match_id, wrestler_id, result) values ('a6d1b0fa-7f08-4b24-bc3b-0b5ffbecf4ae', '31f8c2ba-a0c4-4352-ae28-1cf68d200216', 'loser');
insert into match_participants (match_id, wrestler_id, result) values ('a6d1b0fa-7f08-4b24-bc3b-0b5ffbecf4ae', '236dddd8-b6e3-4f50-9e8d-7b54fe489a20', 'loser');
insert into match_participants (match_id, wrestler_id, result) values ('a6d1b0fa-7f08-4b24-bc3b-0b5ffbecf4ae', '09a1ddc7-5133-4858-b8e1-c89de2eefe3b', 'winner');
insert into match_participants (match_id, wrestler_id, result) values ('a6d1b0fa-7f08-4b24-bc3b-0b5ffbecf4ae', '9683fa4f-ffaf-4185-938d-e4a435a5aef7', 'loser');
insert into match_participants (match_id, wrestler_id, result) values ('a6d1b0fa-7f08-4b24-bc3b-0b5ffbecf4ae', '1fdbaeea-4dc7-41ff-9ce9-394d33e1ace4', 'loser');
insert into matches (id, show_id, match_number, match_type, stipulation, is_title_match, title_id, is_mitb, mitb_cashin, defeat_type, rating, is_draw) values ('dd4366a7-ed05-428b-b551-a51411fcd664', '9b3f81f1-d691-4e18-9315-3de6f042cba6', 10, 'Single', 'Steel Cage', FALSE, NULL, NULL, FALSE, 'Pin', 2.5, FALSE);
insert into match_participants (match_id, wrestler_id, result) values ('dd4366a7-ed05-428b-b551-a51411fcd664', 'fce02e68-03a4-4670-a5d4-a6790f4f92a1', 'loser');
insert into match_participants (match_id, wrestler_id, result) values ('dd4366a7-ed05-428b-b551-a51411fcd664', '87e03c56-c65e-4c6b-82f4-5fa5ea0eeada', 'winner');
insert into matches (id, show_id, match_number, match_type, stipulation, is_title_match, title_id, is_mitb, mitb_cashin, defeat_type, rating, is_draw) values ('1dc6b26c-2056-4475-be9f-9508339cbdac', '9b3f81f1-d691-4e18-9315-3de6f042cba6', 11, 'Single', NULL, TRUE, 'f3ec52c9-649b-48cb-aa37-da278fbd72df', FALSE, FALSE, 'Pin', 5.0, FALSE);
insert into match_participants (match_id, wrestler_id, result) values ('1dc6b26c-2056-4475-be9f-9508339cbdac', 'f53c5be3-c66c-4d29-b281-5c0157203703', 'winner');
insert into matches (id, show_id, match_number, match_type, stipulation, is_title_match, title_id, is_mitb, mitb_cashin, defeat_type, rating, is_draw) values ('9da02359-1316-4ce1-99b9-e59b064289e3', '9b3f81f1-d691-4e18-9315-3de6f042cba6', 12, 'Single', NULL, TRUE, '02b0c038-accb-495b-8d6a-8891a7b51554', FALSE, FALSE, 'Pin', 4.0, FALSE);
insert into match_participants (match_id, wrestler_id, result) values ('9da02359-1316-4ce1-99b9-e59b064289e3', '004c7b59-d738-4718-a1f0-39aa22e8039d', 'loser');
insert into match_participants (match_id, wrestler_id, result) values ('9da02359-1316-4ce1-99b9-e59b064289e3', '7d9945b2-59a0-4661-8206-198fec52bb2f', 'winner');
insert into shows (id, name, show_date, show_type, ppv_name) values ('c143a5d5-8ce2-4a7b-9b6b-7d646bc2028e', 'DAW 08-18-2023', '2023-08-18', 'weekly', NULL);
insert into matches (id, show_id, match_number, match_type, stipulation, is_title_match, title_id, is_mitb, mitb_cashin, defeat_type, rating, is_draw) values ('265b373e-0102-4128-b427-c90a4ac0be66', 'c143a5d5-8ce2-4a7b-9b6b-7d646bc2028e', 1, 'Battle Royale', NULL, FALSE, NULL, NULL, FALSE, 'Pin', 3.0, FALSE);
insert into match_participants (match_id, wrestler_id, result) values ('265b373e-0102-4128-b427-c90a4ac0be66', '1fdbaeea-4dc7-41ff-9ce9-394d33e1ace4', 'loser');
insert into match_participants (match_id, wrestler_id, result) values ('265b373e-0102-4128-b427-c90a4ac0be66', 'fce02e68-03a4-4670-a5d4-a6790f4f92a1', 'loser');
insert into match_participants (match_id, wrestler_id, result) values ('265b373e-0102-4128-b427-c90a4ac0be66', '7ca7fd7b-2526-41ea-b143-cdd82f404014', 'winner');
insert into match_participants (match_id, wrestler_id, result) values ('265b373e-0102-4128-b427-c90a4ac0be66', 'b2d0cb4c-4471-49a3-b524-544ce1bd95a1', 'loser');
insert into match_participants (match_id, wrestler_id, result) values ('265b373e-0102-4128-b427-c90a4ac0be66', 'd0df50f1-fbbb-4298-ab0c-f7e6e122c4c4', 'loser');
insert into match_participants (match_id, wrestler_id, result) values ('265b373e-0102-4128-b427-c90a4ac0be66', '31f8c2ba-a0c4-4352-ae28-1cf68d200216', 'loser');
insert into match_participants (match_id, wrestler_id, result) values ('265b373e-0102-4128-b427-c90a4ac0be66', '09a1ddc7-5133-4858-b8e1-c89de2eefe3b', 'loser');
insert into match_participants (match_id, wrestler_id, result) values ('265b373e-0102-4128-b427-c90a4ac0be66', 'ad63b3fd-9de8-4398-a085-7cc8f264589e', 'loser');
insert into matches (id, show_id, match_number, match_type, stipulation, is_title_match, title_id, is_mitb, mitb_cashin, defeat_type, rating, is_draw) values ('ee787fad-18db-4e64-a122-a76c2b5b5462', 'c143a5d5-8ce2-4a7b-9b6b-7d646bc2028e', 2, 'Single', NULL, FALSE, NULL, NULL, FALSE, 'Pin', 4.0, FALSE);
insert into match_participants (match_id, wrestler_id, result) values ('ee787fad-18db-4e64-a122-a76c2b5b5462', 'db9025f4-91c4-47e8-b3de-e3864852a4c8', 'loser');
insert into match_participants (match_id, wrestler_id, result) values ('ee787fad-18db-4e64-a122-a76c2b5b5462', '9683fa4f-ffaf-4185-938d-e4a435a5aef7', 'winner');
insert into matches (id, show_id, match_number, match_type, stipulation, is_title_match, title_id, is_mitb, mitb_cashin, defeat_type, rating, is_draw) values ('49e42282-cd03-42a5-9d85-4ff98f326556', 'c143a5d5-8ce2-4a7b-9b6b-7d646bc2028e', 3, 'Battle Royale', NULL, FALSE, NULL, NULL, FALSE, 'Pin', 3.0, FALSE);
insert into match_participants (match_id, wrestler_id, result) values ('49e42282-cd03-42a5-9d85-4ff98f326556', '45d6759a-e627-41e8-b142-68a6772440d1', 'loser');
insert into match_participants (match_id, wrestler_id, result) values ('49e42282-cd03-42a5-9d85-4ff98f326556', '122e2f4f-61c3-46f1-8de6-407a73f0712e', 'winner');
insert into match_participants (match_id, wrestler_id, result) values ('49e42282-cd03-42a5-9d85-4ff98f326556', '0d2420e5-4511-44a9-8d66-a70eef1ce8d4', 'loser');
insert into match_participants (match_id, wrestler_id, result) values ('49e42282-cd03-42a5-9d85-4ff98f326556', '7e31c302-05ee-4325-989f-aefa74f76445', 'loser');
insert into match_participants (match_id, wrestler_id, result) values ('49e42282-cd03-42a5-9d85-4ff98f326556', '6744f55d-802e-4dc8-83da-df85f7d6e050', 'loser');
insert into match_participants (match_id, wrestler_id, result) values ('49e42282-cd03-42a5-9d85-4ff98f326556', 'b53deaf4-6809-46c8-a85f-587ef1ead267', 'loser');
insert into match_participants (match_id, wrestler_id, result) values ('49e42282-cd03-42a5-9d85-4ff98f326556', '24041ddc-d965-4815-8c45-c9f97a2ed2c1', 'loser');
insert into match_participants (match_id, wrestler_id, result) values ('49e42282-cd03-42a5-9d85-4ff98f326556', 'f53c5be3-c66c-4d29-b281-5c0157203703', 'loser');
insert into matches (id, show_id, match_number, match_type, stipulation, is_title_match, title_id, is_mitb, mitb_cashin, defeat_type, rating, is_draw) values ('a2b64bb5-d1a0-454e-8ed1-0429a96537e0', 'c143a5d5-8ce2-4a7b-9b6b-7d646bc2028e', 4, 'Single', NULL, FALSE, NULL, NULL, FALSE, 'Pin', 4.5, FALSE);
insert into match_participants (match_id, wrestler_id, result) values ('a2b64bb5-d1a0-454e-8ed1-0429a96537e0', '7d9945b2-59a0-4661-8206-198fec52bb2f', 'loser');
insert into match_participants (match_id, wrestler_id, result) values ('a2b64bb5-d1a0-454e-8ed1-0429a96537e0', '004c7b59-d738-4718-a1f0-39aa22e8039d', 'winner');
insert into shows (id, name, show_date, show_type, ppv_name) values ('eb92c46c-f68d-401a-9276-7d397868b9da', 'DAW 09-01-2023', '2023-09-01', 'weekly', NULL);
insert into matches (id, show_id, match_number, match_type, stipulation, is_title_match, title_id, is_mitb, mitb_cashin, defeat_type, rating, is_draw) values ('eb854484-f561-48b2-b03b-f1c54dcd6c36', 'eb92c46c-f68d-401a-9276-7d397868b9da', 1, 'Tag Team', NULL, FALSE, NULL, NULL, FALSE, 'Pin', 5.0, FALSE);
insert into match_participants (match_id, team_id, result) values ('eb854484-f561-48b2-b03b-f1c54dcd6c36', 'd2ceb13e-7a13-446c-93a0-cc8e2cc4e575', 'loser');
insert into match_participants (match_id, team_id, result) values ('eb854484-f561-48b2-b03b-f1c54dcd6c36', '68c622dc-e758-4f54-9c6b-cfa737db8028', 'winner');
insert into matches (id, show_id, match_number, match_type, stipulation, is_title_match, title_id, is_mitb, mitb_cashin, defeat_type, rating, is_draw) values ('afe3dd29-51b3-4a3f-8aab-e9e6074ed44c', 'eb92c46c-f68d-401a-9276-7d397868b9da', 2, 'Triple Threat', NULL, FALSE, NULL, NULL, FALSE, 'Pin', 4.0, FALSE);
insert into match_participants (match_id, wrestler_id, result) values ('afe3dd29-51b3-4a3f-8aab-e9e6074ed44c', 'fce02e68-03a4-4670-a5d4-a6790f4f92a1', 'loser');
insert into match_participants (match_id, wrestler_id, result) values ('afe3dd29-51b3-4a3f-8aab-e9e6074ed44c', '7ca7fd7b-2526-41ea-b143-cdd82f404014', 'loser');
insert into match_participants (match_id, wrestler_id, result) values ('afe3dd29-51b3-4a3f-8aab-e9e6074ed44c', 'cce2403e-b550-4727-9b4c-e04012c77f31', 'winner');
insert into matches (id, show_id, match_number, match_type, stipulation, is_title_match, title_id, is_mitb, mitb_cashin, defeat_type, rating, is_draw) values ('4b3838f7-8a18-4f60-bc13-79685aad268e', 'eb92c46c-f68d-401a-9276-7d397868b9da', 3, 'Single', NULL, FALSE, NULL, NULL, FALSE, 'Pin', 3.0, FALSE);
insert into match_participants (match_id, wrestler_id, result) values ('4b3838f7-8a18-4f60-bc13-79685aad268e', '9683fa4f-ffaf-4185-938d-e4a435a5aef7', 'winner');
insert into match_participants (match_id, wrestler_id, result) values ('4b3838f7-8a18-4f60-bc13-79685aad268e', '07687962-07c0-46b6-9541-2d8b60e3c2c1', 'loser');
insert into matches (id, show_id, match_number, match_type, stipulation, is_title_match, title_id, is_mitb, mitb_cashin, defeat_type, rating, is_draw) values ('ee130768-eb31-47dd-8125-2c2e526f3bef', 'eb92c46c-f68d-401a-9276-7d397868b9da', 4, 'Single', NULL, FALSE, NULL, NULL, FALSE, 'Pin', 4.0, FALSE);
insert into match_participants (match_id, wrestler_id, result) values ('ee130768-eb31-47dd-8125-2c2e526f3bef', 'db9025f4-91c4-47e8-b3de-e3864852a4c8', 'winner');
insert into match_participants (match_id, wrestler_id, result) values ('ee130768-eb31-47dd-8125-2c2e526f3bef', '1fdbaeea-4dc7-41ff-9ce9-394d33e1ace4', 'loser');
insert into matches (id, show_id, match_number, match_type, stipulation, is_title_match, title_id, is_mitb, mitb_cashin, defeat_type, rating, is_draw) values ('ad0c46ae-c200-48aa-876d-7cf2b4a4d7a3', 'eb92c46c-f68d-401a-9276-7d397868b9da', 5, 'Single', NULL, FALSE, NULL, NULL, FALSE, 'Pin', 4.0, FALSE);
insert into match_participants (match_id, wrestler_id, result) values ('ad0c46ae-c200-48aa-876d-7cf2b4a4d7a3', '0d2420e5-4511-44a9-8d66-a70eef1ce8d4', 'loser');
insert into match_participants (match_id, wrestler_id, result) values ('ad0c46ae-c200-48aa-876d-7cf2b4a4d7a3', '60c99dea-a118-4839-99eb-5de3ca41d5d4', 'winner');
insert into matches (id, show_id, match_number, match_type, stipulation, is_title_match, title_id, is_mitb, mitb_cashin, defeat_type, rating, is_draw) values ('352a4b84-b327-4b47-a26c-fa7481627e25', 'eb92c46c-f68d-401a-9276-7d397868b9da', 6, 'Single', NULL, FALSE, NULL, NULL, FALSE, 'Pin', 3.0, FALSE);
insert into match_participants (match_id, wrestler_id, result) values ('352a4b84-b327-4b47-a26c-fa7481627e25', 'b2d0cb4c-4471-49a3-b524-544ce1bd95a1', 'winner');
insert into match_participants (match_id, wrestler_id, result) values ('352a4b84-b327-4b47-a26c-fa7481627e25', '09a1ddc7-5133-4858-b8e1-c89de2eefe3b', 'loser');
insert into matches (id, show_id, match_number, match_type, stipulation, is_title_match, title_id, is_mitb, mitb_cashin, defeat_type, rating, is_draw) values ('3c53f296-fdb1-414f-97cd-ea643ded35a4', 'eb92c46c-f68d-401a-9276-7d397868b9da', 7, 'Tornado Tag Team', NULL, FALSE, NULL, NULL, FALSE, 'Pin', 3.5, FALSE);
insert into match_participants (match_id, team_id, result) values ('3c53f296-fdb1-414f-97cd-ea643ded35a4', 'eebd2a89-a1f9-4931-982e-9cf035d48429', 'loser');
insert into match_participants (match_id, team_id, result) values ('3c53f296-fdb1-414f-97cd-ea643ded35a4', 'f7a2e157-4b15-4f76-92c8-41e8e2dea5c6', 'winner');
insert into matches (id, show_id, match_number, match_type, stipulation, is_title_match, title_id, is_mitb, mitb_cashin, defeat_type, rating, is_draw) values ('39ef0026-0944-4819-b654-bb1488303dd5', 'eb92c46c-f68d-401a-9276-7d397868b9da', 8, 'Single', NULL, FALSE, NULL, NULL, FALSE, 'Pin', 5.0, FALSE);
insert into match_participants (match_id, wrestler_id, result) values ('39ef0026-0944-4819-b654-bb1488303dd5', 'f53c5be3-c66c-4d29-b281-5c0157203703', 'loser');
insert into match_participants (match_id, wrestler_id, result) values ('39ef0026-0944-4819-b654-bb1488303dd5', '24041ddc-d965-4815-8c45-c9f97a2ed2c1', 'winner');
insert into matches (id, show_id, match_number, match_type, stipulation, is_title_match, title_id, is_mitb, mitb_cashin, defeat_type, rating, is_draw) values ('17bfd143-55cf-421c-94a1-29d624e9101e', 'eb92c46c-f68d-401a-9276-7d397868b9da', 9, 'Single', NULL, FALSE, NULL, NULL, FALSE, 'Pin', 4.0, FALSE);
insert into match_participants (match_id, wrestler_id, result) values ('17bfd143-55cf-421c-94a1-29d624e9101e', '7d9945b2-59a0-4661-8206-198fec52bb2f', 'loser');
insert into match_participants (match_id, wrestler_id, result) values ('17bfd143-55cf-421c-94a1-29d624e9101e', 'b0a5de67-da65-4808-bb98-ace3a77fa729', 'winner');
insert into shows (id, name, show_date, show_type, ppv_name) values ('3ef1e9dd-c2e1-41bb-b697-feb6e0e4f3e4', 'DAW 09-08-2023', '2023-09-08', 'weekly', NULL);
insert into matches (id, show_id, match_number, match_type, stipulation, is_title_match, title_id, is_mitb, mitb_cashin, defeat_type, rating, is_draw) values ('4eeecfc5-4f65-4e70-b5cf-1177ccef75c9', '3ef1e9dd-c2e1-41bb-b697-feb6e0e4f3e4', 1, 'Tag Team', NULL, FALSE, NULL, NULL, FALSE, 'No Contest', 1.0, TRUE);
insert into match_participants (match_id, team_id, result) values ('4eeecfc5-4f65-4e70-b5cf-1177ccef75c9', '0c1be915-234d-4bb2-92ab-225e76d0c50c', 'draw');
insert into match_participants (match_id, team_id, result) values ('4eeecfc5-4f65-4e70-b5cf-1177ccef75c9', 'f10035f5-dbd0-4e54-974c-abe9f75f0c51', 'draw');
insert into matches (id, show_id, match_number, match_type, stipulation, is_title_match, title_id, is_mitb, mitb_cashin, defeat_type, rating, is_draw) values ('a0d755b5-2fbd-4a7b-bf2d-3e9504ab0ae2', '3ef1e9dd-c2e1-41bb-b697-feb6e0e4f3e4', 2, 'Triple Threat', NULL, FALSE, NULL, NULL, FALSE, 'Pin', 3.0, FALSE);
insert into match_participants (match_id, wrestler_id, result) values ('a0d755b5-2fbd-4a7b-bf2d-3e9504ab0ae2', 'b2d0cb4c-4471-49a3-b524-544ce1bd95a1', 'winner');
insert into match_participants (match_id, wrestler_id, result) values ('a0d755b5-2fbd-4a7b-bf2d-3e9504ab0ae2', '1fdbaeea-4dc7-41ff-9ce9-394d33e1ace4', 'loser');
insert into match_participants (match_id, wrestler_id, result) values ('a0d755b5-2fbd-4a7b-bf2d-3e9504ab0ae2', '9683fa4f-ffaf-4185-938d-e4a435a5aef7', 'loser');
insert into matches (id, show_id, match_number, match_type, stipulation, is_title_match, title_id, is_mitb, mitb_cashin, defeat_type, rating, is_draw) values ('1b92f291-7d72-4e80-a4b2-31d0ff89b3af', '3ef1e9dd-c2e1-41bb-b697-feb6e0e4f3e4', 3, 'Single', NULL, FALSE, NULL, NULL, FALSE, 'Pin', 4.0, FALSE);
insert into match_participants (match_id, wrestler_id, result) values ('1b92f291-7d72-4e80-a4b2-31d0ff89b3af', '31f8c2ba-a0c4-4352-ae28-1cf68d200216', 'loser');
insert into match_participants (match_id, wrestler_id, result) values ('1b92f291-7d72-4e80-a4b2-31d0ff89b3af', 'ad63b3fd-9de8-4398-a085-7cc8f264589e', 'winner');
insert into matches (id, show_id, match_number, match_type, stipulation, is_title_match, title_id, is_mitb, mitb_cashin, defeat_type, rating, is_draw) values ('1b9aa5b9-2d78-4e96-8dca-2340b344c6a3', '3ef1e9dd-c2e1-41bb-b697-feb6e0e4f3e4', 4, 'Single', NULL, FALSE, NULL, NULL, FALSE, 'Pin', 3.5, FALSE);
insert into match_participants (match_id, wrestler_id, result) values ('1b9aa5b9-2d78-4e96-8dca-2340b344c6a3', '09a1ddc7-5133-4858-b8e1-c89de2eefe3b', 'loser');
insert into match_participants (match_id, wrestler_id, result) values ('1b9aa5b9-2d78-4e96-8dca-2340b344c6a3', 'db9025f4-91c4-47e8-b3de-e3864852a4c8', 'winner');
insert into matches (id, show_id, match_number, match_type, stipulation, is_title_match, title_id, is_mitb, mitb_cashin, defeat_type, rating, is_draw) values ('eccaf767-4c6a-49fc-acb0-10c2b9e09b80', '3ef1e9dd-c2e1-41bb-b697-feb6e0e4f3e4', 5, 'Single', NULL, FALSE, NULL, NULL, FALSE, 'Pin', 3.5, FALSE);
insert into match_participants (match_id, wrestler_id, result) values ('eccaf767-4c6a-49fc-acb0-10c2b9e09b80', 'fce02e68-03a4-4670-a5d4-a6790f4f92a1', 'loser');
insert into match_participants (match_id, wrestler_id, result) values ('eccaf767-4c6a-49fc-acb0-10c2b9e09b80', '07687962-07c0-46b6-9541-2d8b60e3c2c1', 'winner');
insert into matches (id, show_id, match_number, match_type, stipulation, is_title_match, title_id, is_mitb, mitb_cashin, defeat_type, rating, is_draw) values ('22bf1d0d-980b-4ad7-b9cd-48911bf9a955', '3ef1e9dd-c2e1-41bb-b697-feb6e0e4f3e4', 6, 'Single', NULL, FALSE, NULL, NULL, FALSE, 'Pin', 4.0, FALSE);
insert into match_participants (match_id, wrestler_id, result) values ('22bf1d0d-980b-4ad7-b9cd-48911bf9a955', '0d2420e5-4511-44a9-8d66-a70eef1ce8d4', 'loser');
insert into match_participants (match_id, wrestler_id, result) values ('22bf1d0d-980b-4ad7-b9cd-48911bf9a955', '45d6759a-e627-41e8-b142-68a6772440d1', 'winner');
insert into matches (id, show_id, match_number, match_type, stipulation, is_title_match, title_id, is_mitb, mitb_cashin, defeat_type, rating, is_draw) values ('b869f251-f697-4830-b10f-e998938e4110', '3ef1e9dd-c2e1-41bb-b697-feb6e0e4f3e4', 7, 'Tornado Tag Team', NULL, FALSE, NULL, NULL, FALSE, 'Pin', 4.0, FALSE);
insert into match_participants (match_id, team_id, result) values ('b869f251-f697-4830-b10f-e998938e4110', 'f7a2e157-4b15-4f76-92c8-41e8e2dea5c6', 'winner');
insert into match_participants (match_id, team_id, result) values ('b869f251-f697-4830-b10f-e998938e4110', '71ab8222-78b8-4584-9717-447687147bd4', 'loser');
insert into matches (id, show_id, match_number, match_type, stipulation, is_title_match, title_id, is_mitb, mitb_cashin, defeat_type, rating, is_draw) values ('b17383dc-f505-443e-907b-3aa6bf23951b', '3ef1e9dd-c2e1-41bb-b697-feb6e0e4f3e4', 8, 'Single', NULL, FALSE, NULL, NULL, FALSE, 'Pin', 3.5, FALSE);
insert into match_participants (match_id, wrestler_id, result) values ('b17383dc-f505-443e-907b-3aa6bf23951b', '004c7b59-d738-4718-a1f0-39aa22e8039d', 'winner');
insert into match_participants (match_id, wrestler_id, result) values ('b17383dc-f505-443e-907b-3aa6bf23951b', 'b0a5de67-da65-4808-bb98-ace3a77fa729', 'loser');
insert into matches (id, show_id, match_number, match_type, stipulation, is_title_match, title_id, is_mitb, mitb_cashin, defeat_type, rating, is_draw) values ('89f157df-c1c2-4df1-94b7-af31055c56c6', '3ef1e9dd-c2e1-41bb-b697-feb6e0e4f3e4', 9, 'Single', NULL, FALSE, NULL, NULL, FALSE, 'Pin', 4.5, FALSE);
insert into match_participants (match_id, wrestler_id, result) values ('89f157df-c1c2-4df1-94b7-af31055c56c6', 'f53c5be3-c66c-4d29-b281-5c0157203703', 'winner');
insert into match_participants (match_id, wrestler_id, result) values ('89f157df-c1c2-4df1-94b7-af31055c56c6', '6744f55d-802e-4dc8-83da-df85f7d6e050', 'loser');
insert into shows (id, name, show_date, show_type, ppv_name) values ('28a720ed-e253-4e42-8b2b-09349d0613a6', 'DAW 09-15-2023', '2023-09-15', 'weekly', NULL);
insert into matches (id, show_id, match_number, match_type, stipulation, is_title_match, title_id, is_mitb, mitb_cashin, defeat_type, rating, is_draw) values ('95fca1a6-3a11-459e-9669-59a6de958c79', '28a720ed-e253-4e42-8b2b-09349d0613a6', 1, 'Tag Team', NULL, TRUE, '4091f18e-1fb8-441e-b708-1729cb0b0011', FALSE, FALSE, 'Pin', 5.0, FALSE);
insert into match_participants (match_id, team_id, result) values ('95fca1a6-3a11-459e-9669-59a6de958c79', 'd2ceb13e-7a13-446c-93a0-cc8e2cc4e575', 'loser');
insert into match_participants (match_id, team_id, result) values ('95fca1a6-3a11-459e-9669-59a6de958c79', '68c622dc-e758-4f54-9c6b-cfa737db8028', 'winner');
insert into matches (id, show_id, match_number, match_type, stipulation, is_title_match, title_id, is_mitb, mitb_cashin, defeat_type, rating, is_draw) values ('7cedd5f8-289d-4735-bbbe-d34bbd8fb2a0', '28a720ed-e253-4e42-8b2b-09349d0613a6', 2, 'Single', NULL, FALSE, NULL, NULL, FALSE, 'Pin', 3.0, FALSE);
insert into match_participants (match_id, wrestler_id, result) values ('7cedd5f8-289d-4735-bbbe-d34bbd8fb2a0', 'd5419b1f-c540-4ae7-81e8-9cf6283544db', 'loser');
insert into match_participants (match_id, wrestler_id, result) values ('7cedd5f8-289d-4735-bbbe-d34bbd8fb2a0', 'ae2ce814-315f-41f0-ab99-eddf09a7d4c5', 'winner');
insert into matches (id, show_id, match_number, match_type, stipulation, is_title_match, title_id, is_mitb, mitb_cashin, defeat_type, rating, is_draw) values ('26fec48c-ee51-4918-9b76-054522883de4', '28a720ed-e253-4e42-8b2b-09349d0613a6', 3, 'Single', NULL, FALSE, NULL, NULL, FALSE, 'Pin', 3.0, FALSE);
insert into match_participants (match_id, wrestler_id, result) values ('26fec48c-ee51-4918-9b76-054522883de4', 'fce02e68-03a4-4670-a5d4-a6790f4f92a1', 'loser');
insert into match_participants (match_id, wrestler_id, result) values ('26fec48c-ee51-4918-9b76-054522883de4', '07687962-07c0-46b6-9541-2d8b60e3c2c1', 'winner');
insert into matches (id, show_id, match_number, match_type, stipulation, is_title_match, title_id, is_mitb, mitb_cashin, defeat_type, rating, is_draw) values ('b7f4b6bd-963f-4713-b8ed-1d3c50e8dbdc', '28a720ed-e253-4e42-8b2b-09349d0613a6', 4, 'Single', NULL, TRUE, '5db4cd6b-6ebe-4a87-b7bb-017af3856766', FALSE, FALSE, 'Pin', 4.0, FALSE);
insert into match_participants (match_id, wrestler_id, result) values ('b7f4b6bd-963f-4713-b8ed-1d3c50e8dbdc', 'b2d0cb4c-4471-49a3-b524-544ce1bd95a1', 'loser');
insert into match_participants (match_id, wrestler_id, result) values ('b7f4b6bd-963f-4713-b8ed-1d3c50e8dbdc', '9683fa4f-ffaf-4185-938d-e4a435a5aef7', 'winner');
insert into matches (id, show_id, match_number, match_type, stipulation, is_title_match, title_id, is_mitb, mitb_cashin, defeat_type, rating, is_draw) values ('ff69f770-f83e-4af8-acfd-b00a8f72ff04', '28a720ed-e253-4e42-8b2b-09349d0613a6', 5, 'Tornado Tag Team', 'Ladder', FALSE, NULL, NULL, FALSE, 'Pin', 3.0, FALSE);
insert into match_participants (match_id, team_id, result) values ('ff69f770-f83e-4af8-acfd-b00a8f72ff04', 'f10035f5-dbd0-4e54-974c-abe9f75f0c51', 'loser');
insert into match_participants (match_id, team_id, result) values ('ff69f770-f83e-4af8-acfd-b00a8f72ff04', '83fd0ef7-a31d-432b-9a7c-594309de6c3f', 'loser');
insert into match_participants (match_id, team_id, result) values ('ff69f770-f83e-4af8-acfd-b00a8f72ff04', '0c1be915-234d-4bb2-92ab-225e76d0c50c', 'winner');
insert into matches (id, show_id, match_number, match_type, stipulation, is_title_match, title_id, is_mitb, mitb_cashin, defeat_type, rating, is_draw) values ('2e6690fb-a887-4d65-8dc0-009c9dcce008', '28a720ed-e253-4e42-8b2b-09349d0613a6', 6, 'Single', NULL, FALSE, NULL, NULL, FALSE, 'Pin', 4.0, FALSE);
insert into match_participants (match_id, wrestler_id, result) values ('2e6690fb-a887-4d65-8dc0-009c9dcce008', '0d2420e5-4511-44a9-8d66-a70eef1ce8d4', 'winner');
insert into match_participants (match_id, wrestler_id, result) values ('2e6690fb-a887-4d65-8dc0-009c9dcce008', '2c23bf2a-90de-4618-9564-8e0e622857f1', 'loser');
insert into matches (id, show_id, match_number, match_type, stipulation, is_title_match, title_id, is_mitb, mitb_cashin, defeat_type, rating, is_draw) values ('f634b15b-82c0-4e0c-8cd3-3abc7cbeb296', '28a720ed-e253-4e42-8b2b-09349d0613a6', 7, 'Tag Team', NULL, TRUE, 'c35e55d3-eeb9-45fd-8160-df160862cff0', FALSE, FALSE, 'Pin', 4.5, FALSE);
insert into match_participants (match_id, team_id, result) values ('f634b15b-82c0-4e0c-8cd3-3abc7cbeb296', 'f7a2e157-4b15-4f76-92c8-41e8e2dea5c6', 'winner');
insert into match_participants (match_id, team_id, result) values ('f634b15b-82c0-4e0c-8cd3-3abc7cbeb296', 'eebd2a89-a1f9-4931-982e-9cf035d48429', 'loser');
insert into matches (id, show_id, match_number, match_type, stipulation, is_title_match, title_id, is_mitb, mitb_cashin, defeat_type, rating, is_draw) values ('f61fc67e-fba4-497a-9cd6-d165afbf2195', '28a720ed-e253-4e42-8b2b-09349d0613a6', 8, 'Single', 'Extreme Rules', FALSE, NULL, NULL, FALSE, 'Pin', 1.0, FALSE);
insert into match_participants (match_id, wrestler_id, result) values ('f61fc67e-fba4-497a-9cd6-d165afbf2195', '09a1ddc7-5133-4858-b8e1-c89de2eefe3b', 'loser');
insert into match_participants (match_id, wrestler_id, result) values ('f61fc67e-fba4-497a-9cd6-d165afbf2195', 'db9025f4-91c4-47e8-b3de-e3864852a4c8', 'winner');
insert into matches (id, show_id, match_number, match_type, stipulation, is_title_match, title_id, is_mitb, mitb_cashin, defeat_type, rating, is_draw) values ('54d28daa-4078-43da-9665-063757637bd3', '28a720ed-e253-4e42-8b2b-09349d0613a6', 9, 'Single', NULL, FALSE, NULL, NULL, FALSE, 'No Contest', 1.5, TRUE);
insert into match_participants (match_id, wrestler_id, result) values ('54d28daa-4078-43da-9665-063757637bd3', 'bc93b973-151b-48ca-8d75-8f6c220a0d31', 'draw');
insert into match_participants (match_id, wrestler_id, result) values ('54d28daa-4078-43da-9665-063757637bd3', '25af8129-40ab-446b-b032-79fd524cf7ab', 'draw');
insert into matches (id, show_id, match_number, match_type, stipulation, is_title_match, title_id, is_mitb, mitb_cashin, defeat_type, rating, is_draw) values ('f0bafcbc-537e-4007-a4e9-74a6ca1d920c', '28a720ed-e253-4e42-8b2b-09349d0613a6', 10, 'Single', NULL, FALSE, NULL, NULL, FALSE, 'No Contest', 2.5, FALSE);
insert into match_participants (match_id, wrestler_id, result) values ('f0bafcbc-537e-4007-a4e9-74a6ca1d920c', '236dddd8-b6e3-4f50-9e8d-7b54fe489a20', 'loser');
insert into match_participants (match_id, wrestler_id, result) values ('f0bafcbc-537e-4007-a4e9-74a6ca1d920c', 'b0a5de67-da65-4808-bb98-ace3a77fa729', 'winner');
insert into matches (id, show_id, match_number, match_type, stipulation, is_title_match, title_id, is_mitb, mitb_cashin, defeat_type, rating, is_draw) values ('3b1205b0-cc9d-4b40-9002-b52bc0602737', '28a720ed-e253-4e42-8b2b-09349d0613a6', 11, 'Triple Threat', NULL, FALSE, NULL, NULL, FALSE, 'Pin', 3.5, FALSE);
insert into match_participants (match_id, wrestler_id, result) values ('3b1205b0-cc9d-4b40-9002-b52bc0602737', '7e31c302-05ee-4325-989f-aefa74f76445', 'loser');
insert into match_participants (match_id, wrestler_id, result) values ('3b1205b0-cc9d-4b40-9002-b52bc0602737', '6744f55d-802e-4dc8-83da-df85f7d6e050', 'winner');
insert into match_participants (match_id, wrestler_id, result) values ('3b1205b0-cc9d-4b40-9002-b52bc0602737', '60c99dea-a118-4839-99eb-5de3ca41d5d4', 'loser');
insert into matches (id, show_id, match_number, match_type, stipulation, is_title_match, title_id, is_mitb, mitb_cashin, defeat_type, rating, is_draw) values ('cf6c43f5-115b-4ccf-b973-94b8b089f427', '28a720ed-e253-4e42-8b2b-09349d0613a6', 12, 'Single', 'Iron Man', FALSE, NULL, NULL, FALSE, 'Pin', 5.0, FALSE);
insert into match_participants (match_id, wrestler_id, result) values ('cf6c43f5-115b-4ccf-b973-94b8b089f427', '24041ddc-d965-4815-8c45-c9f97a2ed2c1', 'winner');
insert into match_participants (match_id, wrestler_id, result) values ('cf6c43f5-115b-4ccf-b973-94b8b089f427', 'f53c5be3-c66c-4d29-b281-5c0157203703', 'loser');
insert into matches (id, show_id, match_number, match_type, stipulation, is_title_match, title_id, is_mitb, mitb_cashin, defeat_type, rating, is_draw) values ('b1ab3513-73bf-487a-9a57-1ceb90a1da87', '28a720ed-e253-4e42-8b2b-09349d0613a6', 13, 'Triple Threat', NULL, FALSE, NULL, NULL, FALSE, 'Pin', 4.0, FALSE);
insert into match_participants (match_id, wrestler_id, result) values ('b1ab3513-73bf-487a-9a57-1ceb90a1da87', 'cce2403e-b550-4727-9b4c-e04012c77f31', 'loser');
insert into match_participants (match_id, wrestler_id, result) values ('b1ab3513-73bf-487a-9a57-1ceb90a1da87', '7ca7fd7b-2526-41ea-b143-cdd82f404014', 'winner');
insert into match_participants (match_id, wrestler_id, result) values ('b1ab3513-73bf-487a-9a57-1ceb90a1da87', '1fdbaeea-4dc7-41ff-9ce9-394d33e1ace4', 'loser');
insert into matches (id, show_id, match_number, match_type, stipulation, is_title_match, title_id, is_mitb, mitb_cashin, defeat_type, rating, is_draw) values ('3c84ebbb-7c77-406b-9bb6-0abdefc795b5', '28a720ed-e253-4e42-8b2b-09349d0613a6', 14, 'Single', 'No Holds Barred', TRUE, '02b0c038-accb-495b-8d6a-8891a7b51554', FALSE, FALSE, 'Pin', 3.5, FALSE);
insert into match_participants (match_id, wrestler_id, result) values ('3c84ebbb-7c77-406b-9bb6-0abdefc795b5', '004c7b59-d738-4718-a1f0-39aa22e8039d', 'winner');
insert into match_participants (match_id, wrestler_id, result) values ('3c84ebbb-7c77-406b-9bb6-0abdefc795b5', '7d9945b2-59a0-4661-8206-198fec52bb2f', 'loser');
insert into shows (id, name, show_date, show_type, ppv_name) values ('4cf3aeba-9007-47ae-b920-1dde4ff6a438', 'DAW 09-22-2023', '2023-09-22', 'weekly', NULL);
insert into matches (id, show_id, match_number, match_type, stipulation, is_title_match, title_id, is_mitb, mitb_cashin, defeat_type, rating, is_draw) values ('e2efdcf6-80e9-4921-b63b-410026fa46c0', '4cf3aeba-9007-47ae-b920-1dde4ff6a438', 1, 'Tag Team', NULL, FALSE, NULL, NULL, FALSE, 'Pin', 4.5, FALSE);
insert into match_participants (match_id, team_id, result) values ('e2efdcf6-80e9-4921-b63b-410026fa46c0', '9218fa01-8660-4fab-9220-113756a027f3', 'loser');
insert into match_participants (match_id, team_id, result) values ('e2efdcf6-80e9-4921-b63b-410026fa46c0', '68c622dc-e758-4f54-9c6b-cfa737db8028', 'loser');
insert into matches (id, show_id, match_number, match_type, stipulation, is_title_match, title_id, is_mitb, mitb_cashin, defeat_type, rating, is_draw) values ('05b804bf-5cab-43c9-8b03-1caeb504f1fb', '4cf3aeba-9007-47ae-b920-1dde4ff6a438', 2, 'Triple Threat', NULL, FALSE, NULL, NULL, FALSE, 'Pin', 3.0, FALSE);
insert into match_participants (match_id, wrestler_id, result) values ('05b804bf-5cab-43c9-8b03-1caeb504f1fb', 'ae2ce814-315f-41f0-ab99-eddf09a7d4c5', 'winner');
insert into match_participants (match_id, wrestler_id, result) values ('05b804bf-5cab-43c9-8b03-1caeb504f1fb', '09a1ddc7-5133-4858-b8e1-c89de2eefe3b', 'loser');
insert into match_participants (match_id, wrestler_id, result) values ('05b804bf-5cab-43c9-8b03-1caeb504f1fb', '07687962-07c0-46b6-9541-2d8b60e3c2c1', 'loser');
insert into matches (id, show_id, match_number, match_type, stipulation, is_title_match, title_id, is_mitb, mitb_cashin, defeat_type, rating, is_draw) values ('46904da3-1f10-41cf-a536-ce9a11dfabbe', '4cf3aeba-9007-47ae-b920-1dde4ff6a438', 3, 'Single', NULL, FALSE, NULL, NULL, FALSE, 'Pin', 4.0, FALSE);
insert into match_participants (match_id, wrestler_id, result) values ('46904da3-1f10-41cf-a536-ce9a11dfabbe', '1fdbaeea-4dc7-41ff-9ce9-394d33e1ace4', 'winner');
insert into match_participants (match_id, wrestler_id, result) values ('46904da3-1f10-41cf-a536-ce9a11dfabbe', '9683fa4f-ffaf-4185-938d-e4a435a5aef7', 'loser');
insert into matches (id, show_id, match_number, match_type, stipulation, is_title_match, title_id, is_mitb, mitb_cashin, defeat_type, rating, is_draw) values ('3b3dd22f-e8eb-4ad6-8d3e-9923ffcb64a4', '4cf3aeba-9007-47ae-b920-1dde4ff6a438', 4, 'Single', NULL, FALSE, NULL, NULL, FALSE, 'Pin', 3.0, FALSE);
insert into match_participants (match_id, wrestler_id, result) values ('3b3dd22f-e8eb-4ad6-8d3e-9923ffcb64a4', '60c99dea-a118-4839-99eb-5de3ca41d5d4', 'winner');
insert into match_participants (match_id, wrestler_id, result) values ('3b3dd22f-e8eb-4ad6-8d3e-9923ffcb64a4', '0072611a-281e-4de5-bf57-fbc9696651ec', 'loser');
insert into matches (id, show_id, match_number, match_type, stipulation, is_title_match, title_id, is_mitb, mitb_cashin, defeat_type, rating, is_draw) values ('7a1e7d9b-40c4-41eb-af46-60467fd030fe', '4cf3aeba-9007-47ae-b920-1dde4ff6a438', 5, 'Tag Team', NULL, FALSE, NULL, NULL, FALSE, 'Pin', 4.0, FALSE);
insert into match_participants (match_id, team_id, result) values ('7a1e7d9b-40c4-41eb-af46-60467fd030fe', '37867637-ea7c-4d6c-9e59-fb37627e1172', 'loser');
insert into match_participants (match_id, team_id, result) values ('7a1e7d9b-40c4-41eb-af46-60467fd030fe', 'f7a2e157-4b15-4f76-92c8-41e8e2dea5c6', 'winner');
insert into matches (id, show_id, match_number, match_type, stipulation, is_title_match, title_id, is_mitb, mitb_cashin, defeat_type, rating, is_draw) values ('1d0a9911-0acc-4608-b987-724d69e8b914', '4cf3aeba-9007-47ae-b920-1dde4ff6a438', 6, 'Single', NULL, FALSE, NULL, NULL, FALSE, 'Pin', 4.0, FALSE);
insert into match_participants (match_id, wrestler_id, result) values ('1d0a9911-0acc-4608-b987-724d69e8b914', 'd0df50f1-fbbb-4298-ab0c-f7e6e122c4c4', 'loser');
insert into match_participants (match_id, wrestler_id, result) values ('1d0a9911-0acc-4608-b987-724d69e8b914', '7d9945b2-59a0-4661-8206-198fec52bb2f', 'winner');
insert into matches (id, show_id, match_number, match_type, stipulation, is_title_match, title_id, is_mitb, mitb_cashin, defeat_type, rating, is_draw) values ('a6b75bb3-6fd7-4c78-8ee5-e39e7b38d40c', '4cf3aeba-9007-47ae-b920-1dde4ff6a438', 7, 'Single', NULL, FALSE, NULL, NULL, FALSE, 'Pin', 4.0, FALSE);
insert into matches (id, show_id, match_number, match_type, stipulation, is_title_match, title_id, is_mitb, mitb_cashin, defeat_type, rating, is_draw) values ('ea802a73-e0b3-4f34-a004-19b473a4fb2c', '4cf3aeba-9007-47ae-b920-1dde4ff6a438', 8, 'Single', NULL, FALSE, NULL, NULL, FALSE, 'Pin', 4.0, FALSE);
insert into match_participants (match_id, wrestler_id, result) values ('ea802a73-e0b3-4f34-a004-19b473a4fb2c', '31f9e94a-66c8-428d-9ae1-dc8ad7d4834f', 'winner');
insert into match_participants (match_id, wrestler_id, result) values ('ea802a73-e0b3-4f34-a004-19b473a4fb2c', 'f53c5be3-c66c-4d29-b281-5c0157203703', 'loser');
insert into matches (id, show_id, match_number, match_type, stipulation, is_title_match, title_id, is_mitb, mitb_cashin, defeat_type, rating, is_draw) values ('a7479bb8-e1d3-4c31-93c2-2e53241727aa', '4cf3aeba-9007-47ae-b920-1dde4ff6a438', 9, 'Single', NULL, FALSE, NULL, NULL, FALSE, 'Pin', 4.5, FALSE);
insert into match_participants (match_id, wrestler_id, result) values ('a7479bb8-e1d3-4c31-93c2-2e53241727aa', 'b0a5de67-da65-4808-bb98-ace3a77fa729', 'winner');
insert into match_participants (match_id, wrestler_id, result) values ('a7479bb8-e1d3-4c31-93c2-2e53241727aa', '004c7b59-d738-4718-a1f0-39aa22e8039d', 'loser');
insert into shows (id, name, show_date, show_type, ppv_name) values ('3e1adf8f-a16f-46a6-b2a9-dc299c6c7750', 'DAW 09-29-2023', '2023-09-29', 'weekly', NULL);
insert into matches (id, show_id, match_number, match_type, stipulation, is_title_match, title_id, is_mitb, mitb_cashin, defeat_type, rating, is_draw) values ('506e1be9-6772-4ead-b03c-44806aaedb6e', '3e1adf8f-a16f-46a6-b2a9-dc299c6c7750', 1, 'Tag Team', NULL, FALSE, NULL, NULL, FALSE, 'Pin', 3.5, FALSE);
insert into match_participants (match_id, team_id, result) values ('506e1be9-6772-4ead-b03c-44806aaedb6e', '83fd0ef7-a31d-432b-9a7c-594309de6c3f', 'winner');
insert into match_participants (match_id, team_id, result) values ('506e1be9-6772-4ead-b03c-44806aaedb6e', 'd992f7dd-e5d0-4867-917a-5fd7dd7e98ba', 'loser');
insert into matches (id, show_id, match_number, match_type, stipulation, is_title_match, title_id, is_mitb, mitb_cashin, defeat_type, rating, is_draw) values ('b1d043c2-c669-40e2-959e-63075d78b19a', '3e1adf8f-a16f-46a6-b2a9-dc299c6c7750', 2, 'Single', NULL, FALSE, NULL, NULL, FALSE, 'Pin', 3.5, FALSE);
insert into match_participants (match_id, wrestler_id, result) values ('b1d043c2-c669-40e2-959e-63075d78b19a', 'cce2403e-b550-4727-9b4c-e04012c77f31', 'loser');
insert into match_participants (match_id, wrestler_id, result) values ('b1d043c2-c669-40e2-959e-63075d78b19a', 'ad63b3fd-9de8-4398-a085-7cc8f264589e', 'winner');
insert into matches (id, show_id, match_number, match_type, stipulation, is_title_match, title_id, is_mitb, mitb_cashin, defeat_type, rating, is_draw) values ('85ed5737-70f6-4aa4-8042-eb21b0baa446', '3e1adf8f-a16f-46a6-b2a9-dc299c6c7750', 3, 'Single', NULL, FALSE, NULL, NULL, FALSE, 'Pin', 3.5, FALSE);
insert into match_participants (match_id, wrestler_id, result) values ('85ed5737-70f6-4aa4-8042-eb21b0baa446', '07687962-07c0-46b6-9541-2d8b60e3c2c1', 'winner');
insert into match_participants (match_id, wrestler_id, result) values ('85ed5737-70f6-4aa4-8042-eb21b0baa446', '7ca7fd7b-2526-41ea-b143-cdd82f404014', 'loser');
insert into matches (id, show_id, match_number, match_type, stipulation, is_title_match, title_id, is_mitb, mitb_cashin, defeat_type, rating, is_draw) values ('50399cc2-a099-426b-abb0-d2242c48622f', '3e1adf8f-a16f-46a6-b2a9-dc299c6c7750', 4, 'Single', NULL, FALSE, NULL, NULL, FALSE, 'Pin', 2.5, FALSE);
insert into match_participants (match_id, wrestler_id, result) values ('50399cc2-a099-426b-abb0-d2242c48622f', 'fce02e68-03a4-4670-a5d4-a6790f4f92a1', 'winner');
insert into match_participants (match_id, wrestler_id, result) values ('50399cc2-a099-426b-abb0-d2242c48622f', '09a1ddc7-5133-4858-b8e1-c89de2eefe3b', 'loser');
insert into matches (id, show_id, match_number, match_type, stipulation, is_title_match, title_id, is_mitb, mitb_cashin, defeat_type, rating, is_draw) values ('09374ee6-16ae-4ee5-b1eb-7173d3ce30c1', '3e1adf8f-a16f-46a6-b2a9-dc299c6c7750', 5, 'Single', NULL, FALSE, NULL, NULL, FALSE, 'Pin', 3.0, FALSE);
insert into match_participants (match_id, wrestler_id, result) values ('09374ee6-16ae-4ee5-b1eb-7173d3ce30c1', 'b2d0cb4c-4471-49a3-b524-544ce1bd95a1', 'winner');
insert into match_participants (match_id, wrestler_id, result) values ('09374ee6-16ae-4ee5-b1eb-7173d3ce30c1', '72a13a54-c48a-4382-a17e-3db462967ef7', 'loser');
insert into matches (id, show_id, match_number, match_type, stipulation, is_title_match, title_id, is_mitb, mitb_cashin, defeat_type, rating, is_draw) values ('5a57cb70-15df-47d6-8fad-1566d656d376', '3e1adf8f-a16f-46a6-b2a9-dc299c6c7750', 6, 'Tornado Tag Team', NULL, FALSE, NULL, NULL, FALSE, 'Pin', 4.0, FALSE);
insert into match_participants (match_id, team_id, result) values ('5a57cb70-15df-47d6-8fad-1566d656d376', 'd2ceb13e-7a13-446c-93a0-cc8e2cc4e575', 'loser');
insert into matches (id, show_id, match_number, match_type, stipulation, is_title_match, title_id, is_mitb, mitb_cashin, defeat_type, rating, is_draw) values ('8d78a512-0bda-4a72-93b6-c0aead5378aa', '3e1adf8f-a16f-46a6-b2a9-dc299c6c7750', 7, 'Single', NULL, FALSE, NULL, NULL, FALSE, 'Pin', 4.0, FALSE);
insert into match_participants (match_id, wrestler_id, result) values ('8d78a512-0bda-4a72-93b6-c0aead5378aa', '25af8129-40ab-446b-b032-79fd524cf7ab', 'winner');
insert into match_participants (match_id, wrestler_id, result) values ('8d78a512-0bda-4a72-93b6-c0aead5378aa', 'f53c5be3-c66c-4d29-b281-5c0157203703', 'loser');
insert into matches (id, show_id, match_number, match_type, stipulation, is_title_match, title_id, is_mitb, mitb_cashin, defeat_type, rating, is_draw) values ('fc9a2e00-54a9-443b-a644-09adc803a1c8', '3e1adf8f-a16f-46a6-b2a9-dc299c6c7750', 8, 'Battle Royale', NULL, FALSE, NULL, NULL, FALSE, 'Pin', 4.5, FALSE);
insert into match_participants (match_id, wrestler_id, result) values ('fc9a2e00-54a9-443b-a644-09adc803a1c8', '122e2f4f-61c3-46f1-8de6-407a73f0712e', 'loser');
insert into match_participants (match_id, wrestler_id, result) values ('fc9a2e00-54a9-443b-a644-09adc803a1c8', 'b53deaf4-6809-46c8-a85f-587ef1ead267', 'loser');
insert into match_participants (match_id, wrestler_id, result) values ('fc9a2e00-54a9-443b-a644-09adc803a1c8', '6744f55d-802e-4dc8-83da-df85f7d6e050', 'winner');
insert into match_participants (match_id, wrestler_id, result) values ('fc9a2e00-54a9-443b-a644-09adc803a1c8', '24041ddc-d965-4815-8c45-c9f97a2ed2c1', 'loser');
insert into match_participants (match_id, wrestler_id, result) values ('fc9a2e00-54a9-443b-a644-09adc803a1c8', '0d2420e5-4511-44a9-8d66-a70eef1ce8d4', 'loser');
insert into match_participants (match_id, wrestler_id, result) values ('fc9a2e00-54a9-443b-a644-09adc803a1c8', '2c23bf2a-90de-4618-9564-8e0e622857f1', 'loser');
insert into matches (id, show_id, match_number, match_type, stipulation, is_title_match, title_id, is_mitb, mitb_cashin, defeat_type, rating, is_draw) values ('058e1d21-6d98-4caa-9fd3-f5cea7f79f78', '3e1adf8f-a16f-46a6-b2a9-dc299c6c7750', 9, 'Triple Threat', NULL, FALSE, NULL, NULL, FALSE, 'Pin', 4.5, FALSE);
insert into match_participants (match_id, wrestler_id, result) values ('058e1d21-6d98-4caa-9fd3-f5cea7f79f78', '9683fa4f-ffaf-4185-938d-e4a435a5aef7', 'loser');
insert into match_participants (match_id, wrestler_id, result) values ('058e1d21-6d98-4caa-9fd3-f5cea7f79f78', '004c7b59-d738-4718-a1f0-39aa22e8039d', 'winner');
insert into match_participants (match_id, wrestler_id, result) values ('058e1d21-6d98-4caa-9fd3-f5cea7f79f78', '1fdbaeea-4dc7-41ff-9ce9-394d33e1ace4', 'loser');
insert into shows (id, name, show_date, show_type, ppv_name) values ('10aafaa4-1cac-48c5-80ae-ab13bbd83faf', 'DAW 10-06-2023', '2023-10-06', 'weekly', NULL);
insert into matches (id, show_id, match_number, match_type, stipulation, is_title_match, title_id, is_mitb, mitb_cashin, defeat_type, rating, is_draw) values ('b70a6e5b-f5ba-4c45-abad-9b07ac7d8824', '10aafaa4-1cac-48c5-80ae-ab13bbd83faf', 1, 'Tag Team', NULL, FALSE, NULL, NULL, FALSE, 'Pin', 3.0, FALSE);
insert into match_participants (match_id, team_id, result) values ('b70a6e5b-f5ba-4c45-abad-9b07ac7d8824', '83fd0ef7-a31d-432b-9a7c-594309de6c3f', 'loser');
insert into match_participants (match_id, team_id, result) values ('b70a6e5b-f5ba-4c45-abad-9b07ac7d8824', 'f10035f5-dbd0-4e54-974c-abe9f75f0c51', 'winner');
insert into matches (id, show_id, match_number, match_type, stipulation, is_title_match, title_id, is_mitb, mitb_cashin, defeat_type, rating, is_draw) values ('d19ab5d6-9a91-40d0-a7cf-5c83b8b27cec', '10aafaa4-1cac-48c5-80ae-ab13bbd83faf', 2, 'Single', NULL, FALSE, NULL, NULL, FALSE, 'Pin', 3.5, FALSE);
insert into matches (id, show_id, match_number, match_type, stipulation, is_title_match, title_id, is_mitb, mitb_cashin, defeat_type, rating, is_draw) values ('150a8377-8564-49d9-af65-decf14dcd206', '10aafaa4-1cac-48c5-80ae-ab13bbd83faf', 3, 'Triple Threat', NULL, FALSE, NULL, NULL, FALSE, 'Pin', 4.0, FALSE);
insert into match_participants (match_id, wrestler_id, result) values ('150a8377-8564-49d9-af65-decf14dcd206', '31f8c2ba-a0c4-4352-ae28-1cf68d200216', 'loser');
insert into match_participants (match_id, wrestler_id, result) values ('150a8377-8564-49d9-af65-decf14dcd206', '09a1ddc7-5133-4858-b8e1-c89de2eefe3b', 'winner');
insert into match_participants (match_id, wrestler_id, result) values ('150a8377-8564-49d9-af65-decf14dcd206', '7d9945b2-59a0-4661-8206-198fec52bb2f', 'loser');
insert into matches (id, show_id, match_number, match_type, stipulation, is_title_match, title_id, is_mitb, mitb_cashin, defeat_type, rating, is_draw) values ('95a9512f-6238-4551-86fc-3ce8949d0f5b', '10aafaa4-1cac-48c5-80ae-ab13bbd83faf', 4, 'Single', NULL, FALSE, NULL, NULL, FALSE, 'Pin', 3.0, FALSE);
insert into match_participants (match_id, wrestler_id, result) values ('95a9512f-6238-4551-86fc-3ce8949d0f5b', 'b0a5de67-da65-4808-bb98-ace3a77fa729', 'loser');
insert into match_participants (match_id, wrestler_id, result) values ('95a9512f-6238-4551-86fc-3ce8949d0f5b', 'a11850be-ac52-4acd-979f-bfff6746cc79', 'winner');
insert into matches (id, show_id, match_number, match_type, stipulation, is_title_match, title_id, is_mitb, mitb_cashin, defeat_type, rating, is_draw) values ('00e58195-c336-4e3e-af8f-b2ae45ef4c76', '10aafaa4-1cac-48c5-80ae-ab13bbd83faf', 5, 'Single', NULL, FALSE, NULL, NULL, FALSE, 'Pin', 4.5, FALSE);
insert into match_participants (match_id, wrestler_id, result) values ('00e58195-c336-4e3e-af8f-b2ae45ef4c76', 'ad63b3fd-9de8-4398-a085-7cc8f264589e', 'winner');
insert into match_participants (match_id, wrestler_id, result) values ('00e58195-c336-4e3e-af8f-b2ae45ef4c76', 'b2d0cb4c-4471-49a3-b524-544ce1bd95a1', 'loser');
insert into matches (id, show_id, match_number, match_type, stipulation, is_title_match, title_id, is_mitb, mitb_cashin, defeat_type, rating, is_draw) values ('3e18b170-86de-4bc1-a011-0f367a8b96d0', '10aafaa4-1cac-48c5-80ae-ab13bbd83faf', 6, 'Single', NULL, FALSE, NULL, NULL, FALSE, 'Pin', 4.0, FALSE);
insert into match_participants (match_id, wrestler_id, result) values ('3e18b170-86de-4bc1-a011-0f367a8b96d0', '1fdbaeea-4dc7-41ff-9ce9-394d33e1ace4', 'winner');
insert into match_participants (match_id, wrestler_id, result) values ('3e18b170-86de-4bc1-a011-0f367a8b96d0', '07687962-07c0-46b6-9541-2d8b60e3c2c1', 'loser');
insert into matches (id, show_id, match_number, match_type, stipulation, is_title_match, title_id, is_mitb, mitb_cashin, defeat_type, rating, is_draw) values ('ef258ec9-573e-430b-95d3-1ea5eaf35106', '10aafaa4-1cac-48c5-80ae-ab13bbd83faf', 7, 'Tag Team', NULL, FALSE, NULL, NULL, FALSE, 'Pin', 4.0, FALSE);
insert into match_participants (match_id, team_id, result) values ('ef258ec9-573e-430b-95d3-1ea5eaf35106', '8dd02369-5443-418b-94d5-1970756968ba', 'loser');
insert into match_participants (match_id, team_id, result) values ('ef258ec9-573e-430b-95d3-1ea5eaf35106', 'f7a2e157-4b15-4f76-92c8-41e8e2dea5c6', 'winner');
insert into matches (id, show_id, match_number, match_type, stipulation, is_title_match, title_id, is_mitb, mitb_cashin, defeat_type, rating, is_draw) values ('04aa0699-cf51-4b4a-91c7-9bd23b9bb68f', '10aafaa4-1cac-48c5-80ae-ab13bbd83faf', 8, 'Single', NULL, FALSE, NULL, NULL, FALSE, 'Pin', 4.5, FALSE);
insert into match_participants (match_id, wrestler_id, result) values ('04aa0699-cf51-4b4a-91c7-9bd23b9bb68f', '2c23bf2a-90de-4618-9564-8e0e622857f1', 'winner');
insert into match_participants (match_id, wrestler_id, result) values ('04aa0699-cf51-4b4a-91c7-9bd23b9bb68f', 'f53c5be3-c66c-4d29-b281-5c0157203703', 'loser');
insert into matches (id, show_id, match_number, match_type, stipulation, is_title_match, title_id, is_mitb, mitb_cashin, defeat_type, rating, is_draw) values ('33ce1569-0d8b-49a0-8c6c-e944992016fe', '10aafaa4-1cac-48c5-80ae-ab13bbd83faf', 9, 'Single', NULL, FALSE, NULL, NULL, FALSE, 'Pin', 4.0, FALSE);
insert into match_participants (match_id, wrestler_id, result) values ('33ce1569-0d8b-49a0-8c6c-e944992016fe', '9683fa4f-ffaf-4185-938d-e4a435a5aef7', 'winner');
insert into match_participants (match_id, wrestler_id, result) values ('33ce1569-0d8b-49a0-8c6c-e944992016fe', 'db9025f4-91c4-47e8-b3de-e3864852a4c8', 'loser');
insert into shows (id, name, show_date, show_type, ppv_name) values ('debbf3fd-c660-40a0-a63a-295766ac6f81', 'DAW 10-13-2023', '2023-10-13', 'weekly', NULL);
insert into matches (id, show_id, match_number, match_type, stipulation, is_title_match, title_id, is_mitb, mitb_cashin, defeat_type, rating, is_draw) values ('89eb1657-b1ef-406f-a834-8e02891a10d4', 'debbf3fd-c660-40a0-a63a-295766ac6f81', 1, 'Single', NULL, FALSE, NULL, NULL, FALSE, 'Pin', 3.0, FALSE);
insert into match_participants (match_id, wrestler_id, result) values ('89eb1657-b1ef-406f-a834-8e02891a10d4', '24041ddc-d965-4815-8c45-c9f97a2ed2c1', 'winner');
insert into match_participants (match_id, wrestler_id, result) values ('89eb1657-b1ef-406f-a834-8e02891a10d4', '45d6759a-e627-41e8-b142-68a6772440d1', 'loser');
insert into matches (id, show_id, match_number, match_type, stipulation, is_title_match, title_id, is_mitb, mitb_cashin, defeat_type, rating, is_draw) values ('eb68d998-fb7b-4784-a7e8-ae80560fcd52', 'debbf3fd-c660-40a0-a63a-295766ac6f81', 2, 'Single', NULL, FALSE, NULL, NULL, FALSE, 'Pin', 4.0, FALSE);
insert into match_participants (match_id, wrestler_id, result) values ('eb68d998-fb7b-4784-a7e8-ae80560fcd52', '1fdbaeea-4dc7-41ff-9ce9-394d33e1ace4', 'winner');
insert into match_participants (match_id, wrestler_id, result) values ('eb68d998-fb7b-4784-a7e8-ae80560fcd52', 'ae2ce814-315f-41f0-ab99-eddf09a7d4c5', 'loser');
insert into matches (id, show_id, match_number, match_type, stipulation, is_title_match, title_id, is_mitb, mitb_cashin, defeat_type, rating, is_draw) values ('e6a42156-51f8-428b-9424-fc0bafa0fe41', 'debbf3fd-c660-40a0-a63a-295766ac6f81', 3, 'Single', NULL, FALSE, NULL, NULL, FALSE, 'Pin', 3.0, FALSE);
insert into match_participants (match_id, wrestler_id, result) values ('e6a42156-51f8-428b-9424-fc0bafa0fe41', '236dddd8-b6e3-4f50-9e8d-7b54fe489a20', 'winner');
insert into match_participants (match_id, wrestler_id, result) values ('e6a42156-51f8-428b-9424-fc0bafa0fe41', '9683fa4f-ffaf-4185-938d-e4a435a5aef7', 'loser');
insert into matches (id, show_id, match_number, match_type, stipulation, is_title_match, title_id, is_mitb, mitb_cashin, defeat_type, rating, is_draw) values ('1c5d1efc-2238-4155-8868-255b5f476ec7', 'debbf3fd-c660-40a0-a63a-295766ac6f81', 4, 'Single', NULL, FALSE, NULL, NULL, FALSE, 'Pin', 4.0, FALSE);
insert into match_participants (match_id, wrestler_id, result) values ('1c5d1efc-2238-4155-8868-255b5f476ec7', 'b53deaf4-6809-46c8-a85f-587ef1ead267', 'winner');
insert into match_participants (match_id, wrestler_id, result) values ('1c5d1efc-2238-4155-8868-255b5f476ec7', '0d2420e5-4511-44a9-8d66-a70eef1ce8d4', 'loser');
insert into matches (id, show_id, match_number, match_type, stipulation, is_title_match, title_id, is_mitb, mitb_cashin, defeat_type, rating, is_draw) values ('ced66a95-5e20-4adf-86f4-a78277391d73', 'debbf3fd-c660-40a0-a63a-295766ac6f81', 5, 'Tornado Tag Team', NULL, FALSE, NULL, NULL, FALSE, 'Pin', 3.0, FALSE);
insert into match_participants (match_id, team_id, result) values ('ced66a95-5e20-4adf-86f4-a78277391d73', '1e9ea366-fb52-496c-a960-2c327a8677d2', 'winner');
insert into matches (id, show_id, match_number, match_type, stipulation, is_title_match, title_id, is_mitb, mitb_cashin, defeat_type, rating, is_draw) values ('725554db-edf3-40a6-8c62-b9a1096105fe', 'debbf3fd-c660-40a0-a63a-295766ac6f81', 6, 'Single', NULL, FALSE, NULL, NULL, FALSE, 'Pin', 3.0, FALSE);
insert into match_participants (match_id, wrestler_id, result) values ('725554db-edf3-40a6-8c62-b9a1096105fe', '2c23bf2a-90de-4618-9564-8e0e622857f1', 'winner');
insert into match_participants (match_id, wrestler_id, result) values ('725554db-edf3-40a6-8c62-b9a1096105fe', '122e2f4f-61c3-46f1-8de6-407a73f0712e', 'loser');
insert into matches (id, show_id, match_number, match_type, stipulation, is_title_match, title_id, is_mitb, mitb_cashin, defeat_type, rating, is_draw) values ('61152272-f761-4c4c-a91b-e1ae465fc74f', 'debbf3fd-c660-40a0-a63a-295766ac6f81', 7, 'Triple Threat', NULL, FALSE, NULL, NULL, FALSE, 'Pin', 3.5, FALSE);
insert into match_participants (match_id, wrestler_id, result) values ('61152272-f761-4c4c-a91b-e1ae465fc74f', '60c99dea-a118-4839-99eb-5de3ca41d5d4', 'winner');
insert into match_participants (match_id, wrestler_id, result) values ('61152272-f761-4c4c-a91b-e1ae465fc74f', 'f53c5be3-c66c-4d29-b281-5c0157203703', 'loser');
insert into match_participants (match_id, wrestler_id, result) values ('61152272-f761-4c4c-a91b-e1ae465fc74f', '6744f55d-802e-4dc8-83da-df85f7d6e050', 'loser');
insert into matches (id, show_id, match_number, match_type, stipulation, is_title_match, title_id, is_mitb, mitb_cashin, defeat_type, rating, is_draw) values ('b28390fe-5966-4240-a310-91a41deeb6c2', 'debbf3fd-c660-40a0-a63a-295766ac6f81', 8, 'Battle Royale', NULL, FALSE, NULL, NULL, FALSE, 'Pin', 3.5, FALSE);
insert into match_participants (match_id, wrestler_id, result) values ('b28390fe-5966-4240-a310-91a41deeb6c2', 'b2d0cb4c-4471-49a3-b524-544ce1bd95a1', 'loser');
insert into match_participants (match_id, wrestler_id, result) values ('b28390fe-5966-4240-a310-91a41deeb6c2', 'cce2403e-b550-4727-9b4c-e04012c77f31', 'winner');
insert into match_participants (match_id, wrestler_id, result) values ('b28390fe-5966-4240-a310-91a41deeb6c2', 'ad63b3fd-9de8-4398-a085-7cc8f264589e', 'loser');
insert into match_participants (match_id, wrestler_id, result) values ('b28390fe-5966-4240-a310-91a41deeb6c2', '72a13a54-c48a-4382-a17e-3db462967ef7', 'loser');
insert into match_participants (match_id, wrestler_id, result) values ('b28390fe-5966-4240-a310-91a41deeb6c2', 'd0df50f1-fbbb-4298-ab0c-f7e6e122c4c4', 'loser');
insert into match_participants (match_id, wrestler_id, result) values ('b28390fe-5966-4240-a310-91a41deeb6c2', '31f8c2ba-a0c4-4352-ae28-1cf68d200216', 'loser');
insert into match_participants (match_id, wrestler_id, result) values ('b28390fe-5966-4240-a310-91a41deeb6c2', '152ce1d4-2816-4c5c-82d3-7a4fa068a413', 'loser');
insert into matches (id, show_id, match_number, match_type, stipulation, is_title_match, title_id, is_mitb, mitb_cashin, defeat_type, rating, is_draw) values ('1d3f0c34-a42d-4add-81e2-fbaa5e0f959d', 'debbf3fd-c660-40a0-a63a-295766ac6f81', 9, 'Triple Threat', NULL, FALSE, NULL, NULL, FALSE, 'Pin', 4.5, FALSE);
insert into match_participants (match_id, wrestler_id, result) values ('1d3f0c34-a42d-4add-81e2-fbaa5e0f959d', '09a1ddc7-5133-4858-b8e1-c89de2eefe3b', 'winner');
insert into match_participants (match_id, wrestler_id, result) values ('1d3f0c34-a42d-4add-81e2-fbaa5e0f959d', '004c7b59-d738-4718-a1f0-39aa22e8039d', 'loser');
insert into match_participants (match_id, wrestler_id, result) values ('1d3f0c34-a42d-4add-81e2-fbaa5e0f959d', 'b0a5de67-da65-4808-bb98-ace3a77fa729', 'loser');
insert into shows (id, name, show_date, show_type, ppv_name) values ('78030a6c-bb69-4d66-92d9-4bbd75d006ea', 'DAW 10-20-2023', '2023-10-20', 'weekly', NULL);
insert into matches (id, show_id, match_number, match_type, stipulation, is_title_match, title_id, is_mitb, mitb_cashin, defeat_type, rating, is_draw) values ('fecab950-4d6e-47cf-accc-bbfc948bb716', '78030a6c-bb69-4d66-92d9-4bbd75d006ea', 1, 'Tag Team', NULL, TRUE, '4091f18e-1fb8-441e-b708-1729cb0b0011', FALSE, FALSE, 'Pin', 2.0, FALSE);
insert into match_participants (match_id, team_id, result) values ('fecab950-4d6e-47cf-accc-bbfc948bb716', '9218fa01-8660-4fab-9220-113756a027f3', 'loser');
insert into match_participants (match_id, team_id, result) values ('fecab950-4d6e-47cf-accc-bbfc948bb716', '68c622dc-e758-4f54-9c6b-cfa737db8028', 'winner');
insert into matches (id, show_id, match_number, match_type, stipulation, is_title_match, title_id, is_mitb, mitb_cashin, defeat_type, rating, is_draw) values ('d1fd7d18-bd13-4821-a1db-88a757af12cd', '78030a6c-bb69-4d66-92d9-4bbd75d006ea', 2, 'Single', NULL, FALSE, NULL, NULL, FALSE, 'Pin', 3.0, FALSE);
insert into match_participants (match_id, wrestler_id, result) values ('d1fd7d18-bd13-4821-a1db-88a757af12cd', 'ae2ce814-315f-41f0-ab99-eddf09a7d4c5', 'winner');
insert into match_participants (match_id, wrestler_id, result) values ('d1fd7d18-bd13-4821-a1db-88a757af12cd', '09a1ddc7-5133-4858-b8e1-c89de2eefe3b', 'loser');
insert into matches (id, show_id, match_number, match_type, stipulation, is_title_match, title_id, is_mitb, mitb_cashin, defeat_type, rating, is_draw) values ('2e356b9b-5c2c-47c2-9c9e-8ac18d6e1b7e', '78030a6c-bb69-4d66-92d9-4bbd75d006ea', 3, 'Single', NULL, FALSE, NULL, NULL, FALSE, 'Pin', 3.5, FALSE);
insert into match_participants (match_id, wrestler_id, result) values ('2e356b9b-5c2c-47c2-9c9e-8ac18d6e1b7e', '7ca7fd7b-2526-41ea-b143-cdd82f404014', 'winner');
insert into match_participants (match_id, wrestler_id, result) values ('2e356b9b-5c2c-47c2-9c9e-8ac18d6e1b7e', '1c4de4fe-bbbe-420d-b18a-a70501b14a25', 'loser');
insert into matches (id, show_id, match_number, match_type, stipulation, is_title_match, title_id, is_mitb, mitb_cashin, defeat_type, rating, is_draw) values ('ec9c8106-26b5-47c7-8335-4f5c6ba81b3f', '78030a6c-bb69-4d66-92d9-4bbd75d006ea', 4, 'Single', NULL, TRUE, '5db4cd6b-6ebe-4a87-b7bb-017af3856766', FALSE, FALSE, 'Pin', 3.5, FALSE);
insert into match_participants (match_id, wrestler_id, result) values ('ec9c8106-26b5-47c7-8335-4f5c6ba81b3f', '1fdbaeea-4dc7-41ff-9ce9-394d33e1ace4', 'loser');
insert into match_participants (match_id, wrestler_id, result) values ('ec9c8106-26b5-47c7-8335-4f5c6ba81b3f', '9683fa4f-ffaf-4185-938d-e4a435a5aef7', 'winner');
insert into matches (id, show_id, match_number, match_type, stipulation, is_title_match, title_id, is_mitb, mitb_cashin, defeat_type, rating, is_draw) values ('edbe5166-ab93-450f-99a6-9686386f596f', '78030a6c-bb69-4d66-92d9-4bbd75d006ea', 5, 'Single', 'Extreme Rules', FALSE, NULL, NULL, FALSE, 'Pin', 5.0, FALSE);
insert into match_participants (match_id, wrestler_id, result) values ('edbe5166-ab93-450f-99a6-9686386f596f', '7d9945b2-59a0-4661-8206-198fec52bb2f', 'winner');
insert into match_participants (match_id, wrestler_id, result) values ('edbe5166-ab93-450f-99a6-9686386f596f', 'd0df50f1-fbbb-4298-ab0c-f7e6e122c4c4', 'loser');
insert into matches (id, show_id, match_number, match_type, stipulation, is_title_match, title_id, is_mitb, mitb_cashin, defeat_type, rating, is_draw) values ('5885c3b4-eb2a-42ae-a442-3d965471b4c7', '78030a6c-bb69-4d66-92d9-4bbd75d006ea', 6, 'Triple Threat', NULL, FALSE, NULL, NULL, FALSE, 'Pin', 3.0, FALSE);
insert into match_participants (match_id, wrestler_id, result) values ('5885c3b4-eb2a-42ae-a442-3d965471b4c7', '236dddd8-b6e3-4f50-9e8d-7b54fe489a20', 'winner');
insert into match_participants (match_id, wrestler_id, result) values ('5885c3b4-eb2a-42ae-a442-3d965471b4c7', '07687962-07c0-46b6-9541-2d8b60e3c2c1', 'loser');
insert into match_participants (match_id, wrestler_id, result) values ('5885c3b4-eb2a-42ae-a442-3d965471b4c7', 'fce02e68-03a4-4670-a5d4-a6790f4f92a1', 'loser');
insert into matches (id, show_id, match_number, match_type, stipulation, is_title_match, title_id, is_mitb, mitb_cashin, defeat_type, rating, is_draw) values ('2e4fe937-faec-47bc-8b42-f0518038ffed', '78030a6c-bb69-4d66-92d9-4bbd75d006ea', 7, 'Tag Team', NULL, TRUE, 'c35e55d3-eeb9-45fd-8160-df160862cff0', FALSE, FALSE, 'Pin', 3.5, FALSE);
insert into match_participants (match_id, team_id, result) values ('2e4fe937-faec-47bc-8b42-f0518038ffed', 'f7a2e157-4b15-4f76-92c8-41e8e2dea5c6', 'winner');
insert into match_participants (match_id, team_id, result) values ('2e4fe937-faec-47bc-8b42-f0518038ffed', '37867637-ea7c-4d6c-9e59-fb37627e1172', 'loser');
insert into matches (id, show_id, match_number, match_type, stipulation, is_title_match, title_id, is_mitb, mitb_cashin, defeat_type, rating, is_draw) values ('a6e67f37-1fd7-46bf-b19e-c2ae4733bd86', '78030a6c-bb69-4d66-92d9-4bbd75d006ea', 8, 'Triple Threat', 'TLC', FALSE, NULL, NULL, FALSE, 'Pin', 4.0, FALSE);
insert into match_participants (match_id, wrestler_id, result) values ('a6e67f37-1fd7-46bf-b19e-c2ae4733bd86', '31f8c2ba-a0c4-4352-ae28-1cf68d200216', 'loser');
insert into match_participants (match_id, wrestler_id, result) values ('a6e67f37-1fd7-46bf-b19e-c2ae4733bd86', 'db9025f4-91c4-47e8-b3de-e3864852a4c8', 'winner');
insert into matches (id, show_id, match_number, match_type, stipulation, is_title_match, title_id, is_mitb, mitb_cashin, defeat_type, rating, is_draw) values ('b2d47e74-86c0-46e7-8f51-c97841088b65', '78030a6c-bb69-4d66-92d9-4bbd75d006ea', 9, 'Single', NULL, TRUE, '5d3e065c-43d1-41ee-8d24-e876f1e2b2a1', FALSE, FALSE, 'Pin', 5.0, FALSE);
insert into match_participants (match_id, wrestler_id, result) values ('b2d47e74-86c0-46e7-8f51-c97841088b65', '122e2f4f-61c3-46f1-8de6-407a73f0712e', 'loser');
insert into match_participants (match_id, wrestler_id, result) values ('b2d47e74-86c0-46e7-8f51-c97841088b65', '24041ddc-d965-4815-8c45-c9f97a2ed2c1', 'winner');
insert into matches (id, show_id, match_number, match_type, stipulation, is_title_match, title_id, is_mitb, mitb_cashin, defeat_type, rating, is_draw) values ('80f50ec8-ed3b-4d98-b82d-4e5ff56f6532', '78030a6c-bb69-4d66-92d9-4bbd75d006ea', 10, 'Single', 'Falls Count Anywhere', FALSE, NULL, NULL, FALSE, 'Pin', 3.5, FALSE);
insert into match_participants (match_id, wrestler_id, result) values ('80f50ec8-ed3b-4d98-b82d-4e5ff56f6532', 'b0a5de67-da65-4808-bb98-ace3a77fa729', 'loser');
insert into match_participants (match_id, wrestler_id, result) values ('80f50ec8-ed3b-4d98-b82d-4e5ff56f6532', 'a11850be-ac52-4acd-979f-bfff6746cc79', 'winner');
insert into matches (id, show_id, match_number, match_type, stipulation, is_title_match, title_id, is_mitb, mitb_cashin, defeat_type, rating, is_draw) values ('2dd7e488-d0e9-46b1-8144-49f83bd40fae', '78030a6c-bb69-4d66-92d9-4bbd75d006ea', 11, 'Single', NULL, TRUE, 'f3ec52c9-649b-48cb-aa37-da278fbd72df', FALSE, FALSE, 'Pin', 4.0, FALSE);
insert into match_participants (match_id, wrestler_id, result) values ('2dd7e488-d0e9-46b1-8144-49f83bd40fae', '6744f55d-802e-4dc8-83da-df85f7d6e050', 'winner');
insert into match_participants (match_id, wrestler_id, result) values ('2dd7e488-d0e9-46b1-8144-49f83bd40fae', 'f53c5be3-c66c-4d29-b281-5c0157203703', 'loser');
insert into matches (id, show_id, match_number, match_type, stipulation, is_title_match, title_id, is_mitb, mitb_cashin, defeat_type, rating, is_draw) values ('566ad273-ca90-44da-97f9-33f468bc5dd0', '78030a6c-bb69-4d66-92d9-4bbd75d006ea', 12, '6-Man', 'Ladder', FALSE, NULL, NULL, FALSE, 'Pin', 4.0, FALSE);
insert into match_participants (match_id, wrestler_id, result) values ('566ad273-ca90-44da-97f9-33f468bc5dd0', '60c99dea-a118-4839-99eb-5de3ca41d5d4', 'loser');
insert into match_participants (match_id, wrestler_id, result) values ('566ad273-ca90-44da-97f9-33f468bc5dd0', '25af8129-40ab-446b-b032-79fd524cf7ab', 'loser');
insert into match_participants (match_id, wrestler_id, result) values ('566ad273-ca90-44da-97f9-33f468bc5dd0', '31f9e94a-66c8-428d-9ae1-dc8ad7d4834f', 'loser');
insert into match_participants (match_id, wrestler_id, result) values ('566ad273-ca90-44da-97f9-33f468bc5dd0', '7e31c302-05ee-4325-989f-aefa74f76445', 'winner');
insert into match_participants (match_id, wrestler_id, result) values ('566ad273-ca90-44da-97f9-33f468bc5dd0', 'bc93b973-151b-48ca-8d75-8f6c220a0d31', 'loser');
insert into match_participants (match_id, wrestler_id, result) values ('566ad273-ca90-44da-97f9-33f468bc5dd0', '45d6759a-e627-41e8-b142-68a6772440d1', 'loser');
insert into matches (id, show_id, match_number, match_type, stipulation, is_title_match, title_id, is_mitb, mitb_cashin, defeat_type, rating, is_draw) values ('e551e5b1-59b6-4db1-8824-5966f95acc35', '78030a6c-bb69-4d66-92d9-4bbd75d006ea', 13, 'Single', NULL, TRUE, '02b0c038-accb-495b-8d6a-8891a7b51554', FALSE, FALSE, 'Pin', 3.0, FALSE);
insert into match_participants (match_id, wrestler_id, result) values ('e551e5b1-59b6-4db1-8824-5966f95acc35', 'b0a5de67-da65-4808-bb98-ace3a77fa729', 'loser');
insert into match_participants (match_id, wrestler_id, result) values ('e551e5b1-59b6-4db1-8824-5966f95acc35', '004c7b59-d738-4718-a1f0-39aa22e8039d', 'winner');
insert into shows (id, name, show_date, show_type, ppv_name) values ('61062e20-a299-45e8-9d3c-86ec75917cc0', 'DAW 10-27-2023', '2023-10-27', 'weekly', NULL);
insert into matches (id, show_id, match_number, match_type, stipulation, is_title_match, title_id, is_mitb, mitb_cashin, defeat_type, rating, is_draw) values ('125940f7-07e8-44c9-aeb4-2bbfbec889c9', '61062e20-a299-45e8-9d3c-86ec75917cc0', 1, 'Single', NULL, FALSE, NULL, NULL, FALSE, 'Pin', 3.0, FALSE);
insert into match_participants (match_id, wrestler_id, result) values ('125940f7-07e8-44c9-aeb4-2bbfbec889c9', '2c23bf2a-90de-4618-9564-8e0e622857f1', 'winner');
insert into match_participants (match_id, wrestler_id, result) values ('125940f7-07e8-44c9-aeb4-2bbfbec889c9', '45d6759a-e627-41e8-b142-68a6772440d1', 'loser');
insert into matches (id, show_id, match_number, match_type, stipulation, is_title_match, title_id, is_mitb, mitb_cashin, defeat_type, rating, is_draw) values ('6b7827ce-e631-4f58-a101-c92af05c63f7', '61062e20-a299-45e8-9d3c-86ec75917cc0', 2, 'Single', NULL, FALSE, NULL, NULL, FALSE, 'Pin', 2.5, FALSE);
insert into match_participants (match_id, wrestler_id, result) values ('6b7827ce-e631-4f58-a101-c92af05c63f7', '9683fa4f-ffaf-4185-938d-e4a435a5aef7', 'winner');
insert into match_participants (match_id, wrestler_id, result) values ('6b7827ce-e631-4f58-a101-c92af05c63f7', '07687962-07c0-46b6-9541-2d8b60e3c2c1', 'loser');
insert into matches (id, show_id, match_number, match_type, stipulation, is_title_match, title_id, is_mitb, mitb_cashin, defeat_type, rating, is_draw) values ('8502c41d-eedc-4f53-a4a8-25d02e0f74fc', '61062e20-a299-45e8-9d3c-86ec75917cc0', 3, 'Single', NULL, FALSE, NULL, NULL, FALSE, 'Pin', 4.0, FALSE);
insert into match_participants (match_id, wrestler_id, result) values ('8502c41d-eedc-4f53-a4a8-25d02e0f74fc', '31f8c2ba-a0c4-4352-ae28-1cf68d200216', 'winner');
insert into match_participants (match_id, wrestler_id, result) values ('8502c41d-eedc-4f53-a4a8-25d02e0f74fc', '1fdbaeea-4dc7-41ff-9ce9-394d33e1ace4', 'loser');
insert into matches (id, show_id, match_number, match_type, stipulation, is_title_match, title_id, is_mitb, mitb_cashin, defeat_type, rating, is_draw) values ('27fe9df0-5909-44ef-aab2-7c5fe2e541ba', '61062e20-a299-45e8-9d3c-86ec75917cc0', 4, 'Single', NULL, FALSE, NULL, NULL, FALSE, 'Pin', 3.0, FALSE);
insert into match_participants (match_id, wrestler_id, result) values ('27fe9df0-5909-44ef-aab2-7c5fe2e541ba', '7ca7fd7b-2526-41ea-b143-cdd82f404014', 'winner');
insert into match_participants (match_id, wrestler_id, result) values ('27fe9df0-5909-44ef-aab2-7c5fe2e541ba', 'ae2ce814-315f-41f0-ab99-eddf09a7d4c5', 'loser');
insert into matches (id, show_id, match_number, match_type, stipulation, is_title_match, title_id, is_mitb, mitb_cashin, defeat_type, rating, is_draw) values ('814ced6a-ec6a-4787-90b1-6c81c8c0c089', '61062e20-a299-45e8-9d3c-86ec75917cc0', 5, 'Tag Team', NULL, FALSE, NULL, NULL, FALSE, 'Pin', 3.0, FALSE);
insert into match_participants (match_id, team_id, result) values ('814ced6a-ec6a-4787-90b1-6c81c8c0c089', '9218fa01-8660-4fab-9220-113756a027f3', 'winner');
insert into matches (id, show_id, match_number, match_type, stipulation, is_title_match, title_id, is_mitb, mitb_cashin, defeat_type, rating, is_draw) values ('abfd1786-7f00-48af-b69a-529412cf0cd3', '61062e20-a299-45e8-9d3c-86ec75917cc0', 6, 'Single', NULL, FALSE, NULL, NULL, FALSE, 'Pin', 4.0, FALSE);
insert into match_participants (match_id, wrestler_id, result) values ('abfd1786-7f00-48af-b69a-529412cf0cd3', '0d2420e5-4511-44a9-8d66-a70eef1ce8d4', 'loser');
insert into match_participants (match_id, wrestler_id, result) values ('abfd1786-7f00-48af-b69a-529412cf0cd3', 'f53c5be3-c66c-4d29-b281-5c0157203703', 'winner');
insert into matches (id, show_id, match_number, match_type, stipulation, is_title_match, title_id, is_mitb, mitb_cashin, defeat_type, rating, is_draw) values ('ffe5e24f-b17d-4cf9-a898-f2e411042bb8', '61062e20-a299-45e8-9d3c-86ec75917cc0', 7, 'Single', NULL, FALSE, NULL, NULL, FALSE, 'Pin', 4.0, FALSE);
insert into match_participants (match_id, wrestler_id, result) values ('ffe5e24f-b17d-4cf9-a898-f2e411042bb8', '60c99dea-a118-4839-99eb-5de3ca41d5d4', 'winner');
insert into match_participants (match_id, wrestler_id, result) values ('ffe5e24f-b17d-4cf9-a898-f2e411042bb8', '25af8129-40ab-446b-b032-79fd524cf7ab', 'loser');
insert into matches (id, show_id, match_number, match_type, stipulation, is_title_match, title_id, is_mitb, mitb_cashin, defeat_type, rating, is_draw) values ('68951cde-290b-41a7-8659-50fd2f815c45', '61062e20-a299-45e8-9d3c-86ec75917cc0', 8, 'Single', NULL, FALSE, NULL, NULL, FALSE, 'Pin', 4.0, FALSE);
insert into match_participants (match_id, wrestler_id, result) values ('68951cde-290b-41a7-8659-50fd2f815c45', '09a1ddc7-5133-4858-b8e1-c89de2eefe3b', 'winner');
insert into match_participants (match_id, wrestler_id, result) values ('68951cde-290b-41a7-8659-50fd2f815c45', '004c7b59-d738-4718-a1f0-39aa22e8039d', 'loser');
insert into matches (id, show_id, match_number, match_type, stipulation, is_title_match, title_id, is_mitb, mitb_cashin, defeat_type, rating, is_draw) values ('16a9f143-2311-49f3-a99c-d99a8d9e767b', '61062e20-a299-45e8-9d3c-86ec75917cc0', 9, 'Tag Team', NULL, FALSE, NULL, NULL, FALSE, 'Pin', 4.5, FALSE);
insert into match_participants (match_id, team_id, result) values ('16a9f143-2311-49f3-a99c-d99a8d9e767b', '8dd02369-5443-418b-94d5-1970756968ba', 'winner');
insert into match_participants (match_id, team_id, result) values ('16a9f143-2311-49f3-a99c-d99a8d9e767b', 'f7a2e157-4b15-4f76-92c8-41e8e2dea5c6', 'loser');
insert into shows (id, name, show_date, show_type, ppv_name) values ('551dc900-10ae-4c21-9228-10e5c5626cf0', 'DAW 11-03-2023', '2023-11-03', 'weekly', NULL);
insert into matches (id, show_id, match_number, match_type, stipulation, is_title_match, title_id, is_mitb, mitb_cashin, defeat_type, rating, is_draw) values ('ab5a236b-174a-4b46-9df4-4a46a46bf2d8', '551dc900-10ae-4c21-9228-10e5c5626cf0', 1, 'Single', NULL, FALSE, NULL, NULL, FALSE, 'Pin', 3.0, FALSE);
insert into match_participants (match_id, wrestler_id, result) values ('ab5a236b-174a-4b46-9df4-4a46a46bf2d8', 'd0df50f1-fbbb-4298-ab0c-f7e6e122c4c4', 'loser');
insert into match_participants (match_id, wrestler_id, result) values ('ab5a236b-174a-4b46-9df4-4a46a46bf2d8', '1fdbaeea-4dc7-41ff-9ce9-394d33e1ace4', 'winner');
insert into matches (id, show_id, match_number, match_type, stipulation, is_title_match, title_id, is_mitb, mitb_cashin, defeat_type, rating, is_draw) values ('cfc81298-deb2-4130-b630-db5dfb7bdae5', '551dc900-10ae-4c21-9228-10e5c5626cf0', 2, 'Tag Team', NULL, FALSE, NULL, NULL, FALSE, 'Pin', 3.0, FALSE);
insert into match_participants (match_id, team_id, result) values ('cfc81298-deb2-4130-b630-db5dfb7bdae5', '326ddb77-a43c-4a2e-832e-258e8e55b621', 'loser');
insert into match_participants (match_id, team_id, result) values ('cfc81298-deb2-4130-b630-db5dfb7bdae5', '68c622dc-e758-4f54-9c6b-cfa737db8028', 'winner');
insert into matches (id, show_id, match_number, match_type, stipulation, is_title_match, title_id, is_mitb, mitb_cashin, defeat_type, rating, is_draw) values ('91916b6a-df3b-43f4-a990-7ba09cc08274', '551dc900-10ae-4c21-9228-10e5c5626cf0', 3, 'Single', NULL, FALSE, NULL, NULL, FALSE, 'Pin', 3.0, FALSE);
insert into match_participants (match_id, wrestler_id, result) values ('91916b6a-df3b-43f4-a990-7ba09cc08274', 'db9025f4-91c4-47e8-b3de-e3864852a4c8', 'winner');
insert into match_participants (match_id, wrestler_id, result) values ('91916b6a-df3b-43f4-a990-7ba09cc08274', 'b2d0cb4c-4471-49a3-b524-544ce1bd95a1', 'loser');
insert into matches (id, show_id, match_number, match_type, stipulation, is_title_match, title_id, is_mitb, mitb_cashin, defeat_type, rating, is_draw) values ('941eeeda-3250-497f-81ca-f67e2702f64a', '551dc900-10ae-4c21-9228-10e5c5626cf0', 4, 'Single', NULL, FALSE, NULL, NULL, FALSE, 'Pin', 3.0, FALSE);
insert into match_participants (match_id, wrestler_id, result) values ('941eeeda-3250-497f-81ca-f67e2702f64a', '7d9945b2-59a0-4661-8206-198fec52bb2f', 'loser');
insert into match_participants (match_id, wrestler_id, result) values ('941eeeda-3250-497f-81ca-f67e2702f64a', 'cce2403e-b550-4727-9b4c-e04012c77f31', 'winner');
insert into matches (id, show_id, match_number, match_type, stipulation, is_title_match, title_id, is_mitb, mitb_cashin, defeat_type, rating, is_draw) values ('345765c6-5d1e-445d-9746-082d870dd188', '551dc900-10ae-4c21-9228-10e5c5626cf0', 5, 'Triple Threat', NULL, FALSE, NULL, NULL, FALSE, 'Pin', 3.5, FALSE);
insert into match_participants (match_id, wrestler_id, result) values ('345765c6-5d1e-445d-9746-082d870dd188', '9683fa4f-ffaf-4185-938d-e4a435a5aef7', 'winner');
insert into match_participants (match_id, wrestler_id, result) values ('345765c6-5d1e-445d-9746-082d870dd188', 'fe192097-a77b-4d95-a8b9-0f0147ab04a6', 'loser');
insert into match_participants (match_id, wrestler_id, result) values ('345765c6-5d1e-445d-9746-082d870dd188', '31f8c2ba-a0c4-4352-ae28-1cf68d200216', 'loser');
insert into matches (id, show_id, match_number, match_type, stipulation, is_title_match, title_id, is_mitb, mitb_cashin, defeat_type, rating, is_draw) values ('70b4a594-4331-493c-aa19-da09c3b2a5cb', '551dc900-10ae-4c21-9228-10e5c5626cf0', 6, 'Battle Royale', NULL, FALSE, NULL, NULL, FALSE, 'Pin', 3.0, FALSE);
insert into match_participants (match_id, wrestler_id, result) values ('70b4a594-4331-493c-aa19-da09c3b2a5cb', '0d2420e5-4511-44a9-8d66-a70eef1ce8d4', 'loser');
insert into match_participants (match_id, wrestler_id, result) values ('70b4a594-4331-493c-aa19-da09c3b2a5cb', '7e31c302-05ee-4325-989f-aefa74f76445', 'loser');
insert into match_participants (match_id, wrestler_id, result) values ('70b4a594-4331-493c-aa19-da09c3b2a5cb', 'f53c5be3-c66c-4d29-b281-5c0157203703', 'loser');
insert into match_participants (match_id, wrestler_id, result) values ('70b4a594-4331-493c-aa19-da09c3b2a5cb', '2c23bf2a-90de-4618-9564-8e0e622857f1', 'winner');
insert into match_participants (match_id, wrestler_id, result) values ('70b4a594-4331-493c-aa19-da09c3b2a5cb', '45d6759a-e627-41e8-b142-68a6772440d1', 'loser');
insert into match_participants (match_id, wrestler_id, result) values ('70b4a594-4331-493c-aa19-da09c3b2a5cb', '25af8129-40ab-446b-b032-79fd524cf7ab', 'loser');
insert into matches (id, show_id, match_number, match_type, stipulation, is_title_match, title_id, is_mitb, mitb_cashin, defeat_type, rating, is_draw) values ('0de69c5d-4577-4bf1-a190-8220b36ddf83', '551dc900-10ae-4c21-9228-10e5c5626cf0', 7, 'Single', NULL, FALSE, NULL, NULL, FALSE, 'Pin', 4.0, FALSE);
insert into match_participants (match_id, wrestler_id, result) values ('0de69c5d-4577-4bf1-a190-8220b36ddf83', 'b53deaf4-6809-46c8-a85f-587ef1ead267', 'winner');
insert into match_participants (match_id, wrestler_id, result) values ('0de69c5d-4577-4bf1-a190-8220b36ddf83', '6744f55d-802e-4dc8-83da-df85f7d6e050', 'loser');
insert into matches (id, show_id, match_number, match_type, stipulation, is_title_match, title_id, is_mitb, mitb_cashin, defeat_type, rating, is_draw) values ('8b556792-112f-4011-8097-1b7dea907f2d', '551dc900-10ae-4c21-9228-10e5c5626cf0', 8, 'Single', NULL, FALSE, NULL, NULL, FALSE, 'Pin', 3.5, FALSE);
insert into match_participants (match_id, wrestler_id, result) values ('8b556792-112f-4011-8097-1b7dea907f2d', '60c99dea-a118-4839-99eb-5de3ca41d5d4', 'winner');
insert into match_participants (match_id, wrestler_id, result) values ('8b556792-112f-4011-8097-1b7dea907f2d', '24041ddc-d965-4815-8c45-c9f97a2ed2c1', 'loser');
insert into matches (id, show_id, match_number, match_type, stipulation, is_title_match, title_id, is_mitb, mitb_cashin, defeat_type, rating, is_draw) values ('b2f7c0e8-b00e-48a4-941d-9805c9a01136', '551dc900-10ae-4c21-9228-10e5c5626cf0', 9, 'Single', NULL, TRUE, '02b0c038-accb-495b-8d6a-8891a7b51554', FALSE, FALSE, 'Pin', 3.5, FALSE);
insert into match_participants (match_id, wrestler_id, result) values ('b2f7c0e8-b00e-48a4-941d-9805c9a01136', '09a1ddc7-5133-4858-b8e1-c89de2eefe3b', 'winner');
insert into match_participants (match_id, wrestler_id, result) values ('b2f7c0e8-b00e-48a4-941d-9805c9a01136', '004c7b59-d738-4718-a1f0-39aa22e8039d', 'loser');
insert into matches (id, show_id, match_number, match_type, stipulation, is_title_match, title_id, is_mitb, mitb_cashin, defeat_type, rating, is_draw) values ('aa414feb-7a76-428b-bcdd-329fdd44637e', '551dc900-10ae-4c21-9228-10e5c5626cf0', 10, 'Single', NULL, TRUE, 'b25e7259-f027-4be1-a39e-0e956b9d538d', TRUE, FALSE, 'No Contest', 3.0, FALSE);
insert into match_participants (match_id, wrestler_id, result) values ('aa414feb-7a76-428b-bcdd-329fdd44637e', '09a1ddc7-5133-4858-b8e1-c89de2eefe3b', 'loser');
insert into match_participants (match_id, team_id, result) values ('aa414feb-7a76-428b-bcdd-329fdd44637e', '77ab10d7-12a7-48ea-b6c1-e09e4e455b7d', 'winner');
insert into shows (id, name, show_date, show_type, ppv_name) values ('c1ba5e52-0167-457d-8a24-416e02dbff1d', 'DAW 11-10-2023', '2023-11-10', 'weekly', NULL);
insert into matches (id, show_id, match_number, match_type, stipulation, is_title_match, title_id, is_mitb, mitb_cashin, defeat_type, rating, is_draw) values ('8818cb6c-095e-4363-927f-e15804212472', 'c1ba5e52-0167-457d-8a24-416e02dbff1d', 1, 'Single', NULL, FALSE, NULL, NULL, FALSE, 'Pin', 3.0, FALSE);
insert into match_participants (match_id, wrestler_id, result) values ('8818cb6c-095e-4363-927f-e15804212472', '0d2420e5-4511-44a9-8d66-a70eef1ce8d4', 'loser');
insert into match_participants (match_id, wrestler_id, result) values ('8818cb6c-095e-4363-927f-e15804212472', '7e31c302-05ee-4325-989f-aefa74f76445', 'winner');
insert into matches (id, show_id, match_number, match_type, stipulation, is_title_match, title_id, is_mitb, mitb_cashin, defeat_type, rating, is_draw) values ('113db212-bac2-4296-8605-d549157d8747', 'c1ba5e52-0167-457d-8a24-416e02dbff1d', 2, 'Single', NULL, FALSE, NULL, NULL, FALSE, 'Pin', 3.0, FALSE);
insert into match_participants (match_id, wrestler_id, result) values ('113db212-bac2-4296-8605-d549157d8747', '31f8c2ba-a0c4-4352-ae28-1cf68d200216', 'loser');
insert into match_participants (match_id, wrestler_id, result) values ('113db212-bac2-4296-8605-d549157d8747', 'd5419b1f-c540-4ae7-81e8-9cf6283544db', 'winner');
insert into matches (id, show_id, match_number, match_type, stipulation, is_title_match, title_id, is_mitb, mitb_cashin, defeat_type, rating, is_draw) values ('a36c0e94-c44b-44a4-9ada-2923f4f45b24', 'c1ba5e52-0167-457d-8a24-416e02dbff1d', 3, 'Single', NULL, FALSE, NULL, NULL, FALSE, 'Pin', 3.0, FALSE);
insert into match_participants (match_id, wrestler_id, result) values ('a36c0e94-c44b-44a4-9ada-2923f4f45b24', '1fdbaeea-4dc7-41ff-9ce9-394d33e1ace4', 'winner');
insert into match_participants (match_id, wrestler_id, result) values ('a36c0e94-c44b-44a4-9ada-2923f4f45b24', '004c7b59-d738-4718-a1f0-39aa22e8039d', 'loser');
insert into matches (id, show_id, match_number, match_type, stipulation, is_title_match, title_id, is_mitb, mitb_cashin, defeat_type, rating, is_draw) values ('a8e85a0c-b77c-48cd-8cbf-a3526f6aec16', 'c1ba5e52-0167-457d-8a24-416e02dbff1d', 4, 'Single', NULL, FALSE, NULL, NULL, FALSE, 'Pin', 3.0, FALSE);
insert into match_participants (match_id, wrestler_id, result) values ('a8e85a0c-b77c-48cd-8cbf-a3526f6aec16', 'b0a5de67-da65-4808-bb98-ace3a77fa729', 'loser');
insert into match_participants (match_id, wrestler_id, result) values ('a8e85a0c-b77c-48cd-8cbf-a3526f6aec16', '9683fa4f-ffaf-4185-938d-e4a435a5aef7', 'winner');
insert into matches (id, show_id, match_number, match_type, stipulation, is_title_match, title_id, is_mitb, mitb_cashin, defeat_type, rating, is_draw) values ('cebf10a7-3cc5-4fc8-8216-3dedbeada704', 'c1ba5e52-0167-457d-8a24-416e02dbff1d', 5, 'Tag Team', NULL, FALSE, NULL, NULL, FALSE, 'Pin', 3.0, FALSE);
insert into match_participants (match_id, team_id, result) values ('cebf10a7-3cc5-4fc8-8216-3dedbeada704', 'f7a2e157-4b15-4f76-92c8-41e8e2dea5c6', 'winner');
insert into match_participants (match_id, team_id, result) values ('cebf10a7-3cc5-4fc8-8216-3dedbeada704', 'eebd2a89-a1f9-4931-982e-9cf035d48429', 'loser');
insert into matches (id, show_id, match_number, match_type, stipulation, is_title_match, title_id, is_mitb, mitb_cashin, defeat_type, rating, is_draw) values ('597b7f13-3e05-4de1-a836-dc8b50a47fd7', 'c1ba5e52-0167-457d-8a24-416e02dbff1d', 6, 'Single', NULL, FALSE, NULL, NULL, FALSE, 'Pin', 3.0, FALSE);
insert into match_participants (match_id, wrestler_id, result) values ('597b7f13-3e05-4de1-a836-dc8b50a47fd7', '2c23bf2a-90de-4618-9564-8e0e622857f1', 'winner');
insert into match_participants (match_id, wrestler_id, result) values ('597b7f13-3e05-4de1-a836-dc8b50a47fd7', '24041ddc-d965-4815-8c45-c9f97a2ed2c1', 'loser');
insert into matches (id, show_id, match_number, match_type, stipulation, is_title_match, title_id, is_mitb, mitb_cashin, defeat_type, rating, is_draw) values ('3e771f0f-042e-4cde-af2e-cc59bf361330', 'c1ba5e52-0167-457d-8a24-416e02dbff1d', 7, 'Single', NULL, FALSE, NULL, NULL, FALSE, 'Pin', 3.0, FALSE);
insert into match_participants (match_id, wrestler_id, result) values ('3e771f0f-042e-4cde-af2e-cc59bf361330', '60c99dea-a118-4839-99eb-5de3ca41d5d4', 'loser');
insert into match_participants (match_id, wrestler_id, result) values ('3e771f0f-042e-4cde-af2e-cc59bf361330', '6744f55d-802e-4dc8-83da-df85f7d6e050', 'winner');
insert into matches (id, show_id, match_number, match_type, stipulation, is_title_match, title_id, is_mitb, mitb_cashin, defeat_type, rating, is_draw) values ('22d3974a-026f-457d-a91a-a0184573c724', 'c1ba5e52-0167-457d-8a24-416e02dbff1d', 8, 'Single', NULL, FALSE, NULL, NULL, FALSE, 'Pin', 3.0, FALSE);
insert into match_participants (match_id, wrestler_id, result) values ('22d3974a-026f-457d-a91a-a0184573c724', '236dddd8-b6e3-4f50-9e8d-7b54fe489a20', 'winner');
insert into match_participants (match_id, wrestler_id, result) values ('22d3974a-026f-457d-a91a-a0184573c724', '09a1ddc7-5133-4858-b8e1-c89de2eefe3b', 'loser');
insert into matches (id, show_id, match_number, match_type, stipulation, is_title_match, title_id, is_mitb, mitb_cashin, defeat_type, rating, is_draw) values ('125e1054-74ae-40b7-9501-4b03cd23a784', 'c1ba5e52-0167-457d-8a24-416e02dbff1d', 9, 'Tag Team', NULL, FALSE, NULL, NULL, FALSE, 'DQ', 2.0, FALSE);
insert into match_participants (match_id, team_id, result) values ('125e1054-74ae-40b7-9501-4b03cd23a784', '9218fa01-8660-4fab-9220-113756a027f3', 'loser');
insert into match_participants (match_id, team_id, result) values ('125e1054-74ae-40b7-9501-4b03cd23a784', '4d291dac-5ef2-467e-b2ff-e7af71557c4d', 'winner');
insert into shows (id, name, show_date, show_type, ppv_name) values ('3ee0b8cc-491c-44af-b6af-1699c54d8ceb', 'DAW 11-17-2023', '2023-11-17', 'weekly', NULL);
insert into matches (id, show_id, match_number, match_type, stipulation, is_title_match, title_id, is_mitb, mitb_cashin, defeat_type, rating, is_draw) values ('0a1534e4-c1b9-42a7-ad85-7baf58f99943', '3ee0b8cc-491c-44af-b6af-1699c54d8ceb', 1, 'Single', NULL, FALSE, NULL, NULL, FALSE, 'Pin', 3.0, FALSE);
insert into match_participants (match_id, wrestler_id, result) values ('0a1534e4-c1b9-42a7-ad85-7baf58f99943', 'ad63b3fd-9de8-4398-a085-7cc8f264589e', 'winner');
insert into match_participants (match_id, wrestler_id, result) values ('0a1534e4-c1b9-42a7-ad85-7baf58f99943', 'fce02e68-03a4-4670-a5d4-a6790f4f92a1', 'loser');
insert into matches (id, show_id, match_number, match_type, stipulation, is_title_match, title_id, is_mitb, mitb_cashin, defeat_type, rating, is_draw) values ('3780e3f1-b700-4908-b1af-ffbc6866a7fa', '3ee0b8cc-491c-44af-b6af-1699c54d8ceb', 2, 'Single', NULL, FALSE, NULL, NULL, FALSE, 'Pin', 3.0, FALSE);
insert into match_participants (match_id, wrestler_id, result) values ('3780e3f1-b700-4908-b1af-ffbc6866a7fa', 'bc93b973-151b-48ca-8d75-8f6c220a0d31', 'winner');
insert into match_participants (match_id, wrestler_id, result) values ('3780e3f1-b700-4908-b1af-ffbc6866a7fa', '0d2420e5-4511-44a9-8d66-a70eef1ce8d4', 'loser');
insert into matches (id, show_id, match_number, match_type, stipulation, is_title_match, title_id, is_mitb, mitb_cashin, defeat_type, rating, is_draw) values ('16f009f3-4690-4f91-b678-db24e601f105', '3ee0b8cc-491c-44af-b6af-1699c54d8ceb', 3, 'Tag Team', NULL, FALSE, NULL, NULL, FALSE, 'Pin', 3.0, FALSE);
insert into match_participants (match_id, team_id, result) values ('16f009f3-4690-4f91-b678-db24e601f105', 'd2ceb13e-7a13-446c-93a0-cc8e2cc4e575', 'loser');
insert into match_participants (match_id, team_id, result) values ('16f009f3-4690-4f91-b678-db24e601f105', '1e9ea366-fb52-496c-a960-2c327a8677d2', 'loser');
insert into matches (id, show_id, match_number, match_type, stipulation, is_title_match, title_id, is_mitb, mitb_cashin, defeat_type, rating, is_draw) values ('7ce9d17f-a968-4cce-a0df-311c0d0b4327', '3ee0b8cc-491c-44af-b6af-1699c54d8ceb', 4, 'Single', NULL, FALSE, NULL, NULL, FALSE, 'Pin', 4.5, FALSE);
insert into match_participants (match_id, wrestler_id, result) values ('7ce9d17f-a968-4cce-a0df-311c0d0b4327', '7ca7fd7b-2526-41ea-b143-cdd82f404014', 'winner');
insert into match_participants (match_id, wrestler_id, result) values ('7ce9d17f-a968-4cce-a0df-311c0d0b4327', '9683fa4f-ffaf-4185-938d-e4a435a5aef7', 'loser');
insert into matches (id, show_id, match_number, match_type, stipulation, is_title_match, title_id, is_mitb, mitb_cashin, defeat_type, rating, is_draw) values ('e072a41d-6a92-40b4-8da9-ecd11a747d47', '3ee0b8cc-491c-44af-b6af-1699c54d8ceb', 5, 'Single', NULL, FALSE, NULL, NULL, FALSE, 'Sub', 4.0, FALSE);
insert into match_participants (match_id, wrestler_id, result) values ('e072a41d-6a92-40b4-8da9-ecd11a747d47', '6744f55d-802e-4dc8-83da-df85f7d6e050', 'winner');
insert into match_participants (match_id, wrestler_id, result) values ('e072a41d-6a92-40b4-8da9-ecd11a747d47', '122e2f4f-61c3-46f1-8de6-407a73f0712e', 'loser');
insert into matches (id, show_id, match_number, match_type, stipulation, is_title_match, title_id, is_mitb, mitb_cashin, defeat_type, rating, is_draw) values ('9613148c-7ce6-4476-8a6c-171240350852', '3ee0b8cc-491c-44af-b6af-1699c54d8ceb', 6, 'Single', NULL, FALSE, NULL, NULL, FALSE, 'Pin', 3.0, FALSE);
insert into match_participants (match_id, wrestler_id, result) values ('9613148c-7ce6-4476-8a6c-171240350852', 'ae2ce814-315f-41f0-ab99-eddf09a7d4c5', 'loser');
insert into match_participants (match_id, wrestler_id, result) values ('9613148c-7ce6-4476-8a6c-171240350852', '004c7b59-d738-4718-a1f0-39aa22e8039d', 'winner');
insert into matches (id, show_id, match_number, match_type, stipulation, is_title_match, title_id, is_mitb, mitb_cashin, defeat_type, rating, is_draw) values ('5dabb5fa-adb5-4a96-ae50-396bd6550bbd', '3ee0b8cc-491c-44af-b6af-1699c54d8ceb', 7, 'Single', NULL, FALSE, NULL, NULL, FALSE, 'Pin', 3.0, FALSE);
insert into match_participants (match_id, wrestler_id, result) values ('5dabb5fa-adb5-4a96-ae50-396bd6550bbd', '1fdbaeea-4dc7-41ff-9ce9-394d33e1ace4', 'winner');
insert into match_participants (match_id, wrestler_id, result) values ('5dabb5fa-adb5-4a96-ae50-396bd6550bbd', '09a1ddc7-5133-4858-b8e1-c89de2eefe3b', 'loser');
insert into matches (id, show_id, match_number, match_type, stipulation, is_title_match, title_id, is_mitb, mitb_cashin, defeat_type, rating, is_draw) values ('d07b0f5f-fe75-431b-aac5-66bf19295acb', '3ee0b8cc-491c-44af-b6af-1699c54d8ceb', 8, 'Triple Threat', NULL, FALSE, NULL, NULL, FALSE, 'Pin', 3.0, FALSE);
insert into match_participants (match_id, wrestler_id, result) values ('d07b0f5f-fe75-431b-aac5-66bf19295acb', '60c99dea-a118-4839-99eb-5de3ca41d5d4', 'winner');
insert into match_participants (match_id, wrestler_id, result) values ('d07b0f5f-fe75-431b-aac5-66bf19295acb', 'b53deaf4-6809-46c8-a85f-587ef1ead267', 'loser');
insert into match_participants (match_id, wrestler_id, result) values ('d07b0f5f-fe75-431b-aac5-66bf19295acb', '2c23bf2a-90de-4618-9564-8e0e622857f1', 'loser');
insert into matches (id, show_id, match_number, match_type, stipulation, is_title_match, title_id, is_mitb, mitb_cashin, defeat_type, rating, is_draw) values ('2e7aa09a-045b-46e5-b464-fcfd0f466e5e', '3ee0b8cc-491c-44af-b6af-1699c54d8ceb', 9, 'Tag Team', 'Extreme Rules', FALSE, NULL, NULL, FALSE, 'Pin', 4.0, FALSE);
insert into match_participants (match_id, team_id, result) values ('2e7aa09a-045b-46e5-b464-fcfd0f466e5e', '9218fa01-8660-4fab-9220-113756a027f3', 'winner');
insert into match_participants (match_id, team_id, result) values ('2e7aa09a-045b-46e5-b464-fcfd0f466e5e', '4d291dac-5ef2-467e-b2ff-e7af71557c4d', 'loser');
insert into shows (id, name, show_date, show_type, ppv_name) values ('d4b1ee7d-7599-4d27-ae30-80d1730f66c3', 'DAW 11-24-2023', '2023-11-24', 'weekly', NULL);
insert into matches (id, show_id, match_number, match_type, stipulation, is_title_match, title_id, is_mitb, mitb_cashin, defeat_type, rating, is_draw) values ('0e12b4cb-c51d-4e39-8774-37fa8999b3df', 'd4b1ee7d-7599-4d27-ae30-80d1730f66c3', 1, 'Tag Team', NULL, TRUE, '4091f18e-1fb8-441e-b708-1729cb0b0011', FALSE, FALSE, 'Pin', 4.0, FALSE);
insert into match_participants (match_id, team_id, result) values ('0e12b4cb-c51d-4e39-8774-37fa8999b3df', '9218fa01-8660-4fab-9220-113756a027f3', 'winner');
insert into match_participants (match_id, team_id, result) values ('0e12b4cb-c51d-4e39-8774-37fa8999b3df', '68c622dc-e758-4f54-9c6b-cfa737db8028', 'loser');
insert into matches (id, show_id, match_number, match_type, stipulation, is_title_match, title_id, is_mitb, mitb_cashin, defeat_type, rating, is_draw) values ('42f61e60-1899-4887-a9bb-0a78a3fb9ebb', 'd4b1ee7d-7599-4d27-ae30-80d1730f66c3', 2, 'Single', NULL, FALSE, NULL, NULL, FALSE, 'Pin', 4.0, FALSE);
insert into match_participants (match_id, wrestler_id, result) values ('42f61e60-1899-4887-a9bb-0a78a3fb9ebb', '7e31c302-05ee-4325-989f-aefa74f76445', 'loser');
insert into match_participants (match_id, wrestler_id, result) values ('42f61e60-1899-4887-a9bb-0a78a3fb9ebb', '31f9e94a-66c8-428d-9ae1-dc8ad7d4834f', 'winner');
insert into matches (id, show_id, match_number, match_type, stipulation, is_title_match, title_id, is_mitb, mitb_cashin, defeat_type, rating, is_draw) values ('29e5e215-0b58-481c-b9bf-6bd9e7859f05', 'd4b1ee7d-7599-4d27-ae30-80d1730f66c3', 3, 'Triple Threat', NULL, FALSE, NULL, NULL, FALSE, 'Pin', 3.5, FALSE);
insert into match_participants (match_id, wrestler_id, result) values ('29e5e215-0b58-481c-b9bf-6bd9e7859f05', 'fe192097-a77b-4d95-a8b9-0f0147ab04a6', 'winner');
insert into match_participants (match_id, wrestler_id, result) values ('29e5e215-0b58-481c-b9bf-6bd9e7859f05', '236dddd8-b6e3-4f50-9e8d-7b54fe489a20', 'loser');
insert into match_participants (match_id, wrestler_id, result) values ('29e5e215-0b58-481c-b9bf-6bd9e7859f05', 'ae2ce814-315f-41f0-ab99-eddf09a7d4c5', 'loser');
insert into matches (id, show_id, match_number, match_type, stipulation, is_title_match, title_id, is_mitb, mitb_cashin, defeat_type, rating, is_draw) values ('144e53d0-9c80-40b0-a9b7-837b9bc9b1ba', 'd4b1ee7d-7599-4d27-ae30-80d1730f66c3', 4, 'Single', 'Extreme Rules', TRUE, '5db4cd6b-6ebe-4a87-b7bb-017af3856766', FALSE, FALSE, 'Pin', 4.0, FALSE);
insert into match_participants (match_id, wrestler_id, result) values ('144e53d0-9c80-40b0-a9b7-837b9bc9b1ba', '1fdbaeea-4dc7-41ff-9ce9-394d33e1ace4', 'loser');
insert into match_participants (match_id, wrestler_id, result) values ('144e53d0-9c80-40b0-a9b7-837b9bc9b1ba', '9683fa4f-ffaf-4185-938d-e4a435a5aef7', 'winner');
insert into matches (id, show_id, match_number, match_type, stipulation, is_title_match, title_id, is_mitb, mitb_cashin, defeat_type, rating, is_draw) values ('35fbc6f9-603e-414a-831c-42e8983548c7', 'd4b1ee7d-7599-4d27-ae30-80d1730f66c3', 5, 'Single', NULL, FALSE, NULL, NULL, FALSE, 'Pin', 4.5, FALSE);
insert into match_participants (match_id, wrestler_id, result) values ('35fbc6f9-603e-414a-831c-42e8983548c7', '0d2420e5-4511-44a9-8d66-a70eef1ce8d4', 'loser');
insert into match_participants (match_id, wrestler_id, result) values ('35fbc6f9-603e-414a-831c-42e8983548c7', 'f53c5be3-c66c-4d29-b281-5c0157203703', 'winner');
insert into matches (id, show_id, match_number, match_type, stipulation, is_title_match, title_id, is_mitb, mitb_cashin, defeat_type, rating, is_draw) values ('7eb6658f-d4fc-478f-a65e-bc2ab5c95fb0', 'd4b1ee7d-7599-4d27-ae30-80d1730f66c3', 6, 'Tag Team', NULL, TRUE, 'c35e55d3-eeb9-45fd-8160-df160862cff0', FALSE, FALSE, 'Pin', 3.5, FALSE);
insert into match_participants (match_id, team_id, result) values ('7eb6658f-d4fc-478f-a65e-bc2ab5c95fb0', 'eebd2a89-a1f9-4931-982e-9cf035d48429', 'loser');
insert into match_participants (match_id, team_id, result) values ('7eb6658f-d4fc-478f-a65e-bc2ab5c95fb0', 'f7a2e157-4b15-4f76-92c8-41e8e2dea5c6', 'winner');
insert into matches (id, show_id, match_number, match_type, stipulation, is_title_match, title_id, is_mitb, mitb_cashin, defeat_type, rating, is_draw) values ('0b66f017-a2a8-41bf-aed3-06e2c63d7121', 'd4b1ee7d-7599-4d27-ae30-80d1730f66c3', 7, 'Tag Team', 'Ladder', FALSE, NULL, NULL, FALSE, 'Pin', 3.5, FALSE);
insert into match_participants (match_id, team_id, result) values ('0b66f017-a2a8-41bf-aed3-06e2c63d7121', '1e9ea366-fb52-496c-a960-2c327a8677d2', 'loser');
insert into match_participants (match_id, team_id, result) values ('0b66f017-a2a8-41bf-aed3-06e2c63d7121', '4d291dac-5ef2-467e-b2ff-e7af71557c4d', 'winner');
insert into match_participants (match_id, team_id, result) values ('0b66f017-a2a8-41bf-aed3-06e2c63d7121', 'd2ceb13e-7a13-446c-93a0-cc8e2cc4e575', 'loser');
insert into matches (id, show_id, match_number, match_type, stipulation, is_title_match, title_id, is_mitb, mitb_cashin, defeat_type, rating, is_draw) values ('ded55c53-67d9-4414-83e6-e10305a3fdc0', 'd4b1ee7d-7599-4d27-ae30-80d1730f66c3', 8, 'Single', NULL, FALSE, NULL, NULL, FALSE, 'Pin', 3.5, FALSE);
insert into match_participants (match_id, wrestler_id, result) values ('ded55c53-67d9-4414-83e6-e10305a3fdc0', 'fce02e68-03a4-4670-a5d4-a6790f4f92a1', 'loser');
insert into match_participants (match_id, wrestler_id, result) values ('ded55c53-67d9-4414-83e6-e10305a3fdc0', 'cd5fa7e0-c982-449d-ab4f-cd0b33045715', 'winner');
insert into matches (id, show_id, match_number, match_type, stipulation, is_title_match, title_id, is_mitb, mitb_cashin, defeat_type, rating, is_draw) values ('d7c20cf5-c263-41f8-acb5-adeffd780469', 'd4b1ee7d-7599-4d27-ae30-80d1730f66c3', 9, 'Single', NULL, TRUE, 'f3ec52c9-649b-48cb-aa37-da278fbd72df', FALSE, FALSE, 'Pin', 4.0, FALSE);
insert into match_participants (match_id, wrestler_id, result) values ('d7c20cf5-c263-41f8-acb5-adeffd780469', '60c99dea-a118-4839-99eb-5de3ca41d5d4', 'loser');
insert into match_participants (match_id, wrestler_id, result) values ('d7c20cf5-c263-41f8-acb5-adeffd780469', '6744f55d-802e-4dc8-83da-df85f7d6e050', 'winner');
insert into matches (id, show_id, match_number, match_type, stipulation, is_title_match, title_id, is_mitb, mitb_cashin, defeat_type, rating, is_draw) values ('92cb77ff-8905-4f99-8943-ae4d5e14ecad', 'd4b1ee7d-7599-4d27-ae30-80d1730f66c3', 10, 'Single', NULL, FALSE, NULL, NULL, FALSE, 'Pin', 4.0, FALSE);
insert into match_participants (match_id, wrestler_id, result) values ('92cb77ff-8905-4f99-8943-ae4d5e14ecad', '7ca7fd7b-2526-41ea-b143-cdd82f404014', 'winner');
insert into match_participants (match_id, wrestler_id, result) values ('92cb77ff-8905-4f99-8943-ae4d5e14ecad', '004c7b59-d738-4718-a1f0-39aa22e8039d', 'loser');
insert into matches (id, show_id, match_number, match_type, stipulation, is_title_match, title_id, is_mitb, mitb_cashin, defeat_type, rating, is_draw) values ('574175f9-8f00-41dd-81fe-ed8c4efb6e81', 'd4b1ee7d-7599-4d27-ae30-80d1730f66c3', 11, 'Single', NULL, FALSE, NULL, NULL, FALSE, 'Pin', 5.0, FALSE);
insert into match_participants (match_id, wrestler_id, result) values ('574175f9-8f00-41dd-81fe-ed8c4efb6e81', 'ae2ce814-315f-41f0-ab99-eddf09a7d4c5', 'winner');
insert into match_participants (match_id, wrestler_id, result) values ('574175f9-8f00-41dd-81fe-ed8c4efb6e81', '09a1ddc7-5133-4858-b8e1-c89de2eefe3b', 'loser');
insert into matches (id, show_id, match_number, match_type, stipulation, is_title_match, title_id, is_mitb, mitb_cashin, defeat_type, rating, is_draw) values ('f49d02fc-d9be-4904-941a-679b9fd06b68', 'd4b1ee7d-7599-4d27-ae30-80d1730f66c3', 12, 'Single', NULL, TRUE, '5d3e065c-43d1-41ee-8d24-e876f1e2b2a1', FALSE, FALSE, 'Pin', 5.0, FALSE);
insert into match_participants (match_id, wrestler_id, result) values ('f49d02fc-d9be-4904-941a-679b9fd06b68', '2c23bf2a-90de-4618-9564-8e0e622857f1', 'loser');
insert into match_participants (match_id, wrestler_id, result) values ('f49d02fc-d9be-4904-941a-679b9fd06b68', '24041ddc-d965-4815-8c45-c9f97a2ed2c1', 'winner');
insert into shows (id, name, show_date, show_type, ppv_name) values ('e7ad3bbc-b522-437f-9f71-15f374b8f2ed', 'DAW 12-01-2023', '2023-12-01', 'weekly', NULL);
insert into matches (id, show_id, match_number, match_type, stipulation, is_title_match, title_id, is_mitb, mitb_cashin, defeat_type, rating, is_draw) values ('ca54169b-9331-444e-86b1-cfb850f794bd', 'e7ad3bbc-b522-437f-9f71-15f374b8f2ed', 1, 'Triple Threat', NULL, FALSE, NULL, NULL, FALSE, 'Pin', 3.5, FALSE);
insert into match_participants (match_id, wrestler_id, result) values ('ca54169b-9331-444e-86b1-cfb850f794bd', 'f53c5be3-c66c-4d29-b281-5c0157203703', 'winner');
insert into match_participants (match_id, wrestler_id, result) values ('ca54169b-9331-444e-86b1-cfb850f794bd', '0d2420e5-4511-44a9-8d66-a70eef1ce8d4', 'loser');
insert into match_participants (match_id, wrestler_id, result) values ('ca54169b-9331-444e-86b1-cfb850f794bd', '60c99dea-a118-4839-99eb-5de3ca41d5d4', 'loser');
insert into matches (id, show_id, match_number, match_type, stipulation, is_title_match, title_id, is_mitb, mitb_cashin, defeat_type, rating, is_draw) values ('c9c4f96b-e0b0-4f2c-be72-c8db5ed9e30c', 'e7ad3bbc-b522-437f-9f71-15f374b8f2ed', 2, 'Single', NULL, FALSE, NULL, NULL, FALSE, 'Pin', 3.5, FALSE);
insert into match_participants (match_id, wrestler_id, result) values ('c9c4f96b-e0b0-4f2c-be72-c8db5ed9e30c', 'ad63b3fd-9de8-4398-a085-7cc8f264589e', 'winner');
insert into match_participants (match_id, wrestler_id, result) values ('c9c4f96b-e0b0-4f2c-be72-c8db5ed9e30c', '1fdbaeea-4dc7-41ff-9ce9-394d33e1ace4', 'loser');
insert into matches (id, show_id, match_number, match_type, stipulation, is_title_match, title_id, is_mitb, mitb_cashin, defeat_type, rating, is_draw) values ('5702a0cd-f981-4756-bb3b-325d14191cee', 'e7ad3bbc-b522-437f-9f71-15f374b8f2ed', 3, 'Tag Team', NULL, FALSE, NULL, NULL, FALSE, 'Pin', 3.5, FALSE);
insert into match_participants (match_id, team_id, result) values ('5702a0cd-f981-4756-bb3b-325d14191cee', 'f10035f5-dbd0-4e54-974c-abe9f75f0c51', 'loser');
insert into match_participants (match_id, team_id, result) values ('5702a0cd-f981-4756-bb3b-325d14191cee', '9218fa01-8660-4fab-9220-113756a027f3', 'winner');
insert into matches (id, show_id, match_number, match_type, stipulation, is_title_match, title_id, is_mitb, mitb_cashin, defeat_type, rating, is_draw) values ('b182e566-2230-4b4b-94bb-dab42afded77', 'e7ad3bbc-b522-437f-9f71-15f374b8f2ed', 4, 'Single', NULL, FALSE, NULL, NULL, FALSE, 'Pin', 3.5, FALSE);
insert into match_participants (match_id, wrestler_id, result) values ('b182e566-2230-4b4b-94bb-dab42afded77', '733d32a1-03d3-4d45-ba41-6b9a50bfa393', 'loser');
insert into match_participants (match_id, wrestler_id, result) values ('b182e566-2230-4b4b-94bb-dab42afded77', '9683fa4f-ffaf-4185-938d-e4a435a5aef7', 'winner');
insert into matches (id, show_id, match_number, match_type, stipulation, is_title_match, title_id, is_mitb, mitb_cashin, defeat_type, rating, is_draw) values ('b450f6bb-6638-434d-ad95-f3c150058c0e', 'e7ad3bbc-b522-437f-9f71-15f374b8f2ed', 5, 'Single', NULL, FALSE, NULL, NULL, FALSE, 'Pin', 4.0, FALSE);
insert into match_participants (match_id, wrestler_id, result) values ('b450f6bb-6638-434d-ad95-f3c150058c0e', '60c99dea-a118-4839-99eb-5de3ca41d5d4', 'winner');
insert into match_participants (match_id, wrestler_id, result) values ('b450f6bb-6638-434d-ad95-f3c150058c0e', '2c23bf2a-90de-4618-9564-8e0e622857f1', 'loser');
insert into matches (id, show_id, match_number, match_type, stipulation, is_title_match, title_id, is_mitb, mitb_cashin, defeat_type, rating, is_draw) values ('c8310bf4-9f75-4950-a33f-08bda2ebd600', 'e7ad3bbc-b522-437f-9f71-15f374b8f2ed', 6, 'Single', NULL, FALSE, NULL, NULL, FALSE, 'Pin', 4.5, FALSE);
insert into match_participants (match_id, wrestler_id, result) values ('c8310bf4-9f75-4950-a33f-08bda2ebd600', '60c99dea-a118-4839-99eb-5de3ca41d5d4', 'winner');
insert into match_participants (match_id, wrestler_id, result) values ('c8310bf4-9f75-4950-a33f-08bda2ebd600', '6744f55d-802e-4dc8-83da-df85f7d6e050', 'loser');
insert into matches (id, show_id, match_number, match_type, stipulation, is_title_match, title_id, is_mitb, mitb_cashin, defeat_type, rating, is_draw) values ('b0d88316-b634-4479-89f4-e389eae85f50', 'e7ad3bbc-b522-437f-9f71-15f374b8f2ed', 7, 'Single', NULL, FALSE, NULL, NULL, FALSE, 'Pin', 4.0, FALSE);
insert into match_participants (match_id, wrestler_id, result) values ('b0d88316-b634-4479-89f4-e389eae85f50', '31f8c2ba-a0c4-4352-ae28-1cf68d200216', 'winner');
insert into match_participants (match_id, wrestler_id, result) values ('b0d88316-b634-4479-89f4-e389eae85f50', '9683fa4f-ffaf-4185-938d-e4a435a5aef7', 'loser');
insert into matches (id, show_id, match_number, match_type, stipulation, is_title_match, title_id, is_mitb, mitb_cashin, defeat_type, rating, is_draw) values ('0d95306d-3fde-4a3d-852b-679434898333', 'e7ad3bbc-b522-437f-9f71-15f374b8f2ed', 8, 'Single', NULL, FALSE, NULL, NULL, FALSE, 'Pin', 4.0, FALSE);
insert into match_participants (match_id, wrestler_id, result) values ('0d95306d-3fde-4a3d-852b-679434898333', '31f8c2ba-a0c4-4352-ae28-1cf68d200216', 'loser');
insert into match_participants (match_id, wrestler_id, result) values ('0d95306d-3fde-4a3d-852b-679434898333', '09a1ddc7-5133-4858-b8e1-c89de2eefe3b', 'winner');
insert into matches (id, show_id, match_number, match_type, stipulation, is_title_match, title_id, is_mitb, mitb_cashin, defeat_type, rating, is_draw) values ('762845ca-4532-448b-9e82-57a55256ba1a', 'e7ad3bbc-b522-437f-9f71-15f374b8f2ed', 9, 'Triple Threat', NULL, FALSE, NULL, NULL, FALSE, 'Pin', 4.0, FALSE);
insert into match_participants (match_id, wrestler_id, result) values ('762845ca-4532-448b-9e82-57a55256ba1a', 'db9025f4-91c4-47e8-b3de-e3864852a4c8', 'loser');
insert into match_participants (match_id, wrestler_id, result) values ('762845ca-4532-448b-9e82-57a55256ba1a', '31f8c2ba-a0c4-4352-ae28-1cf68d200216', 'loser');
insert into match_participants (match_id, wrestler_id, result) values ('762845ca-4532-448b-9e82-57a55256ba1a', '07687962-07c0-46b6-9541-2d8b60e3c2c1', 'winner');
insert into shows (id, name, show_date, show_type, ppv_name) values ('096e2bf7-70f1-4189-94c4-d114b088d712', 'DAW 12-08-2023', '2023-12-08', 'weekly', NULL);
insert into matches (id, show_id, match_number, match_type, stipulation, is_title_match, title_id, is_mitb, mitb_cashin, defeat_type, rating, is_draw) values ('16000cc4-8b79-4fc6-af55-9ddcdf338409', '096e2bf7-70f1-4189-94c4-d114b088d712', 1, 'Single', NULL, FALSE, NULL, NULL, FALSE, 'Pin', 3.0, FALSE);
insert into match_participants (match_id, wrestler_id, result) values ('16000cc4-8b79-4fc6-af55-9ddcdf338409', '8afecc06-d295-4dcf-9a88-f0f5b2bcd72f', 'winner');
insert into match_participants (match_id, wrestler_id, result) values ('16000cc4-8b79-4fc6-af55-9ddcdf338409', '733d32a1-03d3-4d45-ba41-6b9a50bfa393', 'loser');
insert into matches (id, show_id, match_number, match_type, stipulation, is_title_match, title_id, is_mitb, mitb_cashin, defeat_type, rating, is_draw) values ('fcd139f1-3b66-4d15-8eab-427f9ac1e416', '096e2bf7-70f1-4189-94c4-d114b088d712', 2, 'Triple Threat', NULL, FALSE, NULL, NULL, FALSE, 'Pin', 3.0, FALSE);
insert into match_participants (match_id, wrestler_id, result) values ('fcd139f1-3b66-4d15-8eab-427f9ac1e416', 'db9025f4-91c4-47e8-b3de-e3864852a4c8', 'loser');
insert into match_participants (match_id, wrestler_id, result) values ('fcd139f1-3b66-4d15-8eab-427f9ac1e416', '1fdbaeea-4dc7-41ff-9ce9-394d33e1ace4', 'loser');
insert into match_participants (match_id, wrestler_id, result) values ('fcd139f1-3b66-4d15-8eab-427f9ac1e416', 'fce02e68-03a4-4670-a5d4-a6790f4f92a1', 'winner');
insert into matches (id, show_id, match_number, match_type, stipulation, is_title_match, title_id, is_mitb, mitb_cashin, defeat_type, rating, is_draw) values ('729a5915-c99f-4cf6-89a4-41375ac6ff5e', '096e2bf7-70f1-4189-94c4-d114b088d712', 3, 'Tag Team', NULL, FALSE, NULL, NULL, FALSE, 'Pin', 3.5, FALSE);
insert into match_participants (match_id, team_id, result) values ('729a5915-c99f-4cf6-89a4-41375ac6ff5e', '9218fa01-8660-4fab-9220-113756a027f3', 'loser');
insert into match_participants (match_id, team_id, result) values ('729a5915-c99f-4cf6-89a4-41375ac6ff5e', 'd2ceb13e-7a13-446c-93a0-cc8e2cc4e575', 'winner');
insert into matches (id, show_id, match_number, match_type, stipulation, is_title_match, title_id, is_mitb, mitb_cashin, defeat_type, rating, is_draw) values ('59d22c39-f57b-44e4-9726-1ee4e10d89a8', '096e2bf7-70f1-4189-94c4-d114b088d712', 4, 'Single', NULL, FALSE, NULL, NULL, FALSE, 'Pin', 2.0, FALSE);
insert into match_participants (match_id, wrestler_id, result) values ('59d22c39-f57b-44e4-9726-1ee4e10d89a8', 'fe192097-a77b-4d95-a8b9-0f0147ab04a6', 'loser');
insert into match_participants (match_id, wrestler_id, result) values ('59d22c39-f57b-44e4-9726-1ee4e10d89a8', '9683fa4f-ffaf-4185-938d-e4a435a5aef7', 'winner');
insert into matches (id, show_id, match_number, match_type, stipulation, is_title_match, title_id, is_mitb, mitb_cashin, defeat_type, rating, is_draw) values ('6e5ccf40-8556-4d66-a4f0-ce4d7a420d05', '096e2bf7-70f1-4189-94c4-d114b088d712', 5, 'Single', 'Extreme Rules', FALSE, NULL, NULL, FALSE, 'Pin', 4.0, FALSE);
insert into match_participants (match_id, wrestler_id, result) values ('6e5ccf40-8556-4d66-a4f0-ce4d7a420d05', '07687962-07c0-46b6-9541-2d8b60e3c2c1', 'winner');
insert into match_participants (match_id, wrestler_id, result) values ('6e5ccf40-8556-4d66-a4f0-ce4d7a420d05', 'd5419b1f-c540-4ae7-81e8-9cf6283544db', 'loser');
insert into matches (id, show_id, match_number, match_type, stipulation, is_title_match, title_id, is_mitb, mitb_cashin, defeat_type, rating, is_draw) values ('31107289-36db-4b26-a381-f7195be59173', '096e2bf7-70f1-4189-94c4-d114b088d712', 6, 'Tag Team', NULL, FALSE, NULL, NULL, FALSE, 'Pin', 3.0, FALSE);
insert into match_participants (match_id, team_id, result) values ('31107289-36db-4b26-a381-f7195be59173', '37867637-ea7c-4d6c-9e59-fb37627e1172', 'loser');
insert into match_participants (match_id, team_id, result) values ('31107289-36db-4b26-a381-f7195be59173', 'f7a2e157-4b15-4f76-92c8-41e8e2dea5c6', 'winner');
insert into matches (id, show_id, match_number, match_type, stipulation, is_title_match, title_id, is_mitb, mitb_cashin, defeat_type, rating, is_draw) values ('0d4e8257-d471-44bc-915c-9252c9ca351c', '096e2bf7-70f1-4189-94c4-d114b088d712', 7, 'Single', NULL, FALSE, NULL, NULL, FALSE, 'Pin', 3.5, FALSE);
insert into match_participants (match_id, wrestler_id, result) values ('0d4e8257-d471-44bc-915c-9252c9ca351c', 'f53c5be3-c66c-4d29-b281-5c0157203703', 'loser');
insert into match_participants (match_id, wrestler_id, result) values ('0d4e8257-d471-44bc-915c-9252c9ca351c', '6744f55d-802e-4dc8-83da-df85f7d6e050', 'loser');
insert into matches (id, show_id, match_number, match_type, stipulation, is_title_match, title_id, is_mitb, mitb_cashin, defeat_type, rating, is_draw) values ('d0d2f4d5-8531-4ded-8d77-1e6220e2198a', '096e2bf7-70f1-4189-94c4-d114b088d712', 8, 'Single', NULL, FALSE, NULL, NULL, FALSE, 'Pin', 3.5, FALSE);
insert into match_participants (match_id, wrestler_id, result) values ('d0d2f4d5-8531-4ded-8d77-1e6220e2198a', '7ca7fd7b-2526-41ea-b143-cdd82f404014', 'winner');
insert into match_participants (match_id, wrestler_id, result) values ('d0d2f4d5-8531-4ded-8d77-1e6220e2198a', '09a1ddc7-5133-4858-b8e1-c89de2eefe3b', 'loser');
insert into matches (id, show_id, match_number, match_type, stipulation, is_title_match, title_id, is_mitb, mitb_cashin, defeat_type, rating, is_draw) values ('89b3cf81-1f89-49a7-8d28-72997d8b19a1', '096e2bf7-70f1-4189-94c4-d114b088d712', 9, 'Single', NULL, FALSE, NULL, NULL, FALSE, 'Pin', 4.5, FALSE);
insert into match_participants (match_id, wrestler_id, result) values ('89b3cf81-1f89-49a7-8d28-72997d8b19a1', '7e31c302-05ee-4325-989f-aefa74f76445', 'winner');
insert into match_participants (match_id, wrestler_id, result) values ('89b3cf81-1f89-49a7-8d28-72997d8b19a1', '24041ddc-d965-4815-8c45-c9f97a2ed2c1', 'loser');
insert into shows (id, name, show_date, show_type, ppv_name) values ('167e7f60-de40-4541-9e96-140ad713c014', 'DAW 12-22-2023', '2023-12-22', 'weekly', NULL);
insert into matches (id, show_id, match_number, match_type, stipulation, is_title_match, title_id, is_mitb, mitb_cashin, defeat_type, rating, is_draw) values ('435cfd5a-f8ca-41e1-9011-a5488c90a441', '167e7f60-de40-4541-9e96-140ad713c014', 1, 'Single', NULL, FALSE, NULL, NULL, FALSE, 'Pin', 3.5, FALSE);
insert into match_participants (match_id, wrestler_id, result) values ('435cfd5a-f8ca-41e1-9011-a5488c90a441', 'ae2ce814-315f-41f0-ab99-eddf09a7d4c5', 'loser');
insert into matches (id, show_id, match_number, match_type, stipulation, is_title_match, title_id, is_mitb, mitb_cashin, defeat_type, rating, is_draw) values ('1a4fac91-226f-4753-83ca-099f16abc10e', '167e7f60-de40-4541-9e96-140ad713c014', 2, 'Single', NULL, FALSE, NULL, NULL, FALSE, 'Pin', 4.0, FALSE);
insert into match_participants (match_id, wrestler_id, result) values ('1a4fac91-226f-4753-83ca-099f16abc10e', '07687962-07c0-46b6-9541-2d8b60e3c2c1', 'loser');
insert into match_participants (match_id, wrestler_id, result) values ('1a4fac91-226f-4753-83ca-099f16abc10e', '7d9945b2-59a0-4661-8206-198fec52bb2f', 'winner');
insert into matches (id, show_id, match_number, match_type, stipulation, is_title_match, title_id, is_mitb, mitb_cashin, defeat_type, rating, is_draw) values ('b1da7567-d7be-43c8-b7a9-05054cded735', '167e7f60-de40-4541-9e96-140ad713c014', 3, 'Tag Team', NULL, FALSE, NULL, NULL, FALSE, 'Pin', 2.5, FALSE);
insert into match_participants (match_id, team_id, result) values ('b1da7567-d7be-43c8-b7a9-05054cded735', '9218fa01-8660-4fab-9220-113756a027f3', 'loser');
insert into matches (id, show_id, match_number, match_type, stipulation, is_title_match, title_id, is_mitb, mitb_cashin, defeat_type, rating, is_draw) values ('70bc8126-2c29-455e-adef-d326606657ba', '167e7f60-de40-4541-9e96-140ad713c014', 4, 'Battle Royale', NULL, FALSE, NULL, NULL, FALSE, 'Pin', 3.5, FALSE);
insert into match_participants (match_id, wrestler_id, result) values ('70bc8126-2c29-455e-adef-d326606657ba', 'd5419b1f-c540-4ae7-81e8-9cf6283544db', 'loser');
insert into match_participants (match_id, wrestler_id, result) values ('70bc8126-2c29-455e-adef-d326606657ba', '1fdbaeea-4dc7-41ff-9ce9-394d33e1ace4', 'loser');
insert into match_participants (match_id, wrestler_id, result) values ('70bc8126-2c29-455e-adef-d326606657ba', '8afecc06-d295-4dcf-9a88-f0f5b2bcd72f', 'loser');
insert into match_participants (match_id, wrestler_id, result) values ('70bc8126-2c29-455e-adef-d326606657ba', 'ad63b3fd-9de8-4398-a085-7cc8f264589e', 'loser');
insert into match_participants (match_id, wrestler_id, result) values ('70bc8126-2c29-455e-adef-d326606657ba', 'fe192097-a77b-4d95-a8b9-0f0147ab04a6', 'loser');
insert into match_participants (match_id, wrestler_id, result) values ('70bc8126-2c29-455e-adef-d326606657ba', '31f8c2ba-a0c4-4352-ae28-1cf68d200216', 'loser');
insert into match_participants (match_id, wrestler_id, result) values ('70bc8126-2c29-455e-adef-d326606657ba', 'fce02e68-03a4-4670-a5d4-a6790f4f92a1', 'winner');
insert into matches (id, show_id, match_number, match_type, stipulation, is_title_match, title_id, is_mitb, mitb_cashin, defeat_type, rating, is_draw) values ('f1a393a4-51a4-4a61-b94e-31082cb603e7', '167e7f60-de40-4541-9e96-140ad713c014', 5, 'Single', NULL, FALSE, NULL, NULL, FALSE, 'Pin', 4.0, FALSE);
insert into match_participants (match_id, wrestler_id, result) values ('f1a393a4-51a4-4a61-b94e-31082cb603e7', 'db9025f4-91c4-47e8-b3de-e3864852a4c8', 'loser');
insert into match_participants (match_id, wrestler_id, result) values ('f1a393a4-51a4-4a61-b94e-31082cb603e7', '9683fa4f-ffaf-4185-938d-e4a435a5aef7', 'winner');
insert into matches (id, show_id, match_number, match_type, stipulation, is_title_match, title_id, is_mitb, mitb_cashin, defeat_type, rating, is_draw) values ('3f22b8ea-0614-4b9d-b8ff-3db2d73f78f2', '167e7f60-de40-4541-9e96-140ad713c014', 6, 'Battle Royale', NULL, FALSE, NULL, NULL, FALSE, 'Pin', 4.0, FALSE);
insert into match_participants (match_id, wrestler_id, result) values ('3f22b8ea-0614-4b9d-b8ff-3db2d73f78f2', 'f53c5be3-c66c-4d29-b281-5c0157203703', 'loser');
insert into match_participants (match_id, wrestler_id, result) values ('3f22b8ea-0614-4b9d-b8ff-3db2d73f78f2', '60c99dea-a118-4839-99eb-5de3ca41d5d4', 'loser');
insert into match_participants (match_id, wrestler_id, result) values ('3f22b8ea-0614-4b9d-b8ff-3db2d73f78f2', '7e31c302-05ee-4325-989f-aefa74f76445', 'loser');
insert into match_participants (match_id, wrestler_id, result) values ('3f22b8ea-0614-4b9d-b8ff-3db2d73f78f2', '25af8129-40ab-446b-b032-79fd524cf7ab', 'loser');
insert into match_participants (match_id, wrestler_id, result) values ('3f22b8ea-0614-4b9d-b8ff-3db2d73f78f2', '24041ddc-d965-4815-8c45-c9f97a2ed2c1', 'loser');
insert into matches (id, show_id, match_number, match_type, stipulation, is_title_match, title_id, is_mitb, mitb_cashin, defeat_type, rating, is_draw) values ('43045fb4-aa1a-4c9a-af0e-2b4c9b828ff3', '167e7f60-de40-4541-9e96-140ad713c014', 7, 'Single', NULL, FALSE, NULL, NULL, FALSE, 'Pin', 3.5, FALSE);
insert into match_participants (match_id, wrestler_id, result) values ('43045fb4-aa1a-4c9a-af0e-2b4c9b828ff3', '09a1ddc7-5133-4858-b8e1-c89de2eefe3b', 'loser');
insert into matches (id, show_id, match_number, match_type, stipulation, is_title_match, title_id, is_mitb, mitb_cashin, defeat_type, rating, is_draw) values ('c0fdb649-6483-4de7-a467-3c5b42a159b1', '167e7f60-de40-4541-9e96-140ad713c014', 8, 'Single', NULL, FALSE, NULL, NULL, FALSE, 'Pin', 4.0, FALSE);
insert into match_participants (match_id, wrestler_id, result) values ('c0fdb649-6483-4de7-a467-3c5b42a159b1', '6744f55d-802e-4dc8-83da-df85f7d6e050', 'winner');
insert into matches (id, show_id, match_number, match_type, stipulation, is_title_match, title_id, is_mitb, mitb_cashin, defeat_type, rating, is_draw) values ('056248f3-5ece-42a4-9e1e-ccf15b1e2ff7', '167e7f60-de40-4541-9e96-140ad713c014', 9, 'Tag Team', NULL, FALSE, NULL, NULL, FALSE, 'Pin', 2.0, FALSE);
insert into shows (id, name, show_date, show_type, ppv_name) values ('a0f19aeb-1de0-4d42-90d7-62b8690582f8', 'DAW 12-29-2023', '2023-12-29', 'weekly', NULL);
insert into matches (id, show_id, match_number, match_type, stipulation, is_title_match, title_id, is_mitb, mitb_cashin, defeat_type, rating, is_draw) values ('4015ebdf-32f2-420f-a5b5-927e209842f0', 'a0f19aeb-1de0-4d42-90d7-62b8690582f8', 1, 'Single', NULL, FALSE, NULL, NULL, FALSE, 'Pin', 3.0, FALSE);
insert into match_participants (match_id, wrestler_id, result) values ('4015ebdf-32f2-420f-a5b5-927e209842f0', 'b0a5de67-da65-4808-bb98-ace3a77fa729', 'winner');
insert into match_participants (match_id, wrestler_id, result) values ('4015ebdf-32f2-420f-a5b5-927e209842f0', '1fdbaeea-4dc7-41ff-9ce9-394d33e1ace4', 'loser');
insert into matches (id, show_id, match_number, match_type, stipulation, is_title_match, title_id, is_mitb, mitb_cashin, defeat_type, rating, is_draw) values ('3a652ab6-e5d6-4981-bcec-4d65878897fc', 'a0f19aeb-1de0-4d42-90d7-62b8690582f8', 2, 'Tag Team', NULL, TRUE, '4091f18e-1fb8-441e-b708-1729cb0b0011', FALSE, FALSE, 'Pin', 2.5, FALSE);
insert into match_participants (match_id, team_id, result) values ('3a652ab6-e5d6-4981-bcec-4d65878897fc', '9218fa01-8660-4fab-9220-113756a027f3', 'loser');
insert into match_participants (match_id, team_id, result) values ('3a652ab6-e5d6-4981-bcec-4d65878897fc', '1e9ea366-fb52-496c-a960-2c327a8677d2', 'winner');
insert into matches (id, show_id, match_number, match_type, stipulation, is_title_match, title_id, is_mitb, mitb_cashin, defeat_type, rating, is_draw) values ('f1c5f248-4c52-4535-a4e4-3eb4b19be066', 'a0f19aeb-1de0-4d42-90d7-62b8690582f8', 3, 'Single', NULL, FALSE, NULL, NULL, FALSE, 'Pin', 3.5, FALSE);
insert into match_participants (match_id, wrestler_id, result) values ('f1c5f248-4c52-4535-a4e4-3eb4b19be066', '45d6759a-e627-41e8-b142-68a6772440d1', 'winner');
insert into match_participants (match_id, wrestler_id, result) values ('f1c5f248-4c52-4535-a4e4-3eb4b19be066', 'f53c5be3-c66c-4d29-b281-5c0157203703', 'loser');
insert into matches (id, show_id, match_number, match_type, stipulation, is_title_match, title_id, is_mitb, mitb_cashin, defeat_type, rating, is_draw) values ('d47a4073-3551-4ed1-b7a3-a0c9f85bd67d', 'a0f19aeb-1de0-4d42-90d7-62b8690582f8', 4, 'Single', NULL, FALSE, NULL, NULL, FALSE, 'Pin', 4.0, FALSE);
insert into match_participants (match_id, wrestler_id, result) values ('d47a4073-3551-4ed1-b7a3-a0c9f85bd67d', '31f8c2ba-a0c4-4352-ae28-1cf68d200216', 'loser');
insert into match_participants (match_id, wrestler_id, result) values ('d47a4073-3551-4ed1-b7a3-a0c9f85bd67d', '1c4de4fe-bbbe-420d-b18a-a70501b14a25', 'winner');
insert into matches (id, show_id, match_number, match_type, stipulation, is_title_match, title_id, is_mitb, mitb_cashin, defeat_type, rating, is_draw) values ('eb14fc95-4bf7-4173-b885-52a17654bfc6', 'a0f19aeb-1de0-4d42-90d7-62b8690582f8', 5, 'Single', NULL, TRUE, '5db4cd6b-6ebe-4a87-b7bb-017af3856766', FALSE, FALSE, 'Pin', 3.0, FALSE);
insert into match_participants (match_id, wrestler_id, result) values ('eb14fc95-4bf7-4173-b885-52a17654bfc6', 'fe192097-a77b-4d95-a8b9-0f0147ab04a6', 'loser');
insert into match_participants (match_id, wrestler_id, result) values ('eb14fc95-4bf7-4173-b885-52a17654bfc6', '9683fa4f-ffaf-4185-938d-e4a435a5aef7', 'winner');
insert into matches (id, show_id, match_number, match_type, stipulation, is_title_match, title_id, is_mitb, mitb_cashin, defeat_type, rating, is_draw) values ('979d418c-ce34-452d-9400-5c4efb69a64c', 'a0f19aeb-1de0-4d42-90d7-62b8690582f8', 6, 'Single', NULL, TRUE, 'f3ec52c9-649b-48cb-aa37-da278fbd72df', FALSE, FALSE, 'Pin', 3.0, FALSE);
insert into match_participants (match_id, wrestler_id, result) values ('979d418c-ce34-452d-9400-5c4efb69a64c', '60c99dea-a118-4839-99eb-5de3ca41d5d4', 'loser');
insert into match_participants (match_id, wrestler_id, result) values ('979d418c-ce34-452d-9400-5c4efb69a64c', '6744f55d-802e-4dc8-83da-df85f7d6e050', 'winner');
insert into matches (id, show_id, match_number, match_type, stipulation, is_title_match, title_id, is_mitb, mitb_cashin, defeat_type, rating, is_draw) values ('5616575f-7070-4d65-abae-36707612d921', 'a0f19aeb-1de0-4d42-90d7-62b8690582f8', 7, 'Single', NULL, TRUE, '02b0c038-accb-495b-8d6a-8891a7b51554', FALSE, FALSE, 'Pin', 3.5, FALSE);
insert into match_participants (match_id, wrestler_id, result) values ('5616575f-7070-4d65-abae-36707612d921', 'fce02e68-03a4-4670-a5d4-a6790f4f92a1', 'loser');
insert into match_participants (match_id, wrestler_id, result) values ('5616575f-7070-4d65-abae-36707612d921', '09a1ddc7-5133-4858-b8e1-c89de2eefe3b', 'winner');
insert into matches (id, show_id, match_number, match_type, stipulation, is_title_match, title_id, is_mitb, mitb_cashin, defeat_type, rating, is_draw) values ('8117ddfe-4abb-417f-aa6c-dd3d3329297c', 'a0f19aeb-1de0-4d42-90d7-62b8690582f8', 8, 'Royal Rumble', NULL, FALSE, NULL, NULL, FALSE, 'Pin', 4.0, FALSE);
insert into match_participants (match_id, wrestler_id, result) values ('8117ddfe-4abb-417f-aa6c-dd3d3329297c', '0d2420e5-4511-44a9-8d66-a70eef1ce8d4', 'loser');
insert into match_participants (match_id, wrestler_id, result) values ('8117ddfe-4abb-417f-aa6c-dd3d3329297c', '2c23bf2a-90de-4618-9564-8e0e622857f1', 'loser');
insert into match_participants (match_id, wrestler_id, result) values ('8117ddfe-4abb-417f-aa6c-dd3d3329297c', '7e31c302-05ee-4325-989f-aefa74f76445', 'loser');
insert into match_participants (match_id, wrestler_id, result) values ('8117ddfe-4abb-417f-aa6c-dd3d3329297c', 'b53deaf4-6809-46c8-a85f-587ef1ead267', 'loser');
insert into match_participants (match_id, wrestler_id, result) values ('8117ddfe-4abb-417f-aa6c-dd3d3329297c', '45d6759a-e627-41e8-b142-68a6772440d1', 'loser');
insert into match_participants (match_id, wrestler_id, result) values ('8117ddfe-4abb-417f-aa6c-dd3d3329297c', '0072611a-281e-4de5-bf57-fbc9696651ec', 'winner');
insert into match_participants (match_id, wrestler_id, result) values ('8117ddfe-4abb-417f-aa6c-dd3d3329297c', '6744f55d-802e-4dc8-83da-df85f7d6e050', 'loser');
insert into match_participants (match_id, wrestler_id, result) values ('8117ddfe-4abb-417f-aa6c-dd3d3329297c', '24041ddc-d965-4815-8c45-c9f97a2ed2c1', 'loser');
insert into match_participants (match_id, wrestler_id, result) values ('8117ddfe-4abb-417f-aa6c-dd3d3329297c', '31f9e94a-66c8-428d-9ae1-dc8ad7d4834f', 'loser');
insert into match_participants (match_id, wrestler_id, result) values ('8117ddfe-4abb-417f-aa6c-dd3d3329297c', '25af8129-40ab-446b-b032-79fd524cf7ab', 'loser');
insert into match_participants (match_id, wrestler_id, result) values ('8117ddfe-4abb-417f-aa6c-dd3d3329297c', '60c99dea-a118-4839-99eb-5de3ca41d5d4', 'loser');
insert into match_participants (match_id, wrestler_id, result) values ('8117ddfe-4abb-417f-aa6c-dd3d3329297c', 'bc93b973-151b-48ca-8d75-8f6c220a0d31', 'loser');
insert into match_participants (match_id, wrestler_id, result) values ('8117ddfe-4abb-417f-aa6c-dd3d3329297c', '122e2f4f-61c3-46f1-8de6-407a73f0712e', 'loser');
insert into match_participants (match_id, wrestler_id, result) values ('8117ddfe-4abb-417f-aa6c-dd3d3329297c', 'f53c5be3-c66c-4d29-b281-5c0157203703', 'loser');
insert into matches (id, show_id, match_number, match_type, stipulation, is_title_match, title_id, is_mitb, mitb_cashin, defeat_type, rating, is_draw) values ('3f84e015-99d9-4bb2-876f-80caddd6f009', 'a0f19aeb-1de0-4d42-90d7-62b8690582f8', 9, 'Single', NULL, TRUE, '5d3e065c-43d1-41ee-8d24-e876f1e2b2a1', FALSE, FALSE, 'Pin', 4.5, FALSE);
insert into match_participants (match_id, wrestler_id, result) values ('3f84e015-99d9-4bb2-876f-80caddd6f009', '7e31c302-05ee-4325-989f-aefa74f76445', 'loser');
insert into match_participants (match_id, wrestler_id, result) values ('3f84e015-99d9-4bb2-876f-80caddd6f009', '24041ddc-d965-4815-8c45-c9f97a2ed2c1', 'winner');
insert into matches (id, show_id, match_number, match_type, stipulation, is_title_match, title_id, is_mitb, mitb_cashin, defeat_type, rating, is_draw) values ('03d0ad64-3c5e-4e4f-81fd-062760c3d936', 'a0f19aeb-1de0-4d42-90d7-62b8690582f8', 10, 'Royal Rumble', NULL, FALSE, NULL, NULL, FALSE, 'Pin', 4.5, FALSE);
insert into match_participants (match_id, wrestler_id, result) values ('03d0ad64-3c5e-4e4f-81fd-062760c3d936', 'ad63b3fd-9de8-4398-a085-7cc8f264589e', 'loser');
insert into match_participants (match_id, wrestler_id, result) values ('03d0ad64-3c5e-4e4f-81fd-062760c3d936', '070ef826-51e2-44ff-b14f-c0c821af8fd4', 'loser');
insert into match_participants (match_id, wrestler_id, result) values ('03d0ad64-3c5e-4e4f-81fd-062760c3d936', 'ae2ce814-315f-41f0-ab99-eddf09a7d4c5', 'loser');
insert into match_participants (match_id, wrestler_id, result) values ('03d0ad64-3c5e-4e4f-81fd-062760c3d936', '7ca7fd7b-2526-41ea-b143-cdd82f404014', 'loser');
insert into match_participants (match_id, wrestler_id, result) values ('03d0ad64-3c5e-4e4f-81fd-062760c3d936', 'fe192097-a77b-4d95-a8b9-0f0147ab04a6', 'loser');
insert into match_participants (match_id, wrestler_id, result) values ('03d0ad64-3c5e-4e4f-81fd-062760c3d936', 'fe2b910f-9821-448e-928d-da0ba9221a8e', 'loser');
insert into match_participants (match_id, wrestler_id, result) values ('03d0ad64-3c5e-4e4f-81fd-062760c3d936', 'db9025f4-91c4-47e8-b3de-e3864852a4c8', 'loser');
insert into match_participants (match_id, wrestler_id, result) values ('03d0ad64-3c5e-4e4f-81fd-062760c3d936', '1fdbaeea-4dc7-41ff-9ce9-394d33e1ace4', 'loser');
insert into match_participants (match_id, wrestler_id, result) values ('03d0ad64-3c5e-4e4f-81fd-062760c3d936', '236dddd8-b6e3-4f50-9e8d-7b54fe489a20', 'loser');
insert into match_participants (match_id, wrestler_id, result) values ('03d0ad64-3c5e-4e4f-81fd-062760c3d936', 'b2d0cb4c-4471-49a3-b524-544ce1bd95a1', 'loser');
insert into match_participants (match_id, wrestler_id, result) values ('03d0ad64-3c5e-4e4f-81fd-062760c3d936', '23e929ba-5eab-44b6-90a5-3aeee22f283e', 'loser');
insert into match_participants (match_id, wrestler_id, result) values ('03d0ad64-3c5e-4e4f-81fd-062760c3d936', 'cd5fa7e0-c982-449d-ab4f-cd0b33045715', 'loser');
insert into match_participants (match_id, wrestler_id, result) values ('03d0ad64-3c5e-4e4f-81fd-062760c3d936', 'cce2403e-b550-4727-9b4c-e04012c77f31', 'loser');
insert into match_participants (match_id, wrestler_id, result) values ('03d0ad64-3c5e-4e4f-81fd-062760c3d936', 'fce02e68-03a4-4670-a5d4-a6790f4f92a1', 'loser');
insert into match_participants (match_id, wrestler_id, result) values ('03d0ad64-3c5e-4e4f-81fd-062760c3d936', '07687962-07c0-46b6-9541-2d8b60e3c2c1', 'loser');
insert into match_participants (match_id, wrestler_id, result) values ('03d0ad64-3c5e-4e4f-81fd-062760c3d936', 'a11850be-ac52-4acd-979f-bfff6746cc79', 'loser');
insert into match_participants (match_id, wrestler_id, result) values ('03d0ad64-3c5e-4e4f-81fd-062760c3d936', '9683fa4f-ffaf-4185-938d-e4a435a5aef7', 'loser');
insert into match_participants (match_id, wrestler_id, result) values ('03d0ad64-3c5e-4e4f-81fd-062760c3d936', 'd0df50f1-fbbb-4298-ab0c-f7e6e122c4c4', 'winner');
insert into match_participants (match_id, wrestler_id, result) values ('03d0ad64-3c5e-4e4f-81fd-062760c3d936', '7d9945b2-59a0-4661-8206-198fec52bb2f', 'loser');
insert into match_participants (match_id, wrestler_id, result) values ('03d0ad64-3c5e-4e4f-81fd-062760c3d936', 'b0a5de67-da65-4808-bb98-ace3a77fa729', 'loser');
insert into shows (id, name, show_date, show_type, ppv_name) values ('83ac2ac4-963d-4cf9-b643-f7979ec7d82f', 'DAW 01-05-2024', '2024-01-05', 'weekly', NULL);
insert into matches (id, show_id, match_number, match_type, stipulation, is_title_match, title_id, is_mitb, mitb_cashin, defeat_type, rating, is_draw) values ('505d87a3-f8a4-484d-add8-b949e519d463', '83ac2ac4-963d-4cf9-b643-f7979ec7d82f', 1, 'Single', NULL, FALSE, NULL, NULL, FALSE, 'Pin', 3.0, FALSE);
insert into match_participants (match_id, wrestler_id, result) values ('505d87a3-f8a4-484d-add8-b949e519d463', 'ae2ce814-315f-41f0-ab99-eddf09a7d4c5', 'winner');
insert into matches (id, show_id, match_number, match_type, stipulation, is_title_match, title_id, is_mitb, mitb_cashin, defeat_type, rating, is_draw) values ('c5dbb91c-b5a2-4256-987e-e8fc094bf8c6', '83ac2ac4-963d-4cf9-b643-f7979ec7d82f', 2, 'Single', NULL, FALSE, NULL, NULL, FALSE, 'Pin', 3.5, FALSE);
insert into match_participants (match_id, wrestler_id, result) values ('c5dbb91c-b5a2-4256-987e-e8fc094bf8c6', 'fe192097-a77b-4d95-a8b9-0f0147ab04a6', 'loser');
insert into match_participants (match_id, wrestler_id, result) values ('c5dbb91c-b5a2-4256-987e-e8fc094bf8c6', '1fdbaeea-4dc7-41ff-9ce9-394d33e1ace4', 'winner');
insert into matches (id, show_id, match_number, match_type, stipulation, is_title_match, title_id, is_mitb, mitb_cashin, defeat_type, rating, is_draw) values ('e83dafec-160e-4363-9413-25aa8f0e2e9d', '83ac2ac4-963d-4cf9-b643-f7979ec7d82f', 3, 'Tag Team', NULL, FALSE, NULL, NULL, FALSE, 'Pin', 2.5, FALSE);
insert into match_participants (match_id, team_id, result) values ('e83dafec-160e-4363-9413-25aa8f0e2e9d', '4d291dac-5ef2-467e-b2ff-e7af71557c4d', 'loser');
insert into match_participants (match_id, team_id, result) values ('e83dafec-160e-4363-9413-25aa8f0e2e9d', '1e9ea366-fb52-496c-a960-2c327a8677d2', 'winner');
insert into matches (id, show_id, match_number, match_type, stipulation, is_title_match, title_id, is_mitb, mitb_cashin, defeat_type, rating, is_draw) values ('0a1ecd66-c16d-4caa-bb50-a0256fcfe0ac', '83ac2ac4-963d-4cf9-b643-f7979ec7d82f', 4, 'Single', NULL, FALSE, NULL, NULL, FALSE, 'Pin', 3.5, FALSE);
insert into match_participants (match_id, wrestler_id, result) values ('0a1ecd66-c16d-4caa-bb50-a0256fcfe0ac', 'ad63b3fd-9de8-4398-a085-7cc8f264589e', 'winner');
insert into match_participants (match_id, wrestler_id, result) values ('0a1ecd66-c16d-4caa-bb50-a0256fcfe0ac', '9683fa4f-ffaf-4185-938d-e4a435a5aef7', 'loser');
insert into matches (id, show_id, match_number, match_type, stipulation, is_title_match, title_id, is_mitb, mitb_cashin, defeat_type, rating, is_draw) values ('40acc8e8-6713-4252-bcee-218092d37cce', '83ac2ac4-963d-4cf9-b643-f7979ec7d82f', 5, 'Tag Team', NULL, FALSE, NULL, NULL, FALSE, 'Pin', 3.0, FALSE);
insert into match_participants (match_id, team_id, result) values ('40acc8e8-6713-4252-bcee-218092d37cce', 'f7a2e157-4b15-4f76-92c8-41e8e2dea5c6', 'winner');
insert into match_participants (match_id, wrestler_id, result) values ('40acc8e8-6713-4252-bcee-218092d37cce', '24041ddc-d965-4815-8c45-c9f97a2ed2c1', 'loser');
insert into matches (id, show_id, match_number, match_type, stipulation, is_title_match, title_id, is_mitb, mitb_cashin, defeat_type, rating, is_draw) values ('b0736d11-1e90-4bbd-8535-3efa23ee8340', '83ac2ac4-963d-4cf9-b643-f7979ec7d82f', 6, 'Tag Team', NULL, FALSE, NULL, NULL, FALSE, 'Pin', 3.0, FALSE);
insert into match_participants (match_id, team_id, result) values ('b0736d11-1e90-4bbd-8535-3efa23ee8340', '37867637-ea7c-4d6c-9e59-fb37627e1172', 'loser');
insert into match_participants (match_id, team_id, result) values ('b0736d11-1e90-4bbd-8535-3efa23ee8340', 'eebd2a89-a1f9-4931-982e-9cf035d48429', 'winner');
insert into matches (id, show_id, match_number, match_type, stipulation, is_title_match, title_id, is_mitb, mitb_cashin, defeat_type, rating, is_draw) values ('ca1c26d8-1f28-4b5b-ae4c-1d43a9451735', '83ac2ac4-963d-4cf9-b643-f7979ec7d82f', 7, 'Single', NULL, FALSE, NULL, NULL, FALSE, 'Pin', 4.0, FALSE);
insert into match_participants (match_id, wrestler_id, result) values ('ca1c26d8-1f28-4b5b-ae4c-1d43a9451735', 'd0df50f1-fbbb-4298-ab0c-f7e6e122c4c4', 'winner');
insert into match_participants (match_id, wrestler_id, result) values ('ca1c26d8-1f28-4b5b-ae4c-1d43a9451735', '09a1ddc7-5133-4858-b8e1-c89de2eefe3b', 'loser');
insert into matches (id, show_id, match_number, match_type, stipulation, is_title_match, title_id, is_mitb, mitb_cashin, defeat_type, rating, is_draw) values ('d6e60ed3-716e-4482-bde8-e57b38ac0c7e', '83ac2ac4-963d-4cf9-b643-f7979ec7d82f', 8, 'Single', 'No DQ', TRUE, 'f3ec52c9-649b-48cb-aa37-da278fbd72df', FALSE, FALSE, 'Pin', 3.5, FALSE);
insert into match_participants (match_id, wrestler_id, result) values ('d6e60ed3-716e-4482-bde8-e57b38ac0c7e', '60c99dea-a118-4839-99eb-5de3ca41d5d4', 'loser');
insert into match_participants (match_id, wrestler_id, result) values ('d6e60ed3-716e-4482-bde8-e57b38ac0c7e', '6744f55d-802e-4dc8-83da-df85f7d6e050', 'winner');
insert into matches (id, show_id, match_number, match_type, stipulation, is_title_match, title_id, is_mitb, mitb_cashin, defeat_type, rating, is_draw) values ('06e8d813-e23a-42fe-a916-45cbb86eeba3', '83ac2ac4-963d-4cf9-b643-f7979ec7d82f', 9, 'Single', 'No Holds Barred', FALSE, NULL, NULL, FALSE, 'Pin', 5.0, FALSE);
insert into match_participants (match_id, wrestler_id, result) values ('06e8d813-e23a-42fe-a916-45cbb86eeba3', 'b2d0cb4c-4471-49a3-b524-544ce1bd95a1', 'winner');
insert into match_participants (match_id, wrestler_id, result) values ('06e8d813-e23a-42fe-a916-45cbb86eeba3', 'cce2403e-b550-4727-9b4c-e04012c77f31', 'loser');
insert into shows (id, name, show_date, show_type, ppv_name) values ('dffc171d-4fda-4082-8fa6-ea867d5f768f', 'DAW 01-12-2024', '2024-01-12', 'weekly', NULL);
insert into matches (id, show_id, match_number, match_type, stipulation, is_title_match, title_id, is_mitb, mitb_cashin, defeat_type, rating, is_draw) values ('84f81d38-70d8-4a00-b1dc-615161af94b4', 'dffc171d-4fda-4082-8fa6-ea867d5f768f', 1, 'Triple Threat', NULL, FALSE, NULL, NULL, FALSE, 'Pin', 3.0, FALSE);
insert into match_participants (match_id, wrestler_id, result) values ('84f81d38-70d8-4a00-b1dc-615161af94b4', '0d2420e5-4511-44a9-8d66-a70eef1ce8d4', 'winner');
insert into match_participants (match_id, wrestler_id, result) values ('84f81d38-70d8-4a00-b1dc-615161af94b4', '60c99dea-a118-4839-99eb-5de3ca41d5d4', 'loser');
insert into match_participants (match_id, wrestler_id, result) values ('84f81d38-70d8-4a00-b1dc-615161af94b4', '7e31c302-05ee-4325-989f-aefa74f76445', 'loser');
insert into matches (id, show_id, match_number, match_type, stipulation, is_title_match, title_id, is_mitb, mitb_cashin, defeat_type, rating, is_draw) values ('b5c7a9bb-4c02-4e5d-9a11-775e0021024e', 'dffc171d-4fda-4082-8fa6-ea867d5f768f', 2, 'Single', NULL, FALSE, NULL, NULL, FALSE, 'Pin', 3.5, FALSE);
insert into match_participants (match_id, wrestler_id, result) values ('b5c7a9bb-4c02-4e5d-9a11-775e0021024e', 'e9c91ec8-e338-445f-b299-1ef3e53110e6', 'winner');
insert into match_participants (match_id, wrestler_id, result) values ('b5c7a9bb-4c02-4e5d-9a11-775e0021024e', '1fdbaeea-4dc7-41ff-9ce9-394d33e1ace4', 'loser');
insert into matches (id, show_id, match_number, match_type, stipulation, is_title_match, title_id, is_mitb, mitb_cashin, defeat_type, rating, is_draw) values ('7f2ccc26-35b3-44f5-b86e-df50cbb715ef', 'dffc171d-4fda-4082-8fa6-ea867d5f768f', 3, 'Tag Team', NULL, FALSE, NULL, NULL, FALSE, 'Pin', 3.0, FALSE);
insert into match_participants (match_id, team_id, result) values ('7f2ccc26-35b3-44f5-b86e-df50cbb715ef', 'd2ceb13e-7a13-446c-93a0-cc8e2cc4e575', 'winner');
insert into match_participants (match_id, team_id, result) values ('7f2ccc26-35b3-44f5-b86e-df50cbb715ef', '1e9ea366-fb52-496c-a960-2c327a8677d2', 'loser');
insert into matches (id, show_id, match_number, match_type, stipulation, is_title_match, title_id, is_mitb, mitb_cashin, defeat_type, rating, is_draw) values ('4d3f04eb-5155-4f05-b112-4bcfa09a0019', 'dffc171d-4fda-4082-8fa6-ea867d5f768f', 4, 'Single', NULL, FALSE, NULL, NULL, FALSE, 'Pin', 4.0, FALSE);
insert into match_participants (match_id, wrestler_id, result) values ('4d3f04eb-5155-4f05-b112-4bcfa09a0019', '7d9945b2-59a0-4661-8206-198fec52bb2f', 'loser');
insert into match_participants (match_id, wrestler_id, result) values ('4d3f04eb-5155-4f05-b112-4bcfa09a0019', '9683fa4f-ffaf-4185-938d-e4a435a5aef7', 'winner');
insert into matches (id, show_id, match_number, match_type, stipulation, is_title_match, title_id, is_mitb, mitb_cashin, defeat_type, rating, is_draw) values ('8dc59880-a882-4cf7-b718-cdd08dfc18e0', 'dffc171d-4fda-4082-8fa6-ea867d5f768f', 5, 'Single', NULL, FALSE, NULL, NULL, FALSE, 'Pin', 4.0, FALSE);
insert into match_participants (match_id, wrestler_id, result) values ('8dc59880-a882-4cf7-b718-cdd08dfc18e0', 'ad63b3fd-9de8-4398-a085-7cc8f264589e', 'winner');
insert into match_participants (match_id, wrestler_id, result) values ('8dc59880-a882-4cf7-b718-cdd08dfc18e0', 'db9025f4-91c4-47e8-b3de-e3864852a4c8', 'loser');
insert into matches (id, show_id, match_number, match_type, stipulation, is_title_match, title_id, is_mitb, mitb_cashin, defeat_type, rating, is_draw) values ('0b5e1482-9ebc-4ad7-a219-1554cfda86d7', 'dffc171d-4fda-4082-8fa6-ea867d5f768f', 6, 'Single', NULL, FALSE, NULL, NULL, FALSE, 'Pin', 3.5, FALSE);
insert into match_participants (match_id, wrestler_id, result) values ('0b5e1482-9ebc-4ad7-a219-1554cfda86d7', 'b2d0cb4c-4471-49a3-b524-544ce1bd95a1', 'loser');
insert into match_participants (match_id, wrestler_id, result) values ('0b5e1482-9ebc-4ad7-a219-1554cfda86d7', 'ae2ce814-315f-41f0-ab99-eddf09a7d4c5', 'winner');
insert into matches (id, show_id, match_number, match_type, stipulation, is_title_match, title_id, is_mitb, mitb_cashin, defeat_type, rating, is_draw) values ('cf7f4f49-d8ec-4ad8-8422-0379b74b1e3c', 'dffc171d-4fda-4082-8fa6-ea867d5f768f', 7, 'Single', NULL, FALSE, NULL, NULL, FALSE, 'Pin', 4.5, FALSE);
insert into match_participants (match_id, wrestler_id, result) values ('cf7f4f49-d8ec-4ad8-8422-0379b74b1e3c', '2c23bf2a-90de-4618-9564-8e0e622857f1', 'loser');
insert into match_participants (match_id, wrestler_id, result) values ('cf7f4f49-d8ec-4ad8-8422-0379b74b1e3c', 'f53c5be3-c66c-4d29-b281-5c0157203703', 'winner');
insert into matches (id, show_id, match_number, match_type, stipulation, is_title_match, title_id, is_mitb, mitb_cashin, defeat_type, rating, is_draw) values ('d44721ee-a9c0-47ae-8495-3dbd1c5dd897', 'dffc171d-4fda-4082-8fa6-ea867d5f768f', 8, 'Single', NULL, FALSE, NULL, NULL, FALSE, 'Pin', 3.0, FALSE);
insert into match_participants (match_id, wrestler_id, result) values ('d44721ee-a9c0-47ae-8495-3dbd1c5dd897', 'cce2403e-b550-4727-9b4c-e04012c77f31', 'loser');
insert into match_participants (match_id, wrestler_id, result) values ('d44721ee-a9c0-47ae-8495-3dbd1c5dd897', '09a1ddc7-5133-4858-b8e1-c89de2eefe3b', 'winner');
insert into matches (id, show_id, match_number, match_type, stipulation, is_title_match, title_id, is_mitb, mitb_cashin, defeat_type, rating, is_draw) values ('7996a123-3375-46c2-97d6-a466773b09ff', 'dffc171d-4fda-4082-8fa6-ea867d5f768f', 9, 'Tag Team', NULL, FALSE, NULL, NULL, FALSE, 'Pin', 4.0, FALSE);
insert into match_participants (match_id, team_id, result) values ('7996a123-3375-46c2-97d6-a466773b09ff', 'f7a2e157-4b15-4f76-92c8-41e8e2dea5c6', 'loser');
insert into match_participants (match_id, team_id, result) values ('7996a123-3375-46c2-97d6-a466773b09ff', '8dd02369-5443-418b-94d5-1970756968ba', 'winner');
insert into shows (id, name, show_date, show_type, ppv_name) values ('bc5e1b33-b7d1-4148-b2f1-c6870284f673', 'DAW 01-19-2024', '2024-01-19', 'weekly', NULL);
insert into matches (id, show_id, match_number, match_type, stipulation, is_title_match, title_id, is_mitb, mitb_cashin, defeat_type, rating, is_draw) values ('3985f9c2-20a0-4f1d-902b-5f66dcb52ec4', 'bc5e1b33-b7d1-4148-b2f1-c6870284f673', 1, 'Single', NULL, FALSE, NULL, NULL, FALSE, 'Pin', 3.5, FALSE);
insert into match_participants (match_id, wrestler_id, result) values ('3985f9c2-20a0-4f1d-902b-5f66dcb52ec4', 'e9c91ec8-e338-445f-b299-1ef3e53110e6', 'winner');
insert into match_participants (match_id, wrestler_id, result) values ('3985f9c2-20a0-4f1d-902b-5f66dcb52ec4', '31f8c2ba-a0c4-4352-ae28-1cf68d200216', 'loser');
insert into matches (id, show_id, match_number, match_type, stipulation, is_title_match, title_id, is_mitb, mitb_cashin, defeat_type, rating, is_draw) values ('324771df-8e49-4026-a2ff-c18492b423d5', 'bc5e1b33-b7d1-4148-b2f1-c6870284f673', 2, 'Single', NULL, FALSE, NULL, NULL, FALSE, 'Pin', 3.5, FALSE);
insert into match_participants (match_id, wrestler_id, result) values ('324771df-8e49-4026-a2ff-c18492b423d5', 'ad63b3fd-9de8-4398-a085-7cc8f264589e', 'winner');
insert into match_participants (match_id, wrestler_id, result) values ('324771df-8e49-4026-a2ff-c18492b423d5', 'd0df50f1-fbbb-4298-ab0c-f7e6e122c4c4', 'loser');
insert into matches (id, show_id, match_number, match_type, stipulation, is_title_match, title_id, is_mitb, mitb_cashin, defeat_type, rating, is_draw) values ('4aa43a68-3e75-4f23-883f-0d0a795605ec', 'bc5e1b33-b7d1-4148-b2f1-c6870284f673', 3, 'Tag Team', NULL, FALSE, NULL, NULL, FALSE, 'Pin', 3.0, FALSE);
insert into match_participants (match_id, team_id, result) values ('4aa43a68-3e75-4f23-883f-0d0a795605ec', '1e9ea366-fb52-496c-a960-2c327a8677d2', 'winner');
insert into match_participants (match_id, team_id, result) values ('4aa43a68-3e75-4f23-883f-0d0a795605ec', 'f10035f5-dbd0-4e54-974c-abe9f75f0c51', 'loser');
insert into matches (id, show_id, match_number, match_type, stipulation, is_title_match, title_id, is_mitb, mitb_cashin, defeat_type, rating, is_draw) values ('3cdc6c46-39e1-4996-9483-0781aa07e428', 'bc5e1b33-b7d1-4148-b2f1-c6870284f673', 4, 'Single', NULL, FALSE, NULL, NULL, FALSE, 'Pin', 3.5, FALSE);
insert into match_participants (match_id, wrestler_id, result) values ('3cdc6c46-39e1-4996-9483-0781aa07e428', '004c7b59-d738-4718-a1f0-39aa22e8039d', 'winner');
insert into match_participants (match_id, wrestler_id, result) values ('3cdc6c46-39e1-4996-9483-0781aa07e428', '9683fa4f-ffaf-4185-938d-e4a435a5aef7', 'loser');
insert into matches (id, show_id, match_number, match_type, stipulation, is_title_match, title_id, is_mitb, mitb_cashin, defeat_type, rating, is_draw) values ('e317fbde-3235-4cc3-9eac-9eb3509b260a', 'bc5e1b33-b7d1-4148-b2f1-c6870284f673', 5, 'Single', NULL, FALSE, NULL, NULL, FALSE, 'Pin', 4.0, FALSE);
insert into match_participants (match_id, wrestler_id, result) values ('e317fbde-3235-4cc3-9eac-9eb3509b260a', 'b53deaf4-6809-46c8-a85f-587ef1ead267', 'winner');
insert into match_participants (match_id, wrestler_id, result) values ('e317fbde-3235-4cc3-9eac-9eb3509b260a', '0d2420e5-4511-44a9-8d66-a70eef1ce8d4', 'loser');
insert into matches (id, show_id, match_number, match_type, stipulation, is_title_match, title_id, is_mitb, mitb_cashin, defeat_type, rating, is_draw) values ('0733238d-8251-4eb4-8b50-4be6653920a0', 'bc5e1b33-b7d1-4148-b2f1-c6870284f673', 6, 'Single', NULL, FALSE, NULL, NULL, FALSE, 'Pin', 3.5, FALSE);
insert into match_participants (match_id, wrestler_id, result) values ('0733238d-8251-4eb4-8b50-4be6653920a0', 'db9025f4-91c4-47e8-b3de-e3864852a4c8', 'winner');
insert into match_participants (match_id, wrestler_id, result) values ('0733238d-8251-4eb4-8b50-4be6653920a0', '1fdbaeea-4dc7-41ff-9ce9-394d33e1ace4', 'loser');
insert into matches (id, show_id, match_number, match_type, stipulation, is_title_match, title_id, is_mitb, mitb_cashin, defeat_type, rating, is_draw) values ('17358d57-2ef8-495b-a3e7-3f47819ece0d', 'bc5e1b33-b7d1-4148-b2f1-c6870284f673', 7, 'Triple Threat', NULL, FALSE, NULL, NULL, FALSE, 'Pin', 4.0, FALSE);
insert into match_participants (match_id, wrestler_id, result) values ('17358d57-2ef8-495b-a3e7-3f47819ece0d', 'f53c5be3-c66c-4d29-b281-5c0157203703', 'loser');
insert into match_participants (match_id, wrestler_id, result) values ('17358d57-2ef8-495b-a3e7-3f47819ece0d', '122e2f4f-61c3-46f1-8de6-407a73f0712e', 'loser');
insert into match_participants (match_id, wrestler_id, result) values ('17358d57-2ef8-495b-a3e7-3f47819ece0d', '2c23bf2a-90de-4618-9564-8e0e622857f1', 'winner');
insert into matches (id, show_id, match_number, match_type, stipulation, is_title_match, title_id, is_mitb, mitb_cashin, defeat_type, rating, is_draw) values ('68628fc3-2867-4182-8243-c5273342124f', 'bc5e1b33-b7d1-4148-b2f1-c6870284f673', 8, 'Single', NULL, FALSE, NULL, NULL, FALSE, 'Pin', 4.5, FALSE);
insert into match_participants (match_id, wrestler_id, result) values ('68628fc3-2867-4182-8243-c5273342124f', 'ae2ce814-315f-41f0-ab99-eddf09a7d4c5', 'winner');
insert into match_participants (match_id, wrestler_id, result) values ('68628fc3-2867-4182-8243-c5273342124f', '09a1ddc7-5133-4858-b8e1-c89de2eefe3b', 'loser');
insert into matches (id, show_id, match_number, match_type, stipulation, is_title_match, title_id, is_mitb, mitb_cashin, defeat_type, rating, is_draw) values ('2eca202c-9706-4a0e-97e9-90be4927b5aa', 'bc5e1b33-b7d1-4148-b2f1-c6870284f673', 9, 'Single', NULL, FALSE, NULL, NULL, FALSE, 'Pin', 4.0, FALSE);
insert into match_participants (match_id, wrestler_id, result) values ('2eca202c-9706-4a0e-97e9-90be4927b5aa', '24041ddc-d965-4815-8c45-c9f97a2ed2c1', 'loser');
insert into match_participants (match_id, wrestler_id, result) values ('2eca202c-9706-4a0e-97e9-90be4927b5aa', '6744f55d-802e-4dc8-83da-df85f7d6e050', 'winner');
insert into shows (id, name, show_date, show_type, ppv_name) values ('e4b6029d-93fc-4d48-ad7b-43fb5f1cb29b', 'DAW 01-26-2024', '2024-01-26', 'weekly', NULL);
insert into matches (id, show_id, match_number, match_type, stipulation, is_title_match, title_id, is_mitb, mitb_cashin, defeat_type, rating, is_draw) values ('51f73b06-0b6c-4385-965f-792a47254b5c', 'e4b6029d-93fc-4d48-ad7b-43fb5f1cb29b', 1, 'Tag Team', NULL, FALSE, NULL, NULL, FALSE, 'Pin', 3.0, FALSE);
insert into matches (id, show_id, match_number, match_type, stipulation, is_title_match, title_id, is_mitb, mitb_cashin, defeat_type, rating, is_draw) values ('2f84e69f-6ed9-4f8c-a304-566eb812beb3', 'e4b6029d-93fc-4d48-ad7b-43fb5f1cb29b', 2, 'Single', NULL, FALSE, NULL, NULL, FALSE, 'Pin', 3.5, FALSE);
insert into match_participants (match_id, wrestler_id, result) values ('2f84e69f-6ed9-4f8c-a304-566eb812beb3', '0072611a-281e-4de5-bf57-fbc9696651ec', 'loser');
insert into matches (id, show_id, match_number, match_type, stipulation, is_title_match, title_id, is_mitb, mitb_cashin, defeat_type, rating, is_draw) values ('52e44c2a-fbc4-45f8-a0b7-0233b8a333b3', 'e4b6029d-93fc-4d48-ad7b-43fb5f1cb29b', 3, 'Tag Team', NULL, FALSE, NULL, NULL, FALSE, 'Pin', 3.0, FALSE);
insert into match_participants (match_id, team_id, result) values ('52e44c2a-fbc4-45f8-a0b7-0233b8a333b3', '68c622dc-e758-4f54-9c6b-cfa737db8028', 'winner');
insert into matches (id, show_id, match_number, match_type, stipulation, is_title_match, title_id, is_mitb, mitb_cashin, defeat_type, rating, is_draw) values ('b86eff7d-f9c9-4d30-a2a8-7a3035f29247', 'e4b6029d-93fc-4d48-ad7b-43fb5f1cb29b', 4, 'Single', 'Extreme Rules', FALSE, NULL, NULL, FALSE, 'Pin', 3.0, FALSE);
insert into match_participants (match_id, wrestler_id, result) values ('b86eff7d-f9c9-4d30-a2a8-7a3035f29247', '07687962-07c0-46b6-9541-2d8b60e3c2c1', 'loser');
insert into matches (id, show_id, match_number, match_type, stipulation, is_title_match, title_id, is_mitb, mitb_cashin, defeat_type, rating, is_draw) values ('43e69d6d-5722-4134-a21a-3c0df425067c', 'e4b6029d-93fc-4d48-ad7b-43fb5f1cb29b', 5, 'Tag Team', NULL, FALSE, NULL, NULL, FALSE, 'Pin', 3.0, FALSE);
insert into match_participants (match_id, team_id, result) values ('43e69d6d-5722-4134-a21a-3c0df425067c', 'f7a2e157-4b15-4f76-92c8-41e8e2dea5c6', 'loser');
insert into matches (id, show_id, match_number, match_type, stipulation, is_title_match, title_id, is_mitb, mitb_cashin, defeat_type, rating, is_draw) values ('7cb109fb-61b8-4ff9-a50b-7a93ba7fce30', 'e4b6029d-93fc-4d48-ad7b-43fb5f1cb29b', 6, 'Tag Team', NULL, FALSE, NULL, NULL, FALSE, 'Pin', 3.0, FALSE);
insert into match_participants (match_id, team_id, result) values ('7cb109fb-61b8-4ff9-a50b-7a93ba7fce30', '4d291dac-5ef2-467e-b2ff-e7af71557c4d', 'winner');
insert into matches (id, show_id, match_number, match_type, stipulation, is_title_match, title_id, is_mitb, mitb_cashin, defeat_type, rating, is_draw) values ('57ff2ea6-4768-4ccd-89a0-ca1b37d8bbb8', 'e4b6029d-93fc-4d48-ad7b-43fb5f1cb29b', 7, 'Single', 'TLC', FALSE, NULL, NULL, FALSE, 'Pin', 1.0, FALSE);
insert into match_participants (match_id, wrestler_id, result) values ('57ff2ea6-4768-4ccd-89a0-ca1b37d8bbb8', '1fdbaeea-4dc7-41ff-9ce9-394d33e1ace4', 'winner');
insert into match_participants (match_id, wrestler_id, result) values ('57ff2ea6-4768-4ccd-89a0-ca1b37d8bbb8', '4133041b-c715-4a9b-9732-e284339a6843', 'loser');
insert into matches (id, show_id, match_number, match_type, stipulation, is_title_match, title_id, is_mitb, mitb_cashin, defeat_type, rating, is_draw) values ('5cdd3302-be61-466b-b2dd-037e7ef7bb6e', 'e4b6029d-93fc-4d48-ad7b-43fb5f1cb29b', 8, 'Single', NULL, FALSE, NULL, NULL, FALSE, 'Pin', 4.5, FALSE);
insert into matches (id, show_id, match_number, match_type, stipulation, is_title_match, title_id, is_mitb, mitb_cashin, defeat_type, rating, is_draw) values ('9742e6b0-af8b-4454-b102-8c75100386b5', 'e4b6029d-93fc-4d48-ad7b-43fb5f1cb29b', 9, 'Single', NULL, FALSE, NULL, NULL, FALSE, 'Pin', 3.0, FALSE);
insert into match_participants (match_id, wrestler_id, result) values ('9742e6b0-af8b-4454-b102-8c75100386b5', '004c7b59-d738-4718-a1f0-39aa22e8039d', 'loser');
insert into matches (id, show_id, match_number, match_type, stipulation, is_title_match, title_id, is_mitb, mitb_cashin, defeat_type, rating, is_draw) values ('810ea4c9-05ef-4238-8627-e8dd25b556be', 'e4b6029d-93fc-4d48-ad7b-43fb5f1cb29b', 10, 'Single', NULL, FALSE, NULL, NULL, FALSE, 'Pin', 3.0, FALSE);
insert into match_participants (match_id, wrestler_id, result) values ('810ea4c9-05ef-4238-8627-e8dd25b556be', '8afecc06-d295-4dcf-9a88-f0f5b2bcd72f', 'loser');
insert into matches (id, show_id, match_number, match_type, stipulation, is_title_match, title_id, is_mitb, mitb_cashin, defeat_type, rating, is_draw) values ('eb6dd107-5fdf-481a-84a1-d1e65ac457f9', 'e4b6029d-93fc-4d48-ad7b-43fb5f1cb29b', 11, 'Tag Team', NULL, FALSE, NULL, NULL, FALSE, 'Pin', 3.5, FALSE);
insert into match_participants (match_id, team_id, result) values ('eb6dd107-5fdf-481a-84a1-d1e65ac457f9', 'd2ceb13e-7a13-446c-93a0-cc8e2cc4e575', 'winner');
insert into match_participants (match_id, team_id, result) values ('eb6dd107-5fdf-481a-84a1-d1e65ac457f9', 'c1cd0fad-c0fe-48ec-933c-23e2b2e507b0', 'loser');
insert into matches (id, show_id, match_number, match_type, stipulation, is_title_match, title_id, is_mitb, mitb_cashin, defeat_type, rating, is_draw) values ('ee2d95e9-0667-4f8c-a251-de2e6de17078', 'e4b6029d-93fc-4d48-ad7b-43fb5f1cb29b', 12, 'Single', NULL, FALSE, NULL, NULL, FALSE, 'Pin', 3.0, FALSE);
insert into match_participants (match_id, wrestler_id, result) values ('ee2d95e9-0667-4f8c-a251-de2e6de17078', '09a1ddc7-5133-4858-b8e1-c89de2eefe3b', 'winner');
insert into matches (id, show_id, match_number, match_type, stipulation, is_title_match, title_id, is_mitb, mitb_cashin, defeat_type, rating, is_draw) values ('cb4d2f8c-e779-4ab9-bb64-36df3fade9cb', 'e4b6029d-93fc-4d48-ad7b-43fb5f1cb29b', 13, 'Single', NULL, FALSE, NULL, NULL, FALSE, 'Pin', 3.0, FALSE);
insert into match_participants (match_id, wrestler_id, result) values ('cb4d2f8c-e779-4ab9-bb64-36df3fade9cb', '4b6c87e8-988c-4623-addd-d75b9c0b58d1', 'loser');
insert into match_participants (match_id, wrestler_id, result) values ('cb4d2f8c-e779-4ab9-bb64-36df3fade9cb', 'c582c07c-786b-4687-9aeb-b0431edfb330', 'winner');
insert into matches (id, show_id, match_number, match_type, stipulation, is_title_match, title_id, is_mitb, mitb_cashin, defeat_type, rating, is_draw) values ('1d970815-b9db-4968-9daf-250def5b2d1a', 'e4b6029d-93fc-4d48-ad7b-43fb5f1cb29b', 14, 'Battle Royale', NULL, FALSE, NULL, NULL, FALSE, 'Pin', 4.5, FALSE);
insert into match_participants (match_id, wrestler_id, result) values ('1d970815-b9db-4968-9daf-250def5b2d1a', 'cce2403e-b550-4727-9b4c-e04012c77f31', 'loser');
insert into match_participants (match_id, wrestler_id, result) values ('1d970815-b9db-4968-9daf-250def5b2d1a', 'b2d0cb4c-4471-49a3-b524-544ce1bd95a1', 'loser');
insert into match_participants (match_id, wrestler_id, result) values ('1d970815-b9db-4968-9daf-250def5b2d1a', 'd9b273b2-5a17-4561-862b-580d35adc781', 'winner');
insert into match_participants (match_id, wrestler_id, result) values ('1d970815-b9db-4968-9daf-250def5b2d1a', 'd9b273b2-5a17-4561-862b-580d35adc781', 'winner');
insert into match_participants (match_id, wrestler_id, result) values ('1d970815-b9db-4968-9daf-250def5b2d1a', 'd9b273b2-5a17-4561-862b-580d35adc781', 'winner');
insert into match_participants (match_id, wrestler_id, result) values ('1d970815-b9db-4968-9daf-250def5b2d1a', 'd9b273b2-5a17-4561-862b-580d35adc781', 'winner');
insert into match_participants (match_id, wrestler_id, result) values ('1d970815-b9db-4968-9daf-250def5b2d1a', 'd9b273b2-5a17-4561-862b-580d35adc781', 'winner');
insert into match_participants (match_id, wrestler_id, result) values ('1d970815-b9db-4968-9daf-250def5b2d1a', 'd9b273b2-5a17-4561-862b-580d35adc781', 'winner');
insert into matches (id, show_id, match_number, match_type, stipulation, is_title_match, title_id, is_mitb, mitb_cashin, defeat_type, rating, is_draw) values ('97a1f332-5b6d-415f-aeee-e4d358db1a1d', 'e4b6029d-93fc-4d48-ad7b-43fb5f1cb29b', 15, 'Single', 'Extreme Rules', TRUE, '5db4cd6b-6ebe-4a87-b7bb-017af3856766', FALSE, FALSE, 'Pin', 4.5, FALSE);
insert into match_participants (match_id, wrestler_id, result) values ('97a1f332-5b6d-415f-aeee-e4d358db1a1d', '9683fa4f-ffaf-4185-938d-e4a435a5aef7', 'loser');
insert into match_participants (match_id, wrestler_id, result) values ('97a1f332-5b6d-415f-aeee-e4d358db1a1d', 'ad63b3fd-9de8-4398-a085-7cc8f264589e', 'winner');
insert into shows (id, name, show_date, show_type, ppv_name) values ('a1250112-ed7d-4594-8e60-d421fe9bf9f7', 'DAW 02-02-2024', '2024-02-02', 'weekly', NULL);
insert into matches (id, show_id, match_number, match_type, stipulation, is_title_match, title_id, is_mitb, mitb_cashin, defeat_type, rating, is_draw) values ('b81d83d8-824f-4550-85b0-e29e3bf69ff5', 'a1250112-ed7d-4594-8e60-d421fe9bf9f7', 1, 'Single', NULL, FALSE, NULL, NULL, FALSE, 'Pin', 3.0, FALSE);
insert into match_participants (match_id, wrestler_id, result) values ('b81d83d8-824f-4550-85b0-e29e3bf69ff5', '60c99dea-a118-4839-99eb-5de3ca41d5d4', 'winner');
insert into match_participants (match_id, wrestler_id, result) values ('b81d83d8-824f-4550-85b0-e29e3bf69ff5', '0d2420e5-4511-44a9-8d66-a70eef1ce8d4', 'loser');
insert into matches (id, show_id, match_number, match_type, stipulation, is_title_match, title_id, is_mitb, mitb_cashin, defeat_type, rating, is_draw) values ('63e41b13-8d86-4382-bd5a-3258faa5074e', 'a1250112-ed7d-4594-8e60-d421fe9bf9f7', 2, 'Single', NULL, FALSE, NULL, NULL, FALSE, 'Pin', 3.0, FALSE);
insert into match_participants (match_id, wrestler_id, result) values ('63e41b13-8d86-4382-bd5a-3258faa5074e', 'e9c91ec8-e338-445f-b299-1ef3e53110e6', 'winner');
insert into match_participants (match_id, wrestler_id, result) values ('63e41b13-8d86-4382-bd5a-3258faa5074e', 'cce2403e-b550-4727-9b4c-e04012c77f31', 'loser');
insert into matches (id, show_id, match_number, match_type, stipulation, is_title_match, title_id, is_mitb, mitb_cashin, defeat_type, rating, is_draw) values ('c5825727-21fc-4a83-8805-e8bb0835548a', 'a1250112-ed7d-4594-8e60-d421fe9bf9f7', 3, 'Tag Team', NULL, FALSE, NULL, NULL, FALSE, 'Pin', 3.0, FALSE);
insert into match_participants (match_id, team_id, result) values ('c5825727-21fc-4a83-8805-e8bb0835548a', '326ddb77-a43c-4a2e-832e-258e8e55b621', 'loser');
insert into match_participants (match_id, team_id, result) values ('c5825727-21fc-4a83-8805-e8bb0835548a', '1e9ea366-fb52-496c-a960-2c327a8677d2', 'winner');
insert into matches (id, show_id, match_number, match_type, stipulation, is_title_match, title_id, is_mitb, mitb_cashin, defeat_type, rating, is_draw) values ('72c6b1b1-9953-4529-b84b-bfc060d69ba1', 'a1250112-ed7d-4594-8e60-d421fe9bf9f7', 4, 'Single', NULL, FALSE, NULL, NULL, FALSE, 'Pin', 3.0, FALSE);
insert into match_participants (match_id, wrestler_id, result) values ('72c6b1b1-9953-4529-b84b-bfc060d69ba1', '1fdbaeea-4dc7-41ff-9ce9-394d33e1ace4', 'loser');
insert into match_participants (match_id, wrestler_id, result) values ('72c6b1b1-9953-4529-b84b-bfc060d69ba1', 'ad63b3fd-9de8-4398-a085-7cc8f264589e', 'winner');
insert into matches (id, show_id, match_number, match_type, stipulation, is_title_match, title_id, is_mitb, mitb_cashin, defeat_type, rating, is_draw) values ('fba93059-17bd-44f5-a5bf-ed63de8782e7', 'a1250112-ed7d-4594-8e60-d421fe9bf9f7', 5, 'Single', NULL, FALSE, NULL, NULL, FALSE, 'Pin', 3.0, FALSE);
insert into match_participants (match_id, wrestler_id, result) values ('fba93059-17bd-44f5-a5bf-ed63de8782e7', 'b2d0cb4c-4471-49a3-b524-544ce1bd95a1', 'loser');
insert into match_participants (match_id, wrestler_id, result) values ('fba93059-17bd-44f5-a5bf-ed63de8782e7', 'ae2ce814-315f-41f0-ab99-eddf09a7d4c5', 'winner');
insert into matches (id, show_id, match_number, match_type, stipulation, is_title_match, title_id, is_mitb, mitb_cashin, defeat_type, rating, is_draw) values ('413bb476-d56d-4963-afba-318c16e9741e', 'a1250112-ed7d-4594-8e60-d421fe9bf9f7', 6, 'Single', NULL, FALSE, NULL, NULL, FALSE, 'Pin', 3.0, FALSE);
insert into match_participants (match_id, wrestler_id, result) values ('413bb476-d56d-4963-afba-318c16e9741e', '31f8c2ba-a0c4-4352-ae28-1cf68d200216', 'loser');
insert into match_participants (match_id, wrestler_id, result) values ('413bb476-d56d-4963-afba-318c16e9741e', '9683fa4f-ffaf-4185-938d-e4a435a5aef7', 'winner');
insert into matches (id, show_id, match_number, match_type, stipulation, is_title_match, title_id, is_mitb, mitb_cashin, defeat_type, rating, is_draw) values ('1a273f58-cf22-4fe4-ba0a-c4afc3ec7ccc', 'a1250112-ed7d-4594-8e60-d421fe9bf9f7', 7, 'Tag Team', NULL, FALSE, NULL, NULL, FALSE, 'Pin', 3.0, FALSE);
insert into match_participants (match_id, team_id, result) values ('1a273f58-cf22-4fe4-ba0a-c4afc3ec7ccc', 'eebd2a89-a1f9-4931-982e-9cf035d48429', 'winner');
insert into match_participants (match_id, team_id, result) values ('1a273f58-cf22-4fe4-ba0a-c4afc3ec7ccc', 'f7a2e157-4b15-4f76-92c8-41e8e2dea5c6', 'loser');
insert into matches (id, show_id, match_number, match_type, stipulation, is_title_match, title_id, is_mitb, mitb_cashin, defeat_type, rating, is_draw) values ('83197e45-5dd1-4aa8-9b6f-9c3c66bc9ca6', 'a1250112-ed7d-4594-8e60-d421fe9bf9f7', 8, 'Single', NULL, FALSE, NULL, NULL, FALSE, 'Pin', 3.0, FALSE);
insert into match_participants (match_id, wrestler_id, result) values ('83197e45-5dd1-4aa8-9b6f-9c3c66bc9ca6', 'db9025f4-91c4-47e8-b3de-e3864852a4c8', 'loser');
insert into match_participants (match_id, wrestler_id, result) values ('83197e45-5dd1-4aa8-9b6f-9c3c66bc9ca6', '09a1ddc7-5133-4858-b8e1-c89de2eefe3b', 'winner');
insert into matches (id, show_id, match_number, match_type, stipulation, is_title_match, title_id, is_mitb, mitb_cashin, defeat_type, rating, is_draw) values ('f9f06ea0-8bf6-4c02-89b4-40db41e80266', 'a1250112-ed7d-4594-8e60-d421fe9bf9f7', 9, 'Triple Threat', NULL, FALSE, NULL, NULL, FALSE, 'Pin', 4.0, FALSE);
insert into match_participants (match_id, wrestler_id, result) values ('f9f06ea0-8bf6-4c02-89b4-40db41e80266', 'f53c5be3-c66c-4d29-b281-5c0157203703', 'loser');
insert into match_participants (match_id, wrestler_id, result) values ('f9f06ea0-8bf6-4c02-89b4-40db41e80266', '24041ddc-d965-4815-8c45-c9f97a2ed2c1', 'loser');
insert into match_participants (match_id, wrestler_id, result) values ('f9f06ea0-8bf6-4c02-89b4-40db41e80266', '2c23bf2a-90de-4618-9564-8e0e622857f1', 'winner');
insert into shows (id, name, show_date, show_type, ppv_name) values ('249ced34-27c6-49de-84f1-235496dad03c', 'DAW 02-09-2024', '2024-02-09', 'weekly', NULL);
insert into matches (id, show_id, match_number, match_type, stipulation, is_title_match, title_id, is_mitb, mitb_cashin, defeat_type, rating, is_draw) values ('ba9fec48-6da6-4ff1-930d-6491aabe0256', '249ced34-27c6-49de-84f1-235496dad03c', 1, 'Single', NULL, FALSE, NULL, NULL, FALSE, 'Pin', 3.5, FALSE);
insert into match_participants (match_id, wrestler_id, result) values ('ba9fec48-6da6-4ff1-930d-6491aabe0256', 'f53c5be3-c66c-4d29-b281-5c0157203703', 'winner');
insert into match_participants (match_id, wrestler_id, result) values ('ba9fec48-6da6-4ff1-930d-6491aabe0256', '0d2420e5-4511-44a9-8d66-a70eef1ce8d4', 'loser');
insert into matches (id, show_id, match_number, match_type, stipulation, is_title_match, title_id, is_mitb, mitb_cashin, defeat_type, rating, is_draw) values ('4b02f5f3-3a0f-4fd4-88ea-2bc24825efaa', '249ced34-27c6-49de-84f1-235496dad03c', 2, 'Single', NULL, FALSE, NULL, NULL, FALSE, 'Pin', 3.5, FALSE);
insert into match_participants (match_id, wrestler_id, result) values ('4b02f5f3-3a0f-4fd4-88ea-2bc24825efaa', '1fdbaeea-4dc7-41ff-9ce9-394d33e1ace4', 'winner');
insert into match_participants (match_id, wrestler_id, result) values ('4b02f5f3-3a0f-4fd4-88ea-2bc24825efaa', 'cce2403e-b550-4727-9b4c-e04012c77f31', 'loser');
insert into matches (id, show_id, match_number, match_type, stipulation, is_title_match, title_id, is_mitb, mitb_cashin, defeat_type, rating, is_draw) values ('003e711a-aaae-4259-ae41-453cfddb25a6', '249ced34-27c6-49de-84f1-235496dad03c', 3, 'Tag Team', NULL, FALSE, NULL, NULL, FALSE, 'No Contest', 0.5, TRUE);
insert into match_participants (match_id, team_id, result) values ('003e711a-aaae-4259-ae41-453cfddb25a6', 'c8701498-3b43-490d-9ea9-cab4c4371776', 'winner');
insert into match_participants (match_id, team_id, result) values ('003e711a-aaae-4259-ae41-453cfddb25a6', '1e9ea366-fb52-496c-a960-2c327a8677d2', 'winner');
insert into matches (id, show_id, match_number, match_type, stipulation, is_title_match, title_id, is_mitb, mitb_cashin, defeat_type, rating, is_draw) values ('0d01298c-b5ee-451b-a0be-a8cd6e913b56', '249ced34-27c6-49de-84f1-235496dad03c', 4, 'Single', NULL, FALSE, NULL, NULL, FALSE, 'Pin', 3.0, FALSE);
insert into match_participants (match_id, wrestler_id, result) values ('0d01298c-b5ee-451b-a0be-a8cd6e913b56', 'e9c91ec8-e338-445f-b299-1ef3e53110e6', 'loser');
insert into match_participants (match_id, wrestler_id, result) values ('0d01298c-b5ee-451b-a0be-a8cd6e913b56', 'ad63b3fd-9de8-4398-a085-7cc8f264589e', 'winner');
insert into matches (id, show_id, match_number, match_type, stipulation, is_title_match, title_id, is_mitb, mitb_cashin, defeat_type, rating, is_draw) values ('deb65024-7f12-4f7c-a1d0-f1b6a7ea592b', '249ced34-27c6-49de-84f1-235496dad03c', 5, 'Triple Threat', NULL, FALSE, NULL, NULL, FALSE, 'Pin', 4.0, FALSE);
insert into match_participants (match_id, wrestler_id, result) values ('deb65024-7f12-4f7c-a1d0-f1b6a7ea592b', 'b2d0cb4c-4471-49a3-b524-544ce1bd95a1', 'winner');
insert into match_participants (match_id, wrestler_id, result) values ('deb65024-7f12-4f7c-a1d0-f1b6a7ea592b', 'ae2ce814-315f-41f0-ab99-eddf09a7d4c5', 'loser');
insert into match_participants (match_id, wrestler_id, result) values ('deb65024-7f12-4f7c-a1d0-f1b6a7ea592b', 'fce02e68-03a4-4670-a5d4-a6790f4f92a1', 'loser');
insert into matches (id, show_id, match_number, match_type, stipulation, is_title_match, title_id, is_mitb, mitb_cashin, defeat_type, rating, is_draw) values ('d6054845-53d8-41ec-80cd-d0f20de912e7', '249ced34-27c6-49de-84f1-235496dad03c', 6, 'Single', NULL, FALSE, NULL, NULL, FALSE, 'Pin', 3.5, FALSE);
insert into match_participants (match_id, wrestler_id, result) values ('d6054845-53d8-41ec-80cd-d0f20de912e7', '45d6759a-e627-41e8-b142-68a6772440d1', 'winner');
insert into match_participants (match_id, wrestler_id, result) values ('d6054845-53d8-41ec-80cd-d0f20de912e7', '122e2f4f-61c3-46f1-8de6-407a73f0712e', 'loser');
insert into matches (id, show_id, match_number, match_type, stipulation, is_title_match, title_id, is_mitb, mitb_cashin, defeat_type, rating, is_draw) values ('bb4d077d-90f7-43c5-a42b-c56182075baa', '249ced34-27c6-49de-84f1-235496dad03c', 7, 'Single', NULL, FALSE, NULL, NULL, FALSE, 'Pin', 3.0, FALSE);
insert into match_participants (match_id, wrestler_id, result) values ('bb4d077d-90f7-43c5-a42b-c56182075baa', '0072611a-281e-4de5-bf57-fbc9696651ec', 'winner');
insert into match_participants (match_id, wrestler_id, result) values ('bb4d077d-90f7-43c5-a42b-c56182075baa', 'b53deaf4-6809-46c8-a85f-587ef1ead267', 'loser');
insert into matches (id, show_id, match_number, match_type, stipulation, is_title_match, title_id, is_mitb, mitb_cashin, defeat_type, rating, is_draw) values ('90949d85-1cf9-4e3e-856a-9b95975327e1', '249ced34-27c6-49de-84f1-235496dad03c', 8, 'Single', NULL, FALSE, NULL, NULL, FALSE, 'Pin', 4.0, FALSE);
insert into match_participants (match_id, wrestler_id, result) values ('90949d85-1cf9-4e3e-856a-9b95975327e1', '2c23bf2a-90de-4618-9564-8e0e622857f1', 'winner');
insert into match_participants (match_id, wrestler_id, result) values ('90949d85-1cf9-4e3e-856a-9b95975327e1', '24041ddc-d965-4815-8c45-c9f97a2ed2c1', 'loser');
insert into matches (id, show_id, match_number, match_type, stipulation, is_title_match, title_id, is_mitb, mitb_cashin, defeat_type, rating, is_draw) values ('f10fc9cd-3e01-48e4-ad8d-22b11c73678c', '249ced34-27c6-49de-84f1-235496dad03c', 9, 'Single', NULL, FALSE, NULL, NULL, FALSE, 'Pin', 3.0, FALSE);
insert into match_participants (match_id, wrestler_id, result) values ('f10fc9cd-3e01-48e4-ad8d-22b11c73678c', '7d9945b2-59a0-4661-8206-198fec52bb2f', 'loser');
insert into match_participants (match_id, wrestler_id, result) values ('f10fc9cd-3e01-48e4-ad8d-22b11c73678c', '09a1ddc7-5133-4858-b8e1-c89de2eefe3b', 'winner');
insert into shows (id, name, show_date, show_type, ppv_name) values ('5be1df16-9089-4bcf-ba8e-6f46d8b4f866', 'DAW 02-16-2024', '2024-02-16', 'weekly', NULL);
insert into matches (id, show_id, match_number, match_type, stipulation, is_title_match, title_id, is_mitb, mitb_cashin, defeat_type, rating, is_draw) values ('9eaab272-df1a-4da8-ae63-187eaab7db6e', '5be1df16-9089-4bcf-ba8e-6f46d8b4f866', 1, 'Single', NULL, FALSE, NULL, NULL, FALSE, 'Pin', 3.0, FALSE);
insert into match_participants (match_id, wrestler_id, result) values ('9eaab272-df1a-4da8-ae63-187eaab7db6e', 'e9c91ec8-e338-445f-b299-1ef3e53110e6', 'loser');
insert into match_participants (match_id, wrestler_id, result) values ('9eaab272-df1a-4da8-ae63-187eaab7db6e', '7d9945b2-59a0-4661-8206-198fec52bb2f', 'winner');
insert into matches (id, show_id, match_number, match_type, stipulation, is_title_match, title_id, is_mitb, mitb_cashin, defeat_type, rating, is_draw) values ('913b0d34-621e-4600-aef4-7c3ce5c6dcbc', '5be1df16-9089-4bcf-ba8e-6f46d8b4f866', 2, 'Single', NULL, FALSE, NULL, NULL, FALSE, 'Pin', 3.0, FALSE);
insert into match_participants (match_id, wrestler_id, result) values ('913b0d34-621e-4600-aef4-7c3ce5c6dcbc', 'd5419b1f-c540-4ae7-81e8-9cf6283544db', 'winner');
insert into match_participants (match_id, wrestler_id, result) values ('913b0d34-621e-4600-aef4-7c3ce5c6dcbc', '004c7b59-d738-4718-a1f0-39aa22e8039d', 'loser');
insert into matches (id, show_id, match_number, match_type, stipulation, is_title_match, title_id, is_mitb, mitb_cashin, defeat_type, rating, is_draw) values ('8754a1b3-4a5e-4834-a204-3eaf413b03e3', '5be1df16-9089-4bcf-ba8e-6f46d8b4f866', 3, 'Tag Team', NULL, FALSE, NULL, NULL, FALSE, 'Pin', 3.5, FALSE);
insert into match_participants (match_id, team_id, result) values ('8754a1b3-4a5e-4834-a204-3eaf413b03e3', 'f10035f5-dbd0-4e54-974c-abe9f75f0c51', 'winner');
insert into matches (id, show_id, match_number, match_type, stipulation, is_title_match, title_id, is_mitb, mitb_cashin, defeat_type, rating, is_draw) values ('4b4a6ccf-57e4-4cb5-bdf3-f3cbf9ef1fb4', '5be1df16-9089-4bcf-ba8e-6f46d8b4f866', 4, 'Single', NULL, FALSE, NULL, NULL, FALSE, 'Pin', 3.0, FALSE);
insert into match_participants (match_id, wrestler_id, result) values ('4b4a6ccf-57e4-4cb5-bdf3-f3cbf9ef1fb4', '7ca7fd7b-2526-41ea-b143-cdd82f404014', 'winner');
insert into match_participants (match_id, wrestler_id, result) values ('4b4a6ccf-57e4-4cb5-bdf3-f3cbf9ef1fb4', '07687962-07c0-46b6-9541-2d8b60e3c2c1', 'loser');
insert into matches (id, show_id, match_number, match_type, stipulation, is_title_match, title_id, is_mitb, mitb_cashin, defeat_type, rating, is_draw) values ('958f046f-46fb-40cf-bbdc-6ad10214b95f', '5be1df16-9089-4bcf-ba8e-6f46d8b4f866', 5, 'Triple Threat', NULL, FALSE, NULL, NULL, FALSE, 'Pin', 4.0, FALSE);
insert into match_participants (match_id, wrestler_id, result) values ('958f046f-46fb-40cf-bbdc-6ad10214b95f', 'db9025f4-91c4-47e8-b3de-e3864852a4c8', 'loser');
insert into match_participants (match_id, wrestler_id, result) values ('958f046f-46fb-40cf-bbdc-6ad10214b95f', 'ae2ce814-315f-41f0-ab99-eddf09a7d4c5', 'loser');
insert into match_participants (match_id, wrestler_id, result) values ('958f046f-46fb-40cf-bbdc-6ad10214b95f', '31f8c2ba-a0c4-4352-ae28-1cf68d200216', 'winner');
insert into matches (id, show_id, match_number, match_type, stipulation, is_title_match, title_id, is_mitb, mitb_cashin, defeat_type, rating, is_draw) values ('68373b0a-e650-45cf-b43f-af86ba72027e', '5be1df16-9089-4bcf-ba8e-6f46d8b4f866', 6, 'Single', NULL, FALSE, NULL, NULL, FALSE, 'Pin', 3.5, FALSE);
insert into match_participants (match_id, wrestler_id, result) values ('68373b0a-e650-45cf-b43f-af86ba72027e', '9683fa4f-ffaf-4185-938d-e4a435a5aef7', 'winner');
insert into match_participants (match_id, wrestler_id, result) values ('68373b0a-e650-45cf-b43f-af86ba72027e', 'c582c07c-786b-4687-9aeb-b0431edfb330', 'loser');
insert into matches (id, show_id, match_number, match_type, stipulation, is_title_match, title_id, is_mitb, mitb_cashin, defeat_type, rating, is_draw) values ('ad2b45f1-ea9c-487a-a084-d9391ccaad35', '5be1df16-9089-4bcf-ba8e-6f46d8b4f866', 7, 'Single', NULL, FALSE, NULL, NULL, FALSE, 'Pin', 3.0, FALSE);
insert into match_participants (match_id, wrestler_id, result) values ('ad2b45f1-ea9c-487a-a084-d9391ccaad35', 'd0df50f1-fbbb-4298-ab0c-f7e6e122c4c4', 'loser');
insert into match_participants (match_id, wrestler_id, result) values ('ad2b45f1-ea9c-487a-a084-d9391ccaad35', 'ad63b3fd-9de8-4398-a085-7cc8f264589e', 'winner');
insert into matches (id, show_id, match_number, match_type, stipulation, is_title_match, title_id, is_mitb, mitb_cashin, defeat_type, rating, is_draw) values ('ec510317-96cc-4d1f-95ba-a30aac05ee74', '5be1df16-9089-4bcf-ba8e-6f46d8b4f866', 8, 'Single', NULL, FALSE, NULL, NULL, FALSE, 'Pin', 4.5, FALSE);
insert into match_participants (match_id, wrestler_id, result) values ('ec510317-96cc-4d1f-95ba-a30aac05ee74', '1fdbaeea-4dc7-41ff-9ce9-394d33e1ace4', 'winner');
insert into match_participants (match_id, wrestler_id, result) values ('ec510317-96cc-4d1f-95ba-a30aac05ee74', '09a1ddc7-5133-4858-b8e1-c89de2eefe3b', 'loser');
insert into matches (id, show_id, match_number, match_type, stipulation, is_title_match, title_id, is_mitb, mitb_cashin, defeat_type, rating, is_draw) values ('30414326-30d4-4c11-a5aa-c7adab58056e', '5be1df16-9089-4bcf-ba8e-6f46d8b4f866', 9, 'Tag Team', NULL, FALSE, NULL, NULL, FALSE, 'Pin', 4.5, FALSE);
insert into match_participants (match_id, team_id, result) values ('30414326-30d4-4c11-a5aa-c7adab58056e', 'f7a2e157-4b15-4f76-92c8-41e8e2dea5c6', 'winner');
insert into match_participants (match_id, team_id, result) values ('30414326-30d4-4c11-a5aa-c7adab58056e', '37867637-ea7c-4d6c-9e59-fb37627e1172', 'loser');
insert into match_participants (match_id, team_id, result) values ('30414326-30d4-4c11-a5aa-c7adab58056e', '8dd02369-5443-418b-94d5-1970756968ba', 'loser');
insert into shows (id, name, show_date, show_type, ppv_name) values ('47be444c-355b-4137-b4f6-cba5c2dd2e97', 'DAW 03-01-2024', '2024-03-01', 'weekly', NULL);
insert into matches (id, show_id, match_number, match_type, stipulation, is_title_match, title_id, is_mitb, mitb_cashin, defeat_type, rating, is_draw) values ('91966555-120c-4f0c-9c5e-4462ea6ccd29', '47be444c-355b-4137-b4f6-cba5c2dd2e97', 1, 'Tag Team', NULL, TRUE, '4091f18e-1fb8-441e-b708-1729cb0b0011', FALSE, FALSE, 'Pin', 2.5, FALSE);
insert into match_participants (match_id, team_id, result) values ('91966555-120c-4f0c-9c5e-4462ea6ccd29', '1e9ea366-fb52-496c-a960-2c327a8677d2', 'winner');
insert into matches (id, show_id, match_number, match_type, stipulation, is_title_match, title_id, is_mitb, mitb_cashin, defeat_type, rating, is_draw) values ('479e44e8-f343-44c6-8a74-c1b50a2619a6', '47be444c-355b-4137-b4f6-cba5c2dd2e97', 2, 'Single', NULL, FALSE, NULL, NULL, FALSE, 'Pin', 3.0, FALSE);
insert into match_participants (match_id, wrestler_id, result) values ('479e44e8-f343-44c6-8a74-c1b50a2619a6', '8afecc06-d295-4dcf-9a88-f0f5b2bcd72f', 'winner');
insert into match_participants (match_id, wrestler_id, result) values ('479e44e8-f343-44c6-8a74-c1b50a2619a6', 'fce02e68-03a4-4670-a5d4-a6790f4f92a1', 'loser');
insert into matches (id, show_id, match_number, match_type, stipulation, is_title_match, title_id, is_mitb, mitb_cashin, defeat_type, rating, is_draw) values ('a98a4976-a8af-4d00-b353-04d15e1ccae1', '47be444c-355b-4137-b4f6-cba5c2dd2e97', 3, 'Single', NULL, FALSE, NULL, NULL, FALSE, 'Pin', 3.5, FALSE);
insert into match_participants (match_id, wrestler_id, result) values ('a98a4976-a8af-4d00-b353-04d15e1ccae1', 'd0df50f1-fbbb-4298-ab0c-f7e6e122c4c4', 'loser');
insert into match_participants (match_id, wrestler_id, result) values ('a98a4976-a8af-4d00-b353-04d15e1ccae1', 'c582c07c-786b-4687-9aeb-b0431edfb330', 'winner');
insert into matches (id, show_id, match_number, match_type, stipulation, is_title_match, title_id, is_mitb, mitb_cashin, defeat_type, rating, is_draw) values ('ef4a569d-c057-40a4-9cc8-02c35704794e', '47be444c-355b-4137-b4f6-cba5c2dd2e97', 4, 'Single', NULL, TRUE, '5db4cd6b-6ebe-4a87-b7bb-017af3856766', FALSE, FALSE, 'Pin', 3.5, FALSE);
insert into match_participants (match_id, wrestler_id, result) values ('ef4a569d-c057-40a4-9cc8-02c35704794e', 'ae2ce814-315f-41f0-ab99-eddf09a7d4c5', 'loser');
insert into match_participants (match_id, wrestler_id, result) values ('ef4a569d-c057-40a4-9cc8-02c35704794e', 'ad63b3fd-9de8-4398-a085-7cc8f264589e', 'winner');
insert into matches (id, show_id, match_number, match_type, stipulation, is_title_match, title_id, is_mitb, mitb_cashin, defeat_type, rating, is_draw) values ('5aa91628-34c4-4257-9b76-e7433d3f6eae', '47be444c-355b-4137-b4f6-cba5c2dd2e97', 5, 'Single', NULL, FALSE, NULL, NULL, FALSE, 'Pin', 3.5, FALSE);
insert into match_participants (match_id, wrestler_id, result) values ('5aa91628-34c4-4257-9b76-e7433d3f6eae', 'cce2403e-b550-4727-9b4c-e04012c77f31', 'winner');
insert into match_participants (match_id, wrestler_id, result) values ('5aa91628-34c4-4257-9b76-e7433d3f6eae', 'e9c91ec8-e338-445f-b299-1ef3e53110e6', 'loser');
insert into matches (id, show_id, match_number, match_type, stipulation, is_title_match, title_id, is_mitb, mitb_cashin, defeat_type, rating, is_draw) values ('69ec316a-fd69-4c71-90f3-58c7ae982990', '47be444c-355b-4137-b4f6-cba5c2dd2e97', 6, 'Tag Team', NULL, TRUE, 'c35e55d3-eeb9-45fd-8160-df160862cff0', FALSE, FALSE, 'Pin', 2.5, FALSE);
insert into match_participants (match_id, team_id, result) values ('69ec316a-fd69-4c71-90f3-58c7ae982990', 'f7a2e157-4b15-4f76-92c8-41e8e2dea5c6', 'winner');
insert into matches (id, show_id, match_number, match_type, stipulation, is_title_match, title_id, is_mitb, mitb_cashin, defeat_type, rating, is_draw) values ('0e60d7aa-5153-443e-9e85-ffcdb61bee28', '47be444c-355b-4137-b4f6-cba5c2dd2e97', 7, 'Single', NULL, FALSE, NULL, NULL, FALSE, 'No Contest', 1.0, FALSE);
insert into match_participants (match_id, wrestler_id, result) values ('0e60d7aa-5153-443e-9e85-ffcdb61bee28', '7d9945b2-59a0-4661-8206-198fec52bb2f', 'winner');
insert into match_participants (match_id, wrestler_id, result) values ('0e60d7aa-5153-443e-9e85-ffcdb61bee28', '87e03c56-c65e-4c6b-82f4-5fa5ea0eeada', 'loser');
insert into matches (id, show_id, match_number, match_type, stipulation, is_title_match, title_id, is_mitb, mitb_cashin, defeat_type, rating, is_draw) values ('01f39560-9c21-455f-850d-c4a554cb9a2d', '47be444c-355b-4137-b4f6-cba5c2dd2e97', 8, 'Single', NULL, FALSE, NULL, NULL, FALSE, 'Pin', 3.0, FALSE);
insert into match_participants (match_id, wrestler_id, result) values ('01f39560-9c21-455f-850d-c4a554cb9a2d', '236dddd8-b6e3-4f50-9e8d-7b54fe489a20', 'winner');
insert into match_participants (match_id, wrestler_id, result) values ('01f39560-9c21-455f-850d-c4a554cb9a2d', 'd02a9351-6c1e-46ef-bb03-473a19e744f4', 'loser');
insert into matches (id, show_id, match_number, match_type, stipulation, is_title_match, title_id, is_mitb, mitb_cashin, defeat_type, rating, is_draw) values ('d8a81c06-3fc3-4f3b-bf10-484b5db9e573', '47be444c-355b-4137-b4f6-cba5c2dd2e97', 9, '6-Man', 'Elimination Chamber', TRUE, 'f3ec52c9-649b-48cb-aa37-da278fbd72df', FALSE, FALSE, 'Pin', 4.5, FALSE);
insert into match_participants (match_id, wrestler_id, result) values ('d8a81c06-3fc3-4f3b-bf10-484b5db9e573', '7e31c302-05ee-4325-989f-aefa74f76445', 'loser');
insert into match_participants (match_id, wrestler_id, result) values ('d8a81c06-3fc3-4f3b-bf10-484b5db9e573', 'bc93b973-151b-48ca-8d75-8f6c220a0d31', 'winner');
insert into match_participants (match_id, wrestler_id, result) values ('d8a81c06-3fc3-4f3b-bf10-484b5db9e573', '0d2420e5-4511-44a9-8d66-a70eef1ce8d4', 'loser');
insert into match_participants (match_id, wrestler_id, result) values ('d8a81c06-3fc3-4f3b-bf10-484b5db9e573', 'f53c5be3-c66c-4d29-b281-5c0157203703', 'loser');
insert into match_participants (match_id, wrestler_id, result) values ('d8a81c06-3fc3-4f3b-bf10-484b5db9e573', '60c99dea-a118-4839-99eb-5de3ca41d5d4', 'loser');
insert into match_participants (match_id, wrestler_id, result) values ('d8a81c06-3fc3-4f3b-bf10-484b5db9e573', '6744f55d-802e-4dc8-83da-df85f7d6e050', 'loser');
insert into matches (id, show_id, match_number, match_type, stipulation, is_title_match, title_id, is_mitb, mitb_cashin, defeat_type, rating, is_draw) values ('5f829238-4880-4a91-87a4-1f2bc76f4346', '47be444c-355b-4137-b4f6-cba5c2dd2e97', 10, 'Single', NULL, TRUE, '5d3e065c-43d1-41ee-8d24-e876f1e2b2a1', FALSE, FALSE, 'Pin', 4.0, FALSE);
insert into match_participants (match_id, wrestler_id, result) values ('5f829238-4880-4a91-87a4-1f2bc76f4346', '2c23bf2a-90de-4618-9564-8e0e622857f1', 'loser');
insert into match_participants (match_id, wrestler_id, result) values ('5f829238-4880-4a91-87a4-1f2bc76f4346', '24041ddc-d965-4815-8c45-c9f97a2ed2c1', 'winner');
insert into matches (id, show_id, match_number, match_type, stipulation, is_title_match, title_id, is_mitb, mitb_cashin, defeat_type, rating, is_draw) values ('07c6999f-c36a-488f-bacb-d39cfcae8d2c', '47be444c-355b-4137-b4f6-cba5c2dd2e97', 11, '6-Man', 'Elimination Chamber', TRUE, '02b0c038-accb-495b-8d6a-8891a7b51554', FALSE, FALSE, 'Pin', 4.0, FALSE);
insert into match_participants (match_id, wrestler_id, result) values ('07c6999f-c36a-488f-bacb-d39cfcae8d2c', '1fdbaeea-4dc7-41ff-9ce9-394d33e1ace4', 'winner');
insert into match_participants (match_id, wrestler_id, result) values ('07c6999f-c36a-488f-bacb-d39cfcae8d2c', 'db9025f4-91c4-47e8-b3de-e3864852a4c8', 'loser');
insert into match_participants (match_id, wrestler_id, result) values ('07c6999f-c36a-488f-bacb-d39cfcae8d2c', '9683fa4f-ffaf-4185-938d-e4a435a5aef7', 'loser');
insert into match_participants (match_id, wrestler_id, result) values ('07c6999f-c36a-488f-bacb-d39cfcae8d2c', '31f8c2ba-a0c4-4352-ae28-1cf68d200216', 'loser');
insert into match_participants (match_id, wrestler_id, result) values ('07c6999f-c36a-488f-bacb-d39cfcae8d2c', '09a1ddc7-5133-4858-b8e1-c89de2eefe3b', 'loser');
insert into shows (id, name, show_date, show_type, ppv_name) values ('e157b282-58a8-4ee2-9cc7-5a29b70d4973', 'DAW 03-08-2024', '2024-03-08', 'weekly', NULL);
insert into matches (id, show_id, match_number, match_type, stipulation, is_title_match, title_id, is_mitb, mitb_cashin, defeat_type, rating, is_draw) values ('61b45f28-5ab4-4695-9709-cab9795e2c78', 'e157b282-58a8-4ee2-9cc7-5a29b70d4973', 1, 'Single', NULL, FALSE, NULL, NULL, FALSE, 'Pin', 3.5, FALSE);
insert into match_participants (match_id, wrestler_id, result) values ('61b45f28-5ab4-4695-9709-cab9795e2c78', 'b2d0cb4c-4471-49a3-b524-544ce1bd95a1', 'winner');
insert into match_participants (match_id, wrestler_id, result) values ('61b45f28-5ab4-4695-9709-cab9795e2c78', '8afecc06-d295-4dcf-9a88-f0f5b2bcd72f', 'loser');
insert into matches (id, show_id, match_number, match_type, stipulation, is_title_match, title_id, is_mitb, mitb_cashin, defeat_type, rating, is_draw) values ('d556fe11-d9ff-4437-af5e-3115339967e1', 'e157b282-58a8-4ee2-9cc7-5a29b70d4973', 2, 'Single', NULL, FALSE, NULL, NULL, FALSE, 'Pin', 3.5, FALSE);
insert into match_participants (match_id, wrestler_id, result) values ('d556fe11-d9ff-4437-af5e-3115339967e1', 'fe2b910f-9821-448e-928d-da0ba9221a8e', 'loser');
insert into match_participants (match_id, wrestler_id, result) values ('d556fe11-d9ff-4437-af5e-3115339967e1', '9683fa4f-ffaf-4185-938d-e4a435a5aef7', 'winner');
insert into matches (id, show_id, match_number, match_type, stipulation, is_title_match, title_id, is_mitb, mitb_cashin, defeat_type, rating, is_draw) values ('4f9a6875-22c9-4e01-a567-3c2b24626d64', 'e157b282-58a8-4ee2-9cc7-5a29b70d4973', 3, 'Tornado Tag Team', NULL, FALSE, NULL, NULL, FALSE, 'Pin', 2.0, FALSE);
insert into match_participants (match_id, team_id, result) values ('4f9a6875-22c9-4e01-a567-3c2b24626d64', '4d291dac-5ef2-467e-b2ff-e7af71557c4d', 'winner');
insert into match_participants (match_id, team_id, result) values ('4f9a6875-22c9-4e01-a567-3c2b24626d64', '1e9ea366-fb52-496c-a960-2c327a8677d2', 'loser');
insert into matches (id, show_id, match_number, match_type, stipulation, is_title_match, title_id, is_mitb, mitb_cashin, defeat_type, rating, is_draw) values ('438f41c3-c3e7-4844-810f-86700ff5f7eb', 'e157b282-58a8-4ee2-9cc7-5a29b70d4973', 4, 'Single', NULL, FALSE, NULL, NULL, FALSE, 'Sub', 4.5, FALSE);
insert into match_participants (match_id, wrestler_id, result) values ('438f41c3-c3e7-4844-810f-86700ff5f7eb', '0d2420e5-4511-44a9-8d66-a70eef1ce8d4', 'winner');
insert into match_participants (match_id, wrestler_id, result) values ('438f41c3-c3e7-4844-810f-86700ff5f7eb', '2c23bf2a-90de-4618-9564-8e0e622857f1', 'loser');
insert into matches (id, show_id, match_number, match_type, stipulation, is_title_match, title_id, is_mitb, mitb_cashin, defeat_type, rating, is_draw) values ('02357e00-583c-4be0-9c75-20e003a520dd', 'e157b282-58a8-4ee2-9cc7-5a29b70d4973', 5, 'Single', NULL, FALSE, NULL, NULL, FALSE, 'Pin', 1.5, FALSE);
insert into match_participants (match_id, wrestler_id, result) values ('02357e00-583c-4be0-9c75-20e003a520dd', 'ae2ce814-315f-41f0-ab99-eddf09a7d4c5', 'loser');
insert into matches (id, show_id, match_number, match_type, stipulation, is_title_match, title_id, is_mitb, mitb_cashin, defeat_type, rating, is_draw) values ('5911b172-bc4e-4551-85e4-eb6ea6069e54', 'e157b282-58a8-4ee2-9cc7-5a29b70d4973', 6, 'Single', NULL, FALSE, NULL, NULL, FALSE, 'Pin', 2.0, FALSE);
insert into match_participants (match_id, wrestler_id, result) values ('5911b172-bc4e-4551-85e4-eb6ea6069e54', 'cce2403e-b550-4727-9b4c-e04012c77f31', 'loser');
insert into match_participants (match_id, wrestler_id, result) values ('5911b172-bc4e-4551-85e4-eb6ea6069e54', '0fe9e528-1533-4867-8646-25084f3bc1a1', 'winner');
insert into matches (id, show_id, match_number, match_type, stipulation, is_title_match, title_id, is_mitb, mitb_cashin, defeat_type, rating, is_draw) values ('945bbb80-f721-4e9a-86e8-214ad8528d1c', 'e157b282-58a8-4ee2-9cc7-5a29b70d4973', 7, 'Triple Threat', NULL, FALSE, NULL, NULL, FALSE, 'Pin', 2.5, FALSE);
insert into match_participants (match_id, wrestler_id, result) values ('945bbb80-f721-4e9a-86e8-214ad8528d1c', 'f53c5be3-c66c-4d29-b281-5c0157203703', 'loser');
insert into match_participants (match_id, wrestler_id, result) values ('945bbb80-f721-4e9a-86e8-214ad8528d1c', '122e2f4f-61c3-46f1-8de6-407a73f0712e', 'loser');
insert into match_participants (match_id, wrestler_id, result) values ('945bbb80-f721-4e9a-86e8-214ad8528d1c', '24041ddc-d965-4815-8c45-c9f97a2ed2c1', 'winner');
insert into matches (id, show_id, match_number, match_type, stipulation, is_title_match, title_id, is_mitb, mitb_cashin, defeat_type, rating, is_draw) values ('113253aa-1fa9-4fed-97ec-8dd98fa9f557', 'e157b282-58a8-4ee2-9cc7-5a29b70d4973', 8, 'Single', NULL, FALSE, NULL, NULL, FALSE, 'Pin', 4.0, FALSE);
insert into match_participants (match_id, wrestler_id, result) values ('113253aa-1fa9-4fed-97ec-8dd98fa9f557', '60c99dea-a118-4839-99eb-5de3ca41d5d4', 'winner');
insert into match_participants (match_id, wrestler_id, result) values ('113253aa-1fa9-4fed-97ec-8dd98fa9f557', 'bc93b973-151b-48ca-8d75-8f6c220a0d31', 'loser');
insert into matches (id, show_id, match_number, match_type, stipulation, is_title_match, title_id, is_mitb, mitb_cashin, defeat_type, rating, is_draw) values ('990c22f1-f44f-43d9-a9db-70ff083e44a0', 'e157b282-58a8-4ee2-9cc7-5a29b70d4973', 9, 'Single', 'No Holds Barred', FALSE, NULL, FALSE, FALSE, 'Pin', 5.0, FALSE);
insert into match_participants (match_id, wrestler_id, result) values ('990c22f1-f44f-43d9-a9db-70ff083e44a0', '09a1ddc7-5133-4858-b8e1-c89de2eefe3b', 'winner');
insert into match_participants (match_id, wrestler_id, result) values ('990c22f1-f44f-43d9-a9db-70ff083e44a0', '1fdbaeea-4dc7-41ff-9ce9-394d33e1ace4', 'loser');
insert into shows (id, name, show_date, show_type, ppv_name) values ('98fd361d-de49-4354-83b8-db40f608d7d7', 'DAW 03-15-2024', '2024-03-15', 'weekly', NULL);
insert into matches (id, show_id, match_number, match_type, stipulation, is_title_match, title_id, is_mitb, mitb_cashin, defeat_type, rating, is_draw) values ('8f99317a-8a52-41a1-a615-45635c1934f6', '98fd361d-de49-4354-83b8-db40f608d7d7', 1, 'Single', NULL, FALSE, NULL, NULL, FALSE, 'DQ', 0.5, FALSE);
insert into match_participants (match_id, wrestler_id, result) values ('8f99317a-8a52-41a1-a615-45635c1934f6', '122e2f4f-61c3-46f1-8de6-407a73f0712e', 'winner');
insert into match_participants (match_id, wrestler_id, result) values ('8f99317a-8a52-41a1-a615-45635c1934f6', '0d2420e5-4511-44a9-8d66-a70eef1ce8d4', 'loser');
insert into matches (id, show_id, match_number, match_type, stipulation, is_title_match, title_id, is_mitb, mitb_cashin, defeat_type, rating, is_draw) values ('a60730b0-9b2d-472f-b84b-725cf6d132c4', '98fd361d-de49-4354-83b8-db40f608d7d7', 2, 'Single', NULL, FALSE, NULL, NULL, FALSE, 'Pin', 3.5, FALSE);
insert into match_participants (match_id, wrestler_id, result) values ('a60730b0-9b2d-472f-b84b-725cf6d132c4', 'e9c91ec8-e338-445f-b299-1ef3e53110e6', 'winner');
insert into match_participants (match_id, wrestler_id, result) values ('a60730b0-9b2d-472f-b84b-725cf6d132c4', 'd5419b1f-c540-4ae7-81e8-9cf6283544db', 'loser');
insert into matches (id, show_id, match_number, match_type, stipulation, is_title_match, title_id, is_mitb, mitb_cashin, defeat_type, rating, is_draw) values ('9af58cd7-4e48-4429-9532-f019a03500d9', '98fd361d-de49-4354-83b8-db40f608d7d7', 3, 'Single', NULL, FALSE, NULL, NULL, FALSE, 'Pin', 4.0, FALSE);
insert into match_participants (match_id, wrestler_id, result) values ('9af58cd7-4e48-4429-9532-f019a03500d9', 'db9025f4-91c4-47e8-b3de-e3864852a4c8', 'loser');
insert into match_participants (match_id, wrestler_id, result) values ('9af58cd7-4e48-4429-9532-f019a03500d9', 'ad63b3fd-9de8-4398-a085-7cc8f264589e', 'winner');
insert into matches (id, show_id, match_number, match_type, stipulation, is_title_match, title_id, is_mitb, mitb_cashin, defeat_type, rating, is_draw) values ('7c1b76aa-1f88-4b7e-8c96-e6df8bda4534', '98fd361d-de49-4354-83b8-db40f608d7d7', 4, 'Single', NULL, FALSE, NULL, NULL, FALSE, 'Pin', 3.0, FALSE);
insert into match_participants (match_id, wrestler_id, result) values ('7c1b76aa-1f88-4b7e-8c96-e6df8bda4534', '2c23bf2a-90de-4618-9564-8e0e622857f1', 'winner');
insert into match_participants (match_id, wrestler_id, result) values ('7c1b76aa-1f88-4b7e-8c96-e6df8bda4534', '45d6759a-e627-41e8-b142-68a6772440d1', 'loser');
insert into matches (id, show_id, match_number, match_type, stipulation, is_title_match, title_id, is_mitb, mitb_cashin, defeat_type, rating, is_draw) values ('f3a9d8a8-c2d6-49f8-b65a-f665813089ba', '98fd361d-de49-4354-83b8-db40f608d7d7', 5, '6-Man', NULL, FALSE, NULL, NULL, FALSE, 'Pin', 3.5, FALSE);
insert into match_participants (match_id, wrestler_id, result) values ('f3a9d8a8-c2d6-49f8-b65a-f665813089ba', '09a1ddc7-5133-4858-b8e1-c89de2eefe3b', 'loser');
insert into match_participants (match_id, wrestler_id, result) values ('f3a9d8a8-c2d6-49f8-b65a-f665813089ba', 'c582c07c-786b-4687-9aeb-b0431edfb330', 'loser');
insert into match_participants (match_id, wrestler_id, result) values ('f3a9d8a8-c2d6-49f8-b65a-f665813089ba', '1fdbaeea-4dc7-41ff-9ce9-394d33e1ace4', 'loser');
insert into match_participants (match_id, wrestler_id, result) values ('f3a9d8a8-c2d6-49f8-b65a-f665813089ba', '7ca7fd7b-2526-41ea-b143-cdd82f404014', 'winner');
insert into match_participants (match_id, wrestler_id, result) values ('f3a9d8a8-c2d6-49f8-b65a-f665813089ba', '7d9945b2-59a0-4661-8206-198fec52bb2f', 'loser');
insert into match_participants (match_id, wrestler_id, result) values ('f3a9d8a8-c2d6-49f8-b65a-f665813089ba', '43cf1a50-987d-4c83-a79c-32af2e1748bc', 'loser');
insert into match_participants (match_id, wrestler_id, result) values ('f3a9d8a8-c2d6-49f8-b65a-f665813089ba', 'd0df50f1-fbbb-4298-ab0c-f7e6e122c4c4', 'loser');
insert into match_participants (match_id, wrestler_id, result) values ('f3a9d8a8-c2d6-49f8-b65a-f665813089ba', '2ac78512-097e-4b54-a45b-c67fe4aa1ea6', 'loser');
insert into matches (id, show_id, match_number, match_type, stipulation, is_title_match, title_id, is_mitb, mitb_cashin, defeat_type, rating, is_draw) values ('15734336-a387-4e01-ab17-8040ebfeed2d', '98fd361d-de49-4354-83b8-db40f608d7d7', 6, 'Single', 'Ladder', FALSE, NULL, NULL, FALSE, 'Pin', 1.5, FALSE);
insert into match_participants (match_id, wrestler_id, result) values ('15734336-a387-4e01-ab17-8040ebfeed2d', '9683fa4f-ffaf-4185-938d-e4a435a5aef7', 'loser');
insert into match_participants (match_id, wrestler_id, result) values ('15734336-a387-4e01-ab17-8040ebfeed2d', '31f8c2ba-a0c4-4352-ae28-1cf68d200216', 'winner');
insert into matches (id, show_id, match_number, match_type, stipulation, is_title_match, title_id, is_mitb, mitb_cashin, defeat_type, rating, is_draw) values ('a199b887-ed99-4aaa-9147-3c7259b1cdf7', '98fd361d-de49-4354-83b8-db40f608d7d7', 7, 'Triple Threat', NULL, FALSE, NULL, NULL, FALSE, 'Sub', 4.0, FALSE);
insert into match_participants (match_id, wrestler_id, result) values ('a199b887-ed99-4aaa-9147-3c7259b1cdf7', '0072611a-281e-4de5-bf57-fbc9696651ec', 'winner');
insert into match_participants (match_id, wrestler_id, result) values ('a199b887-ed99-4aaa-9147-3c7259b1cdf7', '60c99dea-a118-4839-99eb-5de3ca41d5d4', 'loser');
insert into match_participants (match_id, wrestler_id, result) values ('a199b887-ed99-4aaa-9147-3c7259b1cdf7', 'bc93b973-151b-48ca-8d75-8f6c220a0d31', 'loser');
insert into matches (id, show_id, match_number, match_type, stipulation, is_title_match, title_id, is_mitb, mitb_cashin, defeat_type, rating, is_draw) values ('67c47e68-5e14-41d3-bd82-196420497443', '98fd361d-de49-4354-83b8-db40f608d7d7', 8, 'Tornado Tag Team', NULL, FALSE, NULL, NULL, FALSE, 'Pin', 3.0, FALSE);
insert into matches (id, show_id, match_number, match_type, stipulation, is_title_match, title_id, is_mitb, mitb_cashin, defeat_type, rating, is_draw) values ('dece9ddd-cfa7-4b98-9448-af4a8db57bdb', '98fd361d-de49-4354-83b8-db40f608d7d7', 9, 'Single', NULL, FALSE, NULL, NULL, FALSE, 'Pin', 3.5, FALSE);
insert into match_participants (match_id, wrestler_id, result) values ('dece9ddd-cfa7-4b98-9448-af4a8db57bdb', 'ae2ce814-315f-41f0-ab99-eddf09a7d4c5', 'loser');
insert into shows (id, name, show_date, show_type, ppv_name) values ('40410e00-9d15-4bae-ad53-44abc0c56647', 'DAW 03-22-2024', '2024-03-22', 'weekly', NULL);
insert into matches (id, show_id, match_number, match_type, stipulation, is_title_match, title_id, is_mitb, mitb_cashin, defeat_type, rating, is_draw) values ('2281b1d7-e175-4847-8644-14c46b89f795', '40410e00-9d15-4bae-ad53-44abc0c56647', 1, 'Single', NULL, FALSE, NULL, NULL, FALSE, 'Sub', 2.5, FALSE);
insert into match_participants (match_id, wrestler_id, result) values ('2281b1d7-e175-4847-8644-14c46b89f795', 'e9c91ec8-e338-445f-b299-1ef3e53110e6', 'winner');
insert into match_participants (match_id, wrestler_id, result) values ('2281b1d7-e175-4847-8644-14c46b89f795', 'fe192097-a77b-4d95-a8b9-0f0147ab04a6', 'loser');
insert into matches (id, show_id, match_number, match_type, stipulation, is_title_match, title_id, is_mitb, mitb_cashin, defeat_type, rating, is_draw) values ('2b258bf8-635d-483b-9048-dec025cbfc78', '40410e00-9d15-4bae-ad53-44abc0c56647', 2, 'Single', NULL, FALSE, NULL, NULL, FALSE, 'Pin', 2.0, FALSE);
insert into match_participants (match_id, wrestler_id, result) values ('2b258bf8-635d-483b-9048-dec025cbfc78', 'bc93b973-151b-48ca-8d75-8f6c220a0d31', 'loser');
insert into match_participants (match_id, wrestler_id, result) values ('2b258bf8-635d-483b-9048-dec025cbfc78', '24041ddc-d965-4815-8c45-c9f97a2ed2c1', 'winner');
insert into matches (id, show_id, match_number, match_type, stipulation, is_title_match, title_id, is_mitb, mitb_cashin, defeat_type, rating, is_draw) values ('783dfebd-bda3-478c-8fde-0fe20195ef1c', '40410e00-9d15-4bae-ad53-44abc0c56647', 3, 'Single', NULL, FALSE, NULL, NULL, FALSE, 'Pin', 3.0, FALSE);
insert into match_participants (match_id, wrestler_id, result) values ('783dfebd-bda3-478c-8fde-0fe20195ef1c', '7d9945b2-59a0-4661-8206-198fec52bb2f', 'loser');
insert into match_participants (match_id, wrestler_id, result) values ('783dfebd-bda3-478c-8fde-0fe20195ef1c', '07687962-07c0-46b6-9541-2d8b60e3c2c1', 'winner');
insert into matches (id, show_id, match_number, match_type, stipulation, is_title_match, title_id, is_mitb, mitb_cashin, defeat_type, rating, is_draw) values ('404e5c84-b82d-46ac-acc0-284a326ae004', '40410e00-9d15-4bae-ad53-44abc0c56647', 4, 'Single', NULL, FALSE, NULL, NULL, FALSE, 'Pin', 3.0, FALSE);
insert into match_participants (match_id, wrestler_id, result) values ('404e5c84-b82d-46ac-acc0-284a326ae004', 'db9025f4-91c4-47e8-b3de-e3864852a4c8', 'loser');
insert into match_participants (match_id, wrestler_id, result) values ('404e5c84-b82d-46ac-acc0-284a326ae004', '31f8c2ba-a0c4-4352-ae28-1cf68d200216', 'winner');
insert into matches (id, show_id, match_number, match_type, stipulation, is_title_match, title_id, is_mitb, mitb_cashin, defeat_type, rating, is_draw) values ('90b0e68f-aa59-4258-9348-a9539fa4740a', '40410e00-9d15-4bae-ad53-44abc0c56647', 5, 'Single', NULL, FALSE, NULL, NULL, FALSE, 'Pin', 2.0, FALSE);
insert into match_participants (match_id, wrestler_id, result) values ('90b0e68f-aa59-4258-9348-a9539fa4740a', '9683fa4f-ffaf-4185-938d-e4a435a5aef7', 'winner');
insert into match_participants (match_id, wrestler_id, result) values ('90b0e68f-aa59-4258-9348-a9539fa4740a', '09a1ddc7-5133-4858-b8e1-c89de2eefe3b', 'loser');
insert into matches (id, show_id, match_number, match_type, stipulation, is_title_match, title_id, is_mitb, mitb_cashin, defeat_type, rating, is_draw) values ('1cff420f-af88-45c8-a032-43910e18ee87', '40410e00-9d15-4bae-ad53-44abc0c56647', 6, 'Single', NULL, FALSE, NULL, NULL, FALSE, 'Pin', 4.0, FALSE);
insert into match_participants (match_id, wrestler_id, result) values ('1cff420f-af88-45c8-a032-43910e18ee87', 'ad63b3fd-9de8-4398-a085-7cc8f264589e', 'loser');
insert into match_participants (match_id, wrestler_id, result) values ('1cff420f-af88-45c8-a032-43910e18ee87', '152ce1d4-2816-4c5c-82d3-7a4fa068a413', 'winner');
insert into matches (id, show_id, match_number, match_type, stipulation, is_title_match, title_id, is_mitb, mitb_cashin, defeat_type, rating, is_draw) values ('1c3f79a4-e105-40e2-93fe-2340b6c4170e', '40410e00-9d15-4bae-ad53-44abc0c56647', 7, 'Tornado Tag Team', NULL, FALSE, NULL, NULL, FALSE, 'Sub', 3.0, FALSE);
insert into matches (id, show_id, match_number, match_type, stipulation, is_title_match, title_id, is_mitb, mitb_cashin, defeat_type, rating, is_draw) values ('683d381f-487f-42a7-8838-13cd5a9d687d', '40410e00-9d15-4bae-ad53-44abc0c56647', 8, 'Single', NULL, FALSE, NULL, NULL, FALSE, 'Pin', 1.5, FALSE);
insert into match_participants (match_id, wrestler_id, result) values ('683d381f-487f-42a7-8838-13cd5a9d687d', 'fce02e68-03a4-4670-a5d4-a6790f4f92a1', 'winner');
insert into match_participants (match_id, wrestler_id, result) values ('683d381f-487f-42a7-8838-13cd5a9d687d', 'b2d0cb4c-4471-49a3-b524-544ce1bd95a1', 'loser');
insert into matches (id, show_id, match_number, match_type, stipulation, is_title_match, title_id, is_mitb, mitb_cashin, defeat_type, rating, is_draw) values ('ea6ad904-ad60-4d93-9a66-f0b784c039fd', '40410e00-9d15-4bae-ad53-44abc0c56647', 9, 'Tag Team', NULL, FALSE, NULL, NULL, FALSE, 'Pin', 2.5, FALSE);
insert into shows (id, name, show_date, show_type, ppv_name) values ('4d157e79-7746-4477-97d1-22bad4f961c3', 'DAW 03-29-2024', '2024-03-29', 'weekly', NULL);
insert into matches (id, show_id, match_number, match_type, stipulation, is_title_match, title_id, is_mitb, mitb_cashin, defeat_type, rating, is_draw) values ('3b9b0294-14e0-43d0-bc4a-b9c8187d312f', '4d157e79-7746-4477-97d1-22bad4f961c3', 1, 'Single', NULL, FALSE, NULL, NULL, FALSE, 'Pin', 2.5, FALSE);
insert into match_participants (match_id, wrestler_id, result) values ('3b9b0294-14e0-43d0-bc4a-b9c8187d312f', '070ef826-51e2-44ff-b14f-c0c821af8fd4', 'loser');
insert into match_participants (match_id, wrestler_id, result) values ('3b9b0294-14e0-43d0-bc4a-b9c8187d312f', '1fdbaeea-4dc7-41ff-9ce9-394d33e1ace4', 'winner');
insert into matches (id, show_id, match_number, match_type, stipulation, is_title_match, title_id, is_mitb, mitb_cashin, defeat_type, rating, is_draw) values ('2b053769-6539-42c7-adea-5e5eae74672e', '4d157e79-7746-4477-97d1-22bad4f961c3', 2, 'Single', NULL, FALSE, NULL, NULL, FALSE, 'Pin', 3.0, FALSE);
insert into match_participants (match_id, wrestler_id, result) values ('2b053769-6539-42c7-adea-5e5eae74672e', 'f53c5be3-c66c-4d29-b281-5c0157203703', 'loser');
insert into matches (id, show_id, match_number, match_type, stipulation, is_title_match, title_id, is_mitb, mitb_cashin, defeat_type, rating, is_draw) values ('20905d9e-92fe-4447-a998-413363056f3f', '4d157e79-7746-4477-97d1-22bad4f961c3', 3, 'Single', NULL, FALSE, NULL, NULL, FALSE, 'Sub', 3.0, FALSE);
insert into match_participants (match_id, wrestler_id, result) values ('20905d9e-92fe-4447-a998-413363056f3f', '122e2f4f-61c3-46f1-8de6-407a73f0712e', 'loser');
insert into match_participants (match_id, wrestler_id, result) values ('20905d9e-92fe-4447-a998-413363056f3f', '6744f55d-802e-4dc8-83da-df85f7d6e050', 'winner');
insert into matches (id, show_id, match_number, match_type, stipulation, is_title_match, title_id, is_mitb, mitb_cashin, defeat_type, rating, is_draw) values ('724755cd-f5f4-456b-909d-a4d348861266', '4d157e79-7746-4477-97d1-22bad4f961c3', 4, 'Tag Team', NULL, FALSE, NULL, NULL, FALSE, 'Pin', 2.0, FALSE);
insert into match_participants (match_id, team_id, result) values ('724755cd-f5f4-456b-909d-a4d348861266', '68c622dc-e758-4f54-9c6b-cfa737db8028', 'winner');
insert into match_participants (match_id, team_id, result) values ('724755cd-f5f4-456b-909d-a4d348861266', 'c818c2b6-7c58-495d-afc3-99539ec0e172', 'loser');
insert into matches (id, show_id, match_number, match_type, stipulation, is_title_match, title_id, is_mitb, mitb_cashin, defeat_type, rating, is_draw) values ('9bd5ecb3-1f38-4972-a660-29db3049c512', '4d157e79-7746-4477-97d1-22bad4f961c3', 5, 'Triple Threat', NULL, FALSE, NULL, NULL, FALSE, 'Pin', 4.0, FALSE);
insert into match_participants (match_id, wrestler_id, result) values ('9bd5ecb3-1f38-4972-a660-29db3049c512', '004c7b59-d738-4718-a1f0-39aa22e8039d', 'loser');
insert into match_participants (match_id, wrestler_id, result) values ('9bd5ecb3-1f38-4972-a660-29db3049c512', 'd0df50f1-fbbb-4298-ab0c-f7e6e122c4c4', 'winner');
insert into match_participants (match_id, wrestler_id, result) values ('9bd5ecb3-1f38-4972-a660-29db3049c512', '09a1ddc7-5133-4858-b8e1-c89de2eefe3b', 'loser');
insert into matches (id, show_id, match_number, match_type, stipulation, is_title_match, title_id, is_mitb, mitb_cashin, defeat_type, rating, is_draw) values ('5e1d4faf-1e91-47b5-b0e1-c439b9cdf88f', '4d157e79-7746-4477-97d1-22bad4f961c3', 6, 'Single', NULL, FALSE, NULL, NULL, FALSE, 'Pin', 2.0, FALSE);
insert into match_participants (match_id, wrestler_id, result) values ('5e1d4faf-1e91-47b5-b0e1-c439b9cdf88f', '0d2420e5-4511-44a9-8d66-a70eef1ce8d4', 'loser');
insert into match_participants (match_id, wrestler_id, result) values ('5e1d4faf-1e91-47b5-b0e1-c439b9cdf88f', 'b53deaf4-6809-46c8-a85f-587ef1ead267', 'winner');
insert into matches (id, show_id, match_number, match_type, stipulation, is_title_match, title_id, is_mitb, mitb_cashin, defeat_type, rating, is_draw) values ('0a8f8576-b249-4564-8fdc-f016b29c4851', '4d157e79-7746-4477-97d1-22bad4f961c3', 7, 'Tornado Tag Team', NULL, FALSE, NULL, NULL, FALSE, 'Pin', 2.0, FALSE);
insert into match_participants (match_id, team_id, result) values ('0a8f8576-b249-4564-8fdc-f016b29c4851', 'eebd2a89-a1f9-4931-982e-9cf035d48429', 'loser');
insert into matches (id, show_id, match_number, match_type, stipulation, is_title_match, title_id, is_mitb, mitb_cashin, defeat_type, rating, is_draw) values ('3f6ed9fc-ee1b-4ef8-b43b-eaf6925a8baf', '4d157e79-7746-4477-97d1-22bad4f961c3', 8, 'Single', NULL, FALSE, NULL, NULL, FALSE, 'Pin', 4.5, FALSE);
insert into match_participants (match_id, wrestler_id, result) values ('3f6ed9fc-ee1b-4ef8-b43b-eaf6925a8baf', 'fce02e68-03a4-4670-a5d4-a6790f4f92a1', 'loser');
insert into match_participants (match_id, wrestler_id, result) values ('3f6ed9fc-ee1b-4ef8-b43b-eaf6925a8baf', 'cce2403e-b550-4727-9b4c-e04012c77f31', 'winner');
insert into shows (id, name, show_date, show_type, ppv_name) values ('d6900d7d-10c4-4056-9fb6-efe5300dbbba', 'DAW 04-05-2024', '2024-04-05', 'weekly', NULL);
insert into matches (id, show_id, match_number, match_type, stipulation, is_title_match, title_id, is_mitb, mitb_cashin, defeat_type, rating, is_draw) values ('e64a3855-a734-442f-8508-7f0d735a9af9', 'd6900d7d-10c4-4056-9fb6-efe5300dbbba', 1, 'Tag Team', NULL, TRUE, '4091f18e-1fb8-441e-b708-1729cb0b0011', FALSE, FALSE, 'Pin', 4.5, FALSE);
insert into match_participants (match_id, team_id, result) values ('e64a3855-a734-442f-8508-7f0d735a9af9', '4d291dac-5ef2-467e-b2ff-e7af71557c4d', 'winner');
insert into match_participants (match_id, team_id, result) values ('e64a3855-a734-442f-8508-7f0d735a9af9', '1e9ea366-fb52-496c-a960-2c327a8677d2', 'loser');
insert into matches (id, show_id, match_number, match_type, stipulation, is_title_match, title_id, is_mitb, mitb_cashin, defeat_type, rating, is_draw) values ('a43fd36a-7148-400d-b76b-6043bb0054da', 'd6900d7d-10c4-4056-9fb6-efe5300dbbba', 2, 'Triple Threat', NULL, FALSE, NULL, NULL, FALSE, 'Pin', 3.5, FALSE);
insert into match_participants (match_id, wrestler_id, result) values ('a43fd36a-7148-400d-b76b-6043bb0054da', '7e31c302-05ee-4325-989f-aefa74f76445', 'loser');
insert into match_participants (match_id, wrestler_id, result) values ('a43fd36a-7148-400d-b76b-6043bb0054da', '60c99dea-a118-4839-99eb-5de3ca41d5d4', 'winner');
insert into match_participants (match_id, wrestler_id, result) values ('a43fd36a-7148-400d-b76b-6043bb0054da', '45d6759a-e627-41e8-b142-68a6772440d1', 'loser');
insert into matches (id, show_id, match_number, match_type, stipulation, is_title_match, title_id, is_mitb, mitb_cashin, defeat_type, rating, is_draw) values ('bf5d6820-6a62-4b26-bc8f-9aceb11980e0', 'd6900d7d-10c4-4056-9fb6-efe5300dbbba', 3, 'Single', 'No Holds Barred', FALSE, NULL, NULL, FALSE, 'Pin', 3.0, FALSE);
insert into match_participants (match_id, wrestler_id, result) values ('bf5d6820-6a62-4b26-bc8f-9aceb11980e0', '7ca7fd7b-2526-41ea-b143-cdd82f404014', 'loser');
insert into match_participants (match_id, wrestler_id, result) values ('bf5d6820-6a62-4b26-bc8f-9aceb11980e0', '1fdbaeea-4dc7-41ff-9ce9-394d33e1ace4', 'winner');
insert into matches (id, show_id, match_number, match_type, stipulation, is_title_match, title_id, is_mitb, mitb_cashin, defeat_type, rating, is_draw) values ('08143cf8-8d0e-40ae-a9f8-155eb3da8a02', 'd6900d7d-10c4-4056-9fb6-efe5300dbbba', 4, 'Tag Team', NULL, TRUE, 'c35e55d3-eeb9-45fd-8160-df160862cff0', FALSE, FALSE, 'Sub', 2.5, FALSE);
insert into match_participants (match_id, team_id, result) values ('08143cf8-8d0e-40ae-a9f8-155eb3da8a02', '8dd02369-5443-418b-94d5-1970756968ba', 'winner');
insert into match_participants (match_id, team_id, result) values ('08143cf8-8d0e-40ae-a9f8-155eb3da8a02', 'f7a2e157-4b15-4f76-92c8-41e8e2dea5c6', 'loser');
insert into matches (id, show_id, match_number, match_type, stipulation, is_title_match, title_id, is_mitb, mitb_cashin, defeat_type, rating, is_draw) values ('3d2703ed-deaa-4112-988c-270578525d91', 'd6900d7d-10c4-4056-9fb6-efe5300dbbba', 5, 'Single', NULL, TRUE, NULL, NULL, FALSE, 'Pin', 3.0, FALSE);
insert into match_participants (match_id, wrestler_id, result) values ('3d2703ed-deaa-4112-988c-270578525d91', '3ad68c9b-6056-44ea-95b0-d205d27799c6', 'winner');
insert into match_participants (match_id, wrestler_id, result) values ('3d2703ed-deaa-4112-988c-270578525d91', '004c7b59-d738-4718-a1f0-39aa22e8039d', 'loser');
insert into matches (id, show_id, match_number, match_type, stipulation, is_title_match, title_id, is_mitb, mitb_cashin, defeat_type, rating, is_draw) values ('6e519779-fc06-4609-9742-2aa902b20181', 'd6900d7d-10c4-4056-9fb6-efe5300dbbba', 6, 'Single', 'Iron Man', TRUE, '5db4cd6b-6ebe-4a87-b7bb-017af3856766', FALSE, FALSE, 'Pin', 5.0, FALSE);
insert into match_participants (match_id, wrestler_id, result) values ('6e519779-fc06-4609-9742-2aa902b20181', '9683fa4f-ffaf-4185-938d-e4a435a5aef7', 'loser');
insert into match_participants (match_id, wrestler_id, result) values ('6e519779-fc06-4609-9742-2aa902b20181', 'ad63b3fd-9de8-4398-a085-7cc8f264589e', 'winner');
insert into matches (id, show_id, match_number, match_type, stipulation, is_title_match, title_id, is_mitb, mitb_cashin, defeat_type, rating, is_draw) values ('7e1d67a1-60d5-45ea-9872-1cd60213b7e6', 'd6900d7d-10c4-4056-9fb6-efe5300dbbba', 7, 'Fatal 4-Way', NULL, FALSE, NULL, NULL, FALSE, 'Pin', 2.5, FALSE);
insert into match_participants (match_id, wrestler_id, result) values ('7e1d67a1-60d5-45ea-9872-1cd60213b7e6', 'e9c91ec8-e338-445f-b299-1ef3e53110e6', 'loser');
insert into match_participants (match_id, wrestler_id, result) values ('7e1d67a1-60d5-45ea-9872-1cd60213b7e6', 'c582c07c-786b-4687-9aeb-b0431edfb330', 'loser');
insert into match_participants (match_id, wrestler_id, result) values ('7e1d67a1-60d5-45ea-9872-1cd60213b7e6', 'fe192097-a77b-4d95-a8b9-0f0147ab04a6', 'winner');
insert into match_participants (match_id, wrestler_id, result) values ('7e1d67a1-60d5-45ea-9872-1cd60213b7e6', '31f8c2ba-a0c4-4352-ae28-1cf68d200216', 'loser');
insert into matches (id, show_id, match_number, match_type, stipulation, is_title_match, title_id, is_mitb, mitb_cashin, defeat_type, rating, is_draw) values ('eedb6d6c-8139-4114-8676-02d5ca05baae', 'd6900d7d-10c4-4056-9fb6-efe5300dbbba', 8, 'Single', NULL, TRUE, '5d3e065c-43d1-41ee-8d24-e876f1e2b2a1', FALSE, FALSE, 'Pin', 2.5, FALSE);
insert into match_participants (match_id, wrestler_id, result) values ('eedb6d6c-8139-4114-8676-02d5ca05baae', 'f53c5be3-c66c-4d29-b281-5c0157203703', 'loser');
insert into match_participants (match_id, wrestler_id, result) values ('eedb6d6c-8139-4114-8676-02d5ca05baae', '24041ddc-d965-4815-8c45-c9f97a2ed2c1', 'winner');
insert into matches (id, show_id, match_number, match_type, stipulation, is_title_match, title_id, is_mitb, mitb_cashin, defeat_type, rating, is_draw) values ('abf116b0-dac2-4c3d-a4c7-36fdf245ca9a', 'd6900d7d-10c4-4056-9fb6-efe5300dbbba', 9, 'Single', 'Extreme Rules', FALSE, NULL, NULL, FALSE, 'Pin', 3.5, FALSE);
insert into match_participants (match_id, wrestler_id, result) values ('abf116b0-dac2-4c3d-a4c7-36fdf245ca9a', 'fce02e68-03a4-4670-a5d4-a6790f4f92a1', 'winner');
insert into match_participants (match_id, wrestler_id, result) values ('abf116b0-dac2-4c3d-a4c7-36fdf245ca9a', 'b2d0cb4c-4471-49a3-b524-544ce1bd95a1', 'loser');
insert into matches (id, show_id, match_number, match_type, stipulation, is_title_match, title_id, is_mitb, mitb_cashin, defeat_type, rating, is_draw) values ('f6093a83-91b7-4805-b999-2683b5b9a7e0', 'd6900d7d-10c4-4056-9fb6-efe5300dbbba', 10, 'Single', NULL, TRUE, 'f3ec52c9-649b-48cb-aa37-da278fbd72df', FALSE, FALSE, 'Pin', 3.0, FALSE);
insert into match_participants (match_id, wrestler_id, result) values ('f6093a83-91b7-4805-b999-2683b5b9a7e0', '0072611a-281e-4de5-bf57-fbc9696651ec', 'loser');
insert into match_participants (match_id, wrestler_id, result) values ('f6093a83-91b7-4805-b999-2683b5b9a7e0', 'bc93b973-151b-48ca-8d75-8f6c220a0d31', 'winner');
insert into matches (id, show_id, match_number, match_type, stipulation, is_title_match, title_id, is_mitb, mitb_cashin, defeat_type, rating, is_draw) values ('e2b24784-0a19-418a-b879-954af46f53c7', 'd6900d7d-10c4-4056-9fb6-efe5300dbbba', 11, 'Single', 'No Holds Barred', FALSE, NULL, NULL, FALSE, 'Pin', 3.0, FALSE);
insert into match_participants (match_id, wrestler_id, result) values ('e2b24784-0a19-418a-b879-954af46f53c7', '0d2420e5-4511-44a9-8d66-a70eef1ce8d4', 'loser');
insert into match_participants (match_id, wrestler_id, result) values ('e2b24784-0a19-418a-b879-954af46f53c7', '2c23bf2a-90de-4618-9564-8e0e622857f1', 'winner');
insert into matches (id, show_id, match_number, match_type, stipulation, is_title_match, title_id, is_mitb, mitb_cashin, defeat_type, rating, is_draw) values ('0cb500da-c4b0-4c79-b099-3483813f7b13', 'd6900d7d-10c4-4056-9fb6-efe5300dbbba', 12, 'Single', 'Falls Count Anywhere', FALSE, NULL, NULL, FALSE, 'Pin', 3.0, FALSE);
insert into match_participants (match_id, wrestler_id, result) values ('0cb500da-c4b0-4c79-b099-3483813f7b13', 'ae2ce814-315f-41f0-ab99-eddf09a7d4c5', 'loser');
insert into matches (id, show_id, match_number, match_type, stipulation, is_title_match, title_id, is_mitb, mitb_cashin, defeat_type, rating, is_draw) values ('88cf923c-a035-42ef-aeb8-d469d8848c6e', 'd6900d7d-10c4-4056-9fb6-efe5300dbbba', 13, 'Single', 'Hell in a Cell', FALSE, NULL, NULL, FALSE, 'Pin', 4.5, FALSE);
insert into match_participants (match_id, wrestler_id, result) values ('88cf923c-a035-42ef-aeb8-d469d8848c6e', 'cc6c3160-bb30-4b58-bf49-5a1b4ead3fea', 'winner');
insert into match_participants (match_id, wrestler_id, result) values ('88cf923c-a035-42ef-aeb8-d469d8848c6e', 'cce2403e-b550-4727-9b4c-e04012c77f31', 'loser');
insert into matches (id, show_id, match_number, match_type, stipulation, is_title_match, title_id, is_mitb, mitb_cashin, defeat_type, rating, is_draw) values ('bf8ec9c9-139e-4c63-b442-57e0cb6c4bb7', 'd6900d7d-10c4-4056-9fb6-efe5300dbbba', 14, 'Single', NULL, TRUE, '02b0c038-accb-495b-8d6a-8891a7b51554', FALSE, FALSE, 'Pin', 3.0, FALSE);
insert into match_participants (match_id, wrestler_id, result) values ('bf8ec9c9-139e-4c63-b442-57e0cb6c4bb7', 'd0df50f1-fbbb-4298-ab0c-f7e6e122c4c4', 'winner');
insert into match_participants (match_id, wrestler_id, result) values ('bf8ec9c9-139e-4c63-b442-57e0cb6c4bb7', '09a1ddc7-5133-4858-b8e1-c89de2eefe3b', 'loser');
insert into shows (id, name, show_date, show_type, ppv_name) values ('10df0d68-6e36-4d70-b0f3-baebe145202a', 'DAW 04-12-2024', '2024-04-12', 'weekly', NULL);
insert into matches (id, show_id, match_number, match_type, stipulation, is_title_match, title_id, is_mitb, mitb_cashin, defeat_type, rating, is_draw) values ('702206b6-6e0b-4757-93b1-ecfa0c12f9f0', '10df0d68-6e36-4d70-b0f3-baebe145202a', 1, 'Single', NULL, FALSE, NULL, NULL, FALSE, 'Pin', 3.5, FALSE);
insert into match_participants (match_id, wrestler_id, result) values ('702206b6-6e0b-4757-93b1-ecfa0c12f9f0', '8afecc06-d295-4dcf-9a88-f0f5b2bcd72f', 'loser');
insert into match_participants (match_id, wrestler_id, result) values ('702206b6-6e0b-4757-93b1-ecfa0c12f9f0', '3ad68c9b-6056-44ea-95b0-d205d27799c6', 'winner');
insert into matches (id, show_id, match_number, match_type, stipulation, is_title_match, title_id, is_mitb, mitb_cashin, defeat_type, rating, is_draw) values ('0abfe9c7-9a0f-4532-bf24-3d9b0c906d9f', '10df0d68-6e36-4d70-b0f3-baebe145202a', 2, 'Single', NULL, FALSE, NULL, NULL, FALSE, 'Pin', 2.5, FALSE);
insert into match_participants (match_id, wrestler_id, result) values ('0abfe9c7-9a0f-4532-bf24-3d9b0c906d9f', 'cd5fa7e0-c982-449d-ab4f-cd0b33045715', 'winner');
insert into match_participants (match_id, wrestler_id, result) values ('0abfe9c7-9a0f-4532-bf24-3d9b0c906d9f', '7ca7fd7b-2526-41ea-b143-cdd82f404014', 'loser');
insert into matches (id, show_id, match_number, match_type, stipulation, is_title_match, title_id, is_mitb, mitb_cashin, defeat_type, rating, is_draw) values ('987aa2dc-fc75-4202-a4d9-3bc81eff4bb8', '10df0d68-6e36-4d70-b0f3-baebe145202a', 3, 'Tag Team', NULL, FALSE, NULL, NULL, FALSE, 'Pin', 3.0, FALSE);
insert into match_participants (match_id, team_id, result) values ('987aa2dc-fc75-4202-a4d9-3bc81eff4bb8', 'f10035f5-dbd0-4e54-974c-abe9f75f0c51', 'loser');
insert into match_participants (match_id, team_id, result) values ('987aa2dc-fc75-4202-a4d9-3bc81eff4bb8', '4d291dac-5ef2-467e-b2ff-e7af71557c4d', 'winner');
insert into matches (id, show_id, match_number, match_type, stipulation, is_title_match, title_id, is_mitb, mitb_cashin, defeat_type, rating, is_draw) values ('9d3d70a2-216b-426a-9ac0-2712a0ad0775', '10df0d68-6e36-4d70-b0f3-baebe145202a', 4, 'Single', NULL, FALSE, NULL, NULL, FALSE, 'Pin', 3.0, FALSE);
insert into match_participants (match_id, wrestler_id, result) values ('9d3d70a2-216b-426a-9ac0-2712a0ad0775', '9683fa4f-ffaf-4185-938d-e4a435a5aef7', 'loser');
insert into match_participants (match_id, wrestler_id, result) values ('9d3d70a2-216b-426a-9ac0-2712a0ad0775', 'b0a5de67-da65-4808-bb98-ace3a77fa729', 'winner');
insert into matches (id, show_id, match_number, match_type, stipulation, is_title_match, title_id, is_mitb, mitb_cashin, defeat_type, rating, is_draw) values ('5b6c84b3-9f85-47ce-8049-1def9777a1c9', '10df0d68-6e36-4d70-b0f3-baebe145202a', 5, 'Single', NULL, FALSE, NULL, NULL, FALSE, 'Pin', 4.5, FALSE);
insert into match_participants (match_id, wrestler_id, result) values ('5b6c84b3-9f85-47ce-8049-1def9777a1c9', 'c582c07c-786b-4687-9aeb-b0431edfb330', 'loser');
insert into match_participants (match_id, wrestler_id, result) values ('5b6c84b3-9f85-47ce-8049-1def9777a1c9', '43cf1a50-987d-4c83-a79c-32af2e1748bc', 'winner');
insert into matches (id, show_id, match_number, match_type, stipulation, is_title_match, title_id, is_mitb, mitb_cashin, defeat_type, rating, is_draw) values ('0b704cab-40d1-42b7-98e6-061d30de2b68', '10df0d68-6e36-4d70-b0f3-baebe145202a', 6, 'Tornado Tag Team', NULL, FALSE, NULL, NULL, FALSE, 'Pin', 4.5, FALSE);
insert into match_participants (match_id, team_id, result) values ('0b704cab-40d1-42b7-98e6-061d30de2b68', '851cd315-9431-48a4-aa8a-acca45ae40c2', 'winner');
insert into match_participants (match_id, team_id, result) values ('0b704cab-40d1-42b7-98e6-061d30de2b68', '8dd02369-5443-418b-94d5-1970756968ba', 'loser');
insert into matches (id, show_id, match_number, match_type, stipulation, is_title_match, title_id, is_mitb, mitb_cashin, defeat_type, rating, is_draw) values ('841e94e6-3041-4a74-83d5-9e93c6fb160b', '10df0d68-6e36-4d70-b0f3-baebe145202a', 7, 'Fatal 4-Way', NULL, FALSE, NULL, NULL, FALSE, 'Pin', 2.5, FALSE);
insert into match_participants (match_id, wrestler_id, result) values ('841e94e6-3041-4a74-83d5-9e93c6fb160b', '7e31c302-05ee-4325-989f-aefa74f76445', 'loser');
insert into match_participants (match_id, wrestler_id, result) values ('841e94e6-3041-4a74-83d5-9e93c6fb160b', '0072611a-281e-4de5-bf57-fbc9696651ec', 'loser');
insert into match_participants (match_id, wrestler_id, result) values ('841e94e6-3041-4a74-83d5-9e93c6fb160b', 'bc93b973-151b-48ca-8d75-8f6c220a0d31', 'loser');
insert into match_participants (match_id, wrestler_id, result) values ('841e94e6-3041-4a74-83d5-9e93c6fb160b', '45d6759a-e627-41e8-b142-68a6772440d1', 'winner');
insert into matches (id, show_id, match_number, match_type, stipulation, is_title_match, title_id, is_mitb, mitb_cashin, defeat_type, rating, is_draw) values ('d6f358dc-5133-4ea8-b97c-c1ecd166b172', '10df0d68-6e36-4d70-b0f3-baebe145202a', 8, 'Single', NULL, FALSE, NULL, NULL, FALSE, 'Pin', 3.0, FALSE);
insert into match_participants (match_id, wrestler_id, result) values ('d6f358dc-5133-4ea8-b97c-c1ecd166b172', '0d2420e5-4511-44a9-8d66-a70eef1ce8d4', 'loser');
insert into match_participants (match_id, wrestler_id, result) values ('d6f358dc-5133-4ea8-b97c-c1ecd166b172', '60c99dea-a118-4839-99eb-5de3ca41d5d4', 'winner');
insert into matches (id, show_id, match_number, match_type, stipulation, is_title_match, title_id, is_mitb, mitb_cashin, defeat_type, rating, is_draw) values ('0b0f95a8-d5e0-42db-bd73-a607afa6ea2b', '10df0d68-6e36-4d70-b0f3-baebe145202a', 9, 'Triple Threat', NULL, FALSE, NULL, NULL, FALSE, 'Pin', 3.0, FALSE);
insert into match_participants (match_id, wrestler_id, result) values ('0b0f95a8-d5e0-42db-bd73-a607afa6ea2b', '1c4de4fe-bbbe-420d-b18a-a70501b14a25', 'loser');
insert into match_participants (match_id, wrestler_id, result) values ('0b0f95a8-d5e0-42db-bd73-a607afa6ea2b', '31f8c2ba-a0c4-4352-ae28-1cf68d200216', 'winner');
insert into match_participants (match_id, wrestler_id, result) values ('0b0f95a8-d5e0-42db-bd73-a607afa6ea2b', 'fce02e68-03a4-4670-a5d4-a6790f4f92a1', 'loser');
insert into matches (id, show_id, match_number, match_type, stipulation, is_title_match, title_id, is_mitb, mitb_cashin, defeat_type, rating, is_draw) values ('d0f0884e-a5f0-465d-b163-c4eea0a235b9', '10df0d68-6e36-4d70-b0f3-baebe145202a', 10, 'Single', NULL, FALSE, NULL, NULL, FALSE, 'Pin', 3.0, FALSE);
insert into match_participants (match_id, wrestler_id, result) values ('d0f0884e-a5f0-465d-b163-c4eea0a235b9', 'ad63b3fd-9de8-4398-a085-7cc8f264589e', 'winner');
insert into match_participants (match_id, wrestler_id, result) values ('d0f0884e-a5f0-465d-b163-c4eea0a235b9', 'b2d0cb4c-4471-49a3-b524-544ce1bd95a1', 'loser');
insert into matches (id, show_id, match_number, match_type, stipulation, is_title_match, title_id, is_mitb, mitb_cashin, defeat_type, rating, is_draw) values ('30a8d6fa-85fc-43b5-ba9c-029967f59612', '10df0d68-6e36-4d70-b0f3-baebe145202a', 11, 'Single', NULL, FALSE, NULL, NULL, FALSE, 'Pin', 2.5, FALSE);
insert into match_participants (match_id, wrestler_id, result) values ('30a8d6fa-85fc-43b5-ba9c-029967f59612', '07687962-07c0-46b6-9541-2d8b60e3c2c1', 'loser');
insert into match_participants (match_id, wrestler_id, result) values ('30a8d6fa-85fc-43b5-ba9c-029967f59612', '09a1ddc7-5133-4858-b8e1-c89de2eefe3b', 'winner');
insert into matches (id, show_id, match_number, match_type, stipulation, is_title_match, title_id, is_mitb, mitb_cashin, defeat_type, rating, is_draw) values ('cacc3102-d73c-45c1-bfe9-55ac2e0f792f', '10df0d68-6e36-4d70-b0f3-baebe145202a', 13, 'Single', NULL, FALSE, NULL, NULL, FALSE, 'Pin', 4.0, FALSE);
insert into match_participants (match_id, wrestler_id, result) values ('cacc3102-d73c-45c1-bfe9-55ac2e0f792f', '122e2f4f-61c3-46f1-8de6-407a73f0712e', 'loser');
insert into match_participants (match_id, wrestler_id, result) values ('cacc3102-d73c-45c1-bfe9-55ac2e0f792f', 'f53c5be3-c66c-4d29-b281-5c0157203703', 'winner');
insert into shows (id, name, show_date, show_type, ppv_name) values ('94363bcb-7784-4ac8-9ebc-f72df6cd55da', 'DAW 04-19-2024', '2024-04-19', 'weekly', NULL);
insert into matches (id, show_id, match_number, match_type, stipulation, is_title_match, title_id, is_mitb, mitb_cashin, defeat_type, rating, is_draw) values ('f22a2e95-d982-46b9-9fc8-4a34659d74df', '94363bcb-7784-4ac8-9ebc-f72df6cd55da', 1, 'Single', NULL, FALSE, NULL, NULL, FALSE, 'Sub', 3.0, FALSE);
insert into match_participants (match_id, wrestler_id, result) values ('f22a2e95-d982-46b9-9fc8-4a34659d74df', '0655bec3-0c3f-48ed-b466-a98f20841621', 'winner');
insert into match_participants (match_id, wrestler_id, result) values ('f22a2e95-d982-46b9-9fc8-4a34659d74df', '0d2420e5-4511-44a9-8d66-a70eef1ce8d4', 'loser');
insert into matches (id, show_id, match_number, match_type, stipulation, is_title_match, title_id, is_mitb, mitb_cashin, defeat_type, rating, is_draw) values ('24e145e5-83ec-4e0a-aba3-7f96c1567604', '94363bcb-7784-4ac8-9ebc-f72df6cd55da', 2, 'Single', NULL, FALSE, NULL, NULL, FALSE, 'Pin', 4.0, FALSE);
insert into match_participants (match_id, wrestler_id, result) values ('24e145e5-83ec-4e0a-aba3-7f96c1567604', 'cd5fa7e0-c982-449d-ab4f-cd0b33045715', 'loser');
insert into match_participants (match_id, wrestler_id, result) values ('24e145e5-83ec-4e0a-aba3-7f96c1567604', '9683fa4f-ffaf-4185-938d-e4a435a5aef7', 'winner');
insert into matches (id, show_id, match_number, match_type, stipulation, is_title_match, title_id, is_mitb, mitb_cashin, defeat_type, rating, is_draw) values ('3b398540-382f-419f-ad5e-a89293526f0d', '94363bcb-7784-4ac8-9ebc-f72df6cd55da', 3, 'Tag Team', NULL, FALSE, NULL, NULL, FALSE, 'Pin', 2.5, FALSE);
insert into matches (id, show_id, match_number, match_type, stipulation, is_title_match, title_id, is_mitb, mitb_cashin, defeat_type, rating, is_draw) values ('75a8b735-9aaf-421c-9760-b4d62090bfcb', '94363bcb-7784-4ac8-9ebc-f72df6cd55da', 4, 'Single', NULL, FALSE, NULL, NULL, FALSE, 'Pin', 3.5, FALSE);
insert into match_participants (match_id, wrestler_id, result) values ('75a8b735-9aaf-421c-9760-b4d62090bfcb', 'ad63b3fd-9de8-4398-a085-7cc8f264589e', 'winner');
insert into match_participants (match_id, wrestler_id, result) values ('75a8b735-9aaf-421c-9760-b4d62090bfcb', '31f8c2ba-a0c4-4352-ae28-1cf68d200216', 'loser');
insert into matches (id, show_id, match_number, match_type, stipulation, is_title_match, title_id, is_mitb, mitb_cashin, defeat_type, rating, is_draw) values ('223e7ee3-e829-470e-b883-e27e7a1eb096', '94363bcb-7784-4ac8-9ebc-f72df6cd55da', 5, 'Triple Threat', NULL, FALSE, NULL, NULL, FALSE, 'Pin', 3.5, FALSE);
insert into match_participants (match_id, wrestler_id, result) values ('223e7ee3-e829-470e-b883-e27e7a1eb096', 'b2d0cb4c-4471-49a3-b524-544ce1bd95a1', 'winner');
insert into match_participants (match_id, wrestler_id, result) values ('223e7ee3-e829-470e-b883-e27e7a1eb096', '7d9945b2-59a0-4661-8206-198fec52bb2f', 'loser');
insert into match_participants (match_id, wrestler_id, result) values ('223e7ee3-e829-470e-b883-e27e7a1eb096', 'c582c07c-786b-4687-9aeb-b0431edfb330', 'loser');
insert into matches (id, show_id, match_number, match_type, stipulation, is_title_match, title_id, is_mitb, mitb_cashin, defeat_type, rating, is_draw) values ('8d174fec-5663-4baf-90c6-a40b5afcc637', '94363bcb-7784-4ac8-9ebc-f72df6cd55da', 6, 'Single', NULL, FALSE, NULL, NULL, FALSE, 'Sub', 3.0, FALSE);
insert into match_participants (match_id, wrestler_id, result) values ('8d174fec-5663-4baf-90c6-a40b5afcc637', 'ae2ce814-315f-41f0-ab99-eddf09a7d4c5', 'loser');
insert into match_participants (match_id, wrestler_id, result) values ('8d174fec-5663-4baf-90c6-a40b5afcc637', '004c7b59-d738-4718-a1f0-39aa22e8039d', 'winner');
insert into matches (id, show_id, match_number, match_type, stipulation, is_title_match, title_id, is_mitb, mitb_cashin, defeat_type, rating, is_draw) values ('80afed52-0923-47ac-814e-ed8827f4008f', '94363bcb-7784-4ac8-9ebc-f72df6cd55da', 7, 'Battle Royale', NULL, FALSE, NULL, NULL, FALSE, 'Pin', 3.0, FALSE);
insert into match_participants (match_id, wrestler_id, result) values ('80afed52-0923-47ac-814e-ed8827f4008f', '7e31c302-05ee-4325-989f-aefa74f76445', 'winner');
insert into match_participants (match_id, wrestler_id, result) values ('80afed52-0923-47ac-814e-ed8827f4008f', 'b53deaf4-6809-46c8-a85f-587ef1ead267', 'loser');
insert into match_participants (match_id, wrestler_id, result) values ('80afed52-0923-47ac-814e-ed8827f4008f', '24041ddc-d965-4815-8c45-c9f97a2ed2c1', 'loser');
insert into match_participants (match_id, wrestler_id, result) values ('80afed52-0923-47ac-814e-ed8827f4008f', 'f53c5be3-c66c-4d29-b281-5c0157203703', 'loser');
insert into match_participants (match_id, wrestler_id, result) values ('80afed52-0923-47ac-814e-ed8827f4008f', '122e2f4f-61c3-46f1-8de6-407a73f0712e', 'loser');
insert into match_participants (match_id, wrestler_id, result) values ('80afed52-0923-47ac-814e-ed8827f4008f', '6744f55d-802e-4dc8-83da-df85f7d6e050', 'loser');
insert into match_participants (match_id, wrestler_id, result) values ('80afed52-0923-47ac-814e-ed8827f4008f', '45d6759a-e627-41e8-b142-68a6772440d1', 'loser');
insert into match_participants (match_id, wrestler_id, result) values ('80afed52-0923-47ac-814e-ed8827f4008f', '0072611a-281e-4de5-bf57-fbc9696651ec', 'loser');
insert into matches (id, show_id, match_number, match_type, stipulation, is_title_match, title_id, is_mitb, mitb_cashin, defeat_type, rating, is_draw) values ('a68c18d3-4131-4c63-aecb-b895f49f6a72', '94363bcb-7784-4ac8-9ebc-f72df6cd55da', 8, 'Single', NULL, FALSE, NULL, NULL, FALSE, 'Pin', 1.0, FALSE);
insert into match_participants (match_id, wrestler_id, result) values ('a68c18d3-4131-4c63-aecb-b895f49f6a72', 'db9025f4-91c4-47e8-b3de-e3864852a4c8', 'loser');
insert into match_participants (match_id, wrestler_id, result) values ('a68c18d3-4131-4c63-aecb-b895f49f6a72', 'd0df50f1-fbbb-4298-ab0c-f7e6e122c4c4', 'winner');
insert into matches (id, show_id, match_number, match_type, stipulation, is_title_match, title_id, is_mitb, mitb_cashin, defeat_type, rating, is_draw) values ('ddbbde0c-a413-41fd-b3c1-0a268c84dd51', '94363bcb-7784-4ac8-9ebc-f72df6cd55da', 9, 'Single', NULL, FALSE, NULL, NULL, FALSE, 'Pin', 3.5, FALSE);
insert into match_participants (match_id, wrestler_id, result) values ('ddbbde0c-a413-41fd-b3c1-0a268c84dd51', 'bc93b973-151b-48ca-8d75-8f6c220a0d31', 'winner');
insert into match_participants (match_id, wrestler_id, result) values ('ddbbde0c-a413-41fd-b3c1-0a268c84dd51', '60c99dea-a118-4839-99eb-5de3ca41d5d4', 'loser');
insert into shows (id, name, show_date, show_type, ppv_name) values ('5092e996-8589-463e-b370-30e76dc1c756', 'DAW 04-26-2024', '2024-04-26', 'weekly', NULL);
insert into matches (id, show_id, match_number, match_type, stipulation, is_title_match, title_id, is_mitb, mitb_cashin, defeat_type, rating, is_draw) values ('7b4c908b-2d68-4258-a468-4df8e9ee27bd', '5092e996-8589-463e-b370-30e76dc1c756', 1, 'Single', NULL, FALSE, NULL, NULL, FALSE, 'Pin', 4.0, FALSE);
insert into match_participants (match_id, wrestler_id, result) values ('7b4c908b-2d68-4258-a468-4df8e9ee27bd', '9683fa4f-ffaf-4185-938d-e4a435a5aef7', 'winner');
insert into match_participants (match_id, wrestler_id, result) values ('7b4c908b-2d68-4258-a468-4df8e9ee27bd', '6a3c5c70-fbb7-4a85-8940-df64e251eca3', 'loser');
insert into matches (id, show_id, match_number, match_type, stipulation, is_title_match, title_id, is_mitb, mitb_cashin, defeat_type, rating, is_draw) values ('ac957be7-1364-437d-a417-870a8f1ac869', '5092e996-8589-463e-b370-30e76dc1c756', 2, 'Triple Threat', NULL, FALSE, NULL, NULL, FALSE, 'Sub', 4.5, FALSE);
insert into match_participants (match_id, wrestler_id, result) values ('ac957be7-1364-437d-a417-870a8f1ac869', '7e31c302-05ee-4325-989f-aefa74f76445', 'loser');
insert into match_participants (match_id, wrestler_id, result) values ('ac957be7-1364-437d-a417-870a8f1ac869', '0d2420e5-4511-44a9-8d66-a70eef1ce8d4', 'loser');
insert into match_participants (match_id, wrestler_id, result) values ('ac957be7-1364-437d-a417-870a8f1ac869', '0655bec3-0c3f-48ed-b466-a98f20841621', 'winner');
insert into matches (id, show_id, match_number, match_type, stipulation, is_title_match, title_id, is_mitb, mitb_cashin, defeat_type, rating, is_draw) values ('88c2a66d-e38d-42db-ae0e-42d3ee253810', '5092e996-8589-463e-b370-30e76dc1c756', 3, 'Tag Team', NULL, FALSE, NULL, NULL, FALSE, 'Pin', 4.0, FALSE);
insert into match_participants (match_id, team_id, result) values ('88c2a66d-e38d-42db-ae0e-42d3ee253810', '851cd315-9431-48a4-aa8a-acca45ae40c2', 'winner');
insert into match_participants (match_id, team_id, result) values ('88c2a66d-e38d-42db-ae0e-42d3ee253810', '4d291dac-5ef2-467e-b2ff-e7af71557c4d', 'loser');
insert into matches (id, show_id, match_number, match_type, stipulation, is_title_match, title_id, is_mitb, mitb_cashin, defeat_type, rating, is_draw) values ('de0dfee0-a562-4f44-a2f8-4decc74e5bde', '5092e996-8589-463e-b370-30e76dc1c756', 4, 'Triple Threat', NULL, FALSE, NULL, NULL, FALSE, 'Pin', 4.0, FALSE);
insert into match_participants (match_id, wrestler_id, result) values ('de0dfee0-a562-4f44-a2f8-4decc74e5bde', '09a1ddc7-5133-4858-b8e1-c89de2eefe3b', 'loser');
insert into match_participants (match_id, wrestler_id, result) values ('de0dfee0-a562-4f44-a2f8-4decc74e5bde', 'ad63b3fd-9de8-4398-a085-7cc8f264589e', 'winner');
insert into match_participants (match_id, wrestler_id, result) values ('de0dfee0-a562-4f44-a2f8-4decc74e5bde', '1fdbaeea-4dc7-41ff-9ce9-394d33e1ace4', 'loser');
insert into matches (id, show_id, match_number, match_type, stipulation, is_title_match, title_id, is_mitb, mitb_cashin, defeat_type, rating, is_draw) values ('2e4c4a40-e96a-404e-83fa-788cf701cc69', '5092e996-8589-463e-b370-30e76dc1c756', 5, 'Single', NULL, FALSE, NULL, NULL, FALSE, 'Pin', 4.0, FALSE);
insert into match_participants (match_id, wrestler_id, result) values ('2e4c4a40-e96a-404e-83fa-788cf701cc69', '31f8c2ba-a0c4-4352-ae28-1cf68d200216', 'loser');
insert into match_participants (match_id, wrestler_id, result) values ('2e4c4a40-e96a-404e-83fa-788cf701cc69', 'ae2ce814-315f-41f0-ab99-eddf09a7d4c5', 'winner');
insert into matches (id, show_id, match_number, match_type, stipulation, is_title_match, title_id, is_mitb, mitb_cashin, defeat_type, rating, is_draw) values ('c2e2ed12-257c-416f-823b-1e8fc0f9783a', '5092e996-8589-463e-b370-30e76dc1c756', 6, 'Battle Royale', NULL, FALSE, NULL, NULL, FALSE, 'Pin', 3.0, FALSE);
insert into match_participants (match_id, wrestler_id, result) values ('c2e2ed12-257c-416f-823b-1e8fc0f9783a', 'fe192097-a77b-4d95-a8b9-0f0147ab04a6', 'loser');
insert into match_participants (match_id, wrestler_id, result) values ('c2e2ed12-257c-416f-823b-1e8fc0f9783a', '07687962-07c0-46b6-9541-2d8b60e3c2c1', 'loser');
insert into match_participants (match_id, wrestler_id, result) values ('c2e2ed12-257c-416f-823b-1e8fc0f9783a', 'b0a5de67-da65-4808-bb98-ace3a77fa729', 'loser');
insert into match_participants (match_id, wrestler_id, result) values ('c2e2ed12-257c-416f-823b-1e8fc0f9783a', '8afecc06-d295-4dcf-9a88-f0f5b2bcd72f', 'loser');
insert into match_participants (match_id, wrestler_id, result) values ('c2e2ed12-257c-416f-823b-1e8fc0f9783a', 'fce02e68-03a4-4670-a5d4-a6790f4f92a1', 'loser');
insert into match_participants (match_id, wrestler_id, result) values ('c2e2ed12-257c-416f-823b-1e8fc0f9783a', 'c582c07c-786b-4687-9aeb-b0431edfb330', 'winner');
insert into match_participants (match_id, wrestler_id, result) values ('c2e2ed12-257c-416f-823b-1e8fc0f9783a', '004c7b59-d738-4718-a1f0-39aa22e8039d', 'loser');
insert into match_participants (match_id, wrestler_id, result) values ('c2e2ed12-257c-416f-823b-1e8fc0f9783a', 'd5419b1f-c540-4ae7-81e8-9cf6283544db', 'loser');
insert into matches (id, show_id, match_number, match_type, stipulation, is_title_match, title_id, is_mitb, mitb_cashin, defeat_type, rating, is_draw) values ('811324b6-9f7d-4461-9759-55c7739649a0', '5092e996-8589-463e-b370-30e76dc1c756', 7, 'Tag Team', NULL, FALSE, NULL, NULL, FALSE, 'Pin', 3.5, FALSE);
insert into match_participants (match_id, team_id, result) values ('811324b6-9f7d-4461-9759-55c7739649a0', '8dd02369-5443-418b-94d5-1970756968ba', 'loser');
insert into matches (id, show_id, match_number, match_type, stipulation, is_title_match, title_id, is_mitb, mitb_cashin, defeat_type, rating, is_draw) values ('23a6c81b-0d22-453c-b816-409afcc3e434', '5092e996-8589-463e-b370-30e76dc1c756', 8, 'Single', NULL, FALSE, NULL, NULL, FALSE, 'Pin', 3.0, FALSE);
insert into match_participants (match_id, wrestler_id, result) values ('23a6c81b-0d22-453c-b816-409afcc3e434', '122e2f4f-61c3-46f1-8de6-407a73f0712e', 'winner');
insert into match_participants (match_id, wrestler_id, result) values ('23a6c81b-0d22-453c-b816-409afcc3e434', '60c99dea-a118-4839-99eb-5de3ca41d5d4', 'loser');
insert into matches (id, show_id, match_number, match_type, stipulation, is_title_match, title_id, is_mitb, mitb_cashin, defeat_type, rating, is_draw) values ('84264ebf-9274-44bf-bb80-b5725f1d9951', '5092e996-8589-463e-b370-30e76dc1c756', 9, 'Single', NULL, FALSE, NULL, NULL, FALSE, 'Pin', 3.0, FALSE);
insert into match_participants (match_id, wrestler_id, result) values ('84264ebf-9274-44bf-bb80-b5725f1d9951', '7ca7fd7b-2526-41ea-b143-cdd82f404014', 'loser');
insert into match_participants (match_id, wrestler_id, result) values ('84264ebf-9274-44bf-bb80-b5725f1d9951', 'd0df50f1-fbbb-4298-ab0c-f7e6e122c4c4', 'winner');
insert into shows (id, name, show_date, show_type, ppv_name) values ('f8bc4626-8164-411b-bcf6-60deafb76df1', 'DAW 05-03-2024', '2024-05-03', 'weekly', NULL);
insert into matches (id, show_id, match_number, match_type, stipulation, is_title_match, title_id, is_mitb, mitb_cashin, defeat_type, rating, is_draw) values ('32023b74-8bc9-4e16-8227-87031fa5ad9c', 'f8bc4626-8164-411b-bcf6-60deafb76df1', 1, 'Single', NULL, FALSE, NULL, NULL, FALSE, 'Pin', 2.5, FALSE);
insert into match_participants (match_id, wrestler_id, result) values ('32023b74-8bc9-4e16-8227-87031fa5ad9c', 'b2d0cb4c-4471-49a3-b524-544ce1bd95a1', 'winner');
insert into match_participants (match_id, wrestler_id, result) values ('32023b74-8bc9-4e16-8227-87031fa5ad9c', '1c4de4fe-bbbe-420d-b18a-a70501b14a25', 'loser');
insert into matches (id, show_id, match_number, match_type, stipulation, is_title_match, title_id, is_mitb, mitb_cashin, defeat_type, rating, is_draw) values ('94490b56-2772-4acd-bf31-1b46f0350620', 'f8bc4626-8164-411b-bcf6-60deafb76df1', 2, 'Triple Threat', NULL, FALSE, NULL, NULL, FALSE, 'Pin', 3.5, FALSE);
insert into match_participants (match_id, wrestler_id, result) values ('94490b56-2772-4acd-bf31-1b46f0350620', 'c582c07c-786b-4687-9aeb-b0431edfb330', 'loser');
insert into match_participants (match_id, wrestler_id, result) values ('94490b56-2772-4acd-bf31-1b46f0350620', '09a1ddc7-5133-4858-b8e1-c89de2eefe3b', 'loser');
insert into matches (id, show_id, match_number, match_type, stipulation, is_title_match, title_id, is_mitb, mitb_cashin, defeat_type, rating, is_draw) values ('8c48460c-bb99-42f2-9391-4a9f9d9b8295', 'f8bc4626-8164-411b-bcf6-60deafb76df1', 3, 'Tag Team', NULL, FALSE, NULL, NULL, FALSE, 'Pin', 3.5, FALSE);
insert into match_participants (match_id, team_id, result) values ('8c48460c-bb99-42f2-9391-4a9f9d9b8295', 'c8701498-3b43-490d-9ea9-cab4c4371776', 'loser');
insert into match_participants (match_id, team_id, result) values ('8c48460c-bb99-42f2-9391-4a9f9d9b8295', '4d291dac-5ef2-467e-b2ff-e7af71557c4d', 'winner');
insert into matches (id, show_id, match_number, match_type, stipulation, is_title_match, title_id, is_mitb, mitb_cashin, defeat_type, rating, is_draw) values ('ca1d2738-a2e9-4764-8d17-e090d8bba7be', 'f8bc4626-8164-411b-bcf6-60deafb76df1', 4, 'Single', NULL, FALSE, NULL, NULL, FALSE, 'Pin', 4.0, FALSE);
insert into match_participants (match_id, wrestler_id, result) values ('ca1d2738-a2e9-4764-8d17-e090d8bba7be', 'fe192097-a77b-4d95-a8b9-0f0147ab04a6', 'loser');
insert into match_participants (match_id, wrestler_id, result) values ('ca1d2738-a2e9-4764-8d17-e090d8bba7be', '72a13a54-c48a-4382-a17e-3db462967ef7', 'winner');
insert into matches (id, show_id, match_number, match_type, stipulation, is_title_match, title_id, is_mitb, mitb_cashin, defeat_type, rating, is_draw) values ('ebe05e56-2f64-45e9-8ead-ec860668ae2e', 'f8bc4626-8164-411b-bcf6-60deafb76df1', 5, 'Single', NULL, FALSE, NULL, NULL, FALSE, 'Pin', 3.5, FALSE);
insert into match_participants (match_id, wrestler_id, result) values ('ebe05e56-2f64-45e9-8ead-ec860668ae2e', '122e2f4f-61c3-46f1-8de6-407a73f0712e', 'winner');
insert into match_participants (match_id, wrestler_id, result) values ('ebe05e56-2f64-45e9-8ead-ec860668ae2e', '7e31c302-05ee-4325-989f-aefa74f76445', 'loser');
insert into matches (id, show_id, match_number, match_type, stipulation, is_title_match, title_id, is_mitb, mitb_cashin, defeat_type, rating, is_draw) values ('38638ac9-56c1-4a39-b749-b01abb0a6b41', 'f8bc4626-8164-411b-bcf6-60deafb76df1', 6, 'Fatal 4-Way', NULL, FALSE, NULL, NULL, FALSE, 'Pin', 1.5, FALSE);
insert into match_participants (match_id, wrestler_id, result) values ('38638ac9-56c1-4a39-b749-b01abb0a6b41', '0d2420e5-4511-44a9-8d66-a70eef1ce8d4', 'loser');
insert into match_participants (match_id, wrestler_id, result) values ('38638ac9-56c1-4a39-b749-b01abb0a6b41', '24041ddc-d965-4815-8c45-c9f97a2ed2c1', 'loser');
insert into match_participants (match_id, wrestler_id, result) values ('38638ac9-56c1-4a39-b749-b01abb0a6b41', '6744f55d-802e-4dc8-83da-df85f7d6e050', 'winner');
insert into matches (id, show_id, match_number, match_type, stipulation, is_title_match, title_id, is_mitb, mitb_cashin, defeat_type, rating, is_draw) values ('f44ecc2b-4958-47d7-ad30-e6b1cc53b9a0', 'f8bc4626-8164-411b-bcf6-60deafb76df1', 7, 'Triple Threat', NULL, FALSE, NULL, NULL, FALSE, 'Pin', 4.0, FALSE);
insert into match_participants (match_id, wrestler_id, result) values ('f44ecc2b-4958-47d7-ad30-e6b1cc53b9a0', '1fdbaeea-4dc7-41ff-9ce9-394d33e1ace4', 'winner');
insert into match_participants (match_id, wrestler_id, result) values ('f44ecc2b-4958-47d7-ad30-e6b1cc53b9a0', '6a3c5c70-fbb7-4a85-8940-df64e251eca3', 'loser');
insert into matches (id, show_id, match_number, match_type, stipulation, is_title_match, title_id, is_mitb, mitb_cashin, defeat_type, rating, is_draw) values ('520d332e-4709-4ac9-979a-e1906fbacdcc', 'f8bc4626-8164-411b-bcf6-60deafb76df1', 8, 'Tag Team', NULL, FALSE, NULL, NULL, FALSE, 'Pin', 3.0, FALSE);
insert into matches (id, show_id, match_number, match_type, stipulation, is_title_match, title_id, is_mitb, mitb_cashin, defeat_type, rating, is_draw) values ('22c6dcdf-bf68-4664-8247-e22195b4f391', 'f8bc4626-8164-411b-bcf6-60deafb76df1', 9, 'Single', NULL, FALSE, NULL, NULL, FALSE, 'Pin', 5.0, FALSE);
insert into match_participants (match_id, wrestler_id, result) values ('22c6dcdf-bf68-4664-8247-e22195b4f391', '31f8c2ba-a0c4-4352-ae28-1cf68d200216', 'loser');
insert into match_participants (match_id, wrestler_id, result) values ('22c6dcdf-bf68-4664-8247-e22195b4f391', 'd0df50f1-fbbb-4298-ab0c-f7e6e122c4c4', 'winner');
insert into shows (id, name, show_date, show_type, ppv_name) values ('5ef7768b-f736-4490-8854-95d2002de098', 'DAW 05-10-2024', '2024-05-10', 'weekly', NULL);
insert into matches (id, show_id, match_number, match_type, stipulation, is_title_match, title_id, is_mitb, mitb_cashin, defeat_type, rating, is_draw) values ('81baa2ac-44a2-4ddc-a4e7-f25091256f09', '5ef7768b-f736-4490-8854-95d2002de098', 1, 'Tag Team', NULL, TRUE, '4091f18e-1fb8-441e-b708-1729cb0b0011', FALSE, FALSE, 'Pin', 2.5, FALSE);
insert into match_participants (match_id, team_id, result) values ('81baa2ac-44a2-4ddc-a4e7-f25091256f09', '4d291dac-5ef2-467e-b2ff-e7af71557c4d', 'winner');
insert into matches (id, show_id, match_number, match_type, stipulation, is_title_match, title_id, is_mitb, mitb_cashin, defeat_type, rating, is_draw) values ('273e1800-6089-48b5-bee9-706b5f7e799b', '5ef7768b-f736-4490-8854-95d2002de098', 2, 'Single', NULL, FALSE, NULL, NULL, FALSE, 'Pin', 3.5, FALSE);
insert into match_participants (match_id, wrestler_id, result) values ('273e1800-6089-48b5-bee9-706b5f7e799b', '004c7b59-d738-4718-a1f0-39aa22e8039d', 'winner');
insert into match_participants (match_id, wrestler_id, result) values ('273e1800-6089-48b5-bee9-706b5f7e799b', '8afecc06-d295-4dcf-9a88-f0f5b2bcd72f', 'loser');
insert into matches (id, show_id, match_number, match_type, stipulation, is_title_match, title_id, is_mitb, mitb_cashin, defeat_type, rating, is_draw) values ('8ce62356-daab-4e24-87a4-2bbf30ba7174', '5ef7768b-f736-4490-8854-95d2002de098', 3, 'Single', NULL, FALSE, NULL, NULL, FALSE, 'Pin', 3.5, FALSE);
insert into match_participants (match_id, wrestler_id, result) values ('8ce62356-daab-4e24-87a4-2bbf30ba7174', '7e31c302-05ee-4325-989f-aefa74f76445', 'winner');
insert into match_participants (match_id, wrestler_id, result) values ('8ce62356-daab-4e24-87a4-2bbf30ba7174', '45d6759a-e627-41e8-b142-68a6772440d1', 'loser');
insert into matches (id, show_id, match_number, match_type, stipulation, is_title_match, title_id, is_mitb, mitb_cashin, defeat_type, rating, is_draw) values ('746b4c85-5e98-4887-810b-fd56b1adc375', '5ef7768b-f736-4490-8854-95d2002de098', 4, 'Tag Team', NULL, TRUE, 'c35e55d3-eeb9-45fd-8160-df160862cff0', FALSE, FALSE, 'Pin', 3.0, FALSE);
insert into match_participants (match_id, team_id, result) values ('746b4c85-5e98-4887-810b-fd56b1adc375', '37867637-ea7c-4d6c-9e59-fb37627e1172', 'loser');
insert into match_participants (match_id, team_id, result) values ('746b4c85-5e98-4887-810b-fd56b1adc375', '8dd02369-5443-418b-94d5-1970756968ba', 'winner');
insert into matches (id, show_id, match_number, match_type, stipulation, is_title_match, title_id, is_mitb, mitb_cashin, defeat_type, rating, is_draw) values ('2c8121ca-6f0d-4a95-b8fd-3e37a0cfd390', '5ef7768b-f736-4490-8854-95d2002de098', 5, 'Triple Threat', NULL, FALSE, NULL, NULL, FALSE, 'Pin', 4.0, FALSE);
insert into match_participants (match_id, wrestler_id, result) values ('2c8121ca-6f0d-4a95-b8fd-3e37a0cfd390', '1c4de4fe-bbbe-420d-b18a-a70501b14a25', 'loser');
insert into match_participants (match_id, wrestler_id, result) values ('2c8121ca-6f0d-4a95-b8fd-3e37a0cfd390', 'b0a5de67-da65-4808-bb98-ace3a77fa729', 'loser');
insert into match_participants (match_id, wrestler_id, result) values ('2c8121ca-6f0d-4a95-b8fd-3e37a0cfd390', 'fce02e68-03a4-4670-a5d4-a6790f4f92a1', 'winner');
insert into matches (id, show_id, match_number, match_type, stipulation, is_title_match, title_id, is_mitb, mitb_cashin, defeat_type, rating, is_draw) values ('44e489bf-1479-40e5-aac9-0d773f5b9ff5', '5ef7768b-f736-4490-8854-95d2002de098', 6, 'Single', NULL, FALSE, NULL, NULL, FALSE, 'Pin', 2.5, FALSE);
insert into match_participants (match_id, wrestler_id, result) values ('44e489bf-1479-40e5-aac9-0d773f5b9ff5', '3ad68c9b-6056-44ea-95b0-d205d27799c6', 'winner');
insert into match_participants (match_id, wrestler_id, result) values ('44e489bf-1479-40e5-aac9-0d773f5b9ff5', '6a3c5c70-fbb7-4a85-8940-df64e251eca3', 'loser');
insert into matches (id, show_id, match_number, match_type, stipulation, is_title_match, title_id, is_mitb, mitb_cashin, defeat_type, rating, is_draw) values ('b8e1b410-059a-441d-843c-a7f9e55bfcab', '5ef7768b-f736-4490-8854-95d2002de098', 7, 'Single', NULL, TRUE, '5db4cd6b-6ebe-4a87-b7bb-017af3856766', FALSE, FALSE, 'Pin', 5.0, FALSE);
insert into match_participants (match_id, wrestler_id, result) values ('b8e1b410-059a-441d-843c-a7f9e55bfcab', 'fe192097-a77b-4d95-a8b9-0f0147ab04a6', 'winner');
insert into match_participants (match_id, wrestler_id, result) values ('b8e1b410-059a-441d-843c-a7f9e55bfcab', 'ad63b3fd-9de8-4398-a085-7cc8f264589e', 'loser');
insert into matches (id, show_id, match_number, match_type, stipulation, is_title_match, title_id, is_mitb, mitb_cashin, defeat_type, rating, is_draw) values ('8d624e14-2843-4f11-9fc0-1162ea3e8e2a', '5ef7768b-f736-4490-8854-95d2002de098', 8, 'Single', NULL, FALSE, NULL, NULL, FALSE, 'Sub', 2.0, FALSE);
insert into match_participants (match_id, wrestler_id, result) values ('8d624e14-2843-4f11-9fc0-1162ea3e8e2a', 'f53c5be3-c66c-4d29-b281-5c0157203703', 'loser');
insert into match_participants (match_id, wrestler_id, result) values ('8d624e14-2843-4f11-9fc0-1162ea3e8e2a', '0072611a-281e-4de5-bf57-fbc9696651ec', 'winner');
insert into matches (id, show_id, match_number, match_type, stipulation, is_title_match, title_id, is_mitb, mitb_cashin, defeat_type, rating, is_draw) values ('7425b52c-a396-4c25-9e8e-2786a31cbaf9', '5ef7768b-f736-4490-8854-95d2002de098', 9, 'Single', NULL, FALSE, NULL, NULL, FALSE, 'Pin', 3.0, FALSE);
insert into match_participants (match_id, wrestler_id, result) values ('7425b52c-a396-4c25-9e8e-2786a31cbaf9', 'c582c07c-786b-4687-9aeb-b0431edfb330', 'loser');
insert into match_participants (match_id, wrestler_id, result) values ('7425b52c-a396-4c25-9e8e-2786a31cbaf9', '1fdbaeea-4dc7-41ff-9ce9-394d33e1ace4', 'winner');
insert into matches (id, show_id, match_number, match_type, stipulation, is_title_match, title_id, is_mitb, mitb_cashin, defeat_type, rating, is_draw) values ('3eed09d6-604c-403d-ab03-94304db63509', '5ef7768b-f736-4490-8854-95d2002de098', 10, 'Single', NULL, TRUE, '5d3e065c-43d1-41ee-8d24-e876f1e2b2a1', FALSE, FALSE, 'Pin', 1.5, FALSE);
insert into match_participants (match_id, wrestler_id, result) values ('3eed09d6-604c-403d-ab03-94304db63509', '0655bec3-0c3f-48ed-b466-a98f20841621', 'loser');
insert into match_participants (match_id, wrestler_id, result) values ('3eed09d6-604c-403d-ab03-94304db63509', '24041ddc-d965-4815-8c45-c9f97a2ed2c1', 'winner');
insert into matches (id, show_id, match_number, match_type, stipulation, is_title_match, title_id, is_mitb, mitb_cashin, defeat_type, rating, is_draw) values ('161072b2-a49e-4522-a6f1-35a2fde68131', '5ef7768b-f736-4490-8854-95d2002de098', 11, 'Single', NULL, FALSE, NULL, NULL, FALSE, 'Pin', 2.5, FALSE);
insert into match_participants (match_id, wrestler_id, result) values ('161072b2-a49e-4522-a6f1-35a2fde68131', '07687962-07c0-46b6-9541-2d8b60e3c2c1', 'winner');
insert into match_participants (match_id, wrestler_id, result) values ('161072b2-a49e-4522-a6f1-35a2fde68131', '09a1ddc7-5133-4858-b8e1-c89de2eefe3b', 'loser');
insert into matches (id, show_id, match_number, match_type, stipulation, is_title_match, title_id, is_mitb, mitb_cashin, defeat_type, rating, is_draw) values ('7e97c27a-350b-412c-90cf-2c33cf3798f3', '5ef7768b-f736-4490-8854-95d2002de098', 12, 'Single', NULL, FALSE, NULL, NULL, FALSE, 'Pin', 1.0, FALSE);
insert into match_participants (match_id, wrestler_id, result) values ('7e97c27a-350b-412c-90cf-2c33cf3798f3', 'ae2ce814-315f-41f0-ab99-eddf09a7d4c5', 'loser');
insert into matches (id, show_id, match_number, match_type, stipulation, is_title_match, title_id, is_mitb, mitb_cashin, defeat_type, rating, is_draw) values ('7e733bc8-9224-4a11-841a-646803fcafa0', '5ef7768b-f736-4490-8854-95d2002de098', 13, 'Single', 'Steel Cage', TRUE, 'f3ec52c9-649b-48cb-aa37-da278fbd72df', FALSE, FALSE, 'Pin', 4.5, FALSE);
insert into match_participants (match_id, wrestler_id, result) values ('7e733bc8-9224-4a11-841a-646803fcafa0', '60c99dea-a118-4839-99eb-5de3ca41d5d4', 'winner');
insert into match_participants (match_id, wrestler_id, result) values ('7e733bc8-9224-4a11-841a-646803fcafa0', 'bc93b973-151b-48ca-8d75-8f6c220a0d31', 'loser');
insert into matches (id, show_id, match_number, match_type, stipulation, is_title_match, title_id, is_mitb, mitb_cashin, defeat_type, rating, is_draw) values ('d50caf4e-9558-4e34-b493-44736879e52c', '5ef7768b-f736-4490-8854-95d2002de098', 14, 'Single', 'Extreme Rules', TRUE, '02b0c038-accb-495b-8d6a-8891a7b51554', FALSE, FALSE, 'Pin', 5.0, FALSE);
insert into match_participants (match_id, wrestler_id, result) values ('d50caf4e-9558-4e34-b493-44736879e52c', '31f8c2ba-a0c4-4352-ae28-1cf68d200216', 'loser');
insert into match_participants (match_id, wrestler_id, result) values ('d50caf4e-9558-4e34-b493-44736879e52c', 'd0df50f1-fbbb-4298-ab0c-f7e6e122c4c4', 'winner');
insert into shows (id, name, show_date, show_type, ppv_name) values ('92460cc0-9ade-4f37-812a-beefa0aee621', 'DAW 05-17-2024', '2024-05-17', 'weekly', NULL);
insert into matches (id, show_id, match_number, match_type, stipulation, is_title_match, title_id, is_mitb, mitb_cashin, defeat_type, rating, is_draw) values ('5322988d-3a59-4b5a-b791-56781279ff57', '92460cc0-9ade-4f37-812a-beefa0aee621', 1, 'Single', NULL, FALSE, NULL, NULL, FALSE, 'Pin', 3.0, FALSE);
insert into match_participants (match_id, wrestler_id, result) values ('5322988d-3a59-4b5a-b791-56781279ff57', '6a3c5c70-fbb7-4a85-8940-df64e251eca3', 'loser');
insert into match_participants (match_id, wrestler_id, result) values ('5322988d-3a59-4b5a-b791-56781279ff57', 'c582c07c-786b-4687-9aeb-b0431edfb330', 'winner');
insert into matches (id, show_id, match_number, match_type, stipulation, is_title_match, title_id, is_mitb, mitb_cashin, defeat_type, rating, is_draw) values ('92c154bd-0589-4330-b2db-7c6d78d9689d', '92460cc0-9ade-4f37-812a-beefa0aee621', 2, 'Single', NULL, FALSE, NULL, NULL, FALSE, 'Pin', 3.0, FALSE);
insert into match_participants (match_id, wrestler_id, result) values ('92c154bd-0589-4330-b2db-7c6d78d9689d', '45d6759a-e627-41e8-b142-68a6772440d1', 'loser');
insert into match_participants (match_id, wrestler_id, result) values ('92c154bd-0589-4330-b2db-7c6d78d9689d', '0d2420e5-4511-44a9-8d66-a70eef1ce8d4', 'winner');
insert into matches (id, show_id, match_number, match_type, stipulation, is_title_match, title_id, is_mitb, mitb_cashin, defeat_type, rating, is_draw) values ('4256755a-0041-4bfd-b599-70688a9ecc46', '92460cc0-9ade-4f37-812a-beefa0aee621', 3, 'Tag Team', NULL, FALSE, NULL, NULL, FALSE, 'Pin', 1.0, FALSE);
insert into match_participants (match_id, team_id, result) values ('4256755a-0041-4bfd-b599-70688a9ecc46', '4d291dac-5ef2-467e-b2ff-e7af71557c4d', 'winner');
insert into matches (id, show_id, match_number, match_type, stipulation, is_title_match, title_id, is_mitb, mitb_cashin, defeat_type, rating, is_draw) values ('b6dd868c-a979-49ab-907b-75a0864eec80', '92460cc0-9ade-4f37-812a-beefa0aee621', 4, 'Single', NULL, FALSE, NULL, NULL, FALSE, 'No Contest', 2.5, TRUE);
insert into match_participants (match_id, wrestler_id, result) values ('b6dd868c-a979-49ab-907b-75a0864eec80', '3ad68c9b-6056-44ea-95b0-d205d27799c6', 'draw');
insert into match_participants (match_id, wrestler_id, result) values ('b6dd868c-a979-49ab-907b-75a0864eec80', 'fe192097-a77b-4d95-a8b9-0f0147ab04a6', 'draw');
insert into matches (id, show_id, match_number, match_type, stipulation, is_title_match, title_id, is_mitb, mitb_cashin, defeat_type, rating, is_draw) values ('029d751b-2362-4ff2-b49b-8a05c6656531', '92460cc0-9ade-4f37-812a-beefa0aee621', 5, 'Single', NULL, FALSE, NULL, NULL, FALSE, 'Pin', 4.0, FALSE);
insert into match_participants (match_id, wrestler_id, result) values ('029d751b-2362-4ff2-b49b-8a05c6656531', 'ae2ce814-315f-41f0-ab99-eddf09a7d4c5', 'loser');
insert into match_participants (match_id, wrestler_id, result) values ('029d751b-2362-4ff2-b49b-8a05c6656531', '09a1ddc7-5133-4858-b8e1-c89de2eefe3b', 'winner');
insert into matches (id, show_id, match_number, match_type, stipulation, is_title_match, title_id, is_mitb, mitb_cashin, defeat_type, rating, is_draw) values ('71db5fa2-682a-453a-b111-fb912da0cbeb', '92460cc0-9ade-4f37-812a-beefa0aee621', 6, 'Triple Threat', NULL, FALSE, NULL, NULL, FALSE, 'Pin', 4.5, FALSE);
insert into match_participants (match_id, wrestler_id, result) values ('71db5fa2-682a-453a-b111-fb912da0cbeb', 'ad63b3fd-9de8-4398-a085-7cc8f264589e', 'loser');
insert into match_participants (match_id, wrestler_id, result) values ('71db5fa2-682a-453a-b111-fb912da0cbeb', 'b2d0cb4c-4471-49a3-b524-544ce1bd95a1', 'winner');
insert into match_participants (match_id, wrestler_id, result) values ('71db5fa2-682a-453a-b111-fb912da0cbeb', '1fdbaeea-4dc7-41ff-9ce9-394d33e1ace4', 'loser');
insert into matches (id, show_id, match_number, match_type, stipulation, is_title_match, title_id, is_mitb, mitb_cashin, defeat_type, rating, is_draw) values ('80c43a92-f403-4974-b562-c9b9cfd69047', '92460cc0-9ade-4f37-812a-beefa0aee621', 7, 'Triple Threat', NULL, FALSE, NULL, NULL, FALSE, 'Pin', 3.5, FALSE);
insert into match_participants (match_id, wrestler_id, result) values ('80c43a92-f403-4974-b562-c9b9cfd69047', 'f53c5be3-c66c-4d29-b281-5c0157203703', 'winner');
insert into match_participants (match_id, wrestler_id, result) values ('80c43a92-f403-4974-b562-c9b9cfd69047', '122e2f4f-61c3-46f1-8de6-407a73f0712e', 'loser');
insert into match_participants (match_id, wrestler_id, result) values ('80c43a92-f403-4974-b562-c9b9cfd69047', '2c23bf2a-90de-4618-9564-8e0e622857f1', 'loser');
insert into matches (id, show_id, match_number, match_type, stipulation, is_title_match, title_id, is_mitb, mitb_cashin, defeat_type, rating, is_draw) values ('4e43a304-1264-4036-a809-5d873c35b13c', '92460cc0-9ade-4f37-812a-beefa0aee621', 8, 'Single', NULL, FALSE, NULL, NULL, FALSE, 'Pin', 2.0, FALSE);
insert into match_participants (match_id, wrestler_id, result) values ('4e43a304-1264-4036-a809-5d873c35b13c', '0655bec3-0c3f-48ed-b466-a98f20841621', 'winner');
insert into match_participants (match_id, wrestler_id, result) values ('4e43a304-1264-4036-a809-5d873c35b13c', '60c99dea-a118-4839-99eb-5de3ca41d5d4', 'loser');
insert into matches (id, show_id, match_number, match_type, stipulation, is_title_match, title_id, is_mitb, mitb_cashin, defeat_type, rating, is_draw) values ('fe089011-9b85-43cf-abb9-53d656255176', '92460cc0-9ade-4f37-812a-beefa0aee621', 9, 'Single', NULL, FALSE, NULL, NULL, FALSE, 'Pin', 1.0, FALSE);
insert into match_participants (match_id, wrestler_id, result) values ('fe089011-9b85-43cf-abb9-53d656255176', '004c7b59-d738-4718-a1f0-39aa22e8039d', 'winner');
insert into match_participants (match_id, wrestler_id, result) values ('fe089011-9b85-43cf-abb9-53d656255176', 'd0df50f1-fbbb-4298-ab0c-f7e6e122c4c4', 'loser');
insert into shows (id, name, show_date, show_type, ppv_name) values ('cdf53987-1879-415e-b660-c1424e00c5db', 'DAW 05-24-2024', '2024-05-24', 'weekly', NULL);
insert into matches (id, show_id, match_number, match_type, stipulation, is_title_match, title_id, is_mitb, mitb_cashin, defeat_type, rating, is_draw) values ('cb778617-96b5-4d54-bcf4-fa2ab42a177b', 'cdf53987-1879-415e-b660-c1424e00c5db', 1, 'Single', NULL, FALSE, NULL, NULL, FALSE, 'Pin', 3.5, FALSE);
insert into match_participants (match_id, wrestler_id, result) values ('cb778617-96b5-4d54-bcf4-fa2ab42a177b', 'ae2ce814-315f-41f0-ab99-eddf09a7d4c5', 'loser');
insert into match_participants (match_id, wrestler_id, result) values ('cb778617-96b5-4d54-bcf4-fa2ab42a177b', '1fdbaeea-4dc7-41ff-9ce9-394d33e1ace4', 'winner');
insert into matches (id, show_id, match_number, match_type, stipulation, is_title_match, title_id, is_mitb, mitb_cashin, defeat_type, rating, is_draw) values ('76243c5e-c48b-4dfe-a4a7-bcf800cd9987', 'cdf53987-1879-415e-b660-c1424e00c5db', 2, 'Single', NULL, FALSE, NULL, NULL, FALSE, 'Pin', 4.5, FALSE);
insert into match_participants (match_id, wrestler_id, result) values ('76243c5e-c48b-4dfe-a4a7-bcf800cd9987', '9683fa4f-ffaf-4185-938d-e4a435a5aef7', 'winner');
insert into match_participants (match_id, wrestler_id, result) values ('76243c5e-c48b-4dfe-a4a7-bcf800cd9987', 'fe192097-a77b-4d95-a8b9-0f0147ab04a6', 'loser');
insert into matches (id, show_id, match_number, match_type, stipulation, is_title_match, title_id, is_mitb, mitb_cashin, defeat_type, rating, is_draw) values ('00b06d9a-de1c-4eb4-a8d9-4dfd830e1723', 'cdf53987-1879-415e-b660-c1424e00c5db', 3, 'Tag Team', NULL, FALSE, NULL, NULL, FALSE, 'Pin', 3.0, FALSE);
insert into match_participants (match_id, team_id, result) values ('00b06d9a-de1c-4eb4-a8d9-4dfd830e1723', '84f28d1e-e778-4e20-964c-259275f561ed', 'loser');
insert into match_participants (match_id, team_id, result) values ('00b06d9a-de1c-4eb4-a8d9-4dfd830e1723', '4d291dac-5ef2-467e-b2ff-e7af71557c4d', 'winner');
insert into matches (id, show_id, match_number, match_type, stipulation, is_title_match, title_id, is_mitb, mitb_cashin, defeat_type, rating, is_draw) values ('cb7a2ec0-98bb-4a42-82e4-94f44ebbc7b1', 'cdf53987-1879-415e-b660-c1424e00c5db', 4, 'Triple Threat', NULL, FALSE, NULL, NULL, FALSE, 'Pin', 3.0, FALSE);
insert into match_participants (match_id, wrestler_id, result) values ('cb7a2ec0-98bb-4a42-82e4-94f44ebbc7b1', '7e31c302-05ee-4325-989f-aefa74f76445', 'loser');
insert into match_participants (match_id, wrestler_id, result) values ('cb7a2ec0-98bb-4a42-82e4-94f44ebbc7b1', 'b53deaf4-6809-46c8-a85f-587ef1ead267', 'loser');
insert into match_participants (match_id, wrestler_id, result) values ('cb7a2ec0-98bb-4a42-82e4-94f44ebbc7b1', '0655bec3-0c3f-48ed-b466-a98f20841621', 'winner');
insert into matches (id, show_id, match_number, match_type, stipulation, is_title_match, title_id, is_mitb, mitb_cashin, defeat_type, rating, is_draw) values ('8165089f-3d09-4ccb-bf30-37e9b9bec6d5', 'cdf53987-1879-415e-b660-c1424e00c5db', 5, 'Single', NULL, FALSE, NULL, NULL, FALSE, 'Pin', 1.5, FALSE);
insert into match_participants (match_id, wrestler_id, result) values ('8165089f-3d09-4ccb-bf30-37e9b9bec6d5', '09a1ddc7-5133-4858-b8e1-c89de2eefe3b', 'winner');
insert into match_participants (match_id, wrestler_id, result) values ('8165089f-3d09-4ccb-bf30-37e9b9bec6d5', 'ad63b3fd-9de8-4398-a085-7cc8f264589e', 'loser');
insert into matches (id, show_id, match_number, match_type, stipulation, is_title_match, title_id, is_mitb, mitb_cashin, defeat_type, rating, is_draw) values ('ad0cbcec-c493-4e75-88de-8eee6dfcbb61', 'cdf53987-1879-415e-b660-c1424e00c5db', 6, 'Triple Threat', NULL, FALSE, NULL, NULL, FALSE, 'Pin', 3.0, FALSE);
insert into match_participants (match_id, wrestler_id, result) values ('ad0cbcec-c493-4e75-88de-8eee6dfcbb61', '6a3c5c70-fbb7-4a85-8940-df64e251eca3', 'winner');
insert into match_participants (match_id, wrestler_id, result) values ('ad0cbcec-c493-4e75-88de-8eee6dfcbb61', 'c582c07c-786b-4687-9aeb-b0431edfb330', 'loser');
insert into matches (id, show_id, match_number, match_type, stipulation, is_title_match, title_id, is_mitb, mitb_cashin, defeat_type, rating, is_draw) values ('1b713fd6-8376-4523-b01a-6b9b5e4e9108', 'cdf53987-1879-415e-b660-c1424e00c5db', 7, 'Single', NULL, FALSE, NULL, NULL, FALSE, 'Pin', 2.5, FALSE);
insert into match_participants (match_id, wrestler_id, result) values ('1b713fd6-8376-4523-b01a-6b9b5e4e9108', 'd0df50f1-fbbb-4298-ab0c-f7e6e122c4c4', 'loser');
insert into matches (id, show_id, match_number, match_type, stipulation, is_title_match, title_id, is_mitb, mitb_cashin, defeat_type, rating, is_draw) values ('e8d0200f-c622-44d2-9f4c-8dc856e74cf5', 'cdf53987-1879-415e-b660-c1424e00c5db', 8, 'Single', NULL, FALSE, NULL, NULL, FALSE, 'Pin', 1.5, FALSE);
insert into match_participants (match_id, wrestler_id, result) values ('e8d0200f-c622-44d2-9f4c-8dc856e74cf5', '24041ddc-d965-4815-8c45-c9f97a2ed2c1', 'winner');
insert into match_participants (match_id, wrestler_id, result) values ('e8d0200f-c622-44d2-9f4c-8dc856e74cf5', '60c99dea-a118-4839-99eb-5de3ca41d5d4', 'loser');
insert into matches (id, show_id, match_number, match_type, stipulation, is_title_match, title_id, is_mitb, mitb_cashin, defeat_type, rating, is_draw) values ('11261155-e903-41b0-aedd-b95ddc16efbe', 'cdf53987-1879-415e-b660-c1424e00c5db', 9, 'Tag Team', 'Ladder', FALSE, NULL, NULL, FALSE, 'Pin', 3.5, FALSE);
insert into match_participants (match_id, team_id, result) values ('11261155-e903-41b0-aedd-b95ddc16efbe', '37867637-ea7c-4d6c-9e59-fb37627e1172', 'loser');
insert into match_participants (match_id, team_id, result) values ('11261155-e903-41b0-aedd-b95ddc16efbe', 'eebd2a89-a1f9-4931-982e-9cf035d48429', 'winner');
insert into shows (id, name, show_date, show_type, ppv_name) values ('55515088-53de-4d71-93db-6ccda04482b4', 'DAW 05-31-2024', '2024-05-31', 'weekly', NULL);
insert into matches (id, show_id, match_number, match_type, stipulation, is_title_match, title_id, is_mitb, mitb_cashin, defeat_type, rating, is_draw) values ('0e3c953d-e2bf-44e9-9d6f-5ef2e5582618', '55515088-53de-4d71-93db-6ccda04482b4', 1, 'Single', NULL, FALSE, NULL, NULL, FALSE, 'Pin', 2.5, FALSE);
insert into match_participants (match_id, wrestler_id, result) values ('0e3c953d-e2bf-44e9-9d6f-5ef2e5582618', '87e03c56-c65e-4c6b-82f4-5fa5ea0eeada', 'winner');
insert into match_participants (match_id, wrestler_id, result) values ('0e3c953d-e2bf-44e9-9d6f-5ef2e5582618', 'b0a5de67-da65-4808-bb98-ace3a77fa729', 'loser');
insert into matches (id, show_id, match_number, match_type, stipulation, is_title_match, title_id, is_mitb, mitb_cashin, defeat_type, rating, is_draw) values ('58cb928e-7e68-498d-984a-b0ddaceb890e', '55515088-53de-4d71-93db-6ccda04482b4', 2, 'Single', NULL, FALSE, NULL, NULL, FALSE, 'Sub', 3.5, FALSE);
insert into match_participants (match_id, wrestler_id, result) values ('58cb928e-7e68-498d-984a-b0ddaceb890e', '45d6759a-e627-41e8-b142-68a6772440d1', 'loser');
insert into match_participants (match_id, wrestler_id, result) values ('58cb928e-7e68-498d-984a-b0ddaceb890e', '6744f55d-802e-4dc8-83da-df85f7d6e050', 'winner');
insert into matches (id, show_id, match_number, match_type, stipulation, is_title_match, title_id, is_mitb, mitb_cashin, defeat_type, rating, is_draw) values ('3943c911-a92a-488c-ba7d-0b14cd097655', '55515088-53de-4d71-93db-6ccda04482b4', 3, 'Tag Team', NULL, FALSE, NULL, NULL, FALSE, 'Pin', 5.0, FALSE);
insert into matches (id, show_id, match_number, match_type, stipulation, is_title_match, title_id, is_mitb, mitb_cashin, defeat_type, rating, is_draw) values ('e50260b0-7613-41ef-9eea-87a9922d04f4', '55515088-53de-4d71-93db-6ccda04482b4', 4, 'Triple Threat', NULL, FALSE, NULL, NULL, FALSE, 'Pin', 3.0, FALSE);
insert into match_participants (match_id, wrestler_id, result) values ('e50260b0-7613-41ef-9eea-87a9922d04f4', '0655bec3-0c3f-48ed-b466-a98f20841621', 'winner');
insert into match_participants (match_id, wrestler_id, result) values ('e50260b0-7613-41ef-9eea-87a9922d04f4', '2c23bf2a-90de-4618-9564-8e0e622857f1', 'loser');
insert into match_participants (match_id, wrestler_id, result) values ('e50260b0-7613-41ef-9eea-87a9922d04f4', 'f53c5be3-c66c-4d29-b281-5c0157203703', 'loser');
insert into matches (id, show_id, match_number, match_type, stipulation, is_title_match, title_id, is_mitb, mitb_cashin, defeat_type, rating, is_draw) values ('44b3ceee-0b82-49a2-8f74-9ffeb4552898', '55515088-53de-4d71-93db-6ccda04482b4', 5, 'Single', NULL, FALSE, NULL, NULL, FALSE, 'Pin', 2.5, FALSE);
insert into match_participants (match_id, wrestler_id, result) values ('44b3ceee-0b82-49a2-8f74-9ffeb4552898', 'db9025f4-91c4-47e8-b3de-e3864852a4c8', 'loser');
insert into match_participants (match_id, wrestler_id, result) values ('44b3ceee-0b82-49a2-8f74-9ffeb4552898', '004c7b59-d738-4718-a1f0-39aa22e8039d', 'winner');
insert into matches (id, show_id, match_number, match_type, stipulation, is_title_match, title_id, is_mitb, mitb_cashin, defeat_type, rating, is_draw) values ('214daf29-2190-4919-895e-6fc221d109c5', '55515088-53de-4d71-93db-6ccda04482b4', 6, 'Triple Threat', NULL, FALSE, NULL, NULL, FALSE, 'Pin', 3.0, FALSE);
insert into match_participants (match_id, wrestler_id, result) values ('214daf29-2190-4919-895e-6fc221d109c5', '6a3c5c70-fbb7-4a85-8940-df64e251eca3', 'winner');
insert into match_participants (match_id, wrestler_id, result) values ('214daf29-2190-4919-895e-6fc221d109c5', 'fe192097-a77b-4d95-a8b9-0f0147ab04a6', 'loser');
insert into matches (id, show_id, match_number, match_type, stipulation, is_title_match, title_id, is_mitb, mitb_cashin, defeat_type, rating, is_draw) values ('9c18f810-f892-4f00-8813-8894d424f933', '55515088-53de-4d71-93db-6ccda04482b4', 7, 'Tag Team', NULL, FALSE, NULL, NULL, FALSE, 'Pin', 3.5, FALSE);
insert into matches (id, show_id, match_number, match_type, stipulation, is_title_match, title_id, is_mitb, mitb_cashin, defeat_type, rating, is_draw) values ('0528a1e7-5639-4d85-a864-c6c4ed69ea53', '55515088-53de-4d71-93db-6ccda04482b4', 8, 'Single', NULL, FALSE, NULL, NULL, FALSE, 'Pin', 3.5, FALSE);
insert into match_participants (match_id, wrestler_id, result) values ('0528a1e7-5639-4d85-a864-c6c4ed69ea53', 'ae2ce814-315f-41f0-ab99-eddf09a7d4c5', 'loser');
insert into match_participants (match_id, wrestler_id, result) values ('0528a1e7-5639-4d85-a864-c6c4ed69ea53', '09a1ddc7-5133-4858-b8e1-c89de2eefe3b', 'winner');
insert into matches (id, show_id, match_number, match_type, stipulation, is_title_match, title_id, is_mitb, mitb_cashin, defeat_type, rating, is_draw) values ('5d2bc356-2abe-4457-af32-6a65f6720f3a', '55515088-53de-4d71-93db-6ccda04482b4', 9, 'Single', NULL, FALSE, NULL, NULL, FALSE, 'Pin', 3.0, FALSE);
insert into match_participants (match_id, wrestler_id, result) values ('5d2bc356-2abe-4457-af32-6a65f6720f3a', '0d2420e5-4511-44a9-8d66-a70eef1ce8d4', 'loser');
insert into match_participants (match_id, wrestler_id, result) values ('5d2bc356-2abe-4457-af32-6a65f6720f3a', '60c99dea-a118-4839-99eb-5de3ca41d5d4', 'winner');
insert into matches (id, show_id, match_number, match_type, stipulation, is_title_match, title_id, is_mitb, mitb_cashin, defeat_type, rating, is_draw) values ('bc1b2eb4-8488-4b9a-9127-ab7a32c01462', '55515088-53de-4d71-93db-6ccda04482b4', 10, 'Single', NULL, TRUE, 'f3ec52c9-649b-48cb-aa37-da278fbd72df', FALSE, FALSE, 'Pin', 3.0, FALSE);
insert into match_participants (match_id, wrestler_id, result) values ('bc1b2eb4-8488-4b9a-9127-ab7a32c01462', '24041ddc-d965-4815-8c45-c9f97a2ed2c1', 'winner');
insert into match_participants (match_id, wrestler_id, result) values ('bc1b2eb4-8488-4b9a-9127-ab7a32c01462', '60c99dea-a118-4839-99eb-5de3ca41d5d4', 'loser');
insert into matches (id, show_id, match_number, match_type, stipulation, is_title_match, title_id, is_mitb, mitb_cashin, defeat_type, rating, is_draw) values ('01ba490b-c425-4b6a-87fd-a1f5879ad73e', '55515088-53de-4d71-93db-6ccda04482b4', 11, 'Single', NULL, TRUE, 'b691e77a-af24-4f33-9c0f-09c435cd8dac', TRUE, FALSE, 'No Contest', 3.0, FALSE);
insert into match_participants (match_id, wrestler_id, result) values ('01ba490b-c425-4b6a-87fd-a1f5879ad73e', '24041ddc-d965-4815-8c45-c9f97a2ed2c1', 'loser');
insert into match_participants (match_id, team_id, result) values ('01ba490b-c425-4b6a-87fd-a1f5879ad73e', '77ab10d7-12a7-48ea-b6c1-e09e4e455b7d', 'winner');
insert into shows (id, name, show_date, show_type, ppv_name) values ('74adc5ef-a322-4dcc-bd34-105fb79bb3eb', 'DAW 06-07-2024', '2024-06-07', 'weekly', NULL);
insert into matches (id, show_id, match_number, match_type, stipulation, is_title_match, title_id, is_mitb, mitb_cashin, defeat_type, rating, is_draw) values ('16157c4d-56e1-47df-ab28-26004088ecf9', '74adc5ef-a322-4dcc-bd34-105fb79bb3eb', 1, 'Single', NULL, FALSE, NULL, NULL, FALSE, 'Pin', 3.5, FALSE);
insert into match_participants (match_id, wrestler_id, result) values ('16157c4d-56e1-47df-ab28-26004088ecf9', 'c582c07c-786b-4687-9aeb-b0431edfb330', 'winner');
insert into matches (id, show_id, match_number, match_type, stipulation, is_title_match, title_id, is_mitb, mitb_cashin, defeat_type, rating, is_draw) values ('434f01cf-563f-489b-9ac7-b76cd1f47675', '74adc5ef-a322-4dcc-bd34-105fb79bb3eb', 2, 'Single', NULL, FALSE, NULL, NULL, FALSE, 'Pin', 4.5, FALSE);
insert into match_participants (match_id, wrestler_id, result) values ('434f01cf-563f-489b-9ac7-b76cd1f47675', '2c23bf2a-90de-4618-9564-8e0e622857f1', 'loser');
insert into matches (id, show_id, match_number, match_type, stipulation, is_title_match, title_id, is_mitb, mitb_cashin, defeat_type, rating, is_draw) values ('998b08dc-57a7-4b28-bdc2-1938afd670bd', '74adc5ef-a322-4dcc-bd34-105fb79bb3eb', 3, 'Single', NULL, FALSE, NULL, NULL, FALSE, 'Pin', 3.0, FALSE);
insert into match_participants (match_id, team_id, result) values ('998b08dc-57a7-4b28-bdc2-1938afd670bd', '1e9ea366-fb52-496c-a960-2c327a8677d2', 'winner');
insert into match_participants (match_id, team_id, result) values ('998b08dc-57a7-4b28-bdc2-1938afd670bd', '68c622dc-e758-4f54-9c6b-cfa737db8028', 'loser');
insert into matches (id, show_id, match_number, match_type, stipulation, is_title_match, title_id, is_mitb, mitb_cashin, defeat_type, rating, is_draw) values ('095fff5e-0754-4735-bc9c-84ceb5d47c1a', '74adc5ef-a322-4dcc-bd34-105fb79bb3eb', 4, 'Handicap (1v2)', NULL, FALSE, NULL, NULL, FALSE, 'Pin', 4.5, FALSE);
insert into match_participants (match_id, wrestler_id, result) values ('095fff5e-0754-4735-bc9c-84ceb5d47c1a', '7ca7fd7b-2526-41ea-b143-cdd82f404014', 'winner');
insert into match_participants (match_id, team_id, result) values ('095fff5e-0754-4735-bc9c-84ceb5d47c1a', '4d291dac-5ef2-467e-b2ff-e7af71557c4d', 'loser');
insert into matches (id, show_id, match_number, match_type, stipulation, is_title_match, title_id, is_mitb, mitb_cashin, defeat_type, rating, is_draw) values ('b190d8e9-524f-4104-a32d-eb3ac06a0d84', '74adc5ef-a322-4dcc-bd34-105fb79bb3eb', 5, 'Single', NULL, FALSE, NULL, NULL, FALSE, 'Pin', 3.0, FALSE);
insert into match_participants (match_id, wrestler_id, result) values ('b190d8e9-524f-4104-a32d-eb3ac06a0d84', '0d2420e5-4511-44a9-8d66-a70eef1ce8d4', 'winner');
insert into match_participants (match_id, wrestler_id, result) values ('b190d8e9-524f-4104-a32d-eb3ac06a0d84', '122e2f4f-61c3-46f1-8de6-407a73f0712e', 'loser');
insert into matches (id, show_id, match_number, match_type, stipulation, is_title_match, title_id, is_mitb, mitb_cashin, defeat_type, rating, is_draw) values ('13097ca3-3a16-4656-ae3f-bb576324f991', '74adc5ef-a322-4dcc-bd34-105fb79bb3eb', 6, 'Single', NULL, FALSE, NULL, NULL, FALSE, 'Pin', 4.0, FALSE);
insert into match_participants (match_id, wrestler_id, result) values ('13097ca3-3a16-4656-ae3f-bb576324f991', '0072611a-281e-4de5-bf57-fbc9696651ec', 'loser');
insert into match_participants (match_id, wrestler_id, result) values ('13097ca3-3a16-4656-ae3f-bb576324f991', '24041ddc-d965-4815-8c45-c9f97a2ed2c1', 'winner');
insert into matches (id, show_id, match_number, match_type, stipulation, is_title_match, title_id, is_mitb, mitb_cashin, defeat_type, rating, is_draw) values ('96cf1ee6-bc13-423f-8802-934a3967c14d', '74adc5ef-a322-4dcc-bd34-105fb79bb3eb', 7, 'Single', NULL, FALSE, NULL, NULL, FALSE, 'Pin', 1.5, FALSE);
insert into match_participants (match_id, wrestler_id, result) values ('96cf1ee6-bc13-423f-8802-934a3967c14d', '31f8c2ba-a0c4-4352-ae28-1cf68d200216', 'loser');
insert into matches (id, show_id, match_number, match_type, stipulation, is_title_match, title_id, is_mitb, mitb_cashin, defeat_type, rating, is_draw) values ('b4f97e1b-42b4-43d6-863e-c93fe8feb0ca', '74adc5ef-a322-4dcc-bd34-105fb79bb3eb', 8, 'Tornado Tag Team', NULL, FALSE, NULL, NULL, FALSE, 'Pin', 4.0, FALSE);
insert into matches (id, show_id, match_number, match_type, stipulation, is_title_match, title_id, is_mitb, mitb_cashin, defeat_type, rating, is_draw) values ('ef462311-7826-44ae-9bd2-20206d9dac25', '74adc5ef-a322-4dcc-bd34-105fb79bb3eb', 9, 'Single', NULL, FALSE, NULL, NULL, FALSE, 'Pin', 4.5, FALSE);
insert into match_participants (match_id, wrestler_id, result) values ('ef462311-7826-44ae-9bd2-20206d9dac25', '0d2420e5-4511-44a9-8d66-a70eef1ce8d4', 'loser');
insert into match_participants (match_id, wrestler_id, result) values ('ef462311-7826-44ae-9bd2-20206d9dac25', '7e31c302-05ee-4325-989f-aefa74f76445', 'winner');
insert into shows (id, name, show_date, show_type, ppv_name) values ('fed7fd5b-ea24-4b72-ac3c-9c9fec1fd542', 'DAW 06-14-2024', '2024-06-14', 'weekly', NULL);
insert into matches (id, show_id, match_number, match_type, stipulation, is_title_match, title_id, is_mitb, mitb_cashin, defeat_type, rating, is_draw) values ('b08f5247-e5b7-4775-b3d1-bc1b38036e43', 'fed7fd5b-ea24-4b72-ac3c-9c9fec1fd542', 1, 'Tag Team', 'Extreme Rules', TRUE, '4091f18e-1fb8-441e-b708-1729cb0b0011', FALSE, FALSE, 'Pin', 5.0, FALSE);
insert into match_participants (match_id, team_id, result) values ('b08f5247-e5b7-4775-b3d1-bc1b38036e43', 'c8701498-3b43-490d-9ea9-cab4c4371776', 'loser');
insert into match_participants (match_id, team_id, result) values ('b08f5247-e5b7-4775-b3d1-bc1b38036e43', '4d291dac-5ef2-467e-b2ff-e7af71557c4d', 'winner');
insert into matches (id, show_id, match_number, match_type, stipulation, is_title_match, title_id, is_mitb, mitb_cashin, defeat_type, rating, is_draw) values ('43d08460-e68d-43ab-b36b-fbaf169dc466', 'fed7fd5b-ea24-4b72-ac3c-9c9fec1fd542', 2, 'Single', 'Extreme Rules', FALSE, NULL, NULL, FALSE, 'Pin', 3.5, FALSE);
insert into match_participants (match_id, wrestler_id, result) values ('43d08460-e68d-43ab-b36b-fbaf169dc466', '31f8c2ba-a0c4-4352-ae28-1cf68d200216', 'loser');
insert into match_participants (match_id, wrestler_id, result) values ('43d08460-e68d-43ab-b36b-fbaf169dc466', 'ad63b3fd-9de8-4398-a085-7cc8f264589e', 'winner');
insert into matches (id, show_id, match_number, match_type, stipulation, is_title_match, title_id, is_mitb, mitb_cashin, defeat_type, rating, is_draw) values ('23943b18-1eb3-4cca-bcb1-5f4536567b87', 'fed7fd5b-ea24-4b72-ac3c-9c9fec1fd542', 3, 'Tag Team', 'Extreme Rules', FALSE, NULL, NULL, FALSE, 'Pin', 4.0, FALSE);
insert into match_participants (match_id, team_id, result) values ('23943b18-1eb3-4cca-bcb1-5f4536567b87', '37867637-ea7c-4d6c-9e59-fb37627e1172', 'winner');
insert into match_participants (match_id, team_id, result) values ('23943b18-1eb3-4cca-bcb1-5f4536567b87', 'f7a2e157-4b15-4f76-92c8-41e8e2dea5c6', 'loser');
insert into matches (id, show_id, match_number, match_type, stipulation, is_title_match, title_id, is_mitb, mitb_cashin, defeat_type, rating, is_draw) values ('8e86d6ea-20e9-4213-8b54-a4dbab220a26', 'fed7fd5b-ea24-4b72-ac3c-9c9fec1fd542', 4, 'Single', 'Extreme Rules', TRUE, '5db4cd6b-6ebe-4a87-b7bb-017af3856766', FALSE, FALSE, 'Pin', 4.0, FALSE);
insert into match_participants (match_id, wrestler_id, result) values ('8e86d6ea-20e9-4213-8b54-a4dbab220a26', '6a3c5c70-fbb7-4a85-8940-df64e251eca3', 'loser');
insert into match_participants (match_id, wrestler_id, result) values ('8e86d6ea-20e9-4213-8b54-a4dbab220a26', 'fe192097-a77b-4d95-a8b9-0f0147ab04a6', 'winner');
insert into matches (id, show_id, match_number, match_type, stipulation, is_title_match, title_id, is_mitb, mitb_cashin, defeat_type, rating, is_draw) values ('d3981c4c-88fa-47ff-80bc-def7caa4746b', 'fed7fd5b-ea24-4b72-ac3c-9c9fec1fd542', 5, 'Single', 'Table', FALSE, NULL, NULL, FALSE, 'Pin', 2.5, FALSE);
insert into match_participants (match_id, wrestler_id, result) values ('d3981c4c-88fa-47ff-80bc-def7caa4746b', '9683fa4f-ffaf-4185-938d-e4a435a5aef7', 'winner');
insert into match_participants (match_id, wrestler_id, result) values ('d3981c4c-88fa-47ff-80bc-def7caa4746b', '1fdbaeea-4dc7-41ff-9ce9-394d33e1ace4', 'loser');
insert into matches (id, show_id, match_number, match_type, stipulation, is_title_match, title_id, is_mitb, mitb_cashin, defeat_type, rating, is_draw) values ('b5de6c90-0066-444e-a620-29d2b0407dc6', 'fed7fd5b-ea24-4b72-ac3c-9c9fec1fd542', 6, 'Tag Team', 'Extreme Rules', TRUE, 'c35e55d3-eeb9-45fd-8160-df160862cff0', FALSE, FALSE, 'Sub', 3.5, FALSE);
insert into match_participants (match_id, team_id, result) values ('b5de6c90-0066-444e-a620-29d2b0407dc6', 'eebd2a89-a1f9-4931-982e-9cf035d48429', 'loser');
insert into match_participants (match_id, team_id, result) values ('b5de6c90-0066-444e-a620-29d2b0407dc6', '8dd02369-5443-418b-94d5-1970756968ba', 'winner');
insert into matches (id, show_id, match_number, match_type, stipulation, is_title_match, title_id, is_mitb, mitb_cashin, defeat_type, rating, is_draw) values ('27fad1e3-ef7a-4a35-b801-ed34054d450e', 'fed7fd5b-ea24-4b72-ac3c-9c9fec1fd542', 7, 'Single', 'Extreme Rules', FALSE, NULL, NULL, FALSE, 'Pin', 2.0, FALSE);
insert into match_participants (match_id, wrestler_id, result) values ('27fad1e3-ef7a-4a35-b801-ed34054d450e', '60c99dea-a118-4839-99eb-5de3ca41d5d4', 'loser');
insert into match_participants (match_id, wrestler_id, result) values ('27fad1e3-ef7a-4a35-b801-ed34054d450e', '122e2f4f-61c3-46f1-8de6-407a73f0712e', 'winner');
insert into matches (id, show_id, match_number, match_type, stipulation, is_title_match, title_id, is_mitb, mitb_cashin, defeat_type, rating, is_draw) values ('0416c5bd-63fb-4e2b-b5d7-548cd688661c', 'fed7fd5b-ea24-4b72-ac3c-9c9fec1fd542', 8, 'Single', 'Extreme Rules', FALSE, NULL, NULL, FALSE, 'Pin', 4.0, FALSE);
insert into match_participants (match_id, wrestler_id, result) values ('0416c5bd-63fb-4e2b-b5d7-548cd688661c', 'fce02e68-03a4-4670-a5d4-a6790f4f92a1', 'winner');
insert into match_participants (match_id, wrestler_id, result) values ('0416c5bd-63fb-4e2b-b5d7-548cd688661c', 'c582c07c-786b-4687-9aeb-b0431edfb330', 'loser');
insert into matches (id, show_id, match_number, match_type, stipulation, is_title_match, title_id, is_mitb, mitb_cashin, defeat_type, rating, is_draw) values ('fe922f29-91b2-43d5-a570-cac49dc42510', 'fed7fd5b-ea24-4b72-ac3c-9c9fec1fd542', 9, 'Single', 'Extreme Rules', TRUE, 'f3ec52c9-649b-48cb-aa37-da278fbd72df', FALSE, FALSE, 'Pin', 3.0, FALSE);
insert into match_participants (match_id, wrestler_id, result) values ('fe922f29-91b2-43d5-a570-cac49dc42510', '0655bec3-0c3f-48ed-b466-a98f20841621', 'loser');
insert into match_participants (match_id, wrestler_id, result) values ('fe922f29-91b2-43d5-a570-cac49dc42510', '24041ddc-d965-4815-8c45-c9f97a2ed2c1', 'winner');
insert into matches (id, show_id, match_number, match_type, stipulation, is_title_match, title_id, is_mitb, mitb_cashin, defeat_type, rating, is_draw) values ('d5f2e47b-f7a4-48bb-b021-fa01d94482f4', 'fed7fd5b-ea24-4b72-ac3c-9c9fec1fd542', 10, 'Single', 'Extreme Rules', FALSE, NULL, NULL, FALSE, 'Pin', 2.0, FALSE);
insert into match_participants (match_id, wrestler_id, result) values ('d5f2e47b-f7a4-48bb-b021-fa01d94482f4', 'ae2ce814-315f-41f0-ab99-eddf09a7d4c5', 'winner');
insert into matches (id, show_id, match_number, match_type, stipulation, is_title_match, title_id, is_mitb, mitb_cashin, defeat_type, rating, is_draw) values ('01306db1-e49f-4dff-8d26-27c16a6d1f59', 'fed7fd5b-ea24-4b72-ac3c-9c9fec1fd542', 11, 'Tag Team', 'TLC', FALSE, NULL, NULL, FALSE, 'Pin', 2.5, FALSE);
insert into matches (id, show_id, match_number, match_type, stipulation, is_title_match, title_id, is_mitb, mitb_cashin, defeat_type, rating, is_draw) values ('5a97a949-8fff-45ef-ad32-9bee9a377b41', 'fed7fd5b-ea24-4b72-ac3c-9c9fec1fd542', 12, 'Triple Threat', 'Steel Cage', TRUE, '5d3e065c-43d1-41ee-8d24-e876f1e2b2a1', FALSE, FALSE, 'Pin', 3.5, FALSE);
insert into match_participants (match_id, wrestler_id, result) values ('5a97a949-8fff-45ef-ad32-9bee9a377b41', 'f53c5be3-c66c-4d29-b281-5c0157203703', 'winner');
insert into match_participants (match_id, wrestler_id, result) values ('5a97a949-8fff-45ef-ad32-9bee9a377b41', '24041ddc-d965-4815-8c45-c9f97a2ed2c1', 'loser');
insert into matches (id, show_id, match_number, match_type, stipulation, is_title_match, title_id, is_mitb, mitb_cashin, defeat_type, rating, is_draw) values ('a220576b-31bc-466e-801a-c3b8785397a5', 'fed7fd5b-ea24-4b72-ac3c-9c9fec1fd542', 13, 'Single', 'Extreme Rules', FALSE, NULL, NULL, FALSE, 'Pin', 4.5, FALSE);
insert into match_participants (match_id, wrestler_id, result) values ('a220576b-31bc-466e-801a-c3b8785397a5', 'fb68e30c-6aaa-4377-9099-2c002bc28fe7', 'winner');
insert into match_participants (match_id, wrestler_id, result) values ('a220576b-31bc-466e-801a-c3b8785397a5', '09a1ddc7-5133-4858-b8e1-c89de2eefe3b', 'loser');
insert into matches (id, show_id, match_number, match_type, stipulation, is_title_match, title_id, is_mitb, mitb_cashin, defeat_type, rating, is_draw) values ('45813b1b-9670-4c37-8b17-508d7edb113a', 'fed7fd5b-ea24-4b72-ac3c-9c9fec1fd542', 14, 'Single', 'Extreme Rules', TRUE, '02b0c038-accb-495b-8d6a-8891a7b51554', FALSE, FALSE, 'Pin', 5.0, FALSE);
insert into match_participants (match_id, wrestler_id, result) values ('45813b1b-9670-4c37-8b17-508d7edb113a', 'b2d0cb4c-4471-49a3-b524-544ce1bd95a1', 'winner');
insert into match_participants (match_id, wrestler_id, result) values ('45813b1b-9670-4c37-8b17-508d7edb113a', 'd0df50f1-fbbb-4298-ab0c-f7e6e122c4c4', 'loser');
insert into shows (id, name, show_date, show_type, ppv_name) values ('aa6ca8df-747f-4750-bae1-052444e6aac3', 'DAW 06-21-2024', '2024-06-21', 'weekly', NULL);
insert into matches (id, show_id, match_number, match_type, stipulation, is_title_match, title_id, is_mitb, mitb_cashin, defeat_type, rating, is_draw) values ('b53c62e6-bcfb-438a-afd0-95f24a1b0304', 'aa6ca8df-747f-4750-bae1-052444e6aac3', 1, 'Single', NULL, FALSE, NULL, NULL, FALSE, 'Sub', 1.5, FALSE);
insert into match_participants (match_id, wrestler_id, result) values ('b53c62e6-bcfb-438a-afd0-95f24a1b0304', '6a3c5c70-fbb7-4a85-8940-df64e251eca3', 'winner');
insert into match_participants (match_id, wrestler_id, result) values ('b53c62e6-bcfb-438a-afd0-95f24a1b0304', 'ad63b3fd-9de8-4398-a085-7cc8f264589e', 'loser');
insert into matches (id, show_id, match_number, match_type, stipulation, is_title_match, title_id, is_mitb, mitb_cashin, defeat_type, rating, is_draw) values ('0209232e-4e70-44ac-a85a-76d7c541e937', 'aa6ca8df-747f-4750-bae1-052444e6aac3', 2, 'Single', NULL, FALSE, NULL, NULL, FALSE, 'Pin', 2.0, FALSE);
insert into match_participants (match_id, wrestler_id, result) values ('0209232e-4e70-44ac-a85a-76d7c541e937', '76369e39-fcdb-4753-99f6-d4b3d8291198', 'winner');
insert into match_participants (match_id, wrestler_id, result) values ('0209232e-4e70-44ac-a85a-76d7c541e937', '45d6759a-e627-41e8-b142-68a6772440d1', 'loser');
insert into matches (id, show_id, match_number, match_type, stipulation, is_title_match, title_id, is_mitb, mitb_cashin, defeat_type, rating, is_draw) values ('7b35dd3a-9940-4c32-a7c9-ed4d340bf3ca', 'aa6ca8df-747f-4750-bae1-052444e6aac3', 3, 'Tag Team', NULL, FALSE, NULL, NULL, FALSE, 'Pin', 4.5, FALSE);
insert into match_participants (match_id, team_id, result) values ('7b35dd3a-9940-4c32-a7c9-ed4d340bf3ca', '326ddb77-a43c-4a2e-832e-258e8e55b621', 'winner');
insert into match_participants (match_id, team_id, result) values ('7b35dd3a-9940-4c32-a7c9-ed4d340bf3ca', '4d291dac-5ef2-467e-b2ff-e7af71557c4d', 'loser');
insert into matches (id, show_id, match_number, match_type, stipulation, is_title_match, title_id, is_mitb, mitb_cashin, defeat_type, rating, is_draw) values ('31cfccb1-958d-4fc9-b851-49e5eabbc26a', 'aa6ca8df-747f-4750-bae1-052444e6aac3', 4, 'Triple Threat', NULL, FALSE, NULL, NULL, FALSE, 'Pin', 4.0, FALSE);
insert into match_participants (match_id, wrestler_id, result) values ('31cfccb1-958d-4fc9-b851-49e5eabbc26a', 'b0a5de67-da65-4808-bb98-ace3a77fa729', 'winner');
insert into match_participants (match_id, wrestler_id, result) values ('31cfccb1-958d-4fc9-b851-49e5eabbc26a', 'ae2ce814-315f-41f0-ab99-eddf09a7d4c5', 'loser');
insert into match_participants (match_id, wrestler_id, result) values ('31cfccb1-958d-4fc9-b851-49e5eabbc26a', '09a1ddc7-5133-4858-b8e1-c89de2eefe3b', 'loser');
insert into matches (id, show_id, match_number, match_type, stipulation, is_title_match, title_id, is_mitb, mitb_cashin, defeat_type, rating, is_draw) values ('6d03bcdb-9908-4547-bf39-6e957cfef4cc', 'aa6ca8df-747f-4750-bae1-052444e6aac3', 5, 'Single', NULL, FALSE, NULL, NULL, FALSE, 'Pin', 2.0, FALSE);
insert into match_participants (match_id, wrestler_id, result) values ('6d03bcdb-9908-4547-bf39-6e957cfef4cc', '07687962-07c0-46b6-9541-2d8b60e3c2c1', 'loser');
insert into match_participants (match_id, wrestler_id, result) values ('6d03bcdb-9908-4547-bf39-6e957cfef4cc', 'b2d0cb4c-4471-49a3-b524-544ce1bd95a1', 'winner');
insert into matches (id, show_id, match_number, match_type, stipulation, is_title_match, title_id, is_mitb, mitb_cashin, defeat_type, rating, is_draw) values ('6356a8ef-0d8c-408f-9b57-967c8ee03492', 'aa6ca8df-747f-4750-bae1-052444e6aac3', 6, 'Tag Team', NULL, FALSE, NULL, NULL, FALSE, 'Pin', 4.0, FALSE);
insert into match_participants (match_id, team_id, result) values ('6356a8ef-0d8c-408f-9b57-967c8ee03492', '37867637-ea7c-4d6c-9e59-fb37627e1172', 'winner');
insert into match_participants (match_id, team_id, result) values ('6356a8ef-0d8c-408f-9b57-967c8ee03492', '8dd02369-5443-418b-94d5-1970756968ba', 'loser');
insert into matches (id, show_id, match_number, match_type, stipulation, is_title_match, title_id, is_mitb, mitb_cashin, defeat_type, rating, is_draw) values ('cb461a3e-07ca-48c5-9444-1a42633592d7', 'aa6ca8df-747f-4750-bae1-052444e6aac3', 7, 'Handicap (1v2)', NULL, FALSE, NULL, NULL, FALSE, 'Pin', 4.0, FALSE);
insert into match_participants (match_id, wrestler_id, result) values ('cb461a3e-07ca-48c5-9444-1a42633592d7', '1fdbaeea-4dc7-41ff-9ce9-394d33e1ace4', 'loser');
insert into match_participants (match_id, team_id, result) values ('cb461a3e-07ca-48c5-9444-1a42633592d7', 'd812adbb-b4b1-443b-b4a5-ec26000dc1b8', 'winner');
insert into matches (id, show_id, match_number, match_type, stipulation, is_title_match, title_id, is_mitb, mitb_cashin, defeat_type, rating, is_draw) values ('efa9164e-a673-4a87-97e7-fc2b00f4cc3c', 'aa6ca8df-747f-4750-bae1-052444e6aac3', 8, 'Single', NULL, FALSE, NULL, NULL, FALSE, 'Pin', 4.0, FALSE);
insert into match_participants (match_id, wrestler_id, result) values ('efa9164e-a673-4a87-97e7-fc2b00f4cc3c', '122e2f4f-61c3-46f1-8de6-407a73f0712e', 'winner');
insert into match_participants (match_id, wrestler_id, result) values ('efa9164e-a673-4a87-97e7-fc2b00f4cc3c', 'f53c5be3-c66c-4d29-b281-5c0157203703', 'loser');
insert into matches (id, show_id, match_number, match_type, stipulation, is_title_match, title_id, is_mitb, mitb_cashin, defeat_type, rating, is_draw) values ('5747ae1c-ef1a-404d-8268-1ffa71220289', 'aa6ca8df-747f-4750-bae1-052444e6aac3', 9, 'Single', NULL, FALSE, NULL, NULL, FALSE, 'Pin', 3.0, FALSE);
insert into match_participants (match_id, wrestler_id, result) values ('5747ae1c-ef1a-404d-8268-1ffa71220289', 'cce2403e-b550-4727-9b4c-e04012c77f31', 'winner');
insert into match_participants (match_id, wrestler_id, result) values ('5747ae1c-ef1a-404d-8268-1ffa71220289', 'd0df50f1-fbbb-4298-ab0c-f7e6e122c4c4', 'loser');
insert into shows (id, name, show_date, show_type, ppv_name) values ('f4009d3b-7ece-4971-bc3c-e217cc5cc6fe', 'DAW 06-28-2024', '2024-06-28', 'weekly', NULL);
insert into matches (id, show_id, match_number, match_type, stipulation, is_title_match, title_id, is_mitb, mitb_cashin, defeat_type, rating, is_draw) values ('39db9a78-dc99-4fbb-95a0-b65655daf3c6', 'f4009d3b-7ece-4971-bc3c-e217cc5cc6fe', 1, 'Single', NULL, FALSE, NULL, NULL, FALSE, 'Pin', 3.5, FALSE);
insert into match_participants (match_id, wrestler_id, result) values ('39db9a78-dc99-4fbb-95a0-b65655daf3c6', 'ae2ce814-315f-41f0-ab99-eddf09a7d4c5', 'loser');
insert into match_participants (match_id, wrestler_id, result) values ('39db9a78-dc99-4fbb-95a0-b65655daf3c6', '004c7b59-d738-4718-a1f0-39aa22e8039d', 'winner');
insert into matches (id, show_id, match_number, match_type, stipulation, is_title_match, title_id, is_mitb, mitb_cashin, defeat_type, rating, is_draw) values ('93757a8e-1861-4c98-87ad-d72d012d6144', 'f4009d3b-7ece-4971-bc3c-e217cc5cc6fe', 2, 'Single', NULL, FALSE, NULL, NULL, FALSE, 'Sub', 3.5, FALSE);
insert into match_participants (match_id, wrestler_id, result) values ('93757a8e-1861-4c98-87ad-d72d012d6144', '0072611a-281e-4de5-bf57-fbc9696651ec', 'winner');
insert into match_participants (match_id, wrestler_id, result) values ('93757a8e-1861-4c98-87ad-d72d012d6144', 'b53deaf4-6809-46c8-a85f-587ef1ead267', 'loser');
insert into matches (id, show_id, match_number, match_type, stipulation, is_title_match, title_id, is_mitb, mitb_cashin, defeat_type, rating, is_draw) values ('49e1bd97-a966-436e-818b-b9b75f9495c0', 'f4009d3b-7ece-4971-bc3c-e217cc5cc6fe', 3, 'Tornado Tag Team', NULL, FALSE, NULL, NULL, FALSE, 'Pin', 3.0, FALSE);
insert into match_participants (match_id, team_id, result) values ('49e1bd97-a966-436e-818b-b9b75f9495c0', '4d291dac-5ef2-467e-b2ff-e7af71557c4d', 'winner');
insert into matches (id, show_id, match_number, match_type, stipulation, is_title_match, title_id, is_mitb, mitb_cashin, defeat_type, rating, is_draw) values ('e92cf252-c552-44f6-b611-4cb27725d20a', 'f4009d3b-7ece-4971-bc3c-e217cc5cc6fe', 4, 'Single', NULL, FALSE, NULL, NULL, FALSE, 'Pin', 3.5, FALSE);
insert into match_participants (match_id, wrestler_id, result) values ('e92cf252-c552-44f6-b611-4cb27725d20a', 'fe192097-a77b-4d95-a8b9-0f0147ab04a6', 'loser');
insert into match_participants (match_id, wrestler_id, result) values ('e92cf252-c552-44f6-b611-4cb27725d20a', 'b0a5de67-da65-4808-bb98-ace3a77fa729', 'winner');
insert into matches (id, show_id, match_number, match_type, stipulation, is_title_match, title_id, is_mitb, mitb_cashin, defeat_type, rating, is_draw) values ('18fccc18-4fdf-45ea-8d4d-621871a987d9', 'f4009d3b-7ece-4971-bc3c-e217cc5cc6fe', 5, 'Single', NULL, FALSE, NULL, NULL, FALSE, 'Pin', 3.5, FALSE);
insert into match_participants (match_id, wrestler_id, result) values ('18fccc18-4fdf-45ea-8d4d-621871a987d9', '0d2420e5-4511-44a9-8d66-a70eef1ce8d4', 'winner');
insert into match_participants (match_id, wrestler_id, result) values ('18fccc18-4fdf-45ea-8d4d-621871a987d9', '24041ddc-d965-4815-8c45-c9f97a2ed2c1', 'loser');
insert into matches (id, show_id, match_number, match_type, stipulation, is_title_match, title_id, is_mitb, mitb_cashin, defeat_type, rating, is_draw) values ('c32271a4-b9de-405e-82e0-0c7e76b754dd', 'f4009d3b-7ece-4971-bc3c-e217cc5cc6fe', 6, 'Triple Threat', NULL, FALSE, NULL, NULL, FALSE, 'Pin', 3.5, FALSE);
insert into match_participants (match_id, wrestler_id, result) values ('c32271a4-b9de-405e-82e0-0c7e76b754dd', '07687962-07c0-46b6-9541-2d8b60e3c2c1', 'loser');
insert into match_participants (match_id, wrestler_id, result) values ('c32271a4-b9de-405e-82e0-0c7e76b754dd', '6a3c5c70-fbb7-4a85-8940-df64e251eca3', 'loser');
insert into match_participants (match_id, wrestler_id, result) values ('c32271a4-b9de-405e-82e0-0c7e76b754dd', '09a1ddc7-5133-4858-b8e1-c89de2eefe3b', 'winner');
insert into matches (id, show_id, match_number, match_type, stipulation, is_title_match, title_id, is_mitb, mitb_cashin, defeat_type, rating, is_draw) values ('e74d184d-b11a-4a63-b041-6dbb566f667f', 'f4009d3b-7ece-4971-bc3c-e217cc5cc6fe', 7, 'Single', NULL, FALSE, NULL, NULL, FALSE, 'Pin', 3.5, FALSE);
insert into match_participants (match_id, wrestler_id, result) values ('e74d184d-b11a-4a63-b041-6dbb566f667f', '1fdbaeea-4dc7-41ff-9ce9-394d33e1ace4', 'loser');
insert into match_participants (match_id, wrestler_id, result) values ('e74d184d-b11a-4a63-b041-6dbb566f667f', 'c582c07c-786b-4687-9aeb-b0431edfb330', 'winner');
insert into matches (id, show_id, match_number, match_type, stipulation, is_title_match, title_id, is_mitb, mitb_cashin, defeat_type, rating, is_draw) values ('87c37849-f3e0-46eb-bb58-afef0d3b4f67', 'f4009d3b-7ece-4971-bc3c-e217cc5cc6fe', 8, 'Triple Threat', NULL, FALSE, NULL, NULL, FALSE, 'Pin', 4.0, FALSE);
insert into match_participants (match_id, wrestler_id, result) values ('87c37849-f3e0-46eb-bb58-afef0d3b4f67', '60c99dea-a118-4839-99eb-5de3ca41d5d4', 'loser');
insert into match_participants (match_id, wrestler_id, result) values ('87c37849-f3e0-46eb-bb58-afef0d3b4f67', 'f53c5be3-c66c-4d29-b281-5c0157203703', 'winner');
insert into match_participants (match_id, wrestler_id, result) values ('87c37849-f3e0-46eb-bb58-afef0d3b4f67', '0655bec3-0c3f-48ed-b466-a98f20841621', 'loser');
insert into matches (id, show_id, match_number, match_type, stipulation, is_title_match, title_id, is_mitb, mitb_cashin, defeat_type, rating, is_draw) values ('432d5695-0dbe-4037-a53a-17b2018851ea', 'f4009d3b-7ece-4971-bc3c-e217cc5cc6fe', 9, 'Single', NULL, FALSE, NULL, NULL, FALSE, 'Pin', 3.0, FALSE);
insert into match_participants (match_id, wrestler_id, result) values ('432d5695-0dbe-4037-a53a-17b2018851ea', 'b2d0cb4c-4471-49a3-b524-544ce1bd95a1', 'winner');
insert into match_participants (match_id, wrestler_id, result) values ('432d5695-0dbe-4037-a53a-17b2018851ea', '3ce13860-069e-4f2f-aa02-b1ad0072251c', 'loser');
insert into shows (id, name, show_date, show_type, ppv_name) values ('19b0e782-35e8-4596-9629-643b67f32914', 'DAW 07-05-2024', '2024-07-05', 'weekly', NULL);
insert into matches (id, show_id, match_number, match_type, stipulation, is_title_match, title_id, is_mitb, mitb_cashin, defeat_type, rating, is_draw) values ('18c2f355-6d26-4209-a55f-6b01187ebef9', '19b0e782-35e8-4596-9629-643b67f32914', 1, 'Single', NULL, FALSE, NULL, NULL, FALSE, 'Pin', 3.5, FALSE);
insert into match_participants (match_id, wrestler_id, result) values ('18c2f355-6d26-4209-a55f-6b01187ebef9', 'f53c5be3-c66c-4d29-b281-5c0157203703', 'winner');
insert into match_participants (match_id, wrestler_id, result) values ('18c2f355-6d26-4209-a55f-6b01187ebef9', '60c99dea-a118-4839-99eb-5de3ca41d5d4', 'loser');
insert into matches (id, show_id, match_number, match_type, stipulation, is_title_match, title_id, is_mitb, mitb_cashin, defeat_type, rating, is_draw) values ('c7a37802-c2be-41b7-a9a0-0d2f77e242f4', '19b0e782-35e8-4596-9629-643b67f32914', 2, 'Single', NULL, FALSE, NULL, NULL, FALSE, 'Pin', 3.5, FALSE);
insert into match_participants (match_id, wrestler_id, result) values ('c7a37802-c2be-41b7-a9a0-0d2f77e242f4', 'ee000b2f-e6f1-404a-ae96-df39f1d18a6d', 'winner');
insert into match_participants (match_id, wrestler_id, result) values ('c7a37802-c2be-41b7-a9a0-0d2f77e242f4', 'ae2ce814-315f-41f0-ab99-eddf09a7d4c5', 'loser');
insert into matches (id, show_id, match_number, match_type, stipulation, is_title_match, title_id, is_mitb, mitb_cashin, defeat_type, rating, is_draw) values ('95bee538-0b16-451d-af01-3db63f935ce6', '19b0e782-35e8-4596-9629-643b67f32914', 3, 'Triple Threat', NULL, FALSE, NULL, NULL, FALSE, 'Pin', 4.0, FALSE);
insert into match_participants (match_id, wrestler_id, result) values ('95bee538-0b16-451d-af01-3db63f935ce6', '1fdbaeea-4dc7-41ff-9ce9-394d33e1ace4', 'loser');
insert into match_participants (match_id, wrestler_id, result) values ('95bee538-0b16-451d-af01-3db63f935ce6', 'ad63b3fd-9de8-4398-a085-7cc8f264589e', 'loser');
insert into match_participants (match_id, wrestler_id, result) values ('95bee538-0b16-451d-af01-3db63f935ce6', '004c7b59-d738-4718-a1f0-39aa22e8039d', 'winner');
insert into matches (id, show_id, match_number, match_type, stipulation, is_title_match, title_id, is_mitb, mitb_cashin, defeat_type, rating, is_draw) values ('5be319f4-6b8b-4a04-82f2-41fbf527fc99', '19b0e782-35e8-4596-9629-643b67f32914', 4, 'Single', NULL, FALSE, NULL, NULL, FALSE, 'Pin', 4.5, FALSE);
insert into match_participants (match_id, wrestler_id, result) values ('5be319f4-6b8b-4a04-82f2-41fbf527fc99', 'd0df50f1-fbbb-4298-ab0c-f7e6e122c4c4', 'loser');
insert into match_participants (match_id, wrestler_id, result) values ('5be319f4-6b8b-4a04-82f2-41fbf527fc99', '7d9945b2-59a0-4661-8206-198fec52bb2f', 'winner');
insert into matches (id, show_id, match_number, match_type, stipulation, is_title_match, title_id, is_mitb, mitb_cashin, defeat_type, rating, is_draw) values ('11d472b8-e1f0-478b-b025-66ae84084acc', '19b0e782-35e8-4596-9629-643b67f32914', 5, 'Single', NULL, FALSE, NULL, NULL, FALSE, 'Pin', 3.0, FALSE);
insert into match_participants (match_id, wrestler_id, result) values ('11d472b8-e1f0-478b-b025-66ae84084acc', '2c23bf2a-90de-4618-9564-8e0e622857f1', 'winner');
insert into match_participants (match_id, wrestler_id, result) values ('11d472b8-e1f0-478b-b025-66ae84084acc', '0655bec3-0c3f-48ed-b466-a98f20841621', 'loser');
insert into matches (id, show_id, match_number, match_type, stipulation, is_title_match, title_id, is_mitb, mitb_cashin, defeat_type, rating, is_draw) values ('180048fc-b228-4d04-ad9f-e2d0fd7e7d72', '19b0e782-35e8-4596-9629-643b67f32914', 6, 'Single', NULL, FALSE, NULL, NULL, FALSE, 'Pin', 3.5, FALSE);
insert into match_participants (match_id, wrestler_id, result) values ('180048fc-b228-4d04-ad9f-e2d0fd7e7d72', '09a1ddc7-5133-4858-b8e1-c89de2eefe3b', 'loser');
insert into match_participants (match_id, wrestler_id, result) values ('180048fc-b228-4d04-ad9f-e2d0fd7e7d72', 'b0a5de67-da65-4808-bb98-ace3a77fa729', 'winner');
insert into matches (id, show_id, match_number, match_type, stipulation, is_title_match, title_id, is_mitb, mitb_cashin, defeat_type, rating, is_draw) values ('eaa47966-df45-4a20-9aa8-9bcdd40d6ccc', '19b0e782-35e8-4596-9629-643b67f32914', 7, 'Single', NULL, FALSE, NULL, NULL, FALSE, 'Pin', 4.0, FALSE);
insert into match_participants (match_id, wrestler_id, result) values ('eaa47966-df45-4a20-9aa8-9bcdd40d6ccc', '0d2420e5-4511-44a9-8d66-a70eef1ce8d4', 'winner');
insert into match_participants (match_id, wrestler_id, result) values ('eaa47966-df45-4a20-9aa8-9bcdd40d6ccc', '45d6759a-e627-41e8-b142-68a6772440d1', 'loser');
insert into match_participants (match_id, wrestler_id, result) values ('eaa47966-df45-4a20-9aa8-9bcdd40d6ccc', '76369e39-fcdb-4753-99f6-d4b3d8291198', 'loser');
insert into shows (id, name, show_date, show_type, ppv_name) values ('6a4c35b1-17f3-4639-aa0c-25e1ab4a6e20', 'DAW 07-12-2024', '2024-07-12', 'weekly', NULL);
insert into matches (id, show_id, match_number, match_type, stipulation, is_title_match, title_id, is_mitb, mitb_cashin, defeat_type, rating, is_draw) values ('1cd383fd-b1fd-452a-b3f1-26d21912a0d7', '6a4c35b1-17f3-4639-aa0c-25e1ab4a6e20', 1, 'Single', NULL, FALSE, NULL, NULL, FALSE, 'Sub', 4.0, FALSE);
insert into match_participants (match_id, wrestler_id, result) values ('1cd383fd-b1fd-452a-b3f1-26d21912a0d7', 'b53deaf4-6809-46c8-a85f-587ef1ead267', 'winner');
insert into match_participants (match_id, wrestler_id, result) values ('1cd383fd-b1fd-452a-b3f1-26d21912a0d7', 'f53c5be3-c66c-4d29-b281-5c0157203703', 'loser');
insert into matches (id, show_id, match_number, match_type, stipulation, is_title_match, title_id, is_mitb, mitb_cashin, defeat_type, rating, is_draw) values ('d70b4ec9-92c7-48f7-b91e-279b75268c4f', '6a4c35b1-17f3-4639-aa0c-25e1ab4a6e20', 2, 'Single', NULL, FALSE, NULL, NULL, FALSE, 'Pin', 3.0, FALSE);
insert into match_participants (match_id, wrestler_id, result) values ('d70b4ec9-92c7-48f7-b91e-279b75268c4f', '24041ddc-d965-4815-8c45-c9f97a2ed2c1', 'loser');
insert into match_participants (match_id, wrestler_id, result) values ('d70b4ec9-92c7-48f7-b91e-279b75268c4f', '60c99dea-a118-4839-99eb-5de3ca41d5d4', 'winner');
insert into matches (id, show_id, match_number, match_type, stipulation, is_title_match, title_id, is_mitb, mitb_cashin, defeat_type, rating, is_draw) values ('c211c4d2-6a6d-4bd3-80f8-52e75e0a9713', '6a4c35b1-17f3-4639-aa0c-25e1ab4a6e20', 3, 'Tag Team', NULL, FALSE, NULL, NULL, FALSE, 'Pin', 3.5, FALSE);
insert into match_participants (match_id, team_id, result) values ('c211c4d2-6a6d-4bd3-80f8-52e75e0a9713', '68c622dc-e758-4f54-9c6b-cfa737db8028', 'loser');
insert into matches (id, show_id, match_number, match_type, stipulation, is_title_match, title_id, is_mitb, mitb_cashin, defeat_type, rating, is_draw) values ('a019004b-da4d-436f-8245-2c13b1d2b9ee', '6a4c35b1-17f3-4639-aa0c-25e1ab4a6e20', 4, 'Triple Threat', NULL, FALSE, NULL, NULL, FALSE, 'Pin', 5.0, FALSE);
insert into match_participants (match_id, wrestler_id, result) values ('a019004b-da4d-436f-8245-2c13b1d2b9ee', '31f8c2ba-a0c4-4352-ae28-1cf68d200216', 'winner');
insert into match_participants (match_id, wrestler_id, result) values ('a019004b-da4d-436f-8245-2c13b1d2b9ee', 'b0a5de67-da65-4808-bb98-ace3a77fa729', 'loser');
insert into match_participants (match_id, wrestler_id, result) values ('a019004b-da4d-436f-8245-2c13b1d2b9ee', '6a3c5c70-fbb7-4a85-8940-df64e251eca3', 'loser');
insert into matches (id, show_id, match_number, match_type, stipulation, is_title_match, title_id, is_mitb, mitb_cashin, defeat_type, rating, is_draw) values ('09e10d63-aacc-4cb2-af58-53bc4ac93c86', '6a4c35b1-17f3-4639-aa0c-25e1ab4a6e20', 5, 'Tag Team', NULL, FALSE, NULL, NULL, FALSE, 'Pin', 3.5, FALSE);
insert into match_participants (match_id, team_id, result) values ('09e10d63-aacc-4cb2-af58-53bc4ac93c86', '37867637-ea7c-4d6c-9e59-fb37627e1172', 'winner');
insert into match_participants (match_id, team_id, result) values ('09e10d63-aacc-4cb2-af58-53bc4ac93c86', 'eebd2a89-a1f9-4931-982e-9cf035d48429', 'loser');
insert into matches (id, show_id, match_number, match_type, stipulation, is_title_match, title_id, is_mitb, mitb_cashin, defeat_type, rating, is_draw) values ('e22be02a-03fd-4e06-bf65-e68d1f9c56bc', '6a4c35b1-17f3-4639-aa0c-25e1ab4a6e20', 6, 'Single', NULL, FALSE, NULL, NULL, FALSE, 'Pin', 3.0, FALSE);
insert into match_participants (match_id, wrestler_id, result) values ('e22be02a-03fd-4e06-bf65-e68d1f9c56bc', '09a1ddc7-5133-4858-b8e1-c89de2eefe3b', 'loser');
insert into match_participants (match_id, wrestler_id, result) values ('e22be02a-03fd-4e06-bf65-e68d1f9c56bc', 'fe192097-a77b-4d95-a8b9-0f0147ab04a6', 'winner');
insert into matches (id, show_id, match_number, match_type, stipulation, is_title_match, title_id, is_mitb, mitb_cashin, defeat_type, rating, is_draw) values ('7925b833-831e-457c-a474-f81df099be54', '6a4c35b1-17f3-4639-aa0c-25e1ab4a6e20', 7, 'Single', NULL, FALSE, NULL, NULL, FALSE, 'Pin', 3.5, FALSE);
insert into match_participants (match_id, wrestler_id, result) values ('7925b833-831e-457c-a474-f81df099be54', '07687962-07c0-46b6-9541-2d8b60e3c2c1', 'winner');
insert into matches (id, show_id, match_number, match_type, stipulation, is_title_match, title_id, is_mitb, mitb_cashin, defeat_type, rating, is_draw) values ('e1f1d2cf-ad4d-43db-b7dc-75ac3a0325b6', '6a4c35b1-17f3-4639-aa0c-25e1ab4a6e20', 8, 'Single', NULL, FALSE, NULL, NULL, FALSE, 'Pin', 3.0, TRUE);
insert into match_participants (match_id, wrestler_id, result) values ('e1f1d2cf-ad4d-43db-b7dc-75ac3a0325b6', '1fdbaeea-4dc7-41ff-9ce9-394d33e1ace4', 'winner');
insert into match_participants (match_id, wrestler_id, result) values ('e1f1d2cf-ad4d-43db-b7dc-75ac3a0325b6', 'ee000b2f-e6f1-404a-ae96-df39f1d18a6d', 'draw');
insert into matches (id, show_id, match_number, match_type, stipulation, is_title_match, title_id, is_mitb, mitb_cashin, defeat_type, rating, is_draw) values ('e2309795-643c-45fd-89fd-b7c335ce9a5e', '6a4c35b1-17f3-4639-aa0c-25e1ab4a6e20', 10, 'Single', NULL, TRUE, '7ff2d038-78e9-4309-ab61-a31d82302425', FALSE, FALSE, 'Pin', 4.0, FALSE);
insert into match_participants (match_id, wrestler_id, result) values ('e2309795-643c-45fd-89fd-b7c335ce9a5e', 'ad63b3fd-9de8-4398-a085-7cc8f264589e', 'loser');
insert into match_participants (match_id, wrestler_id, result) values ('e2309795-643c-45fd-89fd-b7c335ce9a5e', '9683fa4f-ffaf-4185-938d-e4a435a5aef7', 'winner');
insert into matches (id, show_id, match_number, match_type, stipulation, is_title_match, title_id, is_mitb, mitb_cashin, defeat_type, rating, is_draw) values ('1616fa46-8587-4184-b17e-84e7a165d379', '6a4c35b1-17f3-4639-aa0c-25e1ab4a6e20', 11, 'Single', NULL, TRUE, 'c8bf1094-803b-495d-b38c-099ff4170ab0', FALSE, FALSE, 'No Contest', 3.0, FALSE);
insert into match_participants (match_id, team_id, result) values ('1616fa46-8587-4184-b17e-84e7a165d379', '77ab10d7-12a7-48ea-b6c1-e09e4e455b7d', 'loser');
insert into match_participants (match_id, wrestler_id, result) values ('1616fa46-8587-4184-b17e-84e7a165d379', '2c23bf2a-90de-4618-9564-8e0e622857f1', 'winner');
insert into matches (id, show_id, match_number, match_type, stipulation, is_title_match, title_id, is_mitb, mitb_cashin, defeat_type, rating, is_draw) values ('08eecfc9-81bf-4420-bd1e-1ee37a5f50d3', '6a4c35b1-17f3-4639-aa0c-25e1ab4a6e20', 15, 'Single', NULL, TRUE, '7ff2d038-78e9-4309-ab61-a31d82302425', FALSE, FALSE, 'No Contest', 3.0, FALSE);
insert into match_participants (match_id, team_id, result) values ('08eecfc9-81bf-4420-bd1e-1ee37a5f50d3', '77ab10d7-12a7-48ea-b6c1-e09e4e455b7d', 'loser');
insert into match_participants (match_id, wrestler_id, result) values ('08eecfc9-81bf-4420-bd1e-1ee37a5f50d3', '9683fa4f-ffaf-4185-938d-e4a435a5aef7', 'winner');
insert into shows (id, name, show_date, show_type, ppv_name) values ('a6f15bf0-00d6-449e-9166-602def3ca48b', 'DAW 07-15-2024', '2024-07-15', 'weekly', NULL);
insert into matches (id, show_id, match_number, match_type, stipulation, is_title_match, title_id, is_mitb, mitb_cashin, defeat_type, rating, is_draw) values ('c42d6011-13d2-44e7-9404-bc12e6a73bf6', 'a6f15bf0-00d6-449e-9166-602def3ca48b', 1, 'Single', NULL, TRUE, '7ff2d038-78e9-4309-ab61-a31d82302425', FALSE, FALSE, 'Pin', 3.0, FALSE);
insert into match_participants (match_id, wrestler_id, result) values ('c42d6011-13d2-44e7-9404-bc12e6a73bf6', 'ae2ce814-315f-41f0-ab99-eddf09a7d4c5', 'winner');
insert into match_participants (match_id, wrestler_id, result) values ('c42d6011-13d2-44e7-9404-bc12e6a73bf6', '9683fa4f-ffaf-4185-938d-e4a435a5aef7', 'loser');
insert into matches (id, show_id, match_number, match_type, stipulation, is_title_match, title_id, is_mitb, mitb_cashin, defeat_type, rating, is_draw) values ('be5fe58b-ca58-4e9b-bc2e-8cf42b76c065', 'a6f15bf0-00d6-449e-9166-602def3ca48b', 2, 'Single', NULL, TRUE, 'c8bf1094-803b-495d-b38c-099ff4170ab0', FALSE, FALSE, 'Pin', 4.0, FALSE);
insert into match_participants (match_id, wrestler_id, result) values ('be5fe58b-ca58-4e9b-bc2e-8cf42b76c065', '0d2420e5-4511-44a9-8d66-a70eef1ce8d4', 'loser');
insert into match_participants (match_id, wrestler_id, result) values ('be5fe58b-ca58-4e9b-bc2e-8cf42b76c065', '2c23bf2a-90de-4618-9564-8e0e622857f1', 'winner');
insert into shows (id, name, show_date, show_type, ppv_name) values ('d20a862c-b18d-4b32-92fe-66f43a7d95bb', 'DAW 07-17-2024', '2024-07-17', 'weekly', NULL);
insert into matches (id, show_id, match_number, match_type, stipulation, is_title_match, title_id, is_mitb, mitb_cashin, defeat_type, rating, is_draw) values ('b7d143ac-cb2e-4758-8192-4523ab6c4285', 'd20a862c-b18d-4b32-92fe-66f43a7d95bb', 1, 'Single', NULL, TRUE, '7ff2d038-78e9-4309-ab61-a31d82302425', FALSE, FALSE, 'Pin', 2.5, FALSE);
insert into match_participants (match_id, wrestler_id, result) values ('b7d143ac-cb2e-4758-8192-4523ab6c4285', 'b2d0cb4c-4471-49a3-b524-544ce1bd95a1', 'winner');
insert into match_participants (match_id, wrestler_id, result) values ('b7d143ac-cb2e-4758-8192-4523ab6c4285', 'ae2ce814-315f-41f0-ab99-eddf09a7d4c5', 'loser');
insert into matches (id, show_id, match_number, match_type, stipulation, is_title_match, title_id, is_mitb, mitb_cashin, defeat_type, rating, is_draw) values ('34c70d4e-a2f7-4090-a7ad-157d636ced07', 'd20a862c-b18d-4b32-92fe-66f43a7d95bb', 2, 'Single', NULL, TRUE, '7ff2d038-78e9-4309-ab61-a31d82302425', FALSE, FALSE, 'Pin', 4.5, FALSE);
insert into match_participants (match_id, wrestler_id, result) values ('34c70d4e-a2f7-4090-a7ad-157d636ced07', 'cce2403e-b550-4727-9b4c-e04012c77f31', 'loser');
insert into match_participants (match_id, wrestler_id, result) values ('34c70d4e-a2f7-4090-a7ad-157d636ced07', 'b2d0cb4c-4471-49a3-b524-544ce1bd95a1', 'winner');
insert into shows (id, name, show_date, show_type, ppv_name) values ('12c16ac3-13e8-4247-a023-ef0b87c2955f', 'DAW 07-18-2024', '2024-07-18', 'weekly', NULL);
insert into matches (id, show_id, match_number, match_type, stipulation, is_title_match, title_id, is_mitb, mitb_cashin, defeat_type, rating, is_draw) values ('163cf74c-bb16-4009-94f4-7509c636ebd3', '12c16ac3-13e8-4247-a023-ef0b87c2955f', 1, 'Single', NULL, TRUE, 'c8bf1094-803b-495d-b38c-099ff4170ab0', FALSE, FALSE, 'Pin', 4.0, FALSE);
insert into match_participants (match_id, wrestler_id, result) values ('163cf74c-bb16-4009-94f4-7509c636ebd3', '0d2420e5-4511-44a9-8d66-a70eef1ce8d4', 'winner');
insert into match_participants (match_id, wrestler_id, result) values ('163cf74c-bb16-4009-94f4-7509c636ebd3', '2c23bf2a-90de-4618-9564-8e0e622857f1', 'loser');
insert into shows (id, name, show_date, show_type, ppv_name) values ('fe259e83-5bec-41bc-8c48-4aa4ddf5ee07', 'DAW 07-19-2024', '2024-07-19', 'weekly', NULL);
insert into matches (id, show_id, match_number, match_type, stipulation, is_title_match, title_id, is_mitb, mitb_cashin, defeat_type, rating, is_draw) values ('bea70647-4d53-4223-b698-027e84869aa8', 'fe259e83-5bec-41bc-8c48-4aa4ddf5ee07', 1, 'Tornado Tag Team', 'Extreme Rules', TRUE, '4091f18e-1fb8-441e-b708-1729cb0b0011', FALSE, FALSE, 'Pin', 2.5, FALSE);
insert into match_participants (match_id, team_id, result) values ('bea70647-4d53-4223-b698-027e84869aa8', 'd2ceb13e-7a13-446c-93a0-cc8e2cc4e575', 'loser');
insert into match_participants (match_id, team_id, result) values ('bea70647-4d53-4223-b698-027e84869aa8', '4d291dac-5ef2-467e-b2ff-e7af71557c4d', 'winner');
insert into matches (id, show_id, match_number, match_type, stipulation, is_title_match, title_id, is_mitb, mitb_cashin, defeat_type, rating, is_draw) values ('4cf29bfa-6c78-483a-93ae-c0b3c98de6d5', 'fe259e83-5bec-41bc-8c48-4aa4ddf5ee07', 2, 'Single', NULL, FALSE, NULL, NULL, FALSE, 'Pin', 3.0, FALSE);
insert into match_participants (match_id, wrestler_id, result) values ('4cf29bfa-6c78-483a-93ae-c0b3c98de6d5', 'd02a9351-6c1e-46ef-bb03-473a19e744f4', 'winner');
insert into match_participants (match_id, wrestler_id, result) values ('4cf29bfa-6c78-483a-93ae-c0b3c98de6d5', '5909ea1d-6838-40c8-8058-64854406eb27', 'loser');
insert into matches (id, show_id, match_number, match_type, stipulation, is_title_match, title_id, is_mitb, mitb_cashin, defeat_type, rating, is_draw) values ('f8b097a2-f77e-4c0d-8c45-0c2dee5d81f0', 'fe259e83-5bec-41bc-8c48-4aa4ddf5ee07', 3, 'Triple Threat', NULL, TRUE, '5db4cd6b-6ebe-4a87-b7bb-017af3856766', FALSE, FALSE, 'Pin', 4.5, FALSE);
insert into match_participants (match_id, wrestler_id, result) values ('f8b097a2-f77e-4c0d-8c45-0c2dee5d81f0', 'b0a5de67-da65-4808-bb98-ace3a77fa729', 'loser');
insert into match_participants (match_id, wrestler_id, result) values ('f8b097a2-f77e-4c0d-8c45-0c2dee5d81f0', '09a1ddc7-5133-4858-b8e1-c89de2eefe3b', 'loser');
insert into match_participants (match_id, wrestler_id, result) values ('f8b097a2-f77e-4c0d-8c45-0c2dee5d81f0', 'fe192097-a77b-4d95-a8b9-0f0147ab04a6', 'winner');
insert into matches (id, show_id, match_number, match_type, stipulation, is_title_match, title_id, is_mitb, mitb_cashin, defeat_type, rating, is_draw) values ('1f90e451-96fc-4de1-8463-8490badd95c9', 'fe259e83-5bec-41bc-8c48-4aa4ddf5ee07', 4, 'Single', NULL, FALSE, NULL, NULL, FALSE, 'Pin', 3.5, FALSE);
insert into match_participants (match_id, wrestler_id, result) values ('1f90e451-96fc-4de1-8463-8490badd95c9', 'c582c07c-786b-4687-9aeb-b0431edfb330', 'winner');
insert into match_participants (match_id, wrestler_id, result) values ('1f90e451-96fc-4de1-8463-8490badd95c9', '6a3c5c70-fbb7-4a85-8940-df64e251eca3', 'loser');
insert into matches (id, show_id, match_number, match_type, stipulation, is_title_match, title_id, is_mitb, mitb_cashin, defeat_type, rating, is_draw) values ('7d3ed41d-9269-44b9-aa06-ad9ec81d4701', 'fe259e83-5bec-41bc-8c48-4aa4ddf5ee07', 5, '6-Man', 'Ladder', TRUE, 'b691e77a-af24-4f33-9c0f-09c435cd8dac', TRUE, FALSE, 'Pin', 3.0, FALSE);
insert into match_participants (match_id, wrestler_id, result) values ('7d3ed41d-9269-44b9-aa06-ad9ec81d4701', '0d2420e5-4511-44a9-8d66-a70eef1ce8d4', 'loser');
insert into match_participants (match_id, wrestler_id, result) values ('7d3ed41d-9269-44b9-aa06-ad9ec81d4701', '2c23bf2a-90de-4618-9564-8e0e622857f1', 'loser');
insert into match_participants (match_id, wrestler_id, result) values ('7d3ed41d-9269-44b9-aa06-ad9ec81d4701', '0655bec3-0c3f-48ed-b466-a98f20841621', 'loser');
insert into match_participants (match_id, wrestler_id, result) values ('7d3ed41d-9269-44b9-aa06-ad9ec81d4701', 'f53c5be3-c66c-4d29-b281-5c0157203703', 'winner');
insert into match_participants (match_id, wrestler_id, result) values ('7d3ed41d-9269-44b9-aa06-ad9ec81d4701', '122e2f4f-61c3-46f1-8de6-407a73f0712e', 'loser');
insert into match_participants (match_id, wrestler_id, result) values ('7d3ed41d-9269-44b9-aa06-ad9ec81d4701', '31f9e94a-66c8-428d-9ae1-dc8ad7d4834f', 'loser');
insert into match_participants (match_id, wrestler_id, result) values ('7d3ed41d-9269-44b9-aa06-ad9ec81d4701', '45d6759a-e627-41e8-b142-68a6772440d1', 'loser');
insert into match_participants (match_id, wrestler_id, result) values ('7d3ed41d-9269-44b9-aa06-ad9ec81d4701', '60c99dea-a118-4839-99eb-5de3ca41d5d4', 'loser');
insert into matches (id, show_id, match_number, match_type, stipulation, is_title_match, title_id, is_mitb, mitb_cashin, defeat_type, rating, is_draw) values ('3d947bd4-1883-40be-a46f-1be659c56a53', 'fe259e83-5bec-41bc-8c48-4aa4ddf5ee07', 6, 'Tag Team', NULL, TRUE, 'c35e55d3-eeb9-45fd-8160-df160862cff0', FALSE, FALSE, 'Pin', 2.5, FALSE);
insert into match_participants (match_id, team_id, result) values ('3d947bd4-1883-40be-a46f-1be659c56a53', '37867637-ea7c-4d6c-9e59-fb37627e1172', 'loser');
insert into matches (id, show_id, match_number, match_type, stipulation, is_title_match, title_id, is_mitb, mitb_cashin, defeat_type, rating, is_draw) values ('23693cf4-08f7-48fd-947b-f182de4fcb4c', 'fe259e83-5bec-41bc-8c48-4aa4ddf5ee07', 7, 'Single', 'Extreme Rules', FALSE, NULL, NULL, FALSE, 'Pin', 3.5, FALSE);
insert into match_participants (match_id, wrestler_id, result) values ('23693cf4-08f7-48fd-947b-f182de4fcb4c', '07687962-07c0-46b6-9541-2d8b60e3c2c1', 'winner');
insert into matches (id, show_id, match_number, match_type, stipulation, is_title_match, title_id, is_mitb, mitb_cashin, defeat_type, rating, is_draw) values ('6494c3aa-9e2c-4d48-b4f6-de8842a3a44f', 'fe259e83-5bec-41bc-8c48-4aa4ddf5ee07', 8, 'Single', NULL, TRUE, '5d3e065c-43d1-41ee-8d24-e876f1e2b2a1', FALSE, FALSE, 'Pin', 3.5, FALSE);
insert into match_participants (match_id, wrestler_id, result) values ('6494c3aa-9e2c-4d48-b4f6-de8842a3a44f', '122e2f4f-61c3-46f1-8de6-407a73f0712e', 'winner');
insert into match_participants (match_id, wrestler_id, result) values ('6494c3aa-9e2c-4d48-b4f6-de8842a3a44f', 'f53c5be3-c66c-4d29-b281-5c0157203703', 'loser');
insert into matches (id, show_id, match_number, match_type, stipulation, is_title_match, title_id, is_mitb, mitb_cashin, defeat_type, rating, is_draw) values ('6d8df53d-6c21-47af-a1af-4ca2979938c3', 'fe259e83-5bec-41bc-8c48-4aa4ddf5ee07', 9, 'Tag Team', NULL, FALSE, NULL, NULL, FALSE, 'Pin', 5.0, FALSE);
insert into matches (id, show_id, match_number, match_type, stipulation, is_title_match, title_id, is_mitb, mitb_cashin, defeat_type, rating, is_draw) values ('c31f046b-374b-4035-b465-e5b4031e6568', 'fe259e83-5bec-41bc-8c48-4aa4ddf5ee07', 10, '6-Man', 'Ladder', TRUE, 'b25e7259-f027-4be1-a39e-0e956b9d538d', TRUE, FALSE, 'Pin', 2.0, FALSE);
insert into match_participants (match_id, wrestler_id, result) values ('c31f046b-374b-4035-b465-e5b4031e6568', 'db9025f4-91c4-47e8-b3de-e3864852a4c8', 'winner');
insert into match_participants (match_id, wrestler_id, result) values ('c31f046b-374b-4035-b465-e5b4031e6568', '31f8c2ba-a0c4-4352-ae28-1cf68d200216', 'loser');
insert into match_participants (match_id, wrestler_id, result) values ('c31f046b-374b-4035-b465-e5b4031e6568', '07687962-07c0-46b6-9541-2d8b60e3c2c1', 'loser');
insert into match_participants (match_id, wrestler_id, result) values ('c31f046b-374b-4035-b465-e5b4031e6568', '004c7b59-d738-4718-a1f0-39aa22e8039d', 'loser');
insert into match_participants (match_id, wrestler_id, result) values ('c31f046b-374b-4035-b465-e5b4031e6568', 'ae2ce814-315f-41f0-ab99-eddf09a7d4c5', 'loser');
insert into match_participants (match_id, wrestler_id, result) values ('c31f046b-374b-4035-b465-e5b4031e6568', '9683fa4f-ffaf-4185-938d-e4a435a5aef7', 'loser');
insert into match_participants (match_id, wrestler_id, result) values ('c31f046b-374b-4035-b465-e5b4031e6568', 'b0a5de67-da65-4808-bb98-ace3a77fa729', 'loser');
insert into match_participants (match_id, wrestler_id, result) values ('c31f046b-374b-4035-b465-e5b4031e6568', 'ad63b3fd-9de8-4398-a085-7cc8f264589e', 'loser');
insert into matches (id, show_id, match_number, match_type, stipulation, is_title_match, title_id, is_mitb, mitb_cashin, defeat_type, rating, is_draw) values ('f3ee98f1-92a7-4f9b-bf00-8ded2fcb6d43', 'fe259e83-5bec-41bc-8c48-4aa4ddf5ee07', 11, 'Single', 'Extreme Rules', FALSE, NULL, NULL, FALSE, 'Pin', 4.5, FALSE);
insert into match_participants (match_id, wrestler_id, result) values ('f3ee98f1-92a7-4f9b-bf00-8ded2fcb6d43', 'ae2ce814-315f-41f0-ab99-eddf09a7d4c5', 'winner');
insert into matches (id, show_id, match_number, match_type, stipulation, is_title_match, title_id, is_mitb, mitb_cashin, defeat_type, rating, is_draw) values ('b9fc101e-93e9-4649-9416-2156d7cb1739', 'fe259e83-5bec-41bc-8c48-4aa4ddf5ee07', 12, 'Tag Team', 'Extreme Rules', FALSE, NULL, NULL, FALSE, 'No Contest', 3.5, FALSE);
insert into match_participants (match_id, team_id, result) values ('b9fc101e-93e9-4649-9416-2156d7cb1739', 'eebd2a89-a1f9-4931-982e-9cf035d48429', 'winner');
insert into match_participants (match_id, team_id, result) values ('b9fc101e-93e9-4649-9416-2156d7cb1739', 'f7a2e157-4b15-4f76-92c8-41e8e2dea5c6', 'loser');
insert into matches (id, show_id, match_number, match_type, stipulation, is_title_match, title_id, is_mitb, mitb_cashin, defeat_type, rating, is_draw) values ('382aa346-ff22-4ee8-910b-97e3a383da0d', 'fe259e83-5bec-41bc-8c48-4aa4ddf5ee07', 13, 'Single', NULL, TRUE, 'f3ec52c9-649b-48cb-aa37-da278fbd72df', FALSE, FALSE, 'Pin', 3.5, FALSE);
insert into match_participants (match_id, wrestler_id, result) values ('382aa346-ff22-4ee8-910b-97e3a383da0d', '60c99dea-a118-4839-99eb-5de3ca41d5d4', 'loser');
insert into match_participants (match_id, wrestler_id, result) values ('382aa346-ff22-4ee8-910b-97e3a383da0d', '24041ddc-d965-4815-8c45-c9f97a2ed2c1', 'winner');
insert into matches (id, show_id, match_number, match_type, stipulation, is_title_match, title_id, is_mitb, mitb_cashin, defeat_type, rating, is_draw) values ('93caab45-820c-422c-b77f-f8c2da5eed8b', 'fe259e83-5bec-41bc-8c48-4aa4ddf5ee07', 14, 'Single', 'Hell in a Cell', TRUE, '02b0c038-accb-495b-8d6a-8891a7b51554', FALSE, FALSE, 'Pin', 3.5, FALSE);
insert into match_participants (match_id, wrestler_id, result) values ('93caab45-820c-422c-b77f-f8c2da5eed8b', 'cce2403e-b550-4727-9b4c-e04012c77f31', 'loser');
insert into match_participants (match_id, wrestler_id, result) values ('93caab45-820c-422c-b77f-f8c2da5eed8b', 'b2d0cb4c-4471-49a3-b524-544ce1bd95a1', 'winner');
insert into shows (id, name, show_date, show_type, ppv_name) values ('80804b7a-c2eb-4ebe-97de-4204aa9e0a73', 'DAW 07-26-2024', '2024-07-26', 'weekly', NULL);
insert into matches (id, show_id, match_number, match_type, stipulation, is_title_match, title_id, is_mitb, mitb_cashin, defeat_type, rating, is_draw) values ('d4e396e3-d143-495b-9bc3-8daa2e1f3873', '80804b7a-c2eb-4ebe-97de-4204aa9e0a73', 1, 'Single', NULL, FALSE, NULL, NULL, FALSE, 'Pin', 3.0, FALSE);
insert into match_participants (match_id, wrestler_id, result) values ('d4e396e3-d143-495b-9bc3-8daa2e1f3873', 'ae2ce814-315f-41f0-ab99-eddf09a7d4c5', 'loser');
insert into match_participants (match_id, wrestler_id, result) values ('d4e396e3-d143-495b-9bc3-8daa2e1f3873', '004c7b59-d738-4718-a1f0-39aa22e8039d', 'winner');
insert into matches (id, show_id, match_number, match_type, stipulation, is_title_match, title_id, is_mitb, mitb_cashin, defeat_type, rating, is_draw) values ('997421e6-676b-42dd-816d-0d8030302005', '80804b7a-c2eb-4ebe-97de-4204aa9e0a73', 2, 'Triple Threat', NULL, FALSE, NULL, NULL, FALSE, 'Pin', 4.0, FALSE);
insert into match_participants (match_id, wrestler_id, result) values ('997421e6-676b-42dd-816d-0d8030302005', '7ca7fd7b-2526-41ea-b143-cdd82f404014', 'loser');
insert into match_participants (match_id, wrestler_id, result) values ('997421e6-676b-42dd-816d-0d8030302005', 'a11850be-ac52-4acd-979f-bfff6746cc79', 'winner');
insert into match_participants (match_id, wrestler_id, result) values ('997421e6-676b-42dd-816d-0d8030302005', 'b2d0cb4c-4471-49a3-b524-544ce1bd95a1', 'loser');
insert into matches (id, show_id, match_number, match_type, stipulation, is_title_match, title_id, is_mitb, mitb_cashin, defeat_type, rating, is_draw) values ('e6c20402-904f-4cfc-a7bc-c0d88d892ad3', '80804b7a-c2eb-4ebe-97de-4204aa9e0a73', 3, 'Single', NULL, FALSE, NULL, NULL, FALSE, 'Pin', 3.5, FALSE);
insert into match_participants (match_id, wrestler_id, result) values ('e6c20402-904f-4cfc-a7bc-c0d88d892ad3', '7d9945b2-59a0-4661-8206-198fec52bb2f', 'loser');
insert into match_participants (match_id, wrestler_id, result) values ('e6c20402-904f-4cfc-a7bc-c0d88d892ad3', 'b0a5de67-da65-4808-bb98-ace3a77fa729', 'winner');
insert into matches (id, show_id, match_number, match_type, stipulation, is_title_match, title_id, is_mitb, mitb_cashin, defeat_type, rating, is_draw) values ('ec359be2-24bc-4305-aa46-b84bf675e32f', '80804b7a-c2eb-4ebe-97de-4204aa9e0a73', 4, 'Single', NULL, FALSE, NULL, NULL, FALSE, 'Pin', 4.0, FALSE);
insert into match_participants (match_id, wrestler_id, result) values ('ec359be2-24bc-4305-aa46-b84bf675e32f', '1fdbaeea-4dc7-41ff-9ce9-394d33e1ace4', 'loser');
insert into match_participants (match_id, wrestler_id, result) values ('ec359be2-24bc-4305-aa46-b84bf675e32f', '5909ea1d-6838-40c8-8058-64854406eb27', 'winner');
insert into matches (id, show_id, match_number, match_type, stipulation, is_title_match, title_id, is_mitb, mitb_cashin, defeat_type, rating, is_draw) values ('f447bfcc-78b1-4342-a90f-511aacf17af8', '80804b7a-c2eb-4ebe-97de-4204aa9e0a73', 5, 'Single', NULL, FALSE, NULL, NULL, FALSE, 'Pin', 4.0, FALSE);
insert into match_participants (match_id, wrestler_id, result) values ('f447bfcc-78b1-4342-a90f-511aacf17af8', '122e2f4f-61c3-46f1-8de6-407a73f0712e', 'loser');
insert into match_participants (match_id, wrestler_id, result) values ('f447bfcc-78b1-4342-a90f-511aacf17af8', '2c23bf2a-90de-4618-9564-8e0e622857f1', 'winner');
insert into matches (id, show_id, match_number, match_type, stipulation, is_title_match, title_id, is_mitb, mitb_cashin, defeat_type, rating, is_draw) values ('280f12fd-98e0-4c98-ac2e-776902ca64c3', '80804b7a-c2eb-4ebe-97de-4204aa9e0a73', 6, 'Triple Threat', NULL, FALSE, NULL, NULL, FALSE, 'Pin', 3.0, FALSE);
insert into match_participants (match_id, wrestler_id, result) values ('280f12fd-98e0-4c98-ac2e-776902ca64c3', '24041ddc-d965-4815-8c45-c9f97a2ed2c1', 'loser');
insert into match_participants (match_id, wrestler_id, result) values ('280f12fd-98e0-4c98-ac2e-776902ca64c3', '45d6759a-e627-41e8-b142-68a6772440d1', 'loser');
insert into match_participants (match_id, wrestler_id, result) values ('280f12fd-98e0-4c98-ac2e-776902ca64c3', '0655bec3-0c3f-48ed-b466-a98f20841621', 'winner');
insert into matches (id, show_id, match_number, match_type, stipulation, is_title_match, title_id, is_mitb, mitb_cashin, defeat_type, rating, is_draw) values ('c0102fd2-00c2-42f7-9ea4-b0e17849815b', '80804b7a-c2eb-4ebe-97de-4204aa9e0a73', 7, 'Single', NULL, FALSE, NULL, NULL, FALSE, 'Pin', 2.0, FALSE);
insert into match_participants (match_id, wrestler_id, result) values ('c0102fd2-00c2-42f7-9ea4-b0e17849815b', 'f53c5be3-c66c-4d29-b281-5c0157203703', 'winner');
insert into match_participants (match_id, wrestler_id, result) values ('c0102fd2-00c2-42f7-9ea4-b0e17849815b', '0d2420e5-4511-44a9-8d66-a70eef1ce8d4', 'loser');
insert into matches (id, show_id, match_number, match_type, stipulation, is_title_match, title_id, is_mitb, mitb_cashin, defeat_type, rating, is_draw) values ('686349bc-2960-4d80-8e6a-481a7b4c430c', '80804b7a-c2eb-4ebe-97de-4204aa9e0a73', 8, 'Single', NULL, FALSE, NULL, NULL, FALSE, 'Pin', 4.5, FALSE);
insert into match_participants (match_id, wrestler_id, result) values ('686349bc-2960-4d80-8e6a-481a7b4c430c', '09a1ddc7-5133-4858-b8e1-c89de2eefe3b', 'winner');
insert into match_participants (match_id, wrestler_id, result) values ('686349bc-2960-4d80-8e6a-481a7b4c430c', '07687962-07c0-46b6-9541-2d8b60e3c2c1', 'loser');
insert into matches (id, show_id, match_number, match_type, stipulation, is_title_match, title_id, is_mitb, mitb_cashin, defeat_type, rating, is_draw) values ('a30c1aeb-7143-4e05-a2fa-54e78fdd7590', '80804b7a-c2eb-4ebe-97de-4204aa9e0a73', 9, 'Single', NULL, FALSE, NULL, NULL, FALSE, 'Pin', 3.0, FALSE);
insert into match_participants (match_id, wrestler_id, result) values ('a30c1aeb-7143-4e05-a2fa-54e78fdd7590', '9683fa4f-ffaf-4185-938d-e4a435a5aef7', 'winner');
insert into match_participants (match_id, wrestler_id, result) values ('a30c1aeb-7143-4e05-a2fa-54e78fdd7590', 'db9025f4-91c4-47e8-b3de-e3864852a4c8', 'loser');
insert into shows (id, name, show_date, show_type, ppv_name) values ('e658f5fa-5daf-4d27-92d0-73f78dc3f1d0', 'DAW 07-29-2024', '2024-07-29', 'weekly', NULL);
insert into matches (id, show_id, match_number, match_type, stipulation, is_title_match, title_id, is_mitb, mitb_cashin, defeat_type, rating, is_draw) values ('a79ba8f1-e10a-4e34-845a-9a6c50e26c52', 'e658f5fa-5daf-4d27-92d0-73f78dc3f1d0', 1, 'Single', NULL, TRUE, '7ff2d038-78e9-4309-ab61-a31d82302425', FALSE, FALSE, 'Pin', 3.0, FALSE);
insert into match_participants (match_id, wrestler_id, result) values ('a79ba8f1-e10a-4e34-845a-9a6c50e26c52', '5909ea1d-6838-40c8-8058-64854406eb27', 'loser');
insert into match_participants (match_id, wrestler_id, result) values ('a79ba8f1-e10a-4e34-845a-9a6c50e26c52', 'b2d0cb4c-4471-49a3-b524-544ce1bd95a1', 'winner');
insert into matches (id, show_id, match_number, match_type, stipulation, is_title_match, title_id, is_mitb, mitb_cashin, defeat_type, rating, is_draw) values ('fe77d9ff-819a-44f8-a04e-d0095fc5cae7', 'e658f5fa-5daf-4d27-92d0-73f78dc3f1d0', 2, 'Single', NULL, TRUE, '7ff2d038-78e9-4309-ab61-a31d82302425', FALSE, FALSE, 'Pin', 4.0, FALSE);
insert into match_participants (match_id, wrestler_id, result) values ('fe77d9ff-819a-44f8-a04e-d0095fc5cae7', '9683fa4f-ffaf-4185-938d-e4a435a5aef7', 'winner');
insert into match_participants (match_id, wrestler_id, result) values ('fe77d9ff-819a-44f8-a04e-d0095fc5cae7', 'b2d0cb4c-4471-49a3-b524-544ce1bd95a1', 'loser');
insert into shows (id, name, show_date, show_type, ppv_name) values ('370c3c26-3c99-430e-ba45-37501ad67cf9', 'DAW 07-30-2024', '2024-07-30', 'weekly', NULL);
insert into matches (id, show_id, match_number, match_type, stipulation, is_title_match, title_id, is_mitb, mitb_cashin, defeat_type, rating, is_draw) values ('d52da5df-8f9d-47e2-90ba-421285abb26b', '370c3c26-3c99-430e-ba45-37501ad67cf9', 1, 'Single', NULL, TRUE, '7ff2d038-78e9-4309-ab61-a31d82302425', FALSE, FALSE, 'Pin', 4.0, FALSE);
insert into match_participants (match_id, wrestler_id, result) values ('d52da5df-8f9d-47e2-90ba-421285abb26b', 'b2d0cb4c-4471-49a3-b524-544ce1bd95a1', 'winner');
insert into match_participants (match_id, wrestler_id, result) values ('d52da5df-8f9d-47e2-90ba-421285abb26b', '9683fa4f-ffaf-4185-938d-e4a435a5aef7', 'loser');
insert into shows (id, name, show_date, show_type, ppv_name) values ('241efeb1-48c5-4479-a94d-e21b04ca9da7', 'DAW 07-31-2024', '2024-07-31', 'weekly', NULL);
insert into matches (id, show_id, match_number, match_type, stipulation, is_title_match, title_id, is_mitb, mitb_cashin, defeat_type, rating, is_draw) values ('3475082e-c551-43e0-aacf-41128bac1b24', '241efeb1-48c5-4479-a94d-e21b04ca9da7', 2, 'Single', NULL, TRUE, '7ff2d038-78e9-4309-ab61-a31d82302425', FALSE, FALSE, 'Pin', 4.0, FALSE);
insert into match_participants (match_id, wrestler_id, result) values ('3475082e-c551-43e0-aacf-41128bac1b24', '7ca7fd7b-2526-41ea-b143-cdd82f404014', 'winner');
insert into match_participants (match_id, wrestler_id, result) values ('3475082e-c551-43e0-aacf-41128bac1b24', 'b2d0cb4c-4471-49a3-b524-544ce1bd95a1', 'loser');
insert into shows (id, name, show_date, show_type, ppv_name) values ('9f572dcc-992d-49f0-9167-9a2da7782a6d', 'DAW 08-02-2024', '2024-08-02', 'weekly', NULL);
insert into matches (id, show_id, match_number, match_type, stipulation, is_title_match, title_id, is_mitb, mitb_cashin, defeat_type, rating, is_draw) values ('fafcd5a5-4822-44cc-889a-064ff738ac0a', '9f572dcc-992d-49f0-9167-9a2da7782a6d', 1, 'Single', NULL, FALSE, NULL, NULL, FALSE, 'Pin', 3.0, FALSE);
insert into match_participants (match_id, wrestler_id, result) values ('fafcd5a5-4822-44cc-889a-064ff738ac0a', '31f8c2ba-a0c4-4352-ae28-1cf68d200216', 'loser');
insert into match_participants (match_id, wrestler_id, result) values ('fafcd5a5-4822-44cc-889a-064ff738ac0a', '1fdbaeea-4dc7-41ff-9ce9-394d33e1ace4', 'winner');
insert into matches (id, show_id, match_number, match_type, stipulation, is_title_match, title_id, is_mitb, mitb_cashin, defeat_type, rating, is_draw) values ('686a5710-d8f3-4fb2-bcea-2ca6d1fbcec9', '9f572dcc-992d-49f0-9167-9a2da7782a6d', 2, 'Triple Threat', NULL, FALSE, NULL, NULL, FALSE, 'Pin', 3.5, FALSE);
insert into match_participants (match_id, wrestler_id, result) values ('686a5710-d8f3-4fb2-bcea-2ca6d1fbcec9', 'cd5fa7e0-c982-449d-ab4f-cd0b33045715', 'winner');
insert into match_participants (match_id, wrestler_id, result) values ('686a5710-d8f3-4fb2-bcea-2ca6d1fbcec9', '87e03c56-c65e-4c6b-82f4-5fa5ea0eeada', 'loser');
insert into match_participants (match_id, wrestler_id, result) values ('686a5710-d8f3-4fb2-bcea-2ca6d1fbcec9', 'fce02e68-03a4-4670-a5d4-a6790f4f92a1', 'loser');
insert into matches (id, show_id, match_number, match_type, stipulation, is_title_match, title_id, is_mitb, mitb_cashin, defeat_type, rating, is_draw) values ('ee380a34-4108-4695-ac93-2b19ee149663', '9f572dcc-992d-49f0-9167-9a2da7782a6d', 3, 'Single', NULL, FALSE, NULL, NULL, FALSE, 'Pin', 4.0, FALSE);
insert into match_participants (match_id, wrestler_id, result) values ('ee380a34-4108-4695-ac93-2b19ee149663', 'c582c07c-786b-4687-9aeb-b0431edfb330', 'winner');
insert into match_participants (match_id, wrestler_id, result) values ('ee380a34-4108-4695-ac93-2b19ee149663', 'd0df50f1-fbbb-4298-ab0c-f7e6e122c4c4', 'loser');
insert into matches (id, show_id, match_number, match_type, stipulation, is_title_match, title_id, is_mitb, mitb_cashin, defeat_type, rating, is_draw) values ('7ba9d7ad-332d-4709-9062-94084437edea', '9f572dcc-992d-49f0-9167-9a2da7782a6d', 4, 'Triple Threat', NULL, FALSE, NULL, NULL, FALSE, 'Pin', 4.5, FALSE);
insert into match_participants (match_id, wrestler_id, result) values ('7ba9d7ad-332d-4709-9062-94084437edea', '0d2420e5-4511-44a9-8d66-a70eef1ce8d4', 'winner');
insert into match_participants (match_id, wrestler_id, result) values ('7ba9d7ad-332d-4709-9062-94084437edea', 'f53c5be3-c66c-4d29-b281-5c0157203703', 'loser');
insert into match_participants (match_id, wrestler_id, result) values ('7ba9d7ad-332d-4709-9062-94084437edea', '24041ddc-d965-4815-8c45-c9f97a2ed2c1', 'loser');
insert into matches (id, show_id, match_number, match_type, stipulation, is_title_match, title_id, is_mitb, mitb_cashin, defeat_type, rating, is_draw) values ('30f34804-1cb0-4e1a-979d-112d22187537', '9f572dcc-992d-49f0-9167-9a2da7782a6d', 5, 'Single', NULL, FALSE, NULL, NULL, FALSE, 'Pin', 3.0, FALSE);
insert into match_participants (match_id, wrestler_id, result) values ('30f34804-1cb0-4e1a-979d-112d22187537', '0655bec3-0c3f-48ed-b466-a98f20841621', 'winner');
insert into match_participants (match_id, wrestler_id, result) values ('30f34804-1cb0-4e1a-979d-112d22187537', '60c99dea-a118-4839-99eb-5de3ca41d5d4', 'loser');
insert into matches (id, show_id, match_number, match_type, stipulation, is_title_match, title_id, is_mitb, mitb_cashin, defeat_type, rating, is_draw) values ('a1d60dc6-b0fc-461a-b34c-53fd7a2bae7b', '9f572dcc-992d-49f0-9167-9a2da7782a6d', 6, 'Single', NULL, FALSE, NULL, NULL, FALSE, 'Pin', 1.0, FALSE);
insert into match_participants (match_id, wrestler_id, result) values ('a1d60dc6-b0fc-461a-b34c-53fd7a2bae7b', '5909ea1d-6838-40c8-8058-64854406eb27', 'loser');
insert into match_participants (match_id, wrestler_id, result) values ('a1d60dc6-b0fc-461a-b34c-53fd7a2bae7b', 'b2d0cb4c-4471-49a3-b524-544ce1bd95a1', 'winner');
insert into matches (id, show_id, match_number, match_type, stipulation, is_title_match, title_id, is_mitb, mitb_cashin, defeat_type, rating, is_draw) values ('cc48d394-93cb-48c2-a0b2-a02ad2c1596b', '9f572dcc-992d-49f0-9167-9a2da7782a6d', 7, 'Single', NULL, FALSE, NULL, NULL, FALSE, 'Pin', 2.0, FALSE);
insert into match_participants (match_id, wrestler_id, result) values ('cc48d394-93cb-48c2-a0b2-a02ad2c1596b', '6a3c5c70-fbb7-4a85-8940-df64e251eca3', 'loser');
insert into match_participants (match_id, wrestler_id, result) values ('cc48d394-93cb-48c2-a0b2-a02ad2c1596b', 'cce2403e-b550-4727-9b4c-e04012c77f31', 'winner');
insert into matches (id, show_id, match_number, match_type, stipulation, is_title_match, title_id, is_mitb, mitb_cashin, defeat_type, rating, is_draw) values ('520e5217-f540-4180-9a9f-727dac406ec9', '9f572dcc-992d-49f0-9167-9a2da7782a6d', 8, 'Single', NULL, TRUE, '7ff2d038-78e9-4309-ab61-a31d82302425', FALSE, FALSE, 'Pin', 4.5, FALSE);
insert into match_participants (match_id, wrestler_id, result) values ('520e5217-f540-4180-9a9f-727dac406ec9', 'ad63b3fd-9de8-4398-a085-7cc8f264589e', 'loser');
insert into match_participants (match_id, wrestler_id, result) values ('520e5217-f540-4180-9a9f-727dac406ec9', '7ca7fd7b-2526-41ea-b143-cdd82f404014', 'winner');
insert into matches (id, show_id, match_number, match_type, stipulation, is_title_match, title_id, is_mitb, mitb_cashin, defeat_type, rating, is_draw) values ('b1668247-4955-497a-991b-eea2c6828668', '9f572dcc-992d-49f0-9167-9a2da7782a6d', 9, 'Single', NULL, FALSE, NULL, NULL, FALSE, 'Pin', 3.5, FALSE);
insert into match_participants (match_id, wrestler_id, result) values ('b1668247-4955-497a-991b-eea2c6828668', '45d6759a-e627-41e8-b142-68a6772440d1', 'loser');
insert into match_participants (match_id, wrestler_id, result) values ('b1668247-4955-497a-991b-eea2c6828668', '7e31c302-05ee-4325-989f-aefa74f76445', 'winner');
insert into matches (id, show_id, match_number, match_type, stipulation, is_title_match, title_id, is_mitb, mitb_cashin, defeat_type, rating, is_draw) values ('fcef5118-3fff-4a26-b518-be6aba651875', '9f572dcc-992d-49f0-9167-9a2da7782a6d', 10, 'Single', NULL, TRUE, 'c8bf1094-803b-495d-b38c-099ff4170ab0', FALSE, FALSE, 'Pin', 4.0, FALSE);
insert into match_participants (match_id, wrestler_id, result) values ('fcef5118-3fff-4a26-b518-be6aba651875', '0d2420e5-4511-44a9-8d66-a70eef1ce8d4', 'loser');
insert into match_participants (match_id, wrestler_id, result) values ('fcef5118-3fff-4a26-b518-be6aba651875', '2c23bf2a-90de-4618-9564-8e0e622857f1', 'winner');
insert into shows (id, name, show_date, show_type, ppv_name) values ('32538c2c-2bb1-424d-9c1c-3242893758fe', 'DAW 08-08-2024', '2024-08-08', 'weekly', NULL);
insert into matches (id, show_id, match_number, match_type, stipulation, is_title_match, title_id, is_mitb, mitb_cashin, defeat_type, rating, is_draw) values ('32f06125-a730-4d01-9959-a32719952bca', '32538c2c-2bb1-424d-9c1c-3242893758fe', 1, 'Single', NULL, TRUE, '7ff2d038-78e9-4309-ab61-a31d82302425', FALSE, FALSE, 'Pin', 3.0, FALSE);
insert into match_participants (match_id, wrestler_id, result) values ('32f06125-a730-4d01-9959-a32719952bca', '09a1ddc7-5133-4858-b8e1-c89de2eefe3b', 'loser');
insert into match_participants (match_id, wrestler_id, result) values ('32f06125-a730-4d01-9959-a32719952bca', '7ca7fd7b-2526-41ea-b143-cdd82f404014', 'winner');
insert into shows (id, name, show_date, show_type, ppv_name) values ('ca284fe4-1b00-4a7a-b5b1-17537aa8209a', 'DAW 08-09-2024', '2024-08-09', 'weekly', NULL);
insert into matches (id, show_id, match_number, match_type, stipulation, is_title_match, title_id, is_mitb, mitb_cashin, defeat_type, rating, is_draw) values ('dd8e32f3-6ec8-45af-bb92-f07cfa7e9e25', 'ca284fe4-1b00-4a7a-b5b1-17537aa8209a', 1, 'Triple Threat', NULL, FALSE, NULL, NULL, FALSE, 'Pin', 3.5, FALSE);
insert into match_participants (match_id, wrestler_id, result) values ('dd8e32f3-6ec8-45af-bb92-f07cfa7e9e25', '6a3c5c70-fbb7-4a85-8940-df64e251eca3', 'loser');
insert into match_participants (match_id, wrestler_id, result) values ('dd8e32f3-6ec8-45af-bb92-f07cfa7e9e25', 'd0df50f1-fbbb-4298-ab0c-f7e6e122c4c4', 'winner');
insert into match_participants (match_id, wrestler_id, result) values ('dd8e32f3-6ec8-45af-bb92-f07cfa7e9e25', 'd4f7977b-c5bd-4d37-b494-96fd935ea3ea', 'loser');
insert into matches (id, show_id, match_number, match_type, stipulation, is_title_match, title_id, is_mitb, mitb_cashin, defeat_type, rating, is_draw) values ('0a8f8ec8-33fc-4fdc-bfb9-1552d3e2d629', 'ca284fe4-1b00-4a7a-b5b1-17537aa8209a', 2, 'Tag Team', NULL, FALSE, NULL, NULL, FALSE, 'Pin', 1.5, FALSE);
insert into match_participants (match_id, team_id, result) values ('0a8f8ec8-33fc-4fdc-bfb9-1552d3e2d629', '1e9ea366-fb52-496c-a960-2c327a8677d2', 'winner');
insert into match_participants (match_id, team_id, result) values ('0a8f8ec8-33fc-4fdc-bfb9-1552d3e2d629', '4d291dac-5ef2-467e-b2ff-e7af71557c4d', 'loser');
insert into matches (id, show_id, match_number, match_type, stipulation, is_title_match, title_id, is_mitb, mitb_cashin, defeat_type, rating, is_draw) values ('68510ef0-f1a7-49f8-a587-4b1e03e7d3d9', 'ca284fe4-1b00-4a7a-b5b1-17537aa8209a', 3, 'Single', NULL, FALSE, NULL, NULL, FALSE, 'Pin', 3.0, FALSE);
insert into match_participants (match_id, wrestler_id, result) values ('68510ef0-f1a7-49f8-a587-4b1e03e7d3d9', 'b0a5de67-da65-4808-bb98-ace3a77fa729', 'loser');
insert into match_participants (match_id, wrestler_id, result) values ('68510ef0-f1a7-49f8-a587-4b1e03e7d3d9', '9683fa4f-ffaf-4185-938d-e4a435a5aef7', 'winner');
insert into matches (id, show_id, match_number, match_type, stipulation, is_title_match, title_id, is_mitb, mitb_cashin, defeat_type, rating, is_draw) values ('e9a4dd62-8d37-47c3-80c9-726e9baac6a9', 'ca284fe4-1b00-4a7a-b5b1-17537aa8209a', 4, 'Triple Threat', NULL, FALSE, NULL, NULL, FALSE, 'Pin', 3.0, FALSE);
insert into match_participants (match_id, wrestler_id, result) values ('e9a4dd62-8d37-47c3-80c9-726e9baac6a9', '0d2420e5-4511-44a9-8d66-a70eef1ce8d4', 'winner');
insert into match_participants (match_id, wrestler_id, result) values ('e9a4dd62-8d37-47c3-80c9-726e9baac6a9', '0072611a-281e-4de5-bf57-fbc9696651ec', 'loser');
insert into match_participants (match_id, wrestler_id, result) values ('e9a4dd62-8d37-47c3-80c9-726e9baac6a9', '60c99dea-a118-4839-99eb-5de3ca41d5d4', 'loser');
insert into matches (id, show_id, match_number, match_type, stipulation, is_title_match, title_id, is_mitb, mitb_cashin, defeat_type, rating, is_draw) values ('384c22e4-69c1-45fd-822f-898fa8c6cea5', 'ca284fe4-1b00-4a7a-b5b1-17537aa8209a', 5, 'Single', NULL, FALSE, NULL, NULL, FALSE, 'Pin', 4.0, FALSE);
insert into match_participants (match_id, wrestler_id, result) values ('384c22e4-69c1-45fd-822f-898fa8c6cea5', '004c7b59-d738-4718-a1f0-39aa22e8039d', 'winner');
insert into match_participants (match_id, wrestler_id, result) values ('384c22e4-69c1-45fd-822f-898fa8c6cea5', '09a1ddc7-5133-4858-b8e1-c89de2eefe3b', 'loser');
insert into matches (id, show_id, match_number, match_type, stipulation, is_title_match, title_id, is_mitb, mitb_cashin, defeat_type, rating, is_draw) values ('1d0dff18-91e6-4e5d-93a7-5e69c42bcb64', 'ca284fe4-1b00-4a7a-b5b1-17537aa8209a', 6, 'Single', NULL, FALSE, NULL, NULL, FALSE, 'Pin', 3.5, FALSE);
insert into match_participants (match_id, wrestler_id, result) values ('1d0dff18-91e6-4e5d-93a7-5e69c42bcb64', '2c23bf2a-90de-4618-9564-8e0e622857f1', 'winner');
insert into match_participants (match_id, wrestler_id, result) values ('1d0dff18-91e6-4e5d-93a7-5e69c42bcb64', '24041ddc-d965-4815-8c45-c9f97a2ed2c1', 'loser');
insert into matches (id, show_id, match_number, match_type, stipulation, is_title_match, title_id, is_mitb, mitb_cashin, defeat_type, rating, is_draw) values ('be7dcce9-0d03-467e-97bf-94bf05bab910', 'ca284fe4-1b00-4a7a-b5b1-17537aa8209a', 7, 'Single', NULL, FALSE, NULL, NULL, FALSE, 'Pin', 3.5, FALSE);
insert into match_participants (match_id, wrestler_id, result) values ('be7dcce9-0d03-467e-97bf-94bf05bab910', 'c582c07c-786b-4687-9aeb-b0431edfb330', 'winner');
insert into match_participants (match_id, wrestler_id, result) values ('be7dcce9-0d03-467e-97bf-94bf05bab910', '1fdbaeea-4dc7-41ff-9ce9-394d33e1ace4', 'loser');
insert into matches (id, show_id, match_number, match_type, stipulation, is_title_match, title_id, is_mitb, mitb_cashin, defeat_type, rating, is_draw) values ('e1eb43c9-af79-44e1-932b-82374fab26d2', 'ca284fe4-1b00-4a7a-b5b1-17537aa8209a', 8, 'Single', NULL, FALSE, NULL, NULL, FALSE, 'Pin', 3.0, FALSE);
insert into match_participants (match_id, wrestler_id, result) values ('e1eb43c9-af79-44e1-932b-82374fab26d2', 'ad63b3fd-9de8-4398-a085-7cc8f264589e', 'loser');
insert into match_participants (match_id, wrestler_id, result) values ('e1eb43c9-af79-44e1-932b-82374fab26d2', 'ae2ce814-315f-41f0-ab99-eddf09a7d4c5', 'winner');
insert into matches (id, show_id, match_number, match_type, stipulation, is_title_match, title_id, is_mitb, mitb_cashin, defeat_type, rating, is_draw) values ('3ff77b55-a9f1-4b46-b0ba-5a2e32745927', 'ca284fe4-1b00-4a7a-b5b1-17537aa8209a', 9, 'Single', NULL, FALSE, NULL, NULL, FALSE, 'Pin', 3.5, FALSE);
insert into match_participants (match_id, wrestler_id, result) values ('3ff77b55-a9f1-4b46-b0ba-5a2e32745927', '7ca7fd7b-2526-41ea-b143-cdd82f404014', 'loser');
insert into match_participants (match_id, wrestler_id, result) values ('3ff77b55-a9f1-4b46-b0ba-5a2e32745927', 'cce2403e-b550-4727-9b4c-e04012c77f31', 'winner');
insert into matches (id, show_id, match_number, match_type, stipulation, is_title_match, title_id, is_mitb, mitb_cashin, defeat_type, rating, is_draw) values ('e35537e6-80f9-4b6e-9461-06d317b50036', 'ca284fe4-1b00-4a7a-b5b1-17537aa8209a', 10, 'Single', NULL, TRUE, '7ff2d038-78e9-4309-ab61-a31d82302425', FALSE, FALSE, 'Pin', 4.0, FALSE);
insert into match_participants (match_id, wrestler_id, result) values ('e35537e6-80f9-4b6e-9461-06d317b50036', '9683fa4f-ffaf-4185-938d-e4a435a5aef7', 'loser');
insert into shows (id, name, show_date, show_type, ppv_name) values ('76faac9f-a101-4fa1-af64-c2b7211d62ff', 'DAW 08-12-2024', '2024-08-12', 'weekly', NULL);
insert into matches (id, show_id, match_number, match_type, stipulation, is_title_match, title_id, is_mitb, mitb_cashin, defeat_type, rating, is_draw) values ('2cde714c-ed2c-40d5-ac20-cbddc5249954', '76faac9f-a101-4fa1-af64-c2b7211d62ff', 1, 'Single', NULL, TRUE, '7ff2d038-78e9-4309-ab61-a31d82302425', FALSE, FALSE, 'Pin', 3.0, FALSE);
insert into match_participants (match_id, wrestler_id, result) values ('2cde714c-ed2c-40d5-ac20-cbddc5249954', 'b2d0cb4c-4471-49a3-b524-544ce1bd95a1', 'winner');
insert into match_participants (match_id, wrestler_id, result) values ('2cde714c-ed2c-40d5-ac20-cbddc5249954', '7ca7fd7b-2526-41ea-b143-cdd82f404014', 'loser');
insert into shows (id, name, show_date, show_type, ppv_name) values ('7509ca4a-4f4f-4312-ae3a-5c745aebaa74', 'DAW 08-16-2024', '2024-08-16', 'weekly', NULL);
insert into matches (id, show_id, match_number, match_type, stipulation, is_title_match, title_id, is_mitb, mitb_cashin, defeat_type, rating, is_draw) values ('943e73e6-00da-4575-a76e-52b0ebae6f9d', '7509ca4a-4f4f-4312-ae3a-5c745aebaa74', 1, 'Triple Threat', NULL, FALSE, NULL, NULL, FALSE, 'Pin', 4.5, FALSE);
insert into match_participants (match_id, wrestler_id, result) values ('943e73e6-00da-4575-a76e-52b0ebae6f9d', 'ad63b3fd-9de8-4398-a085-7cc8f264589e', 'winner');
insert into match_participants (match_id, wrestler_id, result) values ('943e73e6-00da-4575-a76e-52b0ebae6f9d', '31f8c2ba-a0c4-4352-ae28-1cf68d200216', 'loser');
insert into match_participants (match_id, wrestler_id, result) values ('943e73e6-00da-4575-a76e-52b0ebae6f9d', '5909ea1d-6838-40c8-8058-64854406eb27', 'loser');
insert into matches (id, show_id, match_number, match_type, stipulation, is_title_match, title_id, is_mitb, mitb_cashin, defeat_type, rating, is_draw) values ('dfc2230d-b08a-4611-8aaa-5e4c3a037a7b', '7509ca4a-4f4f-4312-ae3a-5c745aebaa74', 2, 'Single', NULL, FALSE, NULL, NULL, FALSE, 'Pin', 2.5, FALSE);
insert into match_participants (match_id, wrestler_id, result) values ('dfc2230d-b08a-4611-8aaa-5e4c3a037a7b', 'db9025f4-91c4-47e8-b3de-e3864852a4c8', 'loser');
insert into match_participants (match_id, wrestler_id, result) values ('dfc2230d-b08a-4611-8aaa-5e4c3a037a7b', 'ee000b2f-e6f1-404a-ae96-df39f1d18a6d', 'winner');
insert into matches (id, show_id, match_number, match_type, stipulation, is_title_match, title_id, is_mitb, mitb_cashin, defeat_type, rating, is_draw) values ('dbcf77d0-62ba-47aa-bdc6-b5ecc05243df', '7509ca4a-4f4f-4312-ae3a-5c745aebaa74', 3, 'Single', NULL, FALSE, NULL, NULL, FALSE, 'Pin', 3.5, FALSE);
insert into match_participants (match_id, wrestler_id, result) values ('dbcf77d0-62ba-47aa-bdc6-b5ecc05243df', '9683fa4f-ffaf-4185-938d-e4a435a5aef7', 'winner');
insert into match_participants (match_id, wrestler_id, result) values ('dbcf77d0-62ba-47aa-bdc6-b5ecc05243df', '004c7b59-d738-4718-a1f0-39aa22e8039d', 'loser');
insert into matches (id, show_id, match_number, match_type, stipulation, is_title_match, title_id, is_mitb, mitb_cashin, defeat_type, rating, is_draw) values ('a9732409-d286-4d5c-acb0-82ceb32a814c', '7509ca4a-4f4f-4312-ae3a-5c745aebaa74', 4, 'Triple Threat', NULL, FALSE, NULL, NULL, FALSE, 'Pin', 5.0, FALSE);
insert into match_participants (match_id, wrestler_id, result) values ('a9732409-d286-4d5c-acb0-82ceb32a814c', '7ca7fd7b-2526-41ea-b143-cdd82f404014', 'loser');
insert into match_participants (match_id, wrestler_id, result) values ('a9732409-d286-4d5c-acb0-82ceb32a814c', '1fdbaeea-4dc7-41ff-9ce9-394d33e1ace4', 'winner');
insert into match_participants (match_id, wrestler_id, result) values ('a9732409-d286-4d5c-acb0-82ceb32a814c', '5909ea1d-6838-40c8-8058-64854406eb27', 'loser');
insert into matches (id, show_id, match_number, match_type, stipulation, is_title_match, title_id, is_mitb, mitb_cashin, defeat_type, rating, is_draw) values ('880bb496-300a-48cf-9b92-6fe04f165d21', '7509ca4a-4f4f-4312-ae3a-5c745aebaa74', 5, 'Single', NULL, FALSE, NULL, NULL, FALSE, 'Pin', 2.5, FALSE);
insert into match_participants (match_id, wrestler_id, result) values ('880bb496-300a-48cf-9b92-6fe04f165d21', '7e31c302-05ee-4325-989f-aefa74f76445', 'loser');
insert into match_participants (match_id, wrestler_id, result) values ('880bb496-300a-48cf-9b92-6fe04f165d21', '0655bec3-0c3f-48ed-b466-a98f20841621', 'winner');
insert into matches (id, show_id, match_number, match_type, stipulation, is_title_match, title_id, is_mitb, mitb_cashin, defeat_type, rating, is_draw) values ('57b9d67f-a152-4e77-b33c-418d4255e63e', '7509ca4a-4f4f-4312-ae3a-5c745aebaa74', 6, 'Single', NULL, FALSE, NULL, NULL, FALSE, 'Pin', 3.5, FALSE);
insert into match_participants (match_id, wrestler_id, result) values ('57b9d67f-a152-4e77-b33c-418d4255e63e', '0d2420e5-4511-44a9-8d66-a70eef1ce8d4', 'winner');
insert into match_participants (match_id, wrestler_id, result) values ('57b9d67f-a152-4e77-b33c-418d4255e63e', '24041ddc-d965-4815-8c45-c9f97a2ed2c1', 'loser');
insert into matches (id, show_id, match_number, match_type, stipulation, is_title_match, title_id, is_mitb, mitb_cashin, defeat_type, rating, is_draw) values ('771905e3-28e6-4a65-9f2d-6e7f9caddd9d', '7509ca4a-4f4f-4312-ae3a-5c745aebaa74', 7, 'Single', NULL, FALSE, NULL, NULL, FALSE, 'Pin', 4.0, FALSE);
insert into match_participants (match_id, wrestler_id, result) values ('771905e3-28e6-4a65-9f2d-6e7f9caddd9d', 'c582c07c-786b-4687-9aeb-b0431edfb330', 'loser');
insert into match_participants (match_id, wrestler_id, result) values ('771905e3-28e6-4a65-9f2d-6e7f9caddd9d', 'cce2403e-b550-4727-9b4c-e04012c77f31', 'winner');
insert into matches (id, show_id, match_number, match_type, stipulation, is_title_match, title_id, is_mitb, mitb_cashin, defeat_type, rating, is_draw) values ('cd9ce108-4e92-4148-b385-59a631120a1a', '7509ca4a-4f4f-4312-ae3a-5c745aebaa74', 8, 'Single', NULL, FALSE, NULL, NULL, FALSE, 'Pin', 3.5, FALSE);
insert into match_participants (match_id, wrestler_id, result) values ('cd9ce108-4e92-4148-b385-59a631120a1a', 'ae2ce814-315f-41f0-ab99-eddf09a7d4c5', 'loser');
insert into match_participants (match_id, wrestler_id, result) values ('cd9ce108-4e92-4148-b385-59a631120a1a', 'b2d0cb4c-4471-49a3-b524-544ce1bd95a1', 'winner');
insert into matches (id, show_id, match_number, match_type, stipulation, is_title_match, title_id, is_mitb, mitb_cashin, defeat_type, rating, is_draw) values ('f8f72ce0-7b11-4ab5-abc9-baccba6f3440', '7509ca4a-4f4f-4312-ae3a-5c745aebaa74', 9, 'Single', NULL, FALSE, NULL, NULL, FALSE, 'Pin', 1.5, FALSE);
insert into match_participants (match_id, wrestler_id, result) values ('f8f72ce0-7b11-4ab5-abc9-baccba6f3440', 'f53c5be3-c66c-4d29-b281-5c0157203703', 'loser');
insert into match_participants (match_id, wrestler_id, result) values ('f8f72ce0-7b11-4ab5-abc9-baccba6f3440', '2c23bf2a-90de-4618-9564-8e0e622857f1', 'winner');
insert into shows (id, name, show_date, show_type, ppv_name) values ('180a1708-32de-4d7c-8fde-ea39419de16e', 'DAW 08-23-2024', '2024-08-23', 'weekly', NULL);
insert into matches (id, show_id, match_number, match_type, stipulation, is_title_match, title_id, is_mitb, mitb_cashin, defeat_type, rating, is_draw) values ('d50f42aa-94a4-45f1-8485-260b1f3c99de', '180a1708-32de-4d7c-8fde-ea39419de16e', 1, 'Tag Team', NULL, TRUE, '4091f18e-1fb8-441e-b708-1729cb0b0011', FALSE, FALSE, 'Pin', 4.0, FALSE);
insert into match_participants (match_id, team_id, result) values ('d50f42aa-94a4-45f1-8485-260b1f3c99de', 'd812adbb-b4b1-443b-b4a5-ec26000dc1b8', 'loser');
insert into match_participants (match_id, team_id, result) values ('d50f42aa-94a4-45f1-8485-260b1f3c99de', '4d291dac-5ef2-467e-b2ff-e7af71557c4d', 'winner');
insert into matches (id, show_id, match_number, match_type, stipulation, is_title_match, title_id, is_mitb, mitb_cashin, defeat_type, rating, is_draw) values ('ce647399-db10-429b-a135-6fd47c5d5d13', '180a1708-32de-4d7c-8fde-ea39419de16e', 2, 'Single', NULL, FALSE, NULL, NULL, FALSE, 'Pin', 5.0, FALSE);
insert into match_participants (match_id, wrestler_id, result) values ('ce647399-db10-429b-a135-6fd47c5d5d13', '146ed3a2-ffd0-498f-ab39-8a11824f6cff', 'winner');
insert into match_participants (match_id, wrestler_id, result) values ('ce647399-db10-429b-a135-6fd47c5d5d13', 'ddf80d05-eb45-483d-a569-f2ae53f07b4b', 'loser');
insert into matches (id, show_id, match_number, match_type, stipulation, is_title_match, title_id, is_mitb, mitb_cashin, defeat_type, rating, is_draw) values ('9386a7af-0f7e-4aec-9a64-cbb25d8cdf1a', '180a1708-32de-4d7c-8fde-ea39419de16e', 3, 'Triple Threat', NULL, FALSE, NULL, NULL, FALSE, 'Pin', 3.5, FALSE);
insert into match_participants (match_id, wrestler_id, result) values ('9386a7af-0f7e-4aec-9a64-cbb25d8cdf1a', '5909ea1d-6838-40c8-8058-64854406eb27', 'winner');
insert into match_participants (match_id, wrestler_id, result) values ('9386a7af-0f7e-4aec-9a64-cbb25d8cdf1a', '7ca7fd7b-2526-41ea-b143-cdd82f404014', 'loser');
insert into match_participants (match_id, wrestler_id, result) values ('9386a7af-0f7e-4aec-9a64-cbb25d8cdf1a', '31f8c2ba-a0c4-4352-ae28-1cf68d200216', 'loser');
insert into matches (id, show_id, match_number, match_type, stipulation, is_title_match, title_id, is_mitb, mitb_cashin, defeat_type, rating, is_draw) values ('7e5656e5-42ec-4e66-987a-5226c70020c2', '180a1708-32de-4d7c-8fde-ea39419de16e', 4, 'Single', 'Extreme Rules', TRUE, '5db4cd6b-6ebe-4a87-b7bb-017af3856766', FALSE, FALSE, 'Pin', 3.5, FALSE);
insert into match_participants (match_id, wrestler_id, result) values ('7e5656e5-42ec-4e66-987a-5226c70020c2', 'b0a5de67-da65-4808-bb98-ace3a77fa729', 'winner');
insert into match_participants (match_id, wrestler_id, result) values ('7e5656e5-42ec-4e66-987a-5226c70020c2', 'fe192097-a77b-4d95-a8b9-0f0147ab04a6', 'loser');
insert into matches (id, show_id, match_number, match_type, stipulation, is_title_match, title_id, is_mitb, mitb_cashin, defeat_type, rating, is_draw) values ('bba3d811-79b6-4c2b-a57f-b52a26d05c50', '180a1708-32de-4d7c-8fde-ea39419de16e', 5, 'Triple Threat', NULL, FALSE, NULL, NULL, FALSE, 'Pin', 4.0, FALSE);
insert into match_participants (match_id, wrestler_id, result) values ('bba3d811-79b6-4c2b-a57f-b52a26d05c50', '60c99dea-a118-4839-99eb-5de3ca41d5d4', 'loser');
insert into match_participants (match_id, wrestler_id, result) values ('bba3d811-79b6-4c2b-a57f-b52a26d05c50', '45d6759a-e627-41e8-b142-68a6772440d1', 'loser');
insert into match_participants (match_id, wrestler_id, result) values ('bba3d811-79b6-4c2b-a57f-b52a26d05c50', 'f53c5be3-c66c-4d29-b281-5c0157203703', 'winner');
insert into matches (id, show_id, match_number, match_type, stipulation, is_title_match, title_id, is_mitb, mitb_cashin, defeat_type, rating, is_draw) values ('87873425-6626-4ede-bd38-7b1d3fd90479', '180a1708-32de-4d7c-8fde-ea39419de16e', 6, 'Tag Team', NULL, TRUE, 'c35e55d3-eeb9-45fd-8160-df160862cff0', FALSE, FALSE, 'Pin', 3.0, FALSE);
insert into match_participants (match_id, team_id, result) values ('87873425-6626-4ede-bd38-7b1d3fd90479', 'f7a2e157-4b15-4f76-92c8-41e8e2dea5c6', 'winner');
insert into match_participants (match_id, team_id, result) values ('87873425-6626-4ede-bd38-7b1d3fd90479', '8dd02369-5443-418b-94d5-1970756968ba', 'loser');
insert into matches (id, show_id, match_number, match_type, stipulation, is_title_match, title_id, is_mitb, mitb_cashin, defeat_type, rating, is_draw) values ('0ef58f1c-e916-4092-b98e-276ee91d1c5d', '180a1708-32de-4d7c-8fde-ea39419de16e', 7, 'Single', NULL, FALSE, NULL, NULL, FALSE, 'Pin', 3.5, FALSE);
insert into match_participants (match_id, wrestler_id, result) values ('0ef58f1c-e916-4092-b98e-276ee91d1c5d', 'fce02e68-03a4-4670-a5d4-a6790f4f92a1', 'loser');
insert into match_participants (match_id, wrestler_id, result) values ('0ef58f1c-e916-4092-b98e-276ee91d1c5d', '09a1ddc7-5133-4858-b8e1-c89de2eefe3b', 'winner');
insert into matches (id, show_id, match_number, match_type, stipulation, is_title_match, title_id, is_mitb, mitb_cashin, defeat_type, rating, is_draw) values ('6ce62591-2965-4b4f-bae0-6d5ad58ba41d', '180a1708-32de-4d7c-8fde-ea39419de16e', 8, 'Single', NULL, TRUE, '5d3e065c-43d1-41ee-8d24-e876f1e2b2a1', FALSE, FALSE, 'Pin', 2.5, FALSE);
insert into match_participants (match_id, wrestler_id, result) values ('6ce62591-2965-4b4f-bae0-6d5ad58ba41d', '0d2420e5-4511-44a9-8d66-a70eef1ce8d4', 'loser');
insert into match_participants (match_id, wrestler_id, result) values ('6ce62591-2965-4b4f-bae0-6d5ad58ba41d', '122e2f4f-61c3-46f1-8de6-407a73f0712e', 'winner');
insert into matches (id, show_id, match_number, match_type, stipulation, is_title_match, title_id, is_mitb, mitb_cashin, defeat_type, rating, is_draw) values ('12ec0bfd-cec3-438c-9cad-c51cd57c6125', '180a1708-32de-4d7c-8fde-ea39419de16e', 9, 'Single', NULL, FALSE, NULL, NULL, FALSE, 'Pin', 4.0, FALSE);
insert into match_participants (match_id, wrestler_id, result) values ('12ec0bfd-cec3-438c-9cad-c51cd57c6125', 'd0df50f1-fbbb-4298-ab0c-f7e6e122c4c4', 'winner');
insert into match_participants (match_id, wrestler_id, result) values ('12ec0bfd-cec3-438c-9cad-c51cd57c6125', '004c7b59-d738-4718-a1f0-39aa22e8039d', 'loser');
insert into matches (id, show_id, match_number, match_type, stipulation, is_title_match, title_id, is_mitb, mitb_cashin, defeat_type, rating, is_draw) values ('7f327d57-a80f-4dcf-8c31-3f3b8a8d1583', '180a1708-32de-4d7c-8fde-ea39419de16e', 10, 'Single', NULL, TRUE, 'f3ec52c9-649b-48cb-aa37-da278fbd72df', FALSE, FALSE, 'Pin', 4.5, FALSE);
insert into match_participants (match_id, wrestler_id, result) values ('7f327d57-a80f-4dcf-8c31-3f3b8a8d1583', '7e31c302-05ee-4325-989f-aefa74f76445', 'loser');
insert into match_participants (match_id, wrestler_id, result) values ('7f327d57-a80f-4dcf-8c31-3f3b8a8d1583', '24041ddc-d965-4815-8c45-c9f97a2ed2c1', 'winner');
insert into matches (id, show_id, match_number, match_type, stipulation, is_title_match, title_id, is_mitb, mitb_cashin, defeat_type, rating, is_draw) values ('9893df39-0431-4488-a436-960cd8f8f80f', '180a1708-32de-4d7c-8fde-ea39419de16e', 11, 'Single', NULL, FALSE, NULL, NULL, FALSE, 'Pin', 1.0, FALSE);
insert into match_participants (match_id, wrestler_id, result) values ('9893df39-0431-4488-a436-960cd8f8f80f', 'ad63b3fd-9de8-4398-a085-7cc8f264589e', 'loser');
insert into matches (id, show_id, match_number, match_type, stipulation, is_title_match, title_id, is_mitb, mitb_cashin, defeat_type, rating, is_draw) values ('4dbfcb88-f05b-4f5c-9c9a-05a906c1c631', '180a1708-32de-4d7c-8fde-ea39419de16e', 12, 'Single', NULL, FALSE, NULL, NULL, FALSE, 'Pin', 4.0, FALSE);
insert into match_participants (match_id, wrestler_id, result) values ('4dbfcb88-f05b-4f5c-9c9a-05a906c1c631', '2c23bf2a-90de-4618-9564-8e0e622857f1', 'loser');
insert into match_participants (match_id, wrestler_id, result) values ('4dbfcb88-f05b-4f5c-9c9a-05a906c1c631', '0655bec3-0c3f-48ed-b466-a98f20841621', 'winner');
insert into matches (id, show_id, match_number, match_type, stipulation, is_title_match, title_id, is_mitb, mitb_cashin, defeat_type, rating, is_draw) values ('b090d9b0-96ae-4b4a-a4d7-5fb63c244a16', '180a1708-32de-4d7c-8fde-ea39419de16e', 13, 'Single', NULL, TRUE, '02b0c038-accb-495b-8d6a-8891a7b51554', FALSE, FALSE, 'Pin', 2.0, FALSE);
insert into match_participants (match_id, wrestler_id, result) values ('b090d9b0-96ae-4b4a-a4d7-5fb63c244a16', '1fdbaeea-4dc7-41ff-9ce9-394d33e1ace4', 'winner');
insert into match_participants (match_id, wrestler_id, result) values ('b090d9b0-96ae-4b4a-a4d7-5fb63c244a16', 'b2d0cb4c-4471-49a3-b524-544ce1bd95a1', 'loser');
insert into matches (id, show_id, match_number, match_type, stipulation, is_title_match, title_id, is_mitb, mitb_cashin, defeat_type, rating, is_draw) values ('f6be8312-0ca2-4a79-860a-308c7e087603', '180a1708-32de-4d7c-8fde-ea39419de16e', 14, 'Single', NULL, FALSE, NULL, NULL, FALSE, 'Pin', 3.5, FALSE);
insert into match_participants (match_id, wrestler_id, result) values ('f6be8312-0ca2-4a79-860a-308c7e087603', 'cce2403e-b550-4727-9b4c-e04012c77f31', 'loser');
insert into match_participants (match_id, wrestler_id, result) values ('f6be8312-0ca2-4a79-860a-308c7e087603', '9683fa4f-ffaf-4185-938d-e4a435a5aef7', 'winner');
insert into shows (id, name, show_date, show_type, ppv_name) values ('dbb8e0c9-fac3-425a-a035-db0665d49338', 'DAW 08-30-2024', '2024-08-30', 'weekly', NULL);
insert into matches (id, show_id, match_number, match_type, stipulation, is_title_match, title_id, is_mitb, mitb_cashin, defeat_type, rating, is_draw) values ('3cf99710-1a9e-4fdb-8cc3-00495e1c8b69', 'dbb8e0c9-fac3-425a-a035-db0665d49338', 1, 'Single', NULL, FALSE, NULL, NULL, FALSE, 'Pin', 2.5, FALSE);
insert into match_participants (match_id, wrestler_id, result) values ('3cf99710-1a9e-4fdb-8cc3-00495e1c8b69', '07687962-07c0-46b6-9541-2d8b60e3c2c1', 'winner');
insert into match_participants (match_id, wrestler_id, result) values ('3cf99710-1a9e-4fdb-8cc3-00495e1c8b69', '7ca7fd7b-2526-41ea-b143-cdd82f404014', 'loser');
insert into match_participants (match_id, wrestler_id, result) values ('3cf99710-1a9e-4fdb-8cc3-00495e1c8b69', '6a3c5c70-fbb7-4a85-8940-df64e251eca3', 'loser');
insert into matches (id, show_id, match_number, match_type, stipulation, is_title_match, title_id, is_mitb, mitb_cashin, defeat_type, rating, is_draw) values ('5cdc8e3b-cb50-44b2-b80c-340061cc3459', 'dbb8e0c9-fac3-425a-a035-db0665d49338', 2, 'Single', NULL, FALSE, NULL, NULL, FALSE, 'Pin', 4.5, FALSE);
insert into match_participants (match_id, wrestler_id, result) values ('5cdc8e3b-cb50-44b2-b80c-340061cc3459', 'ad63b3fd-9de8-4398-a085-7cc8f264589e', 'winner');
insert into match_participants (match_id, wrestler_id, result) values ('5cdc8e3b-cb50-44b2-b80c-340061cc3459', '31f8c2ba-a0c4-4352-ae28-1cf68d200216', 'loser');
insert into matches (id, show_id, match_number, match_type, stipulation, is_title_match, title_id, is_mitb, mitb_cashin, defeat_type, rating, is_draw) values ('fcebf573-b2ee-4434-8858-c4a8705fb1b6', 'dbb8e0c9-fac3-425a-a035-db0665d49338', 3, 'Tag Team', NULL, FALSE, NULL, NULL, FALSE, 'Pin', 3.0, FALSE);
insert into match_participants (match_id, team_id, result) values ('fcebf573-b2ee-4434-8858-c4a8705fb1b6', '4d291dac-5ef2-467e-b2ff-e7af71557c4d', 'loser');
insert into matches (id, show_id, match_number, match_type, stipulation, is_title_match, title_id, is_mitb, mitb_cashin, defeat_type, rating, is_draw) values ('915113e2-d8f8-475f-a662-37078744f862', 'dbb8e0c9-fac3-425a-a035-db0665d49338', 4, 'Single', NULL, FALSE, NULL, NULL, FALSE, 'Pin', 3.5, FALSE);
insert into match_participants (match_id, wrestler_id, result) values ('915113e2-d8f8-475f-a662-37078744f862', '5909ea1d-6838-40c8-8058-64854406eb27', 'winner');
insert into match_participants (match_id, wrestler_id, result) values ('915113e2-d8f8-475f-a662-37078744f862', 'b0a5de67-da65-4808-bb98-ace3a77fa729', 'loser');
insert into matches (id, show_id, match_number, match_type, stipulation, is_title_match, title_id, is_mitb, mitb_cashin, defeat_type, rating, is_draw) values ('a9a25974-9754-4815-81f6-90d3f4b22963', 'dbb8e0c9-fac3-425a-a035-db0665d49338', 5, 'Single', NULL, FALSE, NULL, NULL, FALSE, 'No Contest', 3.0, FALSE);
insert into match_participants (match_id, wrestler_id, result) values ('a9a25974-9754-4815-81f6-90d3f4b22963', 'ae2ce814-315f-41f0-ab99-eddf09a7d4c5', 'winner');
insert into matches (id, show_id, match_number, match_type, stipulation, is_title_match, title_id, is_mitb, mitb_cashin, defeat_type, rating, is_draw) values ('da0ad277-3127-47dd-9e1c-61ef51f89b16', 'dbb8e0c9-fac3-425a-a035-db0665d49338', 6, 'Single', NULL, FALSE, NULL, NULL, FALSE, 'Pin', 3.0, FALSE);
insert into match_participants (match_id, wrestler_id, result) values ('da0ad277-3127-47dd-9e1c-61ef51f89b16', '9683fa4f-ffaf-4185-938d-e4a435a5aef7', 'loser');
insert into match_participants (match_id, wrestler_id, result) values ('da0ad277-3127-47dd-9e1c-61ef51f89b16', 'd0df50f1-fbbb-4298-ab0c-f7e6e122c4c4', 'winner');
insert into matches (id, show_id, match_number, match_type, stipulation, is_title_match, title_id, is_mitb, mitb_cashin, defeat_type, rating, is_draw) values ('eceb1ccf-183c-4786-bd38-4fd49fa3b657', 'dbb8e0c9-fac3-425a-a035-db0665d49338', 7, 'Single', NULL, FALSE, NULL, NULL, FALSE, 'Sub', 3.0, FALSE);
insert into match_participants (match_id, wrestler_id, result) values ('eceb1ccf-183c-4786-bd38-4fd49fa3b657', '0655bec3-0c3f-48ed-b466-a98f20841621', 'winner');
insert into match_participants (match_id, wrestler_id, result) values ('eceb1ccf-183c-4786-bd38-4fd49fa3b657', '6744f55d-802e-4dc8-83da-df85f7d6e050', 'loser');
insert into matches (id, show_id, match_number, match_type, stipulation, is_title_match, title_id, is_mitb, mitb_cashin, defeat_type, rating, is_draw) values ('929a9823-c02f-4d2d-b6ce-98077ab3d22b', 'dbb8e0c9-fac3-425a-a035-db0665d49338', 8, 'Battle Royale', NULL, FALSE, NULL, NULL, FALSE, 'Pin', 3.0, FALSE);
insert into match_participants (match_id, wrestler_id, result) values ('929a9823-c02f-4d2d-b6ce-98077ab3d22b', '0d2420e5-4511-44a9-8d66-a70eef1ce8d4', 'winner');
insert into match_participants (match_id, wrestler_id, result) values ('929a9823-c02f-4d2d-b6ce-98077ab3d22b', 'f53c5be3-c66c-4d29-b281-5c0157203703', 'loser');
insert into match_participants (match_id, wrestler_id, result) values ('929a9823-c02f-4d2d-b6ce-98077ab3d22b', '0072611a-281e-4de5-bf57-fbc9696651ec', 'loser');
insert into match_participants (match_id, wrestler_id, result) values ('929a9823-c02f-4d2d-b6ce-98077ab3d22b', '2c23bf2a-90de-4618-9564-8e0e622857f1', 'loser');
insert into match_participants (match_id, wrestler_id, result) values ('929a9823-c02f-4d2d-b6ce-98077ab3d22b', '45d6759a-e627-41e8-b142-68a6772440d1', 'loser');
insert into match_participants (match_id, wrestler_id, result) values ('929a9823-c02f-4d2d-b6ce-98077ab3d22b', '60c99dea-a118-4839-99eb-5de3ca41d5d4', 'loser');
insert into match_participants (match_id, wrestler_id, result) values ('929a9823-c02f-4d2d-b6ce-98077ab3d22b', 'ddf80d05-eb45-483d-a569-f2ae53f07b4b', 'loser');
insert into match_participants (match_id, wrestler_id, result) values ('929a9823-c02f-4d2d-b6ce-98077ab3d22b', '146ed3a2-ffd0-498f-ab39-8a11824f6cff', 'loser');
insert into matches (id, show_id, match_number, match_type, stipulation, is_title_match, title_id, is_mitb, mitb_cashin, defeat_type, rating, is_draw) values ('c8d07e1c-e160-461a-963f-515d212d6001', 'dbb8e0c9-fac3-425a-a035-db0665d49338', 9, 'Single', NULL, FALSE, NULL, NULL, FALSE, 'Pin', 1.5, FALSE);
insert into match_participants (match_id, wrestler_id, result) values ('c8d07e1c-e160-461a-963f-515d212d6001', '004c7b59-d738-4718-a1f0-39aa22e8039d', 'loser');
insert into match_participants (match_id, wrestler_id, result) values ('c8d07e1c-e160-461a-963f-515d212d6001', '1fdbaeea-4dc7-41ff-9ce9-394d33e1ace4', 'winner');
insert into matches (id, show_id, match_number, match_type, stipulation, is_title_match, title_id, is_mitb, mitb_cashin, defeat_type, rating, is_draw) values ('01f49fcb-d7c7-4ddf-9ae8-4e9529eb8921', 'dbb8e0c9-fac3-425a-a035-db0665d49338', 10, 'Single', NULL, FALSE, NULL, NULL, FALSE, 'Pin', 2.5, FALSE);
insert into match_participants (match_id, wrestler_id, result) values ('01f49fcb-d7c7-4ddf-9ae8-4e9529eb8921', 'ae2ce814-315f-41f0-ab99-eddf09a7d4c5', 'loser');
insert into match_participants (match_id, wrestler_id, result) values ('01f49fcb-d7c7-4ddf-9ae8-4e9529eb8921', 'b2d0cb4c-4471-49a3-b524-544ce1bd95a1', 'winner');
insert into matches (id, show_id, match_number, match_type, stipulation, is_title_match, title_id, is_mitb, mitb_cashin, defeat_type, rating, is_draw) values ('58ac7e2d-fdd7-4d7c-b1da-92cbb216344a', 'dbb8e0c9-fac3-425a-a035-db0665d49338', 11, 'Single', NULL, TRUE, '02b0c038-accb-495b-8d6a-8891a7b51554', FALSE, FALSE, 'Pin', 2.5, FALSE);
insert into match_participants (match_id, wrestler_id, result) values ('58ac7e2d-fdd7-4d7c-b1da-92cbb216344a', 'db9025f4-91c4-47e8-b3de-e3864852a4c8', 'loser');
insert into match_participants (match_id, wrestler_id, result) values ('58ac7e2d-fdd7-4d7c-b1da-92cbb216344a', '1fdbaeea-4dc7-41ff-9ce9-394d33e1ace4', 'winner');
insert into matches (id, show_id, match_number, match_type, stipulation, is_title_match, title_id, is_mitb, mitb_cashin, defeat_type, rating, is_draw) values ('05338f6c-e4a9-471f-b0d0-2877636d8ebc', 'dbb8e0c9-fac3-425a-a035-db0665d49338', 12, 'Single', NULL, TRUE, 'b25e7259-f027-4be1-a39e-0e956b9d538d', TRUE, FALSE, 'No Contest', 3.0, FALSE);
insert into match_participants (match_id, wrestler_id, result) values ('05338f6c-e4a9-471f-b0d0-2877636d8ebc', 'db9025f4-91c4-47e8-b3de-e3864852a4c8', 'loser');
insert into match_participants (match_id, team_id, result) values ('05338f6c-e4a9-471f-b0d0-2877636d8ebc', '77ab10d7-12a7-48ea-b6c1-e09e4e455b7d', 'winner');
insert into shows (id, name, show_date, show_type, ppv_name) values ('078a50a9-7dc7-48a7-8d58-5d737fd8ed39', 'DAW 09-06-2024', '2024-09-06', 'weekly', NULL);
insert into matches (id, show_id, match_number, match_type, stipulation, is_title_match, title_id, is_mitb, mitb_cashin, defeat_type, rating, is_draw) values ('9cedff8d-05d7-4baa-8c74-1988408f3f58', '078a50a9-7dc7-48a7-8d58-5d737fd8ed39', 1, 'Tag Team', NULL, FALSE, NULL, NULL, FALSE, 'Pin', 3.5, FALSE);
insert into match_participants (match_id, team_id, result) values ('9cedff8d-05d7-4baa-8c74-1988408f3f58', '83fd0ef7-a31d-432b-9a7c-594309de6c3f', 'loser');
insert into match_participants (match_id, team_id, result) values ('9cedff8d-05d7-4baa-8c74-1988408f3f58', '4d291dac-5ef2-467e-b2ff-e7af71557c4d', 'winner');
insert into matches (id, show_id, match_number, match_type, stipulation, is_title_match, title_id, is_mitb, mitb_cashin, defeat_type, rating, is_draw) values ('8d400517-eb80-4eef-a2b3-e290c87a05ef', '078a50a9-7dc7-48a7-8d58-5d737fd8ed39', 2, 'Single', NULL, FALSE, NULL, NULL, FALSE, 'Pin', 5.0, FALSE);
insert into match_participants (match_id, wrestler_id, result) values ('8d400517-eb80-4eef-a2b3-e290c87a05ef', 'ad63b3fd-9de8-4398-a085-7cc8f264589e', 'winner');
insert into match_participants (match_id, wrestler_id, result) values ('8d400517-eb80-4eef-a2b3-e290c87a05ef', '6a3c5c70-fbb7-4a85-8940-df64e251eca3', 'loser');
insert into matches (id, show_id, match_number, match_type, stipulation, is_title_match, title_id, is_mitb, mitb_cashin, defeat_type, rating, is_draw) values ('73d72dab-6a2b-40b9-8792-2627e9b0bf1f', '078a50a9-7dc7-48a7-8d58-5d737fd8ed39', 3, 'Triple Threat', NULL, FALSE, NULL, NULL, FALSE, 'Pin', 3.5, FALSE);
insert into match_participants (match_id, wrestler_id, result) values ('73d72dab-6a2b-40b9-8792-2627e9b0bf1f', '004c7b59-d738-4718-a1f0-39aa22e8039d', 'loser');
insert into match_participants (match_id, wrestler_id, result) values ('73d72dab-6a2b-40b9-8792-2627e9b0bf1f', '09a1ddc7-5133-4858-b8e1-c89de2eefe3b', 'loser');
insert into match_participants (match_id, wrestler_id, result) values ('73d72dab-6a2b-40b9-8792-2627e9b0bf1f', '31f8c2ba-a0c4-4352-ae28-1cf68d200216', 'winner');
insert into matches (id, show_id, match_number, match_type, stipulation, is_title_match, title_id, is_mitb, mitb_cashin, defeat_type, rating, is_draw) values ('18b14759-e53e-43b8-8342-67d5a29e052f', '078a50a9-7dc7-48a7-8d58-5d737fd8ed39', 4, 'Single', NULL, FALSE, NULL, NULL, FALSE, 'Pin', 2.5, FALSE);
insert into match_participants (match_id, wrestler_id, result) values ('18b14759-e53e-43b8-8342-67d5a29e052f', '5909ea1d-6838-40c8-8058-64854406eb27', 'loser');
insert into match_participants (match_id, wrestler_id, result) values ('18b14759-e53e-43b8-8342-67d5a29e052f', 'b2d0cb4c-4471-49a3-b524-544ce1bd95a1', 'winner');
insert into matches (id, show_id, match_number, match_type, stipulation, is_title_match, title_id, is_mitb, mitb_cashin, defeat_type, rating, is_draw) values ('29a21464-e1f7-412b-ae6d-4b37337ecc57', '078a50a9-7dc7-48a7-8d58-5d737fd8ed39', 5, 'Single', NULL, FALSE, NULL, NULL, FALSE, 'Pin', 4.0, FALSE);
insert into match_participants (match_id, wrestler_id, result) values ('29a21464-e1f7-412b-ae6d-4b37337ecc57', '2c23bf2a-90de-4618-9564-8e0e622857f1', 'loser');
insert into match_participants (match_id, wrestler_id, result) values ('29a21464-e1f7-412b-ae6d-4b37337ecc57', 'ddf80d05-eb45-483d-a569-f2ae53f07b4b', 'winner');
insert into matches (id, show_id, match_number, match_type, stipulation, is_title_match, title_id, is_mitb, mitb_cashin, defeat_type, rating, is_draw) values ('5997e9d4-9896-4583-bfb9-099259873f6a', '078a50a9-7dc7-48a7-8d58-5d737fd8ed39', 6, 'Single', NULL, FALSE, NULL, NULL, FALSE, 'Pin', 2.5, FALSE);
insert into match_participants (match_id, wrestler_id, result) values ('5997e9d4-9896-4583-bfb9-099259873f6a', 'ae2ce814-315f-41f0-ab99-eddf09a7d4c5', 'loser');
insert into match_participants (match_id, wrestler_id, result) values ('5997e9d4-9896-4583-bfb9-099259873f6a', 'bf1f1cee-164e-49fa-b5ce-de2886657a60', 'winner');
insert into matches (id, show_id, match_number, match_type, stipulation, is_title_match, title_id, is_mitb, mitb_cashin, defeat_type, rating, is_draw) values ('1d66fd67-7802-4dce-8320-9a718b11bfd2', '078a50a9-7dc7-48a7-8d58-5d737fd8ed39', 7, 'Tag Team', NULL, FALSE, NULL, NULL, FALSE, 'Pin', 2.5, FALSE);
insert into match_participants (match_id, team_id, result) values ('1d66fd67-7802-4dce-8320-9a718b11bfd2', '8dd02369-5443-418b-94d5-1970756968ba', 'winner');
insert into matches (id, show_id, match_number, match_type, stipulation, is_title_match, title_id, is_mitb, mitb_cashin, defeat_type, rating, is_draw) values ('ff296178-f6a2-4c6c-8a9b-09f8bf37e5d4', '078a50a9-7dc7-48a7-8d58-5d737fd8ed39', 8, 'Single', NULL, FALSE, NULL, NULL, FALSE, 'Sub', 3.0, FALSE);
insert into match_participants (match_id, wrestler_id, result) values ('ff296178-f6a2-4c6c-8a9b-09f8bf37e5d4', '0d2420e5-4511-44a9-8d66-a70eef1ce8d4', 'loser');
insert into match_participants (match_id, wrestler_id, result) values ('ff296178-f6a2-4c6c-8a9b-09f8bf37e5d4', 'b53deaf4-6809-46c8-a85f-587ef1ead267', 'winner');
insert into matches (id, show_id, match_number, match_type, stipulation, is_title_match, title_id, is_mitb, mitb_cashin, defeat_type, rating, is_draw) values ('ad8a913e-1471-403a-99f4-f5827a628228', '078a50a9-7dc7-48a7-8d58-5d737fd8ed39', 9, 'Single', NULL, FALSE, NULL, NULL, FALSE, 'Pin', 3.0, TRUE);
insert into match_participants (match_id, wrestler_id, result) values ('ad8a913e-1471-403a-99f4-f5827a628228', 'cce2403e-b550-4727-9b4c-e04012c77f31', 'winner');
insert into match_participants (match_id, wrestler_id, result) values ('ad8a913e-1471-403a-99f4-f5827a628228', '1fdbaeea-4dc7-41ff-9ce9-394d33e1ace4', 'draw');
insert into matches (id, show_id, match_number, match_type, stipulation, is_title_match, title_id, is_mitb, mitb_cashin, defeat_type, rating, is_draw) values ('8af340dd-9fe4-45fe-aff1-01217ba6809c', '078a50a9-7dc7-48a7-8d58-5d737fd8ed39', 10, 'Single', NULL, TRUE, '7ff2d038-78e9-4309-ab61-a31d82302425', FALSE, FALSE, 'Pin', 3.5, FALSE);
insert into match_participants (match_id, wrestler_id, result) values ('8af340dd-9fe4-45fe-aff1-01217ba6809c', '7ca7fd7b-2526-41ea-b143-cdd82f404014', 'loser');
insert into match_participants (match_id, wrestler_id, result) values ('8af340dd-9fe4-45fe-aff1-01217ba6809c', 'b2d0cb4c-4471-49a3-b524-544ce1bd95a1', 'winner');
insert into matches (id, show_id, match_number, match_type, stipulation, is_title_match, title_id, is_mitb, mitb_cashin, defeat_type, rating, is_draw) values ('4d3e35c0-b472-4957-bd31-15e3d440ec69', '078a50a9-7dc7-48a7-8d58-5d737fd8ed39', 11, 'Single', NULL, TRUE, '7ff2d038-78e9-4309-ab61-a31d82302425', FALSE, FALSE, 'Pin', 3.0, FALSE);
insert into match_participants (match_id, wrestler_id, result) values ('4d3e35c0-b472-4957-bd31-15e3d440ec69', '9683fa4f-ffaf-4185-938d-e4a435a5aef7', 'loser');
insert into match_participants (match_id, wrestler_id, result) values ('4d3e35c0-b472-4957-bd31-15e3d440ec69', 'b2d0cb4c-4471-49a3-b524-544ce1bd95a1', 'winner');
insert into shows (id, name, show_date, show_type, ppv_name) values ('ba6e3edd-2d08-4619-81b6-74e1b651a95b', 'DAW 09-13-2024', '2024-09-13', 'weekly', NULL);
insert into matches (id, show_id, match_number, match_type, stipulation, is_title_match, title_id, is_mitb, mitb_cashin, defeat_type, rating, is_draw) values ('905209e7-2992-4667-af91-362295e94e85', 'ba6e3edd-2d08-4619-81b6-74e1b651a95b', 1, 'Tag Team', NULL, FALSE, NULL, NULL, FALSE, 'Pin', 4.0, FALSE);
insert into match_participants (match_id, team_id, result) values ('905209e7-2992-4667-af91-362295e94e85', 'f7a2e157-4b15-4f76-92c8-41e8e2dea5c6', 'winner');
insert into matches (id, show_id, match_number, match_type, stipulation, is_title_match, title_id, is_mitb, mitb_cashin, defeat_type, rating, is_draw) values ('2a2d7918-b4c5-4d49-bfca-d5306520d5f0', 'ba6e3edd-2d08-4619-81b6-74e1b651a95b', 2, 'Single', NULL, FALSE, NULL, NULL, FALSE, 'Pin', 4.0, FALSE);
insert into match_participants (match_id, wrestler_id, result) values ('2a2d7918-b4c5-4d49-bfca-d5306520d5f0', '60c99dea-a118-4839-99eb-5de3ca41d5d4', 'loser');
insert into match_participants (match_id, wrestler_id, result) values ('2a2d7918-b4c5-4d49-bfca-d5306520d5f0', '146ed3a2-ffd0-498f-ab39-8a11824f6cff', 'winner');
insert into matches (id, show_id, match_number, match_type, stipulation, is_title_match, title_id, is_mitb, mitb_cashin, defeat_type, rating, is_draw) values ('bdf64013-a2a4-46b3-ad22-490f427d93cc', 'ba6e3edd-2d08-4619-81b6-74e1b651a95b', 3, 'Single', NULL, FALSE, NULL, NULL, FALSE, 'Pin', 3.5, FALSE);
insert into match_participants (match_id, wrestler_id, result) values ('bdf64013-a2a4-46b3-ad22-490f427d93cc', '45d6759a-e627-41e8-b142-68a6772440d1', 'loser');
insert into match_participants (match_id, wrestler_id, result) values ('bdf64013-a2a4-46b3-ad22-490f427d93cc', 'f53c5be3-c66c-4d29-b281-5c0157203703', 'winner');
insert into matches (id, show_id, match_number, match_type, stipulation, is_title_match, title_id, is_mitb, mitb_cashin, defeat_type, rating, is_draw) values ('209661c0-59a4-4094-a95e-114f4850dcb5', 'ba6e3edd-2d08-4619-81b6-74e1b651a95b', 4, 'Tornado Tag Team', NULL, FALSE, NULL, NULL, FALSE, 'Pin', 3.5, FALSE);
insert into match_participants (match_id, team_id, result) values ('209661c0-59a4-4094-a95e-114f4850dcb5', '37867637-ea7c-4d6c-9e59-fb37627e1172', 'loser');
insert into matches (id, show_id, match_number, match_type, stipulation, is_title_match, title_id, is_mitb, mitb_cashin, defeat_type, rating, is_draw) values ('32fa1e09-0816-4cb2-873f-059ef5f34299', 'ba6e3edd-2d08-4619-81b6-74e1b651a95b', 5, 'Single', NULL, FALSE, NULL, NULL, FALSE, 'Pin', 3.0, FALSE);
insert into match_participants (match_id, wrestler_id, result) values ('32fa1e09-0816-4cb2-873f-059ef5f34299', '9683fa4f-ffaf-4185-938d-e4a435a5aef7', 'loser');
insert into match_participants (match_id, wrestler_id, result) values ('32fa1e09-0816-4cb2-873f-059ef5f34299', 'b0a5de67-da65-4808-bb98-ace3a77fa729', 'winner');
insert into matches (id, show_id, match_number, match_type, stipulation, is_title_match, title_id, is_mitb, mitb_cashin, defeat_type, rating, is_draw) values ('264ecb71-092a-4dc1-868e-3f05f42aec3a', 'ba6e3edd-2d08-4619-81b6-74e1b651a95b', 6, 'Single', NULL, FALSE, NULL, NULL, FALSE, 'Pin', 3.0, FALSE);
insert into match_participants (match_id, wrestler_id, result) values ('264ecb71-092a-4dc1-868e-3f05f42aec3a', 'ae2ce814-315f-41f0-ab99-eddf09a7d4c5', 'winner');
insert into match_participants (match_id, wrestler_id, result) values ('264ecb71-092a-4dc1-868e-3f05f42aec3a', 'd7307e76-a25c-412e-85b7-85c085319404', 'loser');
insert into matches (id, show_id, match_number, match_type, stipulation, is_title_match, title_id, is_mitb, mitb_cashin, defeat_type, rating, is_draw) values ('e768b224-2abb-4743-9d80-1dfffab2f92e', 'ba6e3edd-2d08-4619-81b6-74e1b651a95b', 7, 'Single', NULL, FALSE, NULL, NULL, FALSE, 'Pin', 4.0, FALSE);
insert into match_participants (match_id, wrestler_id, result) values ('e768b224-2abb-4743-9d80-1dfffab2f92e', 'ddf80d05-eb45-483d-a569-f2ae53f07b4b', 'loser');
insert into match_participants (match_id, wrestler_id, result) values ('e768b224-2abb-4743-9d80-1dfffab2f92e', '24041ddc-d965-4815-8c45-c9f97a2ed2c1', 'winner');
insert into matches (id, show_id, match_number, match_type, stipulation, is_title_match, title_id, is_mitb, mitb_cashin, defeat_type, rating, is_draw) values ('5c952202-86cc-43ff-beb3-722edd57cead', 'ba6e3edd-2d08-4619-81b6-74e1b651a95b', 8, 'Triple Threat', NULL, FALSE, NULL, NULL, FALSE, 'Pin', 3.5, FALSE);
insert into match_participants (match_id, wrestler_id, result) values ('5c952202-86cc-43ff-beb3-722edd57cead', '7d9945b2-59a0-4661-8206-198fec52bb2f', 'loser');
insert into match_participants (match_id, wrestler_id, result) values ('5c952202-86cc-43ff-beb3-722edd57cead', '1fdbaeea-4dc7-41ff-9ce9-394d33e1ace4', 'loser');
insert into match_participants (match_id, wrestler_id, result) values ('5c952202-86cc-43ff-beb3-722edd57cead', 'd0df50f1-fbbb-4298-ab0c-f7e6e122c4c4', 'winner');
insert into matches (id, show_id, match_number, match_type, stipulation, is_title_match, title_id, is_mitb, mitb_cashin, defeat_type, rating, is_draw) values ('84b8cd7d-ad10-4044-b69f-9c77f62eda3c', 'ba6e3edd-2d08-4619-81b6-74e1b651a95b', 9, 'Battle Royale', NULL, FALSE, NULL, NULL, FALSE, 'Pin', 3.0, FALSE);
insert into match_participants (match_id, wrestler_id, result) values ('84b8cd7d-ad10-4044-b69f-9c77f62eda3c', 'ad63b3fd-9de8-4398-a085-7cc8f264589e', 'loser');
insert into match_participants (match_id, wrestler_id, result) values ('84b8cd7d-ad10-4044-b69f-9c77f62eda3c', 'fce02e68-03a4-4670-a5d4-a6790f4f92a1', 'loser');
insert into match_participants (match_id, wrestler_id, result) values ('84b8cd7d-ad10-4044-b69f-9c77f62eda3c', '09a1ddc7-5133-4858-b8e1-c89de2eefe3b', 'loser');
insert into match_participants (match_id, wrestler_id, result) values ('84b8cd7d-ad10-4044-b69f-9c77f62eda3c', '31f8c2ba-a0c4-4352-ae28-1cf68d200216', 'loser');
insert into match_participants (match_id, wrestler_id, result) values ('84b8cd7d-ad10-4044-b69f-9c77f62eda3c', '07687962-07c0-46b6-9541-2d8b60e3c2c1', 'loser');
insert into match_participants (match_id, wrestler_id, result) values ('84b8cd7d-ad10-4044-b69f-9c77f62eda3c', '6a3c5c70-fbb7-4a85-8940-df64e251eca3', 'loser');
insert into match_participants (match_id, wrestler_id, result) values ('84b8cd7d-ad10-4044-b69f-9c77f62eda3c', '7ca7fd7b-2526-41ea-b143-cdd82f404014', 'winner');
insert into match_participants (match_id, wrestler_id, result) values ('84b8cd7d-ad10-4044-b69f-9c77f62eda3c', 'db9025f4-91c4-47e8-b3de-e3864852a4c8', 'loser');
insert into shows (id, name, show_date, show_type, ppv_name) values ('e32fa6d0-fdad-4875-b9b2-9a2a93d23d90', 'DAW 09-20-2024', '2024-09-20', 'weekly', NULL);
insert into matches (id, show_id, match_number, match_type, stipulation, is_title_match, title_id, is_mitb, mitb_cashin, defeat_type, rating, is_draw) values ('7af97cc9-6232-4512-82e0-550c87c6835c', 'e32fa6d0-fdad-4875-b9b2-9a2a93d23d90', 1, 'Triple Threat', NULL, FALSE, NULL, NULL, FALSE, 'Pin', 3.5, FALSE);
insert into match_participants (match_id, wrestler_id, result) values ('7af97cc9-6232-4512-82e0-550c87c6835c', '6a3c5c70-fbb7-4a85-8940-df64e251eca3', 'loser');
insert into match_participants (match_id, wrestler_id, result) values ('7af97cc9-6232-4512-82e0-550c87c6835c', '31f8c2ba-a0c4-4352-ae28-1cf68d200216', 'loser');
insert into match_participants (match_id, wrestler_id, result) values ('7af97cc9-6232-4512-82e0-550c87c6835c', '004c7b59-d738-4718-a1f0-39aa22e8039d', 'winner');
insert into matches (id, show_id, match_number, match_type, stipulation, is_title_match, title_id, is_mitb, mitb_cashin, defeat_type, rating, is_draw) values ('4d08d711-88f7-4276-b546-2a3da97045b6', 'e32fa6d0-fdad-4875-b9b2-9a2a93d23d90', 2, 'Single', NULL, FALSE, NULL, NULL, FALSE, 'Pin', 4.5, FALSE);
insert into match_participants (match_id, wrestler_id, result) values ('4d08d711-88f7-4276-b546-2a3da97045b6', 'f53c5be3-c66c-4d29-b281-5c0157203703', 'winner');
insert into match_participants (match_id, wrestler_id, result) values ('4d08d711-88f7-4276-b546-2a3da97045b6', 'ddf80d05-eb45-483d-a569-f2ae53f07b4b', 'loser');
insert into matches (id, show_id, match_number, match_type, stipulation, is_title_match, title_id, is_mitb, mitb_cashin, defeat_type, rating, is_draw) values ('3c687bba-c0ce-455b-ab26-fa0e7c7cb7fe', 'e32fa6d0-fdad-4875-b9b2-9a2a93d23d90', 3, 'Single', NULL, FALSE, NULL, NULL, FALSE, 'Pin', 3.0, FALSE);
insert into match_participants (match_id, wrestler_id, result) values ('3c687bba-c0ce-455b-ab26-fa0e7c7cb7fe', 'b2d0cb4c-4471-49a3-b524-544ce1bd95a1', 'loser');
insert into match_participants (match_id, wrestler_id, result) values ('3c687bba-c0ce-455b-ab26-fa0e7c7cb7fe', 'db9025f4-91c4-47e8-b3de-e3864852a4c8', 'winner');
insert into matches (id, show_id, match_number, match_type, stipulation, is_title_match, title_id, is_mitb, mitb_cashin, defeat_type, rating, is_draw) values ('c2261a94-73df-4225-a268-c1a1a6734425', 'e32fa6d0-fdad-4875-b9b2-9a2a93d23d90', 4, 'Single', NULL, FALSE, NULL, NULL, FALSE, 'Pin', 2.5, FALSE);
insert into match_participants (match_id, wrestler_id, result) values ('c2261a94-73df-4225-a268-c1a1a6734425', '0655bec3-0c3f-48ed-b466-a98f20841621', 'winner');
insert into match_participants (match_id, wrestler_id, result) values ('c2261a94-73df-4225-a268-c1a1a6734425', '0d2420e5-4511-44a9-8d66-a70eef1ce8d4', 'loser');
insert into matches (id, show_id, match_number, match_type, stipulation, is_title_match, title_id, is_mitb, mitb_cashin, defeat_type, rating, is_draw) values ('feaab29c-a328-4935-9537-496c37103562', 'e32fa6d0-fdad-4875-b9b2-9a2a93d23d90', 5, 'Single', NULL, FALSE, NULL, NULL, FALSE, 'Pin', 4.0, FALSE);
insert into match_participants (match_id, wrestler_id, result) values ('feaab29c-a328-4935-9537-496c37103562', '09a1ddc7-5133-4858-b8e1-c89de2eefe3b', 'loser');
insert into match_participants (match_id, wrestler_id, result) values ('feaab29c-a328-4935-9537-496c37103562', '7d9945b2-59a0-4661-8206-198fec52bb2f', 'winner');
insert into matches (id, show_id, match_number, match_type, stipulation, is_title_match, title_id, is_mitb, mitb_cashin, defeat_type, rating, is_draw) values ('49333a73-7d2b-460d-857d-9a751ca2492f', 'e32fa6d0-fdad-4875-b9b2-9a2a93d23d90', 6, 'Single', NULL, FALSE, NULL, NULL, FALSE, 'Pin', 3.5, FALSE);
insert into match_participants (match_id, wrestler_id, result) values ('49333a73-7d2b-460d-857d-9a751ca2492f', '146ed3a2-ffd0-498f-ab39-8a11824f6cff', 'winner');
insert into match_participants (match_id, wrestler_id, result) values ('49333a73-7d2b-460d-857d-9a751ca2492f', '122e2f4f-61c3-46f1-8de6-407a73f0712e', 'loser');
insert into matches (id, show_id, match_number, match_type, stipulation, is_title_match, title_id, is_mitb, mitb_cashin, defeat_type, rating, is_draw) values ('5448e660-7e81-4324-9528-1f5b20cdb824', 'e32fa6d0-fdad-4875-b9b2-9a2a93d23d90', 7, 'Single', NULL, FALSE, NULL, NULL, FALSE, 'Pin', 2.5, FALSE);
insert into match_participants (match_id, wrestler_id, result) values ('5448e660-7e81-4324-9528-1f5b20cdb824', 'bc93b973-151b-48ca-8d75-8f6c220a0d31', 'winner');
insert into match_participants (match_id, wrestler_id, result) values ('5448e660-7e81-4324-9528-1f5b20cdb824', '2c23bf2a-90de-4618-9564-8e0e622857f1', 'loser');
insert into matches (id, show_id, match_number, match_type, stipulation, is_title_match, title_id, is_mitb, mitb_cashin, defeat_type, rating, is_draw) values ('01fbb2bb-2330-4ad1-a917-52bbeef03d48', 'e32fa6d0-fdad-4875-b9b2-9a2a93d23d90', 8, 'Single', NULL, FALSE, NULL, NULL, FALSE, 'Pin', 3.5, FALSE);
insert into match_participants (match_id, wrestler_id, result) values ('01fbb2bb-2330-4ad1-a917-52bbeef03d48', 'ae2ce814-315f-41f0-ab99-eddf09a7d4c5', 'loser');
insert into matches (id, show_id, match_number, match_type, stipulation, is_title_match, title_id, is_mitb, mitb_cashin, defeat_type, rating, is_draw) values ('fc28a8b6-0d85-4575-a3b5-a35a18498fbc', 'e32fa6d0-fdad-4875-b9b2-9a2a93d23d90', 9, 'Tag Team', NULL, FALSE, NULL, NULL, FALSE, 'Pin', 2.0, FALSE);
insert into match_participants (match_id, team_id, result) values ('fc28a8b6-0d85-4575-a3b5-a35a18498fbc', 'd812adbb-b4b1-443b-b4a5-ec26000dc1b8', 'loser');
insert into shows (id, name, show_date, show_type, ppv_name) values ('243600ea-527f-4f2e-aa0c-960ca7651d79', 'DAW 09-27-2024', '2024-09-27', 'weekly', NULL);
insert into matches (id, show_id, match_number, match_type, stipulation, is_title_match, title_id, is_mitb, mitb_cashin, defeat_type, rating, is_draw) values ('6b1672b7-bf4d-44b4-85cf-6eefa8cef3f8', '243600ea-527f-4f2e-aa0c-960ca7651d79', 1, 'Tag Team', NULL, TRUE, '4091f18e-1fb8-441e-b708-1729cb0b0011', FALSE, FALSE, 'Pin', 4.0, FALSE);
insert into match_participants (match_id, team_id, result) values ('6b1672b7-bf4d-44b4-85cf-6eefa8cef3f8', '851cd315-9431-48a4-aa8a-acca45ae40c2', 'winner');
insert into matches (id, show_id, match_number, match_type, stipulation, is_title_match, title_id, is_mitb, mitb_cashin, defeat_type, rating, is_draw) values ('22e2a9cb-8b16-4425-9302-062f4307747f', '243600ea-527f-4f2e-aa0c-960ca7651d79', 2, 'Single', NULL, FALSE, NULL, NULL, FALSE, 'Pin', 3.0, FALSE);
insert into match_participants (match_id, wrestler_id, result) values ('22e2a9cb-8b16-4425-9302-062f4307747f', '07687962-07c0-46b6-9541-2d8b60e3c2c1', 'winner');
insert into match_participants (match_id, wrestler_id, result) values ('22e2a9cb-8b16-4425-9302-062f4307747f', '7992b7fc-2c75-47b0-a0fe-4434be162d0c', 'loser');
insert into matches (id, show_id, match_number, match_type, stipulation, is_title_match, title_id, is_mitb, mitb_cashin, defeat_type, rating, is_draw) values ('420b52d3-1212-42ef-ae50-b50e57ec3fa4', '243600ea-527f-4f2e-aa0c-960ca7651d79', 3, 'Single', NULL, FALSE, NULL, NULL, FALSE, 'Pin', 4.0, FALSE);
insert into match_participants (match_id, wrestler_id, result) values ('420b52d3-1212-42ef-ae50-b50e57ec3fa4', '6a3c5c70-fbb7-4a85-8940-df64e251eca3', 'winner');
insert into match_participants (match_id, wrestler_id, result) values ('420b52d3-1212-42ef-ae50-b50e57ec3fa4', 'cce2403e-b550-4727-9b4c-e04012c77f31', 'loser');
insert into matches (id, show_id, match_number, match_type, stipulation, is_title_match, title_id, is_mitb, mitb_cashin, defeat_type, rating, is_draw) values ('4b4311bb-c894-452b-be14-71ef46590f30', '243600ea-527f-4f2e-aa0c-960ca7651d79', 4, 'Single', NULL, FALSE, NULL, NULL, FALSE, 'Pin', 3.5, FALSE);
insert into match_participants (match_id, wrestler_id, result) values ('4b4311bb-c894-452b-be14-71ef46590f30', 'ddf80d05-eb45-483d-a569-f2ae53f07b4b', 'loser');
insert into match_participants (match_id, wrestler_id, result) values ('4b4311bb-c894-452b-be14-71ef46590f30', '45d6759a-e627-41e8-b142-68a6772440d1', 'winner');
insert into matches (id, show_id, match_number, match_type, stipulation, is_title_match, title_id, is_mitb, mitb_cashin, defeat_type, rating, is_draw) values ('29b2258a-088e-4022-af6c-a99890620867', '243600ea-527f-4f2e-aa0c-960ca7651d79', 5, 'Tag Team', NULL, TRUE, 'c35e55d3-eeb9-45fd-8160-df160862cff0', FALSE, FALSE, 'Pin', 4.0, FALSE);
insert into match_participants (match_id, team_id, result) values ('29b2258a-088e-4022-af6c-a99890620867', '8d790109-09d5-4f53-abc0-4b9e1844f285', 'loser');
insert into match_participants (match_id, team_id, result) values ('29b2258a-088e-4022-af6c-a99890620867', 'f7a2e157-4b15-4f76-92c8-41e8e2dea5c6', 'winner');
insert into matches (id, show_id, match_number, match_type, stipulation, is_title_match, title_id, is_mitb, mitb_cashin, defeat_type, rating, is_draw) values ('0ba205d6-9695-419d-8a09-da7994194ff3', '243600ea-527f-4f2e-aa0c-960ca7651d79', 6, 'Single', NULL, FALSE, NULL, NULL, FALSE, 'Pin', 4.5, FALSE);
insert into match_participants (match_id, wrestler_id, result) values ('0ba205d6-9695-419d-8a09-da7994194ff3', 'fce02e68-03a4-4670-a5d4-a6790f4f92a1', 'loser');
insert into match_participants (match_id, wrestler_id, result) values ('0ba205d6-9695-419d-8a09-da7994194ff3', '004c7b59-d738-4718-a1f0-39aa22e8039d', 'winner');
insert into matches (id, show_id, match_number, match_type, stipulation, is_title_match, title_id, is_mitb, mitb_cashin, defeat_type, rating, is_draw) values ('ea26a5ef-ceeb-4fdf-9de8-72f930ee6166', '243600ea-527f-4f2e-aa0c-960ca7651d79', 7, 'Single', NULL, FALSE, NULL, NULL, FALSE, 'Pin', 2.0, FALSE);
insert into match_participants (match_id, wrestler_id, result) values ('ea26a5ef-ceeb-4fdf-9de8-72f930ee6166', '146ed3a2-ffd0-498f-ab39-8a11824f6cff', 'loser');
insert into match_participants (match_id, wrestler_id, result) values ('ea26a5ef-ceeb-4fdf-9de8-72f930ee6166', 'f53c5be3-c66c-4d29-b281-5c0157203703', 'winner');
insert into matches (id, show_id, match_number, match_type, stipulation, is_title_match, title_id, is_mitb, mitb_cashin, defeat_type, rating, is_draw) values ('362b3716-54b9-493e-8d67-25953f259a40', '243600ea-527f-4f2e-aa0c-960ca7651d79', 8, 'Single', NULL, TRUE, '5d3e065c-43d1-41ee-8d24-e876f1e2b2a1', FALSE, FALSE, 'Pin', 4.5, FALSE);
insert into match_participants (match_id, wrestler_id, result) values ('362b3716-54b9-493e-8d67-25953f259a40', '0d2420e5-4511-44a9-8d66-a70eef1ce8d4', 'loser');
insert into match_participants (match_id, wrestler_id, result) values ('362b3716-54b9-493e-8d67-25953f259a40', '122e2f4f-61c3-46f1-8de6-407a73f0712e', 'winner');
insert into matches (id, show_id, match_number, match_type, stipulation, is_title_match, title_id, is_mitb, mitb_cashin, defeat_type, rating, is_draw) values ('18ffa591-7c81-42d1-bfa9-282ed4461f4f', '243600ea-527f-4f2e-aa0c-960ca7651d79', 9, 'Battle Royale', NULL, FALSE, NULL, NULL, FALSE, 'Pin', 4.5, FALSE);
insert into match_participants (match_id, wrestler_id, result) values ('18ffa591-7c81-42d1-bfa9-282ed4461f4f', 'cd5fa7e0-c982-449d-ab4f-cd0b33045715', 'loser');
insert into match_participants (match_id, wrestler_id, result) values ('18ffa591-7c81-42d1-bfa9-282ed4461f4f', '0aa96820-6e1c-4c70-8aa9-4fe6af0221a7', 'loser');
insert into match_participants (match_id, wrestler_id, result) values ('18ffa591-7c81-42d1-bfa9-282ed4461f4f', 'fe192097-a77b-4d95-a8b9-0f0147ab04a6', 'loser');
insert into match_participants (match_id, wrestler_id, result) values ('18ffa591-7c81-42d1-bfa9-282ed4461f4f', '152ce1d4-2816-4c5c-82d3-7a4fa068a413', 'loser');
insert into match_participants (match_id, wrestler_id, result) values ('18ffa591-7c81-42d1-bfa9-282ed4461f4f', 'd0df50f1-fbbb-4298-ab0c-f7e6e122c4c4', 'winner');
insert into match_participants (match_id, wrestler_id, result) values ('18ffa591-7c81-42d1-bfa9-282ed4461f4f', '31f8c2ba-a0c4-4352-ae28-1cf68d200216', 'loser');
insert into match_participants (match_id, wrestler_id, result) values ('18ffa591-7c81-42d1-bfa9-282ed4461f4f', 'ad63b3fd-9de8-4398-a085-7cc8f264589e', 'loser');
insert into match_participants (match_id, wrestler_id, result) values ('18ffa591-7c81-42d1-bfa9-282ed4461f4f', '72a13a54-c48a-4382-a17e-3db462967ef7', 'loser');
insert into matches (id, show_id, match_number, match_type, stipulation, is_title_match, title_id, is_mitb, mitb_cashin, defeat_type, rating, is_draw) values ('99e4ff52-bc45-4358-ac34-b1e85e97d830', '243600ea-527f-4f2e-aa0c-960ca7651d79', 10, 'Single', NULL, TRUE, '5db4cd6b-6ebe-4a87-b7bb-017af3856766', FALSE, FALSE, 'Pin', 3.5, FALSE);
insert into match_participants (match_id, wrestler_id, result) values ('99e4ff52-bc45-4358-ac34-b1e85e97d830', 'b0a5de67-da65-4808-bb98-ace3a77fa729', 'winner');
insert into matches (id, show_id, match_number, match_type, stipulation, is_title_match, title_id, is_mitb, mitb_cashin, defeat_type, rating, is_draw) values ('85da5bd4-d95a-4491-88d1-ddb53f559309', '243600ea-527f-4f2e-aa0c-960ca7651d79', 11, 'Single', 'Extreme Rules', FALSE, NULL, NULL, FALSE, 'Pin', 4.0, FALSE);
insert into match_participants (match_id, wrestler_id, result) values ('85da5bd4-d95a-4491-88d1-ddb53f559309', '2c23bf2a-90de-4618-9564-8e0e622857f1', 'winner');
insert into match_participants (match_id, wrestler_id, result) values ('85da5bd4-d95a-4491-88d1-ddb53f559309', 'bc93b973-151b-48ca-8d75-8f6c220a0d31', 'loser');
insert into matches (id, show_id, match_number, match_type, stipulation, is_title_match, title_id, is_mitb, mitb_cashin, defeat_type, rating, is_draw) values ('1ae4d37e-7e4d-40a0-9101-11e109f8734a', '243600ea-527f-4f2e-aa0c-960ca7651d79', 12, 'Single', NULL, TRUE, 'f3ec52c9-649b-48cb-aa37-da278fbd72df', FALSE, FALSE, 'Pin', 2.0, FALSE);
insert into match_participants (match_id, wrestler_id, result) values ('1ae4d37e-7e4d-40a0-9101-11e109f8734a', '0655bec3-0c3f-48ed-b466-a98f20841621', 'winner');
insert into match_participants (match_id, wrestler_id, result) values ('1ae4d37e-7e4d-40a0-9101-11e109f8734a', '24041ddc-d965-4815-8c45-c9f97a2ed2c1', 'loser');
insert into matches (id, show_id, match_number, match_type, stipulation, is_title_match, title_id, is_mitb, mitb_cashin, defeat_type, rating, is_draw) values ('389647ce-d2ec-4670-9fd7-2df223e533a4', '243600ea-527f-4f2e-aa0c-960ca7651d79', 13, 'Single', 'Extreme Rules', FALSE, NULL, NULL, FALSE, 'Pin', 3.5, FALSE);
insert into match_participants (match_id, wrestler_id, result) values ('389647ce-d2ec-4670-9fd7-2df223e533a4', 'ae2ce814-315f-41f0-ab99-eddf09a7d4c5', 'loser');
insert into matches (id, show_id, match_number, match_type, stipulation, is_title_match, title_id, is_mitb, mitb_cashin, defeat_type, rating, is_draw) values ('77369656-9be0-45a0-a663-62e8791f9224', '243600ea-527f-4f2e-aa0c-960ca7651d79', 14, 'Single', NULL, TRUE, '02b0c038-accb-495b-8d6a-8891a7b51554', FALSE, FALSE, 'Pin', 4.0, FALSE);
insert into match_participants (match_id, wrestler_id, result) values ('77369656-9be0-45a0-a663-62e8791f9224', '9683fa4f-ffaf-4185-938d-e4a435a5aef7', 'loser');
insert into match_participants (match_id, wrestler_id, result) values ('77369656-9be0-45a0-a663-62e8791f9224', '1fdbaeea-4dc7-41ff-9ce9-394d33e1ace4', 'winner');
insert into shows (id, name, show_date, show_type, ppv_name) values ('8f8e74ca-2165-40c7-ab7b-3b90e366e264', 'DAW 10-04-2024', '2024-10-04', 'weekly', NULL);
insert into matches (id, show_id, match_number, match_type, stipulation, is_title_match, title_id, is_mitb, mitb_cashin, defeat_type, rating, is_draw) values ('0d43a55d-dff7-48b4-aa72-035972d00523', '8f8e74ca-2165-40c7-ab7b-3b90e366e264', 1, 'Tag Team', NULL, FALSE, NULL, NULL, FALSE, 'Pin', 3.0, FALSE);
insert into match_participants (match_id, team_id, result) values ('0d43a55d-dff7-48b4-aa72-035972d00523', '851cd315-9431-48a4-aa8a-acca45ae40c2', 'loser');
insert into matches (id, show_id, match_number, match_type, stipulation, is_title_match, title_id, is_mitb, mitb_cashin, defeat_type, rating, is_draw) values ('dc570946-082d-4f48-88bd-f9501dcf9970', '8f8e74ca-2165-40c7-ab7b-3b90e366e264', 1, 'Single', NULL, FALSE, NULL, NULL, FALSE, 'Pin', 4.0, FALSE);
insert into match_participants (match_id, wrestler_id, result) values ('dc570946-082d-4f48-88bd-f9501dcf9970', '7992b7fc-2c75-47b0-a0fe-4434be162d0c', 'winner');
insert into match_participants (match_id, wrestler_id, result) values ('dc570946-082d-4f48-88bd-f9501dcf9970', '7ca7fd7b-2526-41ea-b143-cdd82f404014', 'loser');
insert into matches (id, show_id, match_number, match_type, stipulation, is_title_match, title_id, is_mitb, mitb_cashin, defeat_type, rating, is_draw) values ('90466e2a-0cd4-45a5-b142-00121f689573', '8f8e74ca-2165-40c7-ab7b-3b90e366e264', 2, 'Single', NULL, FALSE, NULL, NULL, FALSE, 'Pin', 4.0, FALSE);
insert into match_participants (match_id, wrestler_id, result) values ('90466e2a-0cd4-45a5-b142-00121f689573', 'ad63b3fd-9de8-4398-a085-7cc8f264589e', 'loser');
insert into match_participants (match_id, wrestler_id, result) values ('90466e2a-0cd4-45a5-b142-00121f689573', '9683fa4f-ffaf-4185-938d-e4a435a5aef7', 'winner');
insert into matches (id, show_id, match_number, match_type, stipulation, is_title_match, title_id, is_mitb, mitb_cashin, defeat_type, rating, is_draw) values ('7e40ba7c-8451-4c64-aa7a-57565de5b071', '8f8e74ca-2165-40c7-ab7b-3b90e366e264', 3, 'Triple Threat', NULL, FALSE, NULL, NULL, FALSE, 'Pin', 4.5, FALSE);
insert into match_participants (match_id, wrestler_id, result) values ('7e40ba7c-8451-4c64-aa7a-57565de5b071', '6a3c5c70-fbb7-4a85-8940-df64e251eca3', 'loser');
insert into match_participants (match_id, wrestler_id, result) values ('7e40ba7c-8451-4c64-aa7a-57565de5b071', 'ae2ce814-315f-41f0-ab99-eddf09a7d4c5', 'loser');
insert into match_participants (match_id, wrestler_id, result) values ('7e40ba7c-8451-4c64-aa7a-57565de5b071', 'b0a5de67-da65-4808-bb98-ace3a77fa729', 'winner');
insert into matches (id, show_id, match_number, match_type, stipulation, is_title_match, title_id, is_mitb, mitb_cashin, defeat_type, rating, is_draw) values ('bce595d7-a048-4ea0-b758-50dd0d73664a', '8f8e74ca-2165-40c7-ab7b-3b90e366e264', 4, 'Single', NULL, FALSE, NULL, NULL, FALSE, 'Pin', 3.5, FALSE);
insert into match_participants (match_id, wrestler_id, result) values ('bce595d7-a048-4ea0-b758-50dd0d73664a', 'ddf80d05-eb45-483d-a569-f2ae53f07b4b', 'loser');
insert into match_participants (match_id, wrestler_id, result) values ('bce595d7-a048-4ea0-b758-50dd0d73664a', '469ab9db-7202-45c0-a929-64eb9137b121', 'loser');
insert into matches (id, show_id, match_number, match_type, stipulation, is_title_match, title_id, is_mitb, mitb_cashin, defeat_type, rating, is_draw) values ('a61988a9-0cb1-4f0a-a80d-6c6ca44f4ed1', '8f8e74ca-2165-40c7-ab7b-3b90e366e264', 6, 'Tag Team', NULL, FALSE, NULL, NULL, FALSE, 'No Contest', 3.0, FALSE);
insert into match_participants (match_id, team_id, result) values ('a61988a9-0cb1-4f0a-a80d-6c6ca44f4ed1', '07351f94-4020-4dbc-82b4-afc8470a31f6', 'loser');
insert into match_participants (match_id, team_id, result) values ('a61988a9-0cb1-4f0a-a80d-6c6ca44f4ed1', 'f7a2e157-4b15-4f76-92c8-41e8e2dea5c6', 'winner');
insert into matches (id, show_id, match_number, match_type, stipulation, is_title_match, title_id, is_mitb, mitb_cashin, defeat_type, rating, is_draw) values ('d4b85e23-0845-4c5e-ad20-44a0b8deefef', '8f8e74ca-2165-40c7-ab7b-3b90e366e264', 7, 'Single', NULL, FALSE, NULL, NULL, FALSE, 'Pin', 3.5, FALSE);
insert into match_participants (match_id, wrestler_id, result) values ('d4b85e23-0845-4c5e-ad20-44a0b8deefef', '146ed3a2-ffd0-498f-ab39-8a11824f6cff', 'loser');
insert into match_participants (match_id, wrestler_id, result) values ('d4b85e23-0845-4c5e-ad20-44a0b8deefef', '0655bec3-0c3f-48ed-b466-a98f20841621', 'winner');
insert into matches (id, show_id, match_number, match_type, stipulation, is_title_match, title_id, is_mitb, mitb_cashin, defeat_type, rating, is_draw) values ('240756b4-5ec6-4fd0-afca-f6817366b8ad', '8f8e74ca-2165-40c7-ab7b-3b90e366e264', 8, 'Tornado Tag Team', NULL, FALSE, NULL, NULL, FALSE, 'Pin', 4.5, FALSE);
insert into match_participants (match_id, team_id, result) values ('240756b4-5ec6-4fd0-afca-f6817366b8ad', '37867637-ea7c-4d6c-9e59-fb37627e1172', 'loser');
insert into matches (id, show_id, match_number, match_type, stipulation, is_title_match, title_id, is_mitb, mitb_cashin, defeat_type, rating, is_draw) values ('7d1747db-b507-4f36-8597-99280cb3e668', '8f8e74ca-2165-40c7-ab7b-3b90e366e264', 9, 'Single', NULL, FALSE, NULL, NULL, FALSE, 'Pin', 3.5, FALSE);
insert into match_participants (match_id, wrestler_id, result) values ('7d1747db-b507-4f36-8597-99280cb3e668', '7d9945b2-59a0-4661-8206-198fec52bb2f', 'winner');
insert into match_participants (match_id, wrestler_id, result) values ('7d1747db-b507-4f36-8597-99280cb3e668', '1fdbaeea-4dc7-41ff-9ce9-394d33e1ace4', 'loser');
insert into shows (id, name, show_date, show_type, ppv_name) values ('036a6035-8dc7-40ef-8321-9a4e0d40c60b', 'DAW 10-07-2024', '2024-10-07', 'weekly', NULL);
insert into matches (id, show_id, match_number, match_type, stipulation, is_title_match, title_id, is_mitb, mitb_cashin, defeat_type, rating, is_draw) values ('155ff80a-0da8-4c52-897e-b1fe083299bf', '036a6035-8dc7-40ef-8321-9a4e0d40c60b', 1, 'Single', NULL, TRUE, '7ff2d038-78e9-4309-ab61-a31d82302425', FALSE, FALSE, 'Pin', 3.0, FALSE);
insert into match_participants (match_id, wrestler_id, result) values ('155ff80a-0da8-4c52-897e-b1fe083299bf', '5909ea1d-6838-40c8-8058-64854406eb27', 'winner');
insert into match_participants (match_id, wrestler_id, result) values ('155ff80a-0da8-4c52-897e-b1fe083299bf', 'b2d0cb4c-4471-49a3-b524-544ce1bd95a1', 'loser');
insert into shows (id, name, show_date, show_type, ppv_name) values ('21b700e2-2f81-4a2b-9b4a-95aa29151daf', 'DAW 10-09-2024', '2024-10-09', 'weekly', NULL);
insert into matches (id, show_id, match_number, match_type, stipulation, is_title_match, title_id, is_mitb, mitb_cashin, defeat_type, rating, is_draw) values ('2733e117-db20-46f0-b04a-e5b2b4e06667', '21b700e2-2f81-4a2b-9b4a-95aa29151daf', 1, 'Single', NULL, TRUE, '7ff2d038-78e9-4309-ab61-a31d82302425', FALSE, FALSE, 'Pin', 3.0, FALSE);
insert into match_participants (match_id, wrestler_id, result) values ('2733e117-db20-46f0-b04a-e5b2b4e06667', 'b2d0cb4c-4471-49a3-b524-544ce1bd95a1', 'loser');
insert into match_participants (match_id, wrestler_id, result) values ('2733e117-db20-46f0-b04a-e5b2b4e06667', '5909ea1d-6838-40c8-8058-64854406eb27', 'winner');
insert into shows (id, name, show_date, show_type, ppv_name) values ('9e478e95-2bf5-4b1d-9099-ec79e785a14b', 'DAW 10-11-2024', '2024-10-11', 'weekly', NULL);
insert into matches (id, show_id, match_number, match_type, stipulation, is_title_match, title_id, is_mitb, mitb_cashin, defeat_type, rating, is_draw) values ('623c704e-493e-4cdf-8649-5f13fd608e75', '9e478e95-2bf5-4b1d-9099-ec79e785a14b', 1, 'Triple Threat', NULL, FALSE, NULL, NULL, FALSE, 'Pin', 4.0, FALSE);
insert into match_participants (match_id, wrestler_id, result) values ('623c704e-493e-4cdf-8649-5f13fd608e75', '469ab9db-7202-45c0-a929-64eb9137b121', 'winner');
insert into match_participants (match_id, wrestler_id, result) values ('623c704e-493e-4cdf-8649-5f13fd608e75', 'bccac820-8145-4923-9154-7b18bc8ffb2d', 'loser');
insert into match_participants (match_id, wrestler_id, result) values ('623c704e-493e-4cdf-8649-5f13fd608e75', 'ddf80d05-eb45-483d-a569-f2ae53f07b4b', 'loser');
insert into matches (id, show_id, match_number, match_type, stipulation, is_title_match, title_id, is_mitb, mitb_cashin, defeat_type, rating, is_draw) values ('9689b635-3558-449b-bb5f-0c6041b34439', '9e478e95-2bf5-4b1d-9099-ec79e785a14b', 2, 'Single', NULL, FALSE, NULL, NULL, FALSE, 'Pin', 3.5, FALSE);
insert into match_participants (match_id, wrestler_id, result) values ('9689b635-3558-449b-bb5f-0c6041b34439', '6a3c5c70-fbb7-4a85-8940-df64e251eca3', 'loser');
insert into match_participants (match_id, wrestler_id, result) values ('9689b635-3558-449b-bb5f-0c6041b34439', 'ad63b3fd-9de8-4398-a085-7cc8f264589e', 'winner');
insert into matches (id, show_id, match_number, match_type, stipulation, is_title_match, title_id, is_mitb, mitb_cashin, defeat_type, rating, is_draw) values ('3801040d-e3b8-4921-927f-3e2555ced839', '9e478e95-2bf5-4b1d-9099-ec79e785a14b', 3, 'Single', NULL, FALSE, NULL, NULL, FALSE, 'Pin', 1.5, FALSE);
insert into match_participants (match_id, wrestler_id, result) values ('3801040d-e3b8-4921-927f-3e2555ced839', '07687962-07c0-46b6-9541-2d8b60e3c2c1', 'winner');
insert into match_participants (match_id, wrestler_id, result) values ('3801040d-e3b8-4921-927f-3e2555ced839', 'b0a5de67-da65-4808-bb98-ace3a77fa729', 'loser');
insert into matches (id, show_id, match_number, match_type, stipulation, is_title_match, title_id, is_mitb, mitb_cashin, defeat_type, rating, is_draw) values ('93dec476-82a5-4e4d-b41f-94661a4a70e0', '9e478e95-2bf5-4b1d-9099-ec79e785a14b', 4, 'Single', NULL, FALSE, NULL, NULL, FALSE, 'Pin', 2.0, FALSE);
insert into match_participants (match_id, wrestler_id, result) values ('93dec476-82a5-4e4d-b41f-94661a4a70e0', '004c7b59-d738-4718-a1f0-39aa22e8039d', 'winner');
insert into match_participants (match_id, wrestler_id, result) values ('93dec476-82a5-4e4d-b41f-94661a4a70e0', 'ae2ce814-315f-41f0-ab99-eddf09a7d4c5', 'loser');
insert into matches (id, show_id, match_number, match_type, stipulation, is_title_match, title_id, is_mitb, mitb_cashin, defeat_type, rating, is_draw) values ('5374d61c-74e1-40e6-99c5-750f33822a89', '9e478e95-2bf5-4b1d-9099-ec79e785a14b', 5, 'Single', NULL, FALSE, NULL, NULL, FALSE, 'Pin', 4.5, FALSE);
insert into match_participants (match_id, wrestler_id, result) values ('5374d61c-74e1-40e6-99c5-750f33822a89', '31f8c2ba-a0c4-4352-ae28-1cf68d200216', 'winner');
insert into match_participants (match_id, wrestler_id, result) values ('5374d61c-74e1-40e6-99c5-750f33822a89', 'b2d0cb4c-4471-49a3-b524-544ce1bd95a1', 'loser');
insert into matches (id, show_id, match_number, match_type, stipulation, is_title_match, title_id, is_mitb, mitb_cashin, defeat_type, rating, is_draw) values ('1e836f95-b250-4bb7-8544-4157659b837e', '9e478e95-2bf5-4b1d-9099-ec79e785a14b', 6, 'Tag Team', NULL, FALSE, NULL, NULL, FALSE, 'Pin', 3.5, FALSE);
insert into match_participants (match_id, team_id, result) values ('1e836f95-b250-4bb7-8544-4157659b837e', '37867637-ea7c-4d6c-9e59-fb37627e1172', 'loser');
insert into match_participants (match_id, team_id, result) values ('1e836f95-b250-4bb7-8544-4157659b837e', '07351f94-4020-4dbc-82b4-afc8470a31f6', 'loser');
insert into matches (id, show_id, match_number, match_type, stipulation, is_title_match, title_id, is_mitb, mitb_cashin, defeat_type, rating, is_draw) values ('08b92dc2-33d5-4e2d-986b-0ff9b8a7ef23', '9e478e95-2bf5-4b1d-9099-ec79e785a14b', 7, 'Single', NULL, FALSE, NULL, NULL, FALSE, 'Pin', 4.0, FALSE);
insert into match_participants (match_id, wrestler_id, result) values ('08b92dc2-33d5-4e2d-986b-0ff9b8a7ef23', 'f53c5be3-c66c-4d29-b281-5c0157203703', 'loser');
insert into match_participants (match_id, wrestler_id, result) values ('08b92dc2-33d5-4e2d-986b-0ff9b8a7ef23', 'bc93b973-151b-48ca-8d75-8f6c220a0d31', 'winner');
insert into matches (id, show_id, match_number, match_type, stipulation, is_title_match, title_id, is_mitb, mitb_cashin, defeat_type, rating, is_draw) values ('7a6860b2-1cfd-4cc4-8474-a3f768f51ce9', '9e478e95-2bf5-4b1d-9099-ec79e785a14b', 8, 'Single', NULL, FALSE, NULL, NULL, FALSE, 'Pin', 4.0, FALSE);
insert into match_participants (match_id, wrestler_id, result) values ('7a6860b2-1cfd-4cc4-8474-a3f768f51ce9', 'd0df50f1-fbbb-4298-ab0c-f7e6e122c4c4', 'loser');
insert into match_participants (match_id, wrestler_id, result) values ('7a6860b2-1cfd-4cc4-8474-a3f768f51ce9', '09a1ddc7-5133-4858-b8e1-c89de2eefe3b', 'winner');
insert into matches (id, show_id, match_number, match_type, stipulation, is_title_match, title_id, is_mitb, mitb_cashin, defeat_type, rating, is_draw) values ('c97fd0e4-94f0-49f5-bb1c-544016294864', '9e478e95-2bf5-4b1d-9099-ec79e785a14b', 9, 'Tag Team', NULL, FALSE, NULL, NULL, FALSE, 'Pin', 3.0, FALSE);
insert into match_participants (match_id, team_id, result) values ('c97fd0e4-94f0-49f5-bb1c-544016294864', '7cd24b3e-6a73-4364-83ce-5900b67ce0e4', 'loser');
insert into shows (id, name, show_date, show_type, ppv_name) values ('0984f783-80e1-4e76-8ddb-b155b6b7d8d2', 'DAW 10-18-2024', '2024-10-18', 'weekly', NULL);
insert into matches (id, show_id, match_number, match_type, stipulation, is_title_match, title_id, is_mitb, mitb_cashin, defeat_type, rating, is_draw) values ('38506b75-67ec-4bd6-83db-243b74e83a5e', '0984f783-80e1-4e76-8ddb-b155b6b7d8d2', 1, 'Single', NULL, FALSE, NULL, NULL, FALSE, 'Pin', 3.0, FALSE);
insert into match_participants (match_id, wrestler_id, result) values ('38506b75-67ec-4bd6-83db-243b74e83a5e', 'da018f6e-a005-4adc-bd43-e03f03ebcee0', 'winner');
insert into match_participants (match_id, wrestler_id, result) values ('38506b75-67ec-4bd6-83db-243b74e83a5e', '7992b7fc-2c75-47b0-a0fe-4434be162d0c', 'loser');
insert into matches (id, show_id, match_number, match_type, stipulation, is_title_match, title_id, is_mitb, mitb_cashin, defeat_type, rating, is_draw) values ('119f83a1-bb7f-44b7-9f4f-b7a3c4682faa', '0984f783-80e1-4e76-8ddb-b155b6b7d8d2', 2, 'Single', NULL, FALSE, NULL, NULL, FALSE, 'Pin', 4.0, FALSE);
insert into match_participants (match_id, wrestler_id, result) values ('119f83a1-bb7f-44b7-9f4f-b7a3c4682faa', 'b53deaf4-6809-46c8-a85f-587ef1ead267', 'loser');
insert into match_participants (match_id, wrestler_id, result) values ('119f83a1-bb7f-44b7-9f4f-b7a3c4682faa', '60c99dea-a118-4839-99eb-5de3ca41d5d4', 'winner');
insert into matches (id, show_id, match_number, match_type, stipulation, is_title_match, title_id, is_mitb, mitb_cashin, defeat_type, rating, is_draw) values ('1ab19f4b-1608-4cd7-a7d4-873615b5fbb6', '0984f783-80e1-4e76-8ddb-b155b6b7d8d2', 3, 'Triple Threat', NULL, FALSE, NULL, NULL, FALSE, 'Pin', 3.5, FALSE);
insert into match_participants (match_id, wrestler_id, result) values ('1ab19f4b-1608-4cd7-a7d4-873615b5fbb6', 'f53c5be3-c66c-4d29-b281-5c0157203703', 'winner');
insert into match_participants (match_id, wrestler_id, result) values ('1ab19f4b-1608-4cd7-a7d4-873615b5fbb6', '146ed3a2-ffd0-498f-ab39-8a11824f6cff', 'loser');
insert into match_participants (match_id, wrestler_id, result) values ('1ab19f4b-1608-4cd7-a7d4-873615b5fbb6', 'bccac820-8145-4923-9154-7b18bc8ffb2d', 'loser');
insert into matches (id, show_id, match_number, match_type, stipulation, is_title_match, title_id, is_mitb, mitb_cashin, defeat_type, rating, is_draw) values ('f07fd2b9-08ca-4697-ab48-de6173b2c262', '0984f783-80e1-4e76-8ddb-b155b6b7d8d2', 4, 'Single', NULL, FALSE, NULL, NULL, FALSE, 'Pin', 4.5, FALSE);
insert into match_participants (match_id, wrestler_id, result) values ('f07fd2b9-08ca-4697-ab48-de6173b2c262', 'b2d0cb4c-4471-49a3-b524-544ce1bd95a1', 'winner');
insert into match_participants (match_id, wrestler_id, result) values ('f07fd2b9-08ca-4697-ab48-de6173b2c262', 'd0df50f1-fbbb-4298-ab0c-f7e6e122c4c4', 'loser');
insert into matches (id, show_id, match_number, match_type, stipulation, is_title_match, title_id, is_mitb, mitb_cashin, defeat_type, rating, is_draw) values ('985a33b7-da2d-422e-a7cb-acddc3ef85d2', '0984f783-80e1-4e76-8ddb-b155b6b7d8d2', 5, 'Single', NULL, FALSE, NULL, NULL, FALSE, 'Pin', 3.0, FALSE);
insert into match_participants (match_id, wrestler_id, result) values ('985a33b7-da2d-422e-a7cb-acddc3ef85d2', '2c23bf2a-90de-4618-9564-8e0e622857f1', 'winner');
insert into match_participants (match_id, wrestler_id, result) values ('985a33b7-da2d-422e-a7cb-acddc3ef85d2', '0072611a-281e-4de5-bf57-fbc9696651ec', 'loser');
insert into matches (id, show_id, match_number, match_type, stipulation, is_title_match, title_id, is_mitb, mitb_cashin, defeat_type, rating, is_draw) values ('8860d15e-e960-47d4-8da3-cb0bbe0bcdd1', '0984f783-80e1-4e76-8ddb-b155b6b7d8d2', 6, 'Single', NULL, FALSE, NULL, NULL, FALSE, 'Pin', 3.0, FALSE);
insert into match_participants (match_id, wrestler_id, result) values ('8860d15e-e960-47d4-8da3-cb0bbe0bcdd1', '28d586bd-39d3-4e7d-ad60-a1f1d18ce6c6', 'winner');
insert into matches (id, show_id, match_number, match_type, stipulation, is_title_match, title_id, is_mitb, mitb_cashin, defeat_type, rating, is_draw) values ('0a6921b6-6a1d-4cd5-a1eb-8e9084754793', '0984f783-80e1-4e76-8ddb-b155b6b7d8d2', 7, 'Single', NULL, FALSE, NULL, NULL, FALSE, 'Pin', 3.0, FALSE);
insert into match_participants (match_id, wrestler_id, result) values ('0a6921b6-6a1d-4cd5-a1eb-8e9084754793', '31f8c2ba-a0c4-4352-ae28-1cf68d200216', 'winner');
insert into match_participants (match_id, wrestler_id, result) values ('0a6921b6-6a1d-4cd5-a1eb-8e9084754793', '09a1ddc7-5133-4858-b8e1-c89de2eefe3b', 'loser');
insert into matches (id, show_id, match_number, match_type, stipulation, is_title_match, title_id, is_mitb, mitb_cashin, defeat_type, rating, is_draw) values ('dec144af-ed7d-4c86-9d30-5d0612c6bb32', '0984f783-80e1-4e76-8ddb-b155b6b7d8d2', 8, 'Tag Team', NULL, FALSE, NULL, NULL, FALSE, 'Pin', 2.0, FALSE);
insert into matches (id, show_id, match_number, match_type, stipulation, is_title_match, title_id, is_mitb, mitb_cashin, defeat_type, rating, is_draw) values ('543248be-5ee8-40c8-b73b-d76df9fc25d0', '0984f783-80e1-4e76-8ddb-b155b6b7d8d2', 9, '6-Man', NULL, FALSE, NULL, NULL, FALSE, 'Pin', 5.0, FALSE);
insert into match_participants (match_id, wrestler_id, result) values ('543248be-5ee8-40c8-b73b-d76df9fc25d0', '6a3c5c70-fbb7-4a85-8940-df64e251eca3', 'loser');
insert into match_participants (match_id, wrestler_id, result) values ('543248be-5ee8-40c8-b73b-d76df9fc25d0', '07687962-07c0-46b6-9541-2d8b60e3c2c1', 'loser');
insert into match_participants (match_id, wrestler_id, result) values ('543248be-5ee8-40c8-b73b-d76df9fc25d0', 'ad63b3fd-9de8-4398-a085-7cc8f264589e', 'loser');
insert into match_participants (match_id, wrestler_id, result) values ('543248be-5ee8-40c8-b73b-d76df9fc25d0', 'cce2403e-b550-4727-9b4c-e04012c77f31', 'loser');
insert into match_participants (match_id, wrestler_id, result) values ('543248be-5ee8-40c8-b73b-d76df9fc25d0', 'de62c665-df59-4695-bdae-518c1b876263', 'loser');
insert into match_participants (match_id, wrestler_id, result) values ('543248be-5ee8-40c8-b73b-d76df9fc25d0', 'fce02e68-03a4-4670-a5d4-a6790f4f92a1', 'winner');
insert into match_participants (match_id, wrestler_id, result) values ('543248be-5ee8-40c8-b73b-d76df9fc25d0', 'cd5fa7e0-c982-449d-ab4f-cd0b33045715', 'loser');
insert into match_participants (match_id, wrestler_id, result) values ('543248be-5ee8-40c8-b73b-d76df9fc25d0', '004c7b59-d738-4718-a1f0-39aa22e8039d', 'loser');
insert into shows (id, name, show_date, show_type, ppv_name) values ('c50ebc6f-620e-4a07-99d7-1a308f23a677', 'DAW 10-25-2024', '2024-10-25', 'weekly', NULL);
insert into matches (id, show_id, match_number, match_type, stipulation, is_title_match, title_id, is_mitb, mitb_cashin, defeat_type, rating, is_draw) values ('0f2ce5e3-b2dc-46da-8d84-b539b751e25d', 'c50ebc6f-620e-4a07-99d7-1a308f23a677', 1, 'Tag Team', NULL, TRUE, 'c35e55d3-eeb9-45fd-8160-df160862cff0', FALSE, FALSE, 'Pin', 4.0, FALSE);
insert into match_participants (match_id, team_id, result) values ('0f2ce5e3-b2dc-46da-8d84-b539b751e25d', '07351f94-4020-4dbc-82b4-afc8470a31f6', 'loser');
insert into match_participants (match_id, team_id, result) values ('0f2ce5e3-b2dc-46da-8d84-b539b751e25d', 'f7a2e157-4b15-4f76-92c8-41e8e2dea5c6', 'winner');
insert into matches (id, show_id, match_number, match_type, stipulation, is_title_match, title_id, is_mitb, mitb_cashin, defeat_type, rating, is_draw) values ('f7abd952-33d6-4d38-ade5-d8ffadd4b02a', 'c50ebc6f-620e-4a07-99d7-1a308f23a677', 2, 'Triple Threat', NULL, FALSE, NULL, NULL, FALSE, 'Pin', 3.5, FALSE);
insert into match_participants (match_id, wrestler_id, result) values ('f7abd952-33d6-4d38-ade5-d8ffadd4b02a', 'da018f6e-a005-4adc-bd43-e03f03ebcee0', 'loser');
insert into match_participants (match_id, wrestler_id, result) values ('f7abd952-33d6-4d38-ade5-d8ffadd4b02a', 'ad63b3fd-9de8-4398-a085-7cc8f264589e', 'loser');
insert into match_participants (match_id, wrestler_id, result) values ('f7abd952-33d6-4d38-ade5-d8ffadd4b02a', '9683fa4f-ffaf-4185-938d-e4a435a5aef7', 'winner');
insert into matches (id, show_id, match_number, match_type, stipulation, is_title_match, title_id, is_mitb, mitb_cashin, defeat_type, rating, is_draw) values ('39782997-3c95-4f15-b689-fa2df80a903a', 'c50ebc6f-620e-4a07-99d7-1a308f23a677', 3, 'Tornado Tag Team', 'Extreme Rules', TRUE, '4091f18e-1fb8-441e-b708-1729cb0b0011', FALSE, FALSE, 'Pin', 4.5, FALSE);
insert into match_participants (match_id, team_id, result) values ('39782997-3c95-4f15-b689-fa2df80a903a', '851cd315-9431-48a4-aa8a-acca45ae40c2', 'winner');
insert into matches (id, show_id, match_number, match_type, stipulation, is_title_match, title_id, is_mitb, mitb_cashin, defeat_type, rating, is_draw) values ('7c4a704b-6630-4d6f-af97-81b8c3cfc14e', 'c50ebc6f-620e-4a07-99d7-1a308f23a677', 4, 'Single', NULL, FALSE, NULL, NULL, FALSE, 'Pin', 2.0, FALSE);
insert into match_participants (match_id, wrestler_id, result) values ('7c4a704b-6630-4d6f-af97-81b8c3cfc14e', '24041ddc-d965-4815-8c45-c9f97a2ed2c1', 'winner');
insert into match_participants (match_id, wrestler_id, result) values ('7c4a704b-6630-4d6f-af97-81b8c3cfc14e', 'bccac820-8145-4923-9154-7b18bc8ffb2d', 'loser');
insert into matches (id, show_id, match_number, match_type, stipulation, is_title_match, title_id, is_mitb, mitb_cashin, defeat_type, rating, is_draw) values ('accae528-5b2c-4c2b-a6f4-62531381a5b2', 'c50ebc6f-620e-4a07-99d7-1a308f23a677', 5, 'Tag Team', NULL, FALSE, NULL, NULL, FALSE, 'Sub', 2.0, FALSE);
insert into matches (id, show_id, match_number, match_type, stipulation, is_title_match, title_id, is_mitb, mitb_cashin, defeat_type, rating, is_draw) values ('3a25c2a2-b749-47d5-a4ad-c601e0357d8a', 'c50ebc6f-620e-4a07-99d7-1a308f23a677', 6, 'Triple Threat', NULL, FALSE, NULL, NULL, FALSE, 'Pin', 5.0, FALSE);
insert into match_participants (match_id, wrestler_id, result) values ('3a25c2a2-b749-47d5-a4ad-c601e0357d8a', '6a3c5c70-fbb7-4a85-8940-df64e251eca3', 'winner');
insert into match_participants (match_id, wrestler_id, result) values ('3a25c2a2-b749-47d5-a4ad-c601e0357d8a', '07687962-07c0-46b6-9541-2d8b60e3c2c1', 'loser');
insert into match_participants (match_id, wrestler_id, result) values ('3a25c2a2-b749-47d5-a4ad-c601e0357d8a', 'cce2403e-b550-4727-9b4c-e04012c77f31', 'loser');
insert into matches (id, show_id, match_number, match_type, stipulation, is_title_match, title_id, is_mitb, mitb_cashin, defeat_type, rating, is_draw) values ('816e746e-5f9b-431e-b97b-4c953800f37d', 'c50ebc6f-620e-4a07-99d7-1a308f23a677', 7, 'Single', NULL, FALSE, NULL, NULL, FALSE, 'Pin', 3.0, FALSE);
insert into match_participants (match_id, wrestler_id, result) values ('816e746e-5f9b-431e-b97b-4c953800f37d', '469ab9db-7202-45c0-a929-64eb9137b121', 'loser');
insert into match_participants (match_id, wrestler_id, result) values ('816e746e-5f9b-431e-b97b-4c953800f37d', '6744f55d-802e-4dc8-83da-df85f7d6e050', 'winner');
insert into matches (id, show_id, match_number, match_type, stipulation, is_title_match, title_id, is_mitb, mitb_cashin, defeat_type, rating, is_draw) values ('1312287b-3e17-4705-aa01-88f5722292d2', 'c50ebc6f-620e-4a07-99d7-1a308f23a677', 8, 'Single', 'Extreme Rules', FALSE, NULL, NULL, FALSE, 'Pin', 4.0, FALSE);
insert into match_participants (match_id, wrestler_id, result) values ('1312287b-3e17-4705-aa01-88f5722292d2', 'f53c5be3-c66c-4d29-b281-5c0157203703', 'winner');
insert into match_participants (match_id, wrestler_id, result) values ('1312287b-3e17-4705-aa01-88f5722292d2', 'bc93b973-151b-48ca-8d75-8f6c220a0d31', 'loser');
insert into matches (id, show_id, match_number, match_type, stipulation, is_title_match, title_id, is_mitb, mitb_cashin, defeat_type, rating, is_draw) values ('6da8be1e-4611-4216-84c2-64949c2147d0', 'c50ebc6f-620e-4a07-99d7-1a308f23a677', 9, 'Single', NULL, TRUE, '5d3e065c-43d1-41ee-8d24-e876f1e2b2a1', FALSE, FALSE, 'Pin', 3.0, FALSE);
insert into match_participants (match_id, wrestler_id, result) values ('6da8be1e-4611-4216-84c2-64949c2147d0', 'ddf80d05-eb45-483d-a569-f2ae53f07b4b', 'winner');
insert into match_participants (match_id, wrestler_id, result) values ('6da8be1e-4611-4216-84c2-64949c2147d0', '122e2f4f-61c3-46f1-8de6-407a73f0712e', 'loser');
insert into matches (id, show_id, match_number, match_type, stipulation, is_title_match, title_id, is_mitb, mitb_cashin, defeat_type, rating, is_draw) values ('9d98318e-392e-4a3b-8682-790d3fb974ec', 'c50ebc6f-620e-4a07-99d7-1a308f23a677', 10, '6-Man', 'Extreme Rules', FALSE, NULL, NULL, FALSE, 'Pin', 4.0, FALSE);
insert into match_participants (match_id, team_id, result) values ('9d98318e-392e-4a3b-8682-790d3fb974ec', '37867637-ea7c-4d6c-9e59-fb37627e1172', 'winner');
insert into match_participants (match_id, team_id, result) values ('9d98318e-392e-4a3b-8682-790d3fb974ec', 'eebd2a89-a1f9-4931-982e-9cf035d48429', 'loser');
insert into matches (id, show_id, match_number, match_type, stipulation, is_title_match, title_id, is_mitb, mitb_cashin, defeat_type, rating, is_draw) values ('817fbb12-7f11-414e-b212-10dee2e92706', 'c50ebc6f-620e-4a07-99d7-1a308f23a677', 11, 'Single', NULL, TRUE, 'f3ec52c9-649b-48cb-aa37-da278fbd72df', FALSE, FALSE, 'Pin', 1.0, FALSE);
insert into match_participants (match_id, wrestler_id, result) values ('817fbb12-7f11-414e-b212-10dee2e92706', '7e31c302-05ee-4325-989f-aefa74f76445', 'loser');
insert into match_participants (match_id, wrestler_id, result) values ('817fbb12-7f11-414e-b212-10dee2e92706', '0655bec3-0c3f-48ed-b466-a98f20841621', 'winner');
insert into matches (id, show_id, match_number, match_type, stipulation, is_title_match, title_id, is_mitb, mitb_cashin, defeat_type, rating, is_draw) values ('97544084-f5a9-434b-89e2-1ca8121f4118', 'c50ebc6f-620e-4a07-99d7-1a308f23a677', 12, 'Single', NULL, FALSE, NULL, NULL, FALSE, 'Pin', 4.5, FALSE);
insert into match_participants (match_id, wrestler_id, result) values ('97544084-f5a9-434b-89e2-1ca8121f4118', '7d9945b2-59a0-4661-8206-198fec52bb2f', 'winner');
insert into match_participants (match_id, wrestler_id, result) values ('97544084-f5a9-434b-89e2-1ca8121f4118', 'db9025f4-91c4-47e8-b3de-e3864852a4c8', 'loser');
insert into matches (id, show_id, match_number, match_type, stipulation, is_title_match, title_id, is_mitb, mitb_cashin, defeat_type, rating, is_draw) values ('9b03dcc6-e5bc-4205-85be-1f9958a59150', 'c50ebc6f-620e-4a07-99d7-1a308f23a677', 13, 'Single', NULL, TRUE, '02b0c038-accb-495b-8d6a-8891a7b51554', FALSE, FALSE, 'Pin', 3.0, FALSE);
insert into match_participants (match_id, wrestler_id, result) values ('9b03dcc6-e5bc-4205-85be-1f9958a59150', 'fce02e68-03a4-4670-a5d4-a6790f4f92a1', 'loser');
insert into match_participants (match_id, wrestler_id, result) values ('9b03dcc6-e5bc-4205-85be-1f9958a59150', '1fdbaeea-4dc7-41ff-9ce9-394d33e1ace4', 'winner');
insert into matches (id, show_id, match_number, match_type, stipulation, is_title_match, title_id, is_mitb, mitb_cashin, defeat_type, rating, is_draw) values ('70296b5e-3b0f-4607-83bf-5e5c9c5bc151', 'c50ebc6f-620e-4a07-99d7-1a308f23a677', 14, 'Single', 'Extreme Rules', TRUE, '5db4cd6b-6ebe-4a87-b7bb-017af3856766', FALSE, FALSE, 'Pin', 4.5, FALSE);
insert into match_participants (match_id, wrestler_id, result) values ('70296b5e-3b0f-4607-83bf-5e5c9c5bc151', '5909ea1d-6838-40c8-8058-64854406eb27', 'winner');
insert into match_participants (match_id, wrestler_id, result) values ('70296b5e-3b0f-4607-83bf-5e5c9c5bc151', 'b0a5de67-da65-4808-bb98-ace3a77fa729', 'loser');
insert into shows (id, name, show_date, show_type, ppv_name) values ('c1f1cb83-6787-46ad-a683-ffe6f82e443e', 'DAW 10-31-2024', '2024-10-31', 'weekly', NULL);
insert into matches (id, show_id, match_number, match_type, stipulation, is_title_match, title_id, is_mitb, mitb_cashin, defeat_type, rating, is_draw) values ('c17be853-e55c-4cd6-8bfd-72d388d2b449', 'c1f1cb83-6787-46ad-a683-ffe6f82e443e', 10, 'Single', NULL, TRUE, '7ff2d038-78e9-4309-ab61-a31d82302425', FALSE, FALSE, 'Pin', 3.0, FALSE);
insert into match_participants (match_id, wrestler_id, result) values ('c17be853-e55c-4cd6-8bfd-72d388d2b449', 'b2d0cb4c-4471-49a3-b524-544ce1bd95a1', 'winner');
insert into match_participants (match_id, wrestler_id, result) values ('c17be853-e55c-4cd6-8bfd-72d388d2b449', '5909ea1d-6838-40c8-8058-64854406eb27', 'loser');
insert into shows (id, name, show_date, show_type, ppv_name) values ('2bfbef10-4add-4585-b776-7351f237e49b', 'DAW 11-01-2024', '2024-11-01', 'weekly', NULL);
insert into matches (id, show_id, match_number, match_type, stipulation, is_title_match, title_id, is_mitb, mitb_cashin, defeat_type, rating, is_draw) values ('befb60ca-fead-478e-be6c-f37db72e3cc6', '2bfbef10-4add-4585-b776-7351f237e49b', 1, 'Tag Team', NULL, FALSE, NULL, NULL, FALSE, 'Pin', 2.0, FALSE);
insert into match_participants (match_id, team_id, result) values ('befb60ca-fead-478e-be6c-f37db72e3cc6', '851cd315-9431-48a4-aa8a-acca45ae40c2', 'winner');
insert into matches (id, show_id, match_number, match_type, stipulation, is_title_match, title_id, is_mitb, mitb_cashin, defeat_type, rating, is_draw) values ('77e0cb3c-c57d-4718-921e-f172209d2d57', '2bfbef10-4add-4585-b776-7351f237e49b', 2, 'Single', NULL, FALSE, NULL, NULL, FALSE, 'Pin', 2.5, FALSE);
insert into match_participants (match_id, wrestler_id, result) values ('77e0cb3c-c57d-4718-921e-f172209d2d57', 'da018f6e-a005-4adc-bd43-e03f03ebcee0', 'winner');
insert into match_participants (match_id, wrestler_id, result) values ('77e0cb3c-c57d-4718-921e-f172209d2d57', '095eadde-75ef-494e-8568-a09449149336', 'loser');
insert into matches (id, show_id, match_number, match_type, stipulation, is_title_match, title_id, is_mitb, mitb_cashin, defeat_type, rating, is_draw) values ('a4760179-6216-4527-a6e9-beb0c5fcf74f', '2bfbef10-4add-4585-b776-7351f237e49b', 3, 'Triple Threat', NULL, FALSE, NULL, NULL, FALSE, 'Pin', 4.0, FALSE);
insert into match_participants (match_id, wrestler_id, result) values ('a4760179-6216-4527-a6e9-beb0c5fcf74f', '9683fa4f-ffaf-4185-938d-e4a435a5aef7', 'loser');
insert into match_participants (match_id, wrestler_id, result) values ('a4760179-6216-4527-a6e9-beb0c5fcf74f', 'cd5fa7e0-c982-449d-ab4f-cd0b33045715', 'loser');
insert into match_participants (match_id, wrestler_id, result) values ('a4760179-6216-4527-a6e9-beb0c5fcf74f', '5909ea1d-6838-40c8-8058-64854406eb27', 'winner');
insert into matches (id, show_id, match_number, match_type, stipulation, is_title_match, title_id, is_mitb, mitb_cashin, defeat_type, rating, is_draw) values ('49feaba2-1b80-4268-a99b-a6578e3de8eb', '2bfbef10-4add-4585-b776-7351f237e49b', 4, 'Single', NULL, FALSE, NULL, NULL, FALSE, 'Pin', 3.5, FALSE);
insert into match_participants (match_id, wrestler_id, result) values ('49feaba2-1b80-4268-a99b-a6578e3de8eb', 'b53deaf4-6809-46c8-a85f-587ef1ead267', 'loser');
insert into match_participants (match_id, wrestler_id, result) values ('49feaba2-1b80-4268-a99b-a6578e3de8eb', '2c23bf2a-90de-4618-9564-8e0e622857f1', 'winner');
insert into matches (id, show_id, match_number, match_type, stipulation, is_title_match, title_id, is_mitb, mitb_cashin, defeat_type, rating, is_draw) values ('dbac6854-4a81-4355-a919-dc4d4a238a65', '2bfbef10-4add-4585-b776-7351f237e49b', 5, 'Triple Threat', NULL, FALSE, NULL, NULL, FALSE, 'Pin', 3.5, FALSE);
insert into match_participants (match_id, wrestler_id, result) values ('dbac6854-4a81-4355-a919-dc4d4a238a65', '146ed3a2-ffd0-498f-ab39-8a11824f6cff', 'loser');
insert into match_participants (match_id, wrestler_id, result) values ('dbac6854-4a81-4355-a919-dc4d4a238a65', '0072611a-281e-4de5-bf57-fbc9696651ec', 'loser');
insert into match_participants (match_id, wrestler_id, result) values ('dbac6854-4a81-4355-a919-dc4d4a238a65', 'bc93b973-151b-48ca-8d75-8f6c220a0d31', 'winner');
insert into matches (id, show_id, match_number, match_type, stipulation, is_title_match, title_id, is_mitb, mitb_cashin, defeat_type, rating, is_draw) values ('2d41977c-e21c-459a-bd0a-9c03e412ff15', '2bfbef10-4add-4585-b776-7351f237e49b', 6, 'Single', NULL, FALSE, NULL, NULL, FALSE, 'Pin', 3.0, FALSE);
insert into match_participants (match_id, wrestler_id, result) values ('2d41977c-e21c-459a-bd0a-9c03e412ff15', '6a3c5c70-fbb7-4a85-8940-df64e251eca3', 'loser');
insert into match_participants (match_id, wrestler_id, result) values ('2d41977c-e21c-459a-bd0a-9c03e412ff15', 'ae2ce814-315f-41f0-ab99-eddf09a7d4c5', 'winner');
insert into matches (id, show_id, match_number, match_type, stipulation, is_title_match, title_id, is_mitb, mitb_cashin, defeat_type, rating, is_draw) values ('fa7cb33e-54a9-4fc1-99d6-1251687a14d5', '2bfbef10-4add-4585-b776-7351f237e49b', 7, 'Single', NULL, FALSE, NULL, NULL, FALSE, 'Pin', 3.5, FALSE);
insert into match_participants (match_id, wrestler_id, result) values ('fa7cb33e-54a9-4fc1-99d6-1251687a14d5', 'f53c5be3-c66c-4d29-b281-5c0157203703', 'winner');
insert into match_participants (match_id, wrestler_id, result) values ('fa7cb33e-54a9-4fc1-99d6-1251687a14d5', 'ddf80d05-eb45-483d-a569-f2ae53f07b4b', 'loser');
insert into matches (id, show_id, match_number, match_type, stipulation, is_title_match, title_id, is_mitb, mitb_cashin, defeat_type, rating, is_draw) values ('0500101e-83ee-44c5-be61-ce49ea44da83', '2bfbef10-4add-4585-b776-7351f237e49b', 8, 'Single', NULL, FALSE, NULL, NULL, FALSE, 'Sub', 2.5, FALSE);
insert into match_participants (match_id, wrestler_id, result) values ('0500101e-83ee-44c5-be61-ce49ea44da83', '0d2420e5-4511-44a9-8d66-a70eef1ce8d4', 'loser');
insert into match_participants (match_id, wrestler_id, result) values ('0500101e-83ee-44c5-be61-ce49ea44da83', '0655bec3-0c3f-48ed-b466-a98f20841621', 'winner');
insert into matches (id, show_id, match_number, match_type, stipulation, is_title_match, title_id, is_mitb, mitb_cashin, defeat_type, rating, is_draw) values ('f25232d6-b6fc-4a8e-a2cd-3c95c765686a', '2bfbef10-4add-4585-b776-7351f237e49b', 9, 'Single', NULL, FALSE, NULL, NULL, FALSE, 'Pin', 0.5, FALSE);
insert into match_participants (match_id, wrestler_id, result) values ('f25232d6-b6fc-4a8e-a2cd-3c95c765686a', 'cce2403e-b550-4727-9b4c-e04012c77f31', 'winner');
insert into match_participants (match_id, wrestler_id, result) values ('f25232d6-b6fc-4a8e-a2cd-3c95c765686a', '1fdbaeea-4dc7-41ff-9ce9-394d33e1ace4', 'loser');
insert into matches (id, show_id, match_number, match_type, stipulation, is_title_match, title_id, is_mitb, mitb_cashin, defeat_type, rating, is_draw) values ('e66708a8-c322-40ea-b9c7-164a47bfe310', '2bfbef10-4add-4585-b776-7351f237e49b', 11, 'Single', NULL, TRUE, '7ff2d038-78e9-4309-ab61-a31d82302425', FALSE, FALSE, 'Pin', 3.0, FALSE);
insert into match_participants (match_id, wrestler_id, result) values ('e66708a8-c322-40ea-b9c7-164a47bfe310', '5909ea1d-6838-40c8-8058-64854406eb27', 'winner');
insert into match_participants (match_id, wrestler_id, result) values ('e66708a8-c322-40ea-b9c7-164a47bfe310', 'b2d0cb4c-4471-49a3-b524-544ce1bd95a1', 'loser');
insert into shows (id, name, show_date, show_type, ppv_name) values ('3a7f9bda-c9df-4333-8504-f4cf484a5b11', 'DAW 11-08-2024', '2024-11-08', 'weekly', NULL);
insert into matches (id, show_id, match_number, match_type, stipulation, is_title_match, title_id, is_mitb, mitb_cashin, defeat_type, rating, is_draw) values ('86540f0a-6a55-49bb-aa44-f783dcc9a6fb', '3a7f9bda-c9df-4333-8504-f4cf484a5b11', 1, 'Tag Team', NULL, FALSE, NULL, NULL, FALSE, 'Pin', 4.5, FALSE);
insert into match_participants (match_id, team_id, result) values ('86540f0a-6a55-49bb-aa44-f783dcc9a6fb', '37867637-ea7c-4d6c-9e59-fb37627e1172', 'loser');
insert into match_participants (match_id, team_id, result) values ('86540f0a-6a55-49bb-aa44-f783dcc9a6fb', 'f7a2e157-4b15-4f76-92c8-41e8e2dea5c6', 'winner');
insert into matches (id, show_id, match_number, match_type, stipulation, is_title_match, title_id, is_mitb, mitb_cashin, defeat_type, rating, is_draw) values ('38b2e8c3-6956-4afe-95ce-402cccaba257', '3a7f9bda-c9df-4333-8504-f4cf484a5b11', 2, 'Triple Threat', NULL, FALSE, NULL, NULL, FALSE, 'Pin', 3.0, FALSE);
insert into match_participants (match_id, wrestler_id, result) values ('38b2e8c3-6956-4afe-95ce-402cccaba257', 'cce2403e-b550-4727-9b4c-e04012c77f31', 'loser');
insert into match_participants (match_id, wrestler_id, result) values ('38b2e8c3-6956-4afe-95ce-402cccaba257', '095eadde-75ef-494e-8568-a09449149336', 'winner');
insert into match_participants (match_id, wrestler_id, result) values ('38b2e8c3-6956-4afe-95ce-402cccaba257', '7ca7fd7b-2526-41ea-b143-cdd82f404014', 'loser');
insert into matches (id, show_id, match_number, match_type, stipulation, is_title_match, title_id, is_mitb, mitb_cashin, defeat_type, rating, is_draw) values ('e57b23e4-a7e3-4437-958a-b0c7e8daba06', '3a7f9bda-c9df-4333-8504-f4cf484a5b11', 3, 'Single', NULL, FALSE, NULL, NULL, FALSE, 'Pin', 4.5, FALSE);
insert into match_participants (match_id, wrestler_id, result) values ('e57b23e4-a7e3-4437-958a-b0c7e8daba06', 'db9025f4-91c4-47e8-b3de-e3864852a4c8', 'loser');
insert into match_participants (match_id, wrestler_id, result) values ('e57b23e4-a7e3-4437-958a-b0c7e8daba06', '5909ea1d-6838-40c8-8058-64854406eb27', 'winner');
insert into matches (id, show_id, match_number, match_type, stipulation, is_title_match, title_id, is_mitb, mitb_cashin, defeat_type, rating, is_draw) values ('d54f4565-f8aa-46ff-a8eb-c5986d67d5c8', '3a7f9bda-c9df-4333-8504-f4cf484a5b11', 4, 'Single', NULL, FALSE, NULL, NULL, FALSE, 'Pin', 1.5, FALSE);
insert into match_participants (match_id, wrestler_id, result) values ('d54f4565-f8aa-46ff-a8eb-c5986d67d5c8', '6a3c5c70-fbb7-4a85-8940-df64e251eca3', 'loser');
insert into match_participants (match_id, wrestler_id, result) values ('d54f4565-f8aa-46ff-a8eb-c5986d67d5c8', 'b2d0cb4c-4471-49a3-b524-544ce1bd95a1', 'winner');
insert into matches (id, show_id, match_number, match_type, stipulation, is_title_match, title_id, is_mitb, mitb_cashin, defeat_type, rating, is_draw) values ('0a169572-6aee-4eb1-aa3b-dad9556fa609', '3a7f9bda-c9df-4333-8504-f4cf484a5b11', 5, 'Single', NULL, FALSE, NULL, NULL, FALSE, 'Pin', 3.5, FALSE);
insert into match_participants (match_id, wrestler_id, result) values ('0a169572-6aee-4eb1-aa3b-dad9556fa609', '469ab9db-7202-45c0-a929-64eb9137b121', 'loser');
insert into match_participants (match_id, wrestler_id, result) values ('0a169572-6aee-4eb1-aa3b-dad9556fa609', 'ddf80d05-eb45-483d-a569-f2ae53f07b4b', 'loser');
insert into match_participants (match_id, wrestler_id, result) values ('0a169572-6aee-4eb1-aa3b-dad9556fa609', '60c99dea-a118-4839-99eb-5de3ca41d5d4', 'winner');
insert into matches (id, show_id, match_number, match_type, stipulation, is_title_match, title_id, is_mitb, mitb_cashin, defeat_type, rating, is_draw) values ('ec316483-dbfa-43b0-a412-5ec924d270c1', '3a7f9bda-c9df-4333-8504-f4cf484a5b11', 6, 'Single', NULL, FALSE, NULL, NULL, FALSE, 'Pin', 3.5, FALSE);
insert into match_participants (match_id, wrestler_id, result) values ('ec316483-dbfa-43b0-a412-5ec924d270c1', '9683fa4f-ffaf-4185-938d-e4a435a5aef7', 'winner');
insert into match_participants (match_id, wrestler_id, result) values ('ec316483-dbfa-43b0-a412-5ec924d270c1', '31f8c2ba-a0c4-4352-ae28-1cf68d200216', 'loser');
insert into matches (id, show_id, match_number, match_type, stipulation, is_title_match, title_id, is_mitb, mitb_cashin, defeat_type, rating, is_draw) values ('fd7d532d-3d5c-4f74-97a6-adb9b6be6b61', '3a7f9bda-c9df-4333-8504-f4cf484a5b11', 7, 'Single', NULL, FALSE, NULL, NULL, FALSE, 'Pin', 3.5, FALSE);
insert into match_participants (match_id, wrestler_id, result) values ('fd7d532d-3d5c-4f74-97a6-adb9b6be6b61', '004c7b59-d738-4718-a1f0-39aa22e8039d', 'loser');
insert into match_participants (match_id, wrestler_id, result) values ('fd7d532d-3d5c-4f74-97a6-adb9b6be6b61', 'd7307e76-a25c-412e-85b7-85c085319404', 'winner');
insert into matches (id, show_id, match_number, match_type, stipulation, is_title_match, title_id, is_mitb, mitb_cashin, defeat_type, rating, is_draw) values ('abd77d8d-c77f-49bd-ae67-4b543582e43d', '3a7f9bda-c9df-4333-8504-f4cf484a5b11', 8, 'Single', NULL, FALSE, NULL, NULL, FALSE, 'Pin', 4.0, FALSE);
insert into match_participants (match_id, wrestler_id, result) values ('abd77d8d-c77f-49bd-ae67-4b543582e43d', '07687962-07c0-46b6-9541-2d8b60e3c2c1', 'loser');
insert into match_participants (match_id, wrestler_id, result) values ('abd77d8d-c77f-49bd-ae67-4b543582e43d', '1fdbaeea-4dc7-41ff-9ce9-394d33e1ace4', 'winner');
insert into matches (id, show_id, match_number, match_type, stipulation, is_title_match, title_id, is_mitb, mitb_cashin, defeat_type, rating, is_draw) values ('486a7be6-42b0-4fdc-9c8e-3475fb086519', '3a7f9bda-c9df-4333-8504-f4cf484a5b11', 9, 'Single', NULL, FALSE, NULL, NULL, FALSE, 'Pin', 2.0, FALSE);
insert into match_participants (match_id, wrestler_id, result) values ('486a7be6-42b0-4fdc-9c8e-3475fb086519', 'f53c5be3-c66c-4d29-b281-5c0157203703', 'winner');
insert into match_participants (match_id, wrestler_id, result) values ('486a7be6-42b0-4fdc-9c8e-3475fb086519', '0655bec3-0c3f-48ed-b466-a98f20841621', 'loser');
insert into matches (id, show_id, match_number, match_type, stipulation, is_title_match, title_id, is_mitb, mitb_cashin, defeat_type, rating, is_draw) values ('e688ccbb-66ff-438f-9afd-4c3d0638c120', '3a7f9bda-c9df-4333-8504-f4cf484a5b11', 10, 'Single', NULL, TRUE, '7ff2d038-78e9-4309-ab61-a31d82302425', FALSE, FALSE, 'Pin', 3.0, FALSE);
insert into match_participants (match_id, wrestler_id, result) values ('e688ccbb-66ff-438f-9afd-4c3d0638c120', '9683fa4f-ffaf-4185-938d-e4a435a5aef7', 'winner');
insert into match_participants (match_id, wrestler_id, result) values ('e688ccbb-66ff-438f-9afd-4c3d0638c120', '5909ea1d-6838-40c8-8058-64854406eb27', 'loser');
insert into shows (id, name, show_date, show_type, ppv_name) values ('ab7d99e8-c6f4-4c9d-b166-48fef62b1e70', 'DAW 11-15-2024', '2024-11-15', 'weekly', NULL);
insert into matches (id, show_id, match_number, match_type, stipulation, is_title_match, title_id, is_mitb, mitb_cashin, defeat_type, rating, is_draw) values ('20df3298-b5cc-4229-87ef-e8127ed26ce8', 'ab7d99e8-c6f4-4c9d-b166-48fef62b1e70', 1, 'Single', NULL, FALSE, NULL, NULL, FALSE, 'Pin', 3.0, FALSE);
insert into match_participants (match_id, wrestler_id, result) values ('20df3298-b5cc-4229-87ef-e8127ed26ce8', '7d9945b2-59a0-4661-8206-198fec52bb2f', 'loser');
insert into match_participants (match_id, wrestler_id, result) values ('20df3298-b5cc-4229-87ef-e8127ed26ce8', 'b2d0cb4c-4471-49a3-b524-544ce1bd95a1', 'winner');
insert into matches (id, show_id, match_number, match_type, stipulation, is_title_match, title_id, is_mitb, mitb_cashin, defeat_type, rating, is_draw) values ('fe4c9362-3b9e-41e4-8ac0-8cdf7ffe9559', 'ab7d99e8-c6f4-4c9d-b166-48fef62b1e70', 2, 'Triple Threat', NULL, FALSE, NULL, NULL, FALSE, 'Pin', 4.5, FALSE);
insert into match_participants (match_id, wrestler_id, result) values ('fe4c9362-3b9e-41e4-8ac0-8cdf7ffe9559', 'd0df50f1-fbbb-4298-ab0c-f7e6e122c4c4', 'loser');
insert into match_participants (match_id, wrestler_id, result) values ('fe4c9362-3b9e-41e4-8ac0-8cdf7ffe9559', '6a3c5c70-fbb7-4a85-8940-df64e251eca3', 'loser');
insert into match_participants (match_id, wrestler_id, result) values ('fe4c9362-3b9e-41e4-8ac0-8cdf7ffe9559', '9683fa4f-ffaf-4185-938d-e4a435a5aef7', 'winner');
insert into matches (id, show_id, match_number, match_type, stipulation, is_title_match, title_id, is_mitb, mitb_cashin, defeat_type, rating, is_draw) values ('b5907679-e955-4f00-b558-5e2c74a9f9b8', 'ab7d99e8-c6f4-4c9d-b166-48fef62b1e70', 3, 'Tag Team', NULL, FALSE, NULL, NULL, FALSE, 'Sub', 3.5, FALSE);
insert into matches (id, show_id, match_number, match_type, stipulation, is_title_match, title_id, is_mitb, mitb_cashin, defeat_type, rating, is_draw) values ('7b447635-bbf6-4065-85a0-23327da3e01f', 'ab7d99e8-c6f4-4c9d-b166-48fef62b1e70', 4, 'Single', NULL, FALSE, NULL, NULL, FALSE, 'Pin', 2.0, FALSE);
insert into match_participants (match_id, wrestler_id, result) values ('7b447635-bbf6-4065-85a0-23327da3e01f', 'cce2403e-b550-4727-9b4c-e04012c77f31', 'winner');
insert into match_participants (match_id, wrestler_id, result) values ('7b447635-bbf6-4065-85a0-23327da3e01f', 'ae2ce814-315f-41f0-ab99-eddf09a7d4c5', 'loser');
insert into matches (id, show_id, match_number, match_type, stipulation, is_title_match, title_id, is_mitb, mitb_cashin, defeat_type, rating, is_draw) values ('dea6cce8-4fba-43fd-a932-a2bfff794e63', 'ab7d99e8-c6f4-4c9d-b166-48fef62b1e70', 5, 'Single', NULL, FALSE, NULL, NULL, FALSE, 'Pin', 3.0, FALSE);
insert into match_participants (match_id, wrestler_id, result) values ('dea6cce8-4fba-43fd-a932-a2bfff794e63', '45d6759a-e627-41e8-b142-68a6772440d1', 'loser');
insert into match_participants (match_id, wrestler_id, result) values ('dea6cce8-4fba-43fd-a932-a2bfff794e63', 'ddf80d05-eb45-483d-a569-f2ae53f07b4b', 'winner');
insert into matches (id, show_id, match_number, match_type, stipulation, is_title_match, title_id, is_mitb, mitb_cashin, defeat_type, rating, is_draw) values ('c8f80d07-8d85-4111-9940-755c83b33e9a', 'ab7d99e8-c6f4-4c9d-b166-48fef62b1e70', 6, 'Triple Threat', NULL, FALSE, NULL, NULL, FALSE, 'Pin', 3.5, FALSE);
insert into match_participants (match_id, wrestler_id, result) values ('c8f80d07-8d85-4111-9940-755c83b33e9a', 'bccac820-8145-4923-9154-7b18bc8ffb2d', 'winner');
insert into match_participants (match_id, wrestler_id, result) values ('c8f80d07-8d85-4111-9940-755c83b33e9a', '469ab9db-7202-45c0-a929-64eb9137b121', 'loser');
insert into match_participants (match_id, wrestler_id, result) values ('c8f80d07-8d85-4111-9940-755c83b33e9a', '0072611a-281e-4de5-bf57-fbc9696651ec', 'loser');
insert into matches (id, show_id, match_number, match_type, stipulation, is_title_match, title_id, is_mitb, mitb_cashin, defeat_type, rating, is_draw) values ('0dfb33f3-fe37-49f1-8c97-a7658e3473b6', 'ab7d99e8-c6f4-4c9d-b166-48fef62b1e70', 7, 'Single', NULL, FALSE, NULL, NULL, FALSE, 'Pin', 3.5, FALSE);
insert into match_participants (match_id, wrestler_id, result) values ('0dfb33f3-fe37-49f1-8c97-a7658e3473b6', '2c23bf2a-90de-4618-9564-8e0e622857f1', 'winner');
insert into match_participants (match_id, wrestler_id, result) values ('0dfb33f3-fe37-49f1-8c97-a7658e3473b6', '76369e39-fcdb-4753-99f6-d4b3d8291198', 'loser');
insert into matches (id, show_id, match_number, match_type, stipulation, is_title_match, title_id, is_mitb, mitb_cashin, defeat_type, rating, is_draw) values ('55dac841-2a3d-45c7-a44e-e7c22ddb0d6d', 'ab7d99e8-c6f4-4c9d-b166-48fef62b1e70', 8, 'Single', NULL, FALSE, NULL, NULL, FALSE, 'Pin', 4.0, FALSE);
insert into match_participants (match_id, wrestler_id, result) values ('55dac841-2a3d-45c7-a44e-e7c22ddb0d6d', 'bc93b973-151b-48ca-8d75-8f6c220a0d31', 'loser');
insert into match_participants (match_id, wrestler_id, result) values ('55dac841-2a3d-45c7-a44e-e7c22ddb0d6d', '0655bec3-0c3f-48ed-b466-a98f20841621', 'winner');
insert into matches (id, show_id, match_number, match_type, stipulation, is_title_match, title_id, is_mitb, mitb_cashin, defeat_type, rating, is_draw) values ('8b018ebe-ae2e-45e3-9d2c-abe4856ef58c', 'ab7d99e8-c6f4-4c9d-b166-48fef62b1e70', 9, 'Single', NULL, FALSE, NULL, NULL, FALSE, 'Pin', 4.5, FALSE);
insert into match_participants (match_id, wrestler_id, result) values ('8b018ebe-ae2e-45e3-9d2c-abe4856ef58c', '31f8c2ba-a0c4-4352-ae28-1cf68d200216', 'winner');
insert into match_participants (match_id, wrestler_id, result) values ('8b018ebe-ae2e-45e3-9d2c-abe4856ef58c', '1fdbaeea-4dc7-41ff-9ce9-394d33e1ace4', 'loser');
insert into matches (id, show_id, match_number, match_type, stipulation, is_title_match, title_id, is_mitb, mitb_cashin, defeat_type, rating, is_draw) values ('556e4ab0-56a4-4b08-b4d7-76e14a7762aa', 'ab7d99e8-c6f4-4c9d-b166-48fef62b1e70', 10, 'Single', NULL, TRUE, '7ff2d038-78e9-4309-ab61-a31d82302425', FALSE, FALSE, 'Pin', 3.0, FALSE);
insert into match_participants (match_id, wrestler_id, result) values ('556e4ab0-56a4-4b08-b4d7-76e14a7762aa', '5909ea1d-6838-40c8-8058-64854406eb27', 'loser');
insert into match_participants (match_id, wrestler_id, result) values ('556e4ab0-56a4-4b08-b4d7-76e14a7762aa', '9683fa4f-ffaf-4185-938d-e4a435a5aef7', 'winner');
insert into matches (id, show_id, match_number, match_type, stipulation, is_title_match, title_id, is_mitb, mitb_cashin, defeat_type, rating, is_draw) values ('3aba0056-f108-41b8-8cb1-3d762aeccf04', 'ab7d99e8-c6f4-4c9d-b166-48fef62b1e70', 11, 'Single', NULL, TRUE, 'c8bf1094-803b-495d-b38c-099ff4170ab0', FALSE, FALSE, 'Pin', 3.0, FALSE);
insert into match_participants (match_id, wrestler_id, result) values ('3aba0056-f108-41b8-8cb1-3d762aeccf04', '0655bec3-0c3f-48ed-b466-a98f20841621', 'loser');
insert into match_participants (match_id, wrestler_id, result) values ('3aba0056-f108-41b8-8cb1-3d762aeccf04', '2c23bf2a-90de-4618-9564-8e0e622857f1', 'winner');
insert into shows (id, name, show_date, show_type, ppv_name) values ('e24d67ce-945e-45e7-9de6-709b8542b4b3', 'DAW 11-21-2024', '2024-11-21', 'weekly', NULL);
insert into matches (id, show_id, match_number, match_type, stipulation, is_title_match, title_id, is_mitb, mitb_cashin, defeat_type, rating, is_draw) values ('22eda3a3-a55b-473e-94ad-6d0346841989', 'e24d67ce-945e-45e7-9de6-709b8542b4b3', 1, 'Single', NULL, TRUE, '7ff2d038-78e9-4309-ab61-a31d82302425', FALSE, FALSE, 'Pin', 4.5, FALSE);
insert into match_participants (match_id, wrestler_id, result) values ('22eda3a3-a55b-473e-94ad-6d0346841989', 'cce2403e-b550-4727-9b4c-e04012c77f31', 'loser');
insert into match_participants (match_id, wrestler_id, result) values ('22eda3a3-a55b-473e-94ad-6d0346841989', '9683fa4f-ffaf-4185-938d-e4a435a5aef7', 'winner');
insert into shows (id, name, show_date, show_type, ppv_name) values ('a35ab7b5-72a4-454a-a2f8-ae5f282e6536', 'DAW 11-22-2024', '2024-11-22', 'weekly', NULL);
insert into matches (id, show_id, match_number, match_type, stipulation, is_title_match, title_id, is_mitb, mitb_cashin, defeat_type, rating, is_draw) values ('9507bdae-a7d6-4a04-b43f-467f6ac7c1fd', 'a35ab7b5-72a4-454a-a2f8-ae5f282e6536', 1, 'Single', NULL, FALSE, NULL, NULL, FALSE, 'Pin', 2.5, FALSE);
insert into match_participants (match_id, wrestler_id, result) values ('9507bdae-a7d6-4a04-b43f-467f6ac7c1fd', '1fdbaeea-4dc7-41ff-9ce9-394d33e1ace4', 'winner');
insert into match_participants (match_id, wrestler_id, result) values ('9507bdae-a7d6-4a04-b43f-467f6ac7c1fd', '5909ea1d-6838-40c8-8058-64854406eb27', 'loser');
insert into matches (id, show_id, match_number, match_type, stipulation, is_title_match, title_id, is_mitb, mitb_cashin, defeat_type, rating, is_draw) values ('48f70298-81ad-4e22-bf16-33a395fa5e39', 'a35ab7b5-72a4-454a-a2f8-ae5f282e6536', 2, 'Single', NULL, FALSE, NULL, NULL, FALSE, 'Sub', 3.0, FALSE);
insert into match_participants (match_id, wrestler_id, result) values ('48f70298-81ad-4e22-bf16-33a395fa5e39', 'da018f6e-a005-4adc-bd43-e03f03ebcee0', 'winner');
insert into match_participants (match_id, wrestler_id, result) values ('48f70298-81ad-4e22-bf16-33a395fa5e39', '07687962-07c0-46b6-9541-2d8b60e3c2c1', 'loser');
insert into matches (id, show_id, match_number, match_type, stipulation, is_title_match, title_id, is_mitb, mitb_cashin, defeat_type, rating, is_draw) values ('168985fa-b0e6-48f5-89f0-13f73150c7bc', 'a35ab7b5-72a4-454a-a2f8-ae5f282e6536', 3, 'Single', NULL, FALSE, NULL, NULL, FALSE, 'Pin', 0.5, FALSE);
insert into match_participants (match_id, wrestler_id, result) values ('168985fa-b0e6-48f5-89f0-13f73150c7bc', '6a3c5c70-fbb7-4a85-8940-df64e251eca3', 'loser');
insert into match_participants (match_id, wrestler_id, result) values ('168985fa-b0e6-48f5-89f0-13f73150c7bc', 'd0df50f1-fbbb-4298-ab0c-f7e6e122c4c4', 'winner');
insert into matches (id, show_id, match_number, match_type, stipulation, is_title_match, title_id, is_mitb, mitb_cashin, defeat_type, rating, is_draw) values ('d3d92edf-3619-4e6c-89d4-2bc959e11955', 'a35ab7b5-72a4-454a-a2f8-ae5f282e6536', 4, 'Triple Threat', NULL, FALSE, NULL, NULL, FALSE, 'Pin', 4.0, FALSE);
insert into match_participants (match_id, wrestler_id, result) values ('d3d92edf-3619-4e6c-89d4-2bc959e11955', '146ed3a2-ffd0-498f-ab39-8a11824f6cff', 'winner');
insert into match_participants (match_id, wrestler_id, result) values ('d3d92edf-3619-4e6c-89d4-2bc959e11955', '469ab9db-7202-45c0-a929-64eb9137b121', 'loser');
insert into match_participants (match_id, wrestler_id, result) values ('d3d92edf-3619-4e6c-89d4-2bc959e11955', 'bccac820-8145-4923-9154-7b18bc8ffb2d', 'loser');
insert into matches (id, show_id, match_number, match_type, stipulation, is_title_match, title_id, is_mitb, mitb_cashin, defeat_type, rating, is_draw) values ('1d66bff9-5090-4a7c-b228-6d0de2affa7e', 'a35ab7b5-72a4-454a-a2f8-ae5f282e6536', 5, 'Single', NULL, FALSE, NULL, NULL, FALSE, 'Pin', 3.5, FALSE);
insert into match_participants (match_id, wrestler_id, result) values ('1d66bff9-5090-4a7c-b228-6d0de2affa7e', '0d2420e5-4511-44a9-8d66-a70eef1ce8d4', 'loser');
insert into match_participants (match_id, wrestler_id, result) values ('1d66bff9-5090-4a7c-b228-6d0de2affa7e', 'b53deaf4-6809-46c8-a85f-587ef1ead267', 'winner');
insert into matches (id, show_id, match_number, match_type, stipulation, is_title_match, title_id, is_mitb, mitb_cashin, defeat_type, rating, is_draw) values ('2669a314-e939-4f36-af2b-4fc6d7695d2d', 'a35ab7b5-72a4-454a-a2f8-ae5f282e6536', 6, 'Single', NULL, FALSE, NULL, NULL, FALSE, 'Pin', 3.0, FALSE);
insert into match_participants (match_id, wrestler_id, result) values ('2669a314-e939-4f36-af2b-4fc6d7695d2d', 'db9025f4-91c4-47e8-b3de-e3864852a4c8', 'loser');
insert into match_participants (match_id, wrestler_id, result) values ('2669a314-e939-4f36-af2b-4fc6d7695d2d', '31f8c2ba-a0c4-4352-ae28-1cf68d200216', 'winner');
insert into matches (id, show_id, match_number, match_type, stipulation, is_title_match, title_id, is_mitb, mitb_cashin, defeat_type, rating, is_draw) values ('b91357c7-44b8-4ff4-913a-3dc15313f18f', 'a35ab7b5-72a4-454a-a2f8-ae5f282e6536', 7, 'Single', NULL, FALSE, NULL, NULL, FALSE, 'Pin', 3.0, FALSE);
insert into match_participants (match_id, wrestler_id, result) values ('b91357c7-44b8-4ff4-913a-3dc15313f18f', '004c7b59-d738-4718-a1f0-39aa22e8039d', 'loser');
insert into match_participants (match_id, wrestler_id, result) values ('b91357c7-44b8-4ff4-913a-3dc15313f18f', 'cce2403e-b550-4727-9b4c-e04012c77f31', 'winner');
insert into matches (id, show_id, match_number, match_type, stipulation, is_title_match, title_id, is_mitb, mitb_cashin, defeat_type, rating, is_draw) values ('ddb0c526-5f8c-428d-a2eb-630680fefabe', 'a35ab7b5-72a4-454a-a2f8-ae5f282e6536', 8, 'Tag Team', NULL, FALSE, NULL, NULL, FALSE, 'Pin', 3.0, FALSE);
insert into matches (id, show_id, match_number, match_type, stipulation, is_title_match, title_id, is_mitb, mitb_cashin, defeat_type, rating, is_draw) values ('6701941e-f98d-4a55-903d-324ce4e71eec', 'a35ab7b5-72a4-454a-a2f8-ae5f282e6536', 9, 'Single', NULL, FALSE, NULL, NULL, FALSE, 'Pin', 3.0, FALSE);
insert into match_participants (match_id, wrestler_id, result) values ('6701941e-f98d-4a55-903d-324ce4e71eec', 'b2d0cb4c-4471-49a3-b524-544ce1bd95a1', 'winner');
insert into match_participants (match_id, wrestler_id, result) values ('6701941e-f98d-4a55-903d-324ce4e71eec', '72a13a54-c48a-4382-a17e-3db462967ef7', 'loser');
insert into matches (id, show_id, match_number, match_type, stipulation, is_title_match, title_id, is_mitb, mitb_cashin, defeat_type, rating, is_draw) values ('a7263dd6-c7e2-46d8-8210-f6115a9edce6', 'a35ab7b5-72a4-454a-a2f8-ae5f282e6536', 10, 'Single', NULL, TRUE, '7ff2d038-78e9-4309-ab61-a31d82302425', FALSE, FALSE, 'Pin', 3.0, FALSE);
insert into match_participants (match_id, wrestler_id, result) values ('a7263dd6-c7e2-46d8-8210-f6115a9edce6', '5909ea1d-6838-40c8-8058-64854406eb27', 'winner');
insert into match_participants (match_id, wrestler_id, result) values ('a7263dd6-c7e2-46d8-8210-f6115a9edce6', '9683fa4f-ffaf-4185-938d-e4a435a5aef7', 'loser');
insert into shows (id, name, show_date, show_type, ppv_name) values ('438c2a17-f6cc-4b6e-9499-bd2533b4c156', 'DAW 11-29-2024', '2024-11-29', 'weekly', NULL);
insert into matches (id, show_id, match_number, match_type, stipulation, is_title_match, title_id, is_mitb, mitb_cashin, defeat_type, rating, is_draw) values ('03ab9f45-b9c1-4fbf-ab00-c24be64c086e', '438c2a17-f6cc-4b6e-9499-bd2533b4c156', 1, 'Single', 'Extreme Rules', FALSE, NULL, NULL, FALSE, 'Pin', 4.5, FALSE);
insert into match_participants (match_id, wrestler_id, result) values ('03ab9f45-b9c1-4fbf-ab00-c24be64c086e', 'ae2ce814-315f-41f0-ab99-eddf09a7d4c5', 'winner');
insert into matches (id, show_id, match_number, match_type, stipulation, is_title_match, title_id, is_mitb, mitb_cashin, defeat_type, rating, is_draw) values ('546c141d-2411-49db-b163-60b06f8e4fc1', '438c2a17-f6cc-4b6e-9499-bd2533b4c156', 2, 'Single', NULL, FALSE, NULL, NULL, FALSE, 'Pin', 3.5, FALSE);
insert into match_participants (match_id, wrestler_id, result) values ('546c141d-2411-49db-b163-60b06f8e4fc1', '469ab9db-7202-45c0-a929-64eb9137b121', 'loser');
insert into match_participants (match_id, wrestler_id, result) values ('546c141d-2411-49db-b163-60b06f8e4fc1', '2aa3970c-60d0-4cf7-b36b-ff6ddad17f69', 'winner');
insert into matches (id, show_id, match_number, match_type, stipulation, is_title_match, title_id, is_mitb, mitb_cashin, defeat_type, rating, is_draw) values ('f5bf6dba-69da-47dd-af3b-9ec050c54c3f', '438c2a17-f6cc-4b6e-9499-bd2533b4c156', 3, 'Single', NULL, FALSE, NULL, NULL, FALSE, 'Pin', 3.0, FALSE);
insert into match_participants (match_id, wrestler_id, result) values ('f5bf6dba-69da-47dd-af3b-9ec050c54c3f', 'da018f6e-a005-4adc-bd43-e03f03ebcee0', 'loser');
insert into match_participants (match_id, wrestler_id, result) values ('f5bf6dba-69da-47dd-af3b-9ec050c54c3f', '7ca7fd7b-2526-41ea-b143-cdd82f404014', 'winner');
insert into matches (id, show_id, match_number, match_type, stipulation, is_title_match, title_id, is_mitb, mitb_cashin, defeat_type, rating, is_draw) values ('bbfed3f2-be91-47c8-9332-ba3c32a62f88', '438c2a17-f6cc-4b6e-9499-bd2533b4c156', 4, 'Single', NULL, TRUE, '5d3e065c-43d1-41ee-8d24-e876f1e2b2a1', FALSE, FALSE, 'Pin', 3.5, FALSE);
insert into match_participants (match_id, wrestler_id, result) values ('bbfed3f2-be91-47c8-9332-ba3c32a62f88', '146ed3a2-ffd0-498f-ab39-8a11824f6cff', 'winner');
insert into match_participants (match_id, wrestler_id, result) values ('bbfed3f2-be91-47c8-9332-ba3c32a62f88', 'ddf80d05-eb45-483d-a569-f2ae53f07b4b', 'loser');
insert into matches (id, show_id, match_number, match_type, stipulation, is_title_match, title_id, is_mitb, mitb_cashin, defeat_type, rating, is_draw) values ('ebe2a464-d6c5-4371-9624-83077aa4870d', '438c2a17-f6cc-4b6e-9499-bd2533b4c156', 5, '6-Man', 'TLC', FALSE, NULL, NULL, FALSE, 'Pin', 3.5, FALSE);
insert into match_participants (match_id, team_id, result) values ('ebe2a464-d6c5-4371-9624-83077aa4870d', '8d790109-09d5-4f53-abc0-4b9e1844f285', 'loser');
insert into match_participants (match_id, team_id, result) values ('ebe2a464-d6c5-4371-9624-83077aa4870d', '07351f94-4020-4dbc-82b4-afc8470a31f6', 'winner');
insert into match_participants (match_id, team_id, result) values ('ebe2a464-d6c5-4371-9624-83077aa4870d', 'eebd2a89-a1f9-4931-982e-9cf035d48429', 'loser');
insert into matches (id, show_id, match_number, match_type, stipulation, is_title_match, title_id, is_mitb, mitb_cashin, defeat_type, rating, is_draw) values ('44794ce3-7a57-4af3-9751-f26f7eaecc66', '438c2a17-f6cc-4b6e-9499-bd2533b4c156', 6, 'Single', NULL, FALSE, NULL, NULL, FALSE, 'Pin', 4.0, FALSE);
insert into match_participants (match_id, wrestler_id, result) values ('44794ce3-7a57-4af3-9751-f26f7eaecc66', 'b0a5de67-da65-4808-bb98-ace3a77fa729', 'winner');
insert into match_participants (match_id, wrestler_id, result) values ('44794ce3-7a57-4af3-9751-f26f7eaecc66', 'db9025f4-91c4-47e8-b3de-e3864852a4c8', 'loser');
insert into matches (id, show_id, match_number, match_type, stipulation, is_title_match, title_id, is_mitb, mitb_cashin, defeat_type, rating, is_draw) values ('96ebb695-006b-4578-ac6c-0c66f50ff587', '438c2a17-f6cc-4b6e-9499-bd2533b4c156', 7, 'Single', NULL, FALSE, NULL, NULL, FALSE, 'Pin', 3.0, FALSE);
insert into match_participants (match_id, wrestler_id, result) values ('96ebb695-006b-4578-ac6c-0c66f50ff587', 'cce2403e-b550-4727-9b4c-e04012c77f31', 'winner');
insert into match_participants (match_id, wrestler_id, result) values ('96ebb695-006b-4578-ac6c-0c66f50ff587', 'cd5fa7e0-c982-449d-ab4f-cd0b33045715', 'loser');
insert into matches (id, show_id, match_number, match_type, stipulation, is_title_match, title_id, is_mitb, mitb_cashin, defeat_type, rating, is_draw) values ('68533a25-61d5-4957-bd10-bd85bcdc1b42', '438c2a17-f6cc-4b6e-9499-bd2533b4c156', 8, 'Single', NULL, TRUE, '5db4cd6b-6ebe-4a87-b7bb-017af3856766', FALSE, FALSE, 'Pin', 2.5, FALSE);
insert into match_participants (match_id, wrestler_id, result) values ('68533a25-61d5-4957-bd10-bd85bcdc1b42', '31f8c2ba-a0c4-4352-ae28-1cf68d200216', 'winner');
insert into match_participants (match_id, wrestler_id, result) values ('68533a25-61d5-4957-bd10-bd85bcdc1b42', '5909ea1d-6838-40c8-8058-64854406eb27', 'loser');
insert into matches (id, show_id, match_number, match_type, stipulation, is_title_match, title_id, is_mitb, mitb_cashin, defeat_type, rating, is_draw) values ('4ce6c9ab-cb52-4a3e-b07a-951faae4cca5', '438c2a17-f6cc-4b6e-9499-bd2533b4c156', 9, 'Single', NULL, FALSE, NULL, NULL, FALSE, 'Pin', 3.5, FALSE);
insert into match_participants (match_id, wrestler_id, result) values ('4ce6c9ab-cb52-4a3e-b07a-951faae4cca5', 'bccac820-8145-4923-9154-7b18bc8ffb2d', 'loser');
insert into matches (id, show_id, match_number, match_type, stipulation, is_title_match, title_id, is_mitb, mitb_cashin, defeat_type, rating, is_draw) values ('17ba5535-94e3-45da-b116-4612ba72f477', '438c2a17-f6cc-4b6e-9499-bd2533b4c156', 10, '6-Man', NULL, TRUE, 'c35e55d3-eeb9-45fd-8160-df160862cff0', FALSE, FALSE, 'Pin', 4.5, FALSE);
insert into matches (id, show_id, match_number, match_type, stipulation, is_title_match, title_id, is_mitb, mitb_cashin, defeat_type, rating, is_draw) values ('468ee78a-74ec-4513-be77-f615206d30f9', '438c2a17-f6cc-4b6e-9499-bd2533b4c156', 11, 'Single', 'Falls Count Anywhere', FALSE, NULL, NULL, FALSE, 'Pin', 2.0, FALSE);
insert into match_participants (match_id, wrestler_id, result) values ('468ee78a-74ec-4513-be77-f615206d30f9', '6a3c5c70-fbb7-4a85-8940-df64e251eca3', 'loser');
insert into match_participants (match_id, wrestler_id, result) values ('468ee78a-74ec-4513-be77-f615206d30f9', '07687962-07c0-46b6-9541-2d8b60e3c2c1', 'winner');
insert into matches (id, show_id, match_number, match_type, stipulation, is_title_match, title_id, is_mitb, mitb_cashin, defeat_type, rating, is_draw) values ('0e9e3e62-c8b5-4493-88e3-7bcb8ec6e6f7', '438c2a17-f6cc-4b6e-9499-bd2533b4c156', 12, 'Single', 'Extreme Rules', FALSE, NULL, NULL, FALSE, 'Pin', 4.5, FALSE);
insert into match_participants (match_id, wrestler_id, result) values ('0e9e3e62-c8b5-4493-88e3-7bcb8ec6e6f7', 'f53c5be3-c66c-4d29-b281-5c0157203703', 'loser');
insert into matches (id, show_id, match_number, match_type, stipulation, is_title_match, title_id, is_mitb, mitb_cashin, defeat_type, rating, is_draw) values ('361fc621-9cbc-422e-a78d-dead4864cb09', '438c2a17-f6cc-4b6e-9499-bd2533b4c156', 13, 'Single', 'Extreme Rules', TRUE, 'f3ec52c9-649b-48cb-aa37-da278fbd72df', FALSE, FALSE, 'Pin', 4.0, FALSE);
insert into match_participants (match_id, wrestler_id, result) values ('361fc621-9cbc-422e-a78d-dead4864cb09', 'bc93b973-151b-48ca-8d75-8f6c220a0d31', 'loser');
insert into match_participants (match_id, wrestler_id, result) values ('361fc621-9cbc-422e-a78d-dead4864cb09', '0655bec3-0c3f-48ed-b466-a98f20841621', 'winner');
insert into matches (id, show_id, match_number, match_type, stipulation, is_title_match, title_id, is_mitb, mitb_cashin, defeat_type, rating, is_draw) values ('8bd6915c-6d16-413f-8cfb-e26dd0a8c9ae', '438c2a17-f6cc-4b6e-9499-bd2533b4c156', 14, '6-Man', NULL, FALSE, NULL, NULL, FALSE, 'Pin', 4.5, FALSE);
insert into matches (id, show_id, match_number, match_type, stipulation, is_title_match, title_id, is_mitb, mitb_cashin, defeat_type, rating, is_draw) values ('65c0ee4d-baf0-4d6a-8408-980db7698341', '438c2a17-f6cc-4b6e-9499-bd2533b4c156', 15, 'Single', NULL, TRUE, '7ff2d038-78e9-4309-ab61-a31d82302425', FALSE, FALSE, 'Pin', 2.0, FALSE);
insert into match_participants (match_id, wrestler_id, result) values ('65c0ee4d-baf0-4d6a-8408-980db7698341', '31f8c2ba-a0c4-4352-ae28-1cf68d200216', 'winner');
insert into match_participants (match_id, wrestler_id, result) values ('65c0ee4d-baf0-4d6a-8408-980db7698341', '5909ea1d-6838-40c8-8058-64854406eb27', 'loser');
insert into shows (id, name, show_date, show_type, ppv_name) values ('8d150553-b1f3-4ecf-acb2-7623755c4cb8', 'DAW 12-04-2024', '2024-12-04', 'weekly', NULL);
insert into matches (id, show_id, match_number, match_type, stipulation, is_title_match, title_id, is_mitb, mitb_cashin, defeat_type, rating, is_draw) values ('163ee139-1d2c-44f0-bc70-2d003adb6dfd', '8d150553-b1f3-4ecf-acb2-7623755c4cb8', 1, 'Triple Threat', NULL, TRUE, '7ff2d038-78e9-4309-ab61-a31d82302425', FALSE, FALSE, 'Pin', 3.0, FALSE);
insert into match_participants (match_id, wrestler_id, result) values ('163ee139-1d2c-44f0-bc70-2d003adb6dfd', '9683fa4f-ffaf-4185-938d-e4a435a5aef7', 'loser');
insert into match_participants (match_id, wrestler_id, result) values ('163ee139-1d2c-44f0-bc70-2d003adb6dfd', 'b2d0cb4c-4471-49a3-b524-544ce1bd95a1', 'winner');
insert into match_participants (match_id, wrestler_id, result) values ('163ee139-1d2c-44f0-bc70-2d003adb6dfd', '31f8c2ba-a0c4-4352-ae28-1cf68d200216', 'loser');
insert into shows (id, name, show_date, show_type, ppv_name) values ('2928ec50-f2ba-436c-9f6f-39074f3eae72', 'DAW 12-06-2024', '2024-12-06', 'weekly', NULL);
insert into matches (id, show_id, match_number, match_type, stipulation, is_title_match, title_id, is_mitb, mitb_cashin, defeat_type, rating, is_draw) values ('6a148992-420d-4948-b2c5-e453e72c6e48', '2928ec50-f2ba-436c-9f6f-39074f3eae72', 1, 'Tag Team', NULL, FALSE, NULL, NULL, FALSE, 'Pin', 4.0, FALSE);
insert into matches (id, show_id, match_number, match_type, stipulation, is_title_match, title_id, is_mitb, mitb_cashin, defeat_type, rating, is_draw) values ('2bd39ea9-2e17-4bef-8243-5099c212f4ab', '2928ec50-f2ba-436c-9f6f-39074f3eae72', 2, 'Triple Threat', NULL, FALSE, NULL, NULL, FALSE, 'Pin', 2.5, FALSE);
insert into match_participants (match_id, wrestler_id, result) values ('2bd39ea9-2e17-4bef-8243-5099c212f4ab', 'db9025f4-91c4-47e8-b3de-e3864852a4c8', 'loser');
insert into match_participants (match_id, wrestler_id, result) values ('2bd39ea9-2e17-4bef-8243-5099c212f4ab', '6a3c5c70-fbb7-4a85-8940-df64e251eca3', 'loser');
insert into match_participants (match_id, wrestler_id, result) values ('2bd39ea9-2e17-4bef-8243-5099c212f4ab', 'da018f6e-a005-4adc-bd43-e03f03ebcee0', 'winner');
insert into matches (id, show_id, match_number, match_type, stipulation, is_title_match, title_id, is_mitb, mitb_cashin, defeat_type, rating, is_draw) values ('6432c639-dd36-46a8-a40a-64787afd0818', '2928ec50-f2ba-436c-9f6f-39074f3eae72', 3, 'Single', NULL, FALSE, NULL, NULL, FALSE, 'Pin', 3.0, FALSE);
insert into match_participants (match_id, wrestler_id, result) values ('6432c639-dd36-46a8-a40a-64787afd0818', 'fce02e68-03a4-4670-a5d4-a6790f4f92a1', 'loser');
insert into match_participants (match_id, wrestler_id, result) values ('6432c639-dd36-46a8-a40a-64787afd0818', '07687962-07c0-46b6-9541-2d8b60e3c2c1', 'winner');
insert into matches (id, show_id, match_number, match_type, stipulation, is_title_match, title_id, is_mitb, mitb_cashin, defeat_type, rating, is_draw) values ('32e36ada-2ecb-4d1a-971c-537a3cb6eaf1', '2928ec50-f2ba-436c-9f6f-39074f3eae72', 4, 'Single', NULL, FALSE, NULL, NULL, FALSE, 'Pin', 4.0, FALSE);
insert into match_participants (match_id, wrestler_id, result) values ('32e36ada-2ecb-4d1a-971c-537a3cb6eaf1', '7ca7fd7b-2526-41ea-b143-cdd82f404014', 'loser');
insert into match_participants (match_id, wrestler_id, result) values ('32e36ada-2ecb-4d1a-971c-537a3cb6eaf1', '1fdbaeea-4dc7-41ff-9ce9-394d33e1ace4', 'winner');
insert into matches (id, show_id, match_number, match_type, stipulation, is_title_match, title_id, is_mitb, mitb_cashin, defeat_type, rating, is_draw) values ('e86c87b8-777b-4dcd-840e-48cb5c87a848', '2928ec50-f2ba-436c-9f6f-39074f3eae72', 5, 'Battle Royale', NULL, FALSE, NULL, NULL, FALSE, 'Pin', 3.0, FALSE);
insert into match_participants (match_id, wrestler_id, result) values ('e86c87b8-777b-4dcd-840e-48cb5c87a848', '45d6759a-e627-41e8-b142-68a6772440d1', 'winner');
insert into match_participants (match_id, wrestler_id, result) values ('e86c87b8-777b-4dcd-840e-48cb5c87a848', '0072611a-281e-4de5-bf57-fbc9696651ec', 'loser');
insert into match_participants (match_id, wrestler_id, result) values ('e86c87b8-777b-4dcd-840e-48cb5c87a848', '60c99dea-a118-4839-99eb-5de3ca41d5d4', 'loser');
insert into match_participants (match_id, wrestler_id, result) values ('e86c87b8-777b-4dcd-840e-48cb5c87a848', '7e31c302-05ee-4325-989f-aefa74f76445', 'loser');
insert into match_participants (match_id, wrestler_id, result) values ('e86c87b8-777b-4dcd-840e-48cb5c87a848', '469ab9db-7202-45c0-a929-64eb9137b121', 'loser');
insert into match_participants (match_id, wrestler_id, result) values ('e86c87b8-777b-4dcd-840e-48cb5c87a848', 'f53c5be3-c66c-4d29-b281-5c0157203703', 'loser');
insert into matches (id, show_id, match_number, match_type, stipulation, is_title_match, title_id, is_mitb, mitb_cashin, defeat_type, rating, is_draw) values ('65ca3f2e-2111-46f0-a539-7e5a0d540790', '2928ec50-f2ba-436c-9f6f-39074f3eae72', 6, 'Single', NULL, FALSE, NULL, NULL, FALSE, 'Pin', 5.0, FALSE);
insert into match_participants (match_id, wrestler_id, result) values ('65ca3f2e-2111-46f0-a539-7e5a0d540790', 'cce2403e-b550-4727-9b4c-e04012c77f31', 'loser');
insert into match_participants (match_id, wrestler_id, result) values ('65ca3f2e-2111-46f0-a539-7e5a0d540790', '09a1ddc7-5133-4858-b8e1-c89de2eefe3b', 'winner');
insert into matches (id, show_id, match_number, match_type, stipulation, is_title_match, title_id, is_mitb, mitb_cashin, defeat_type, rating, is_draw) values ('eb1ab273-b6e4-4803-b81b-719363469620', '2928ec50-f2ba-436c-9f6f-39074f3eae72', 7, 'Tag Team', NULL, FALSE, NULL, NULL, FALSE, 'Pin', 5.0, FALSE);
insert into match_participants (match_id, team_id, result) values ('eb1ab273-b6e4-4803-b81b-719363469620', '8dd02369-5443-418b-94d5-1970756968ba', 'winner');
insert into match_participants (match_id, team_id, result) values ('eb1ab273-b6e4-4803-b81b-719363469620', '37867637-ea7c-4d6c-9e59-fb37627e1172', 'loser');
insert into matches (id, show_id, match_number, match_type, stipulation, is_title_match, title_id, is_mitb, mitb_cashin, defeat_type, rating, is_draw) values ('a6a7172d-ec0e-49ff-b655-39e145344f8f', '2928ec50-f2ba-436c-9f6f-39074f3eae72', 8, 'Triple Threat', NULL, FALSE, NULL, NULL, FALSE, 'Pin', 4.0, FALSE);
insert into match_participants (match_id, wrestler_id, result) values ('a6a7172d-ec0e-49ff-b655-39e145344f8f', 'ddf80d05-eb45-483d-a569-f2ae53f07b4b', 'loser');
insert into match_participants (match_id, wrestler_id, result) values ('a6a7172d-ec0e-49ff-b655-39e145344f8f', '0655bec3-0c3f-48ed-b466-a98f20841621', 'winner');
insert into match_participants (match_id, wrestler_id, result) values ('a6a7172d-ec0e-49ff-b655-39e145344f8f', '146ed3a2-ffd0-498f-ab39-8a11824f6cff', 'loser');
insert into matches (id, show_id, match_number, match_type, stipulation, is_title_match, title_id, is_mitb, mitb_cashin, defeat_type, rating, is_draw) values ('4789f637-307a-4ca5-a68c-7c0737f18dbf', '2928ec50-f2ba-436c-9f6f-39074f3eae72', 9, 'Single', 'Extreme Rules', FALSE, NULL, NULL, FALSE, 'Pin', 4.0, FALSE);
insert into match_participants (match_id, wrestler_id, result) values ('4789f637-307a-4ca5-a68c-7c0737f18dbf', '9683fa4f-ffaf-4185-938d-e4a435a5aef7', 'winner');
insert into match_participants (match_id, wrestler_id, result) values ('4789f637-307a-4ca5-a68c-7c0737f18dbf', 'ad63b3fd-9de8-4398-a085-7cc8f264589e', 'loser');
insert into shows (id, name, show_date, show_type, ppv_name) values ('10cbb466-dedd-4a23-bbb0-d8f00766c686', 'DAW 12-13-2024', '2024-12-13', 'weekly', NULL);
insert into matches (id, show_id, match_number, match_type, stipulation, is_title_match, title_id, is_mitb, mitb_cashin, defeat_type, rating, is_draw) values ('4a3d1928-3b51-41c4-b94f-a8e552474b07', '10cbb466-dedd-4a23-bbb0-d8f00766c686', 1, 'Tag Team', NULL, FALSE, NULL, NULL, FALSE, 'Pin', 2.0, FALSE);
insert into match_participants (match_id, team_id, result) values ('4a3d1928-3b51-41c4-b94f-a8e552474b07', '9acd1924-2d2e-466d-849e-f0f3ae0901eb', 'winner');
insert into match_participants (match_id, team_id, result) values ('4a3d1928-3b51-41c4-b94f-a8e552474b07', '851cd315-9431-48a4-aa8a-acca45ae40c2', 'loser');
insert into matches (id, show_id, match_number, match_type, stipulation, is_title_match, title_id, is_mitb, mitb_cashin, defeat_type, rating, is_draw) values ('f8bd7f39-d928-40dd-acf3-088622122f82', '10cbb466-dedd-4a23-bbb0-d8f00766c686', 2, 'Triple Threat', NULL, FALSE, NULL, NULL, FALSE, 'Pin', 3.5, FALSE);
insert into match_participants (match_id, wrestler_id, result) values ('f8bd7f39-d928-40dd-acf3-088622122f82', 'db9025f4-91c4-47e8-b3de-e3864852a4c8', 'loser');
insert into match_participants (match_id, wrestler_id, result) values ('f8bd7f39-d928-40dd-acf3-088622122f82', '6a3c5c70-fbb7-4a85-8940-df64e251eca3', 'loser');
insert into match_participants (match_id, wrestler_id, result) values ('f8bd7f39-d928-40dd-acf3-088622122f82', 'ad63b3fd-9de8-4398-a085-7cc8f264589e', 'winner');
insert into matches (id, show_id, match_number, match_type, stipulation, is_title_match, title_id, is_mitb, mitb_cashin, defeat_type, rating, is_draw) values ('a1b73c6d-a7fc-4aed-b002-b3a6a4549514', '10cbb466-dedd-4a23-bbb0-d8f00766c686', 3, 'Single', NULL, FALSE, NULL, NULL, FALSE, 'Pin', 4.0, FALSE);
insert into match_participants (match_id, wrestler_id, result) values ('a1b73c6d-a7fc-4aed-b002-b3a6a4549514', 'bc93b973-151b-48ca-8d75-8f6c220a0d31', 'winner');
insert into match_participants (match_id, wrestler_id, result) values ('a1b73c6d-a7fc-4aed-b002-b3a6a4549514', '146ed3a2-ffd0-498f-ab39-8a11824f6cff', 'loser');
insert into matches (id, show_id, match_number, match_type, stipulation, is_title_match, title_id, is_mitb, mitb_cashin, defeat_type, rating, is_draw) values ('08e7a5ab-c6b5-452a-9927-d04f6d200eb4', '10cbb466-dedd-4a23-bbb0-d8f00766c686', 4, 'Single', NULL, FALSE, NULL, NULL, FALSE, 'Pin', 4.0, FALSE);
insert into match_participants (match_id, wrestler_id, result) values ('08e7a5ab-c6b5-452a-9927-d04f6d200eb4', '0655bec3-0c3f-48ed-b466-a98f20841621', 'winner');
insert into matches (id, show_id, match_number, match_type, stipulation, is_title_match, title_id, is_mitb, mitb_cashin, defeat_type, rating, is_draw) values ('f041faea-1ea5-4f33-8f4e-8ec079078474', '10cbb466-dedd-4a23-bbb0-d8f00766c686', 6, 'Single', NULL, TRUE, 'c8bf1094-803b-495d-b38c-099ff4170ab0', FALSE, FALSE, 'Pin', 5.0, FALSE);
insert into matches (id, show_id, match_number, match_type, stipulation, is_title_match, title_id, is_mitb, mitb_cashin, defeat_type, rating, is_draw) values ('4edeb0f5-b119-49f2-90b5-61d2038b6760', '10cbb466-dedd-4a23-bbb0-d8f00766c686', 7, 'Triple Threat', NULL, FALSE, NULL, NULL, FALSE, 'Pin', 4.0, FALSE);
insert into match_participants (match_id, wrestler_id, result) values ('4edeb0f5-b119-49f2-90b5-61d2038b6760', '0d2420e5-4511-44a9-8d66-a70eef1ce8d4', 'winner');
insert into match_participants (match_id, wrestler_id, result) values ('4edeb0f5-b119-49f2-90b5-61d2038b6760', '469ab9db-7202-45c0-a929-64eb9137b121', 'loser');
insert into match_participants (match_id, wrestler_id, result) values ('4edeb0f5-b119-49f2-90b5-61d2038b6760', '0072611a-281e-4de5-bf57-fbc9696651ec', 'loser');
insert into matches (id, show_id, match_number, match_type, stipulation, is_title_match, title_id, is_mitb, mitb_cashin, defeat_type, rating, is_draw) values ('57040c29-2d7a-4a25-ba8c-0f839274c18c', '10cbb466-dedd-4a23-bbb0-d8f00766c686', 8, 'Single', NULL, FALSE, NULL, NULL, FALSE, 'Sub', 3.0, FALSE);
insert into match_participants (match_id, wrestler_id, result) values ('57040c29-2d7a-4a25-ba8c-0f839274c18c', '9683fa4f-ffaf-4185-938d-e4a435a5aef7', 'loser');
insert into match_participants (match_id, wrestler_id, result) values ('57040c29-2d7a-4a25-ba8c-0f839274c18c', 'cce2403e-b550-4727-9b4c-e04012c77f31', 'winner');
insert into matches (id, show_id, match_number, match_type, stipulation, is_title_match, title_id, is_mitb, mitb_cashin, defeat_type, rating, is_draw) values ('a3500d2c-87a2-4e09-8e71-5cf7d96a5952', '10cbb466-dedd-4a23-bbb0-d8f00766c686', 9, 'Single', NULL, FALSE, NULL, NULL, FALSE, 'Pin', 3.5, FALSE);
insert into match_participants (match_id, wrestler_id, result) values ('a3500d2c-87a2-4e09-8e71-5cf7d96a5952', '1fdbaeea-4dc7-41ff-9ce9-394d33e1ace4', 'winner');
insert into match_participants (match_id, wrestler_id, result) values ('a3500d2c-87a2-4e09-8e71-5cf7d96a5952', '7d9945b2-59a0-4661-8206-198fec52bb2f', 'loser');
insert into matches (id, show_id, match_number, match_type, stipulation, is_title_match, title_id, is_mitb, mitb_cashin, defeat_type, rating, is_draw) values ('17c03e4d-c58a-45df-a900-13b6a2a92143', '10cbb466-dedd-4a23-bbb0-d8f00766c686', 10, 'Single', NULL, TRUE, '7ff2d038-78e9-4309-ab61-a31d82302425', FALSE, FALSE, 'Pin', 4.0, FALSE);
insert into match_participants (match_id, wrestler_id, result) values ('17c03e4d-c58a-45df-a900-13b6a2a92143', '09a1ddc7-5133-4858-b8e1-c89de2eefe3b', 'loser');
insert into match_participants (match_id, wrestler_id, result) values ('17c03e4d-c58a-45df-a900-13b6a2a92143', 'b2d0cb4c-4471-49a3-b524-544ce1bd95a1', 'winner');
insert into shows (id, name, show_date, show_type, ppv_name) values ('01464847-43a0-4586-a000-692c7962ad08', 'DAW 12-20-2024', '2024-12-20', 'weekly', NULL);
insert into matches (id, show_id, match_number, match_type, stipulation, is_title_match, title_id, is_mitb, mitb_cashin, defeat_type, rating, is_draw) values ('1cfd5a17-7cca-48ff-81b0-77f6396ac2e3', '01464847-43a0-4586-a000-692c7962ad08', 1, 'Tag Team', NULL, FALSE, NULL, NULL, FALSE, 'Pin', 4.0, FALSE);
insert into match_participants (match_id, team_id, result) values ('1cfd5a17-7cca-48ff-81b0-77f6396ac2e3', 'd812adbb-b4b1-443b-b4a5-ec26000dc1b8', 'winner');
insert into match_participants (match_id, team_id, result) values ('1cfd5a17-7cca-48ff-81b0-77f6396ac2e3', '9acd1924-2d2e-466d-849e-f0f3ae0901eb', 'loser');
insert into matches (id, show_id, match_number, match_type, stipulation, is_title_match, title_id, is_mitb, mitb_cashin, defeat_type, rating, is_draw) values ('7634368f-5c35-4763-8c3a-7a554e5dd1cb', '01464847-43a0-4586-a000-692c7962ad08', 2, 'Triple Threat', NULL, FALSE, NULL, NULL, FALSE, 'Pin', 3.5, FALSE);
insert into match_participants (match_id, wrestler_id, result) values ('7634368f-5c35-4763-8c3a-7a554e5dd1cb', 'ddf80d05-eb45-483d-a569-f2ae53f07b4b', 'loser');
insert into match_participants (match_id, wrestler_id, result) values ('7634368f-5c35-4763-8c3a-7a554e5dd1cb', '2aa3970c-60d0-4cf7-b36b-ff6ddad17f69', 'loser');
insert into match_participants (match_id, wrestler_id, result) values ('7634368f-5c35-4763-8c3a-7a554e5dd1cb', '7e31c302-05ee-4325-989f-aefa74f76445', 'winner');
insert into matches (id, show_id, match_number, match_type, stipulation, is_title_match, title_id, is_mitb, mitb_cashin, defeat_type, rating, is_draw) values ('0b58d05c-5610-4533-919d-9ebc327590cb', '01464847-43a0-4586-a000-692c7962ad08', 3, 'Single', NULL, FALSE, NULL, NULL, FALSE, 'Pin', 4.0, FALSE);
insert into match_participants (match_id, wrestler_id, result) values ('0b58d05c-5610-4533-919d-9ebc327590cb', '7ca7fd7b-2526-41ea-b143-cdd82f404014', 'loser');
insert into match_participants (match_id, wrestler_id, result) values ('0b58d05c-5610-4533-919d-9ebc327590cb', '09a1ddc7-5133-4858-b8e1-c89de2eefe3b', 'winner');
insert into matches (id, show_id, match_number, match_type, stipulation, is_title_match, title_id, is_mitb, mitb_cashin, defeat_type, rating, is_draw) values ('69b213f8-52ac-449c-a1ed-f4b5c1518361', '01464847-43a0-4586-a000-692c7962ad08', 4, 'Single', NULL, FALSE, NULL, NULL, FALSE, 'Pin', 3.0, FALSE);
insert into match_participants (match_id, wrestler_id, result) values ('69b213f8-52ac-449c-a1ed-f4b5c1518361', 'f53c5be3-c66c-4d29-b281-5c0157203703', 'loser');
insert into match_participants (match_id, wrestler_id, result) values ('69b213f8-52ac-449c-a1ed-f4b5c1518361', '146ed3a2-ffd0-498f-ab39-8a11824f6cff', 'winner');
insert into matches (id, show_id, match_number, match_type, stipulation, is_title_match, title_id, is_mitb, mitb_cashin, defeat_type, rating, is_draw) values ('37cc8623-0f1c-4fc0-8b3e-cd2d9c11c520', '01464847-43a0-4586-a000-692c7962ad08', 5, 'Single', NULL, FALSE, NULL, NULL, FALSE, 'Pin', 4.0, FALSE);
insert into match_participants (match_id, wrestler_id, result) values ('37cc8623-0f1c-4fc0-8b3e-cd2d9c11c520', '60c99dea-a118-4839-99eb-5de3ca41d5d4', 'loser');
insert into match_participants (match_id, wrestler_id, result) values ('37cc8623-0f1c-4fc0-8b3e-cd2d9c11c520', '2c23bf2a-90de-4618-9564-8e0e622857f1', 'winner');
insert into matches (id, show_id, match_number, match_type, stipulation, is_title_match, title_id, is_mitb, mitb_cashin, defeat_type, rating, is_draw) values ('1c5dacf9-9696-4faf-b6cc-15f0d720b65f', '01464847-43a0-4586-a000-692c7962ad08', 6, 'Single', NULL, FALSE, NULL, NULL, FALSE, 'Pin', 3.5, FALSE);
insert into match_participants (match_id, wrestler_id, result) values ('1c5dacf9-9696-4faf-b6cc-15f0d720b65f', 'b2d0cb4c-4471-49a3-b524-544ce1bd95a1', 'winner');
insert into match_participants (match_id, wrestler_id, result) values ('1c5dacf9-9696-4faf-b6cc-15f0d720b65f', 'd0df50f1-fbbb-4298-ab0c-f7e6e122c4c4', 'loser');
insert into matches (id, show_id, match_number, match_type, stipulation, is_title_match, title_id, is_mitb, mitb_cashin, defeat_type, rating, is_draw) values ('79fb8687-aff6-4227-98e2-fa7dd7f0385a', '01464847-43a0-4586-a000-692c7962ad08', 7, 'Single', NULL, FALSE, NULL, NULL, FALSE, 'Pin', 4.0, FALSE);
insert into match_participants (match_id, wrestler_id, result) values ('79fb8687-aff6-4227-98e2-fa7dd7f0385a', 'ad63b3fd-9de8-4398-a085-7cc8f264589e', 'winner');
insert into match_participants (match_id, wrestler_id, result) values ('79fb8687-aff6-4227-98e2-fa7dd7f0385a', '31f8c2ba-a0c4-4352-ae28-1cf68d200216', 'loser');
insert into matches (id, show_id, match_number, match_type, stipulation, is_title_match, title_id, is_mitb, mitb_cashin, defeat_type, rating, is_draw) values ('d694c57d-6d42-4bb0-85e1-72d466acd4fc', '01464847-43a0-4586-a000-692c7962ad08', 8, 'Single', NULL, FALSE, NULL, NULL, FALSE, 'Pin', 3.5, FALSE);
insert into match_participants (match_id, wrestler_id, result) values ('d694c57d-6d42-4bb0-85e1-72d466acd4fc', 'b53deaf4-6809-46c8-a85f-587ef1ead267', 'loser');
insert into match_participants (match_id, wrestler_id, result) values ('d694c57d-6d42-4bb0-85e1-72d466acd4fc', '45d6759a-e627-41e8-b142-68a6772440d1', 'winner');
insert into matches (id, show_id, match_number, match_type, stipulation, is_title_match, title_id, is_mitb, mitb_cashin, defeat_type, rating, is_draw) values ('7ec16621-22a7-495f-8abe-eeedc6327674', '01464847-43a0-4586-a000-692c7962ad08', 9, '5-Man', 'Table', FALSE, NULL, NULL, FALSE, 'Pin', 5.0, FALSE);
insert into match_participants (match_id, wrestler_id, result) values ('7ec16621-22a7-495f-8abe-eeedc6327674', 'db9025f4-91c4-47e8-b3de-e3864852a4c8', 'winner');
insert into match_participants (match_id, wrestler_id, result) values ('7ec16621-22a7-495f-8abe-eeedc6327674', '004c7b59-d738-4718-a1f0-39aa22e8039d', 'loser');
insert into match_participants (match_id, wrestler_id, result) values ('7ec16621-22a7-495f-8abe-eeedc6327674', '5909ea1d-6838-40c8-8058-64854406eb27', 'loser');
insert into match_participants (match_id, wrestler_id, result) values ('7ec16621-22a7-495f-8abe-eeedc6327674', 'da018f6e-a005-4adc-bd43-e03f03ebcee0', 'loser');
insert into match_participants (match_id, wrestler_id, result) values ('7ec16621-22a7-495f-8abe-eeedc6327674', '6a3c5c70-fbb7-4a85-8940-df64e251eca3', 'loser');
insert into shows (id, name, show_date, show_type, ppv_name) values ('0db8a8eb-c943-4923-b6b9-4291c025c673', 'DAW 12-27-2024', '2024-12-27', 'weekly', NULL);
insert into matches (id, show_id, match_number, match_type, stipulation, is_title_match, title_id, is_mitb, mitb_cashin, defeat_type, rating, is_draw) values ('7c6f73f9-b31e-4567-a1a7-95f9613fd8ef', '0db8a8eb-c943-4923-b6b9-4291c025c673', 1, 'Tag Team', NULL, TRUE, '4091f18e-1fb8-441e-b708-1729cb0b0011', FALSE, FALSE, 'Pin', 4.5, FALSE);
insert into match_participants (match_id, team_id, result) values ('7c6f73f9-b31e-4567-a1a7-95f9613fd8ef', '851cd315-9431-48a4-aa8a-acca45ae40c2', 'winner');
insert into matches (id, show_id, match_number, match_type, stipulation, is_title_match, title_id, is_mitb, mitb_cashin, defeat_type, rating, is_draw) values ('169d8d01-3e76-42bb-9545-67e5d2195d98', '0db8a8eb-c943-4923-b6b9-4291c025c673', 2, 'Single', NULL, FALSE, NULL, NULL, FALSE, 'Pin', 3.5, FALSE);
insert into match_participants (match_id, wrestler_id, result) values ('169d8d01-3e76-42bb-9545-67e5d2195d98', '2aa3970c-60d0-4cf7-b36b-ff6ddad17f69', 'loser');
insert into match_participants (match_id, wrestler_id, result) values ('169d8d01-3e76-42bb-9545-67e5d2195d98', '469ab9db-7202-45c0-a929-64eb9137b121', 'winner');
insert into matches (id, show_id, match_number, match_type, stipulation, is_title_match, title_id, is_mitb, mitb_cashin, defeat_type, rating, is_draw) values ('2b3f8ac1-ef1a-45d1-90f8-a134584de509', '0db8a8eb-c943-4923-b6b9-4291c025c673', 3, 'Triple Threat', NULL, FALSE, NULL, NULL, FALSE, 'Pin', 4.5, FALSE);
insert into match_participants (match_id, wrestler_id, result) values ('2b3f8ac1-ef1a-45d1-90f8-a134584de509', 'd0df50f1-fbbb-4298-ab0c-f7e6e122c4c4', 'loser');
insert into match_participants (match_id, wrestler_id, result) values ('2b3f8ac1-ef1a-45d1-90f8-a134584de509', 'bb9a9914-0182-4aa3-a052-8e7042116d4b', 'winner');
insert into match_participants (match_id, wrestler_id, result) values ('2b3f8ac1-ef1a-45d1-90f8-a134584de509', '7d9945b2-59a0-4661-8206-198fec52bb2f', 'loser');
insert into matches (id, show_id, match_number, match_type, stipulation, is_title_match, title_id, is_mitb, mitb_cashin, defeat_type, rating, is_draw) values ('b7d13d1e-e11f-4ddb-9b51-890eba6fc974', '0db8a8eb-c943-4923-b6b9-4291c025c673', 4, 'Single', NULL, TRUE, '5db4cd6b-6ebe-4a87-b7bb-017af3856766', FALSE, FALSE, 'Pin', 3.0, FALSE);
insert into match_participants (match_id, wrestler_id, result) values ('b7d13d1e-e11f-4ddb-9b51-890eba6fc974', 'da018f6e-a005-4adc-bd43-e03f03ebcee0', 'loser');
insert into match_participants (match_id, wrestler_id, result) values ('b7d13d1e-e11f-4ddb-9b51-890eba6fc974', '31f8c2ba-a0c4-4352-ae28-1cf68d200216', 'winner');
insert into matches (id, show_id, match_number, match_type, stipulation, is_title_match, title_id, is_mitb, mitb_cashin, defeat_type, rating, is_draw) values ('57078aa3-61e9-4c63-8fa0-1189eff0ebe9', '0db8a8eb-c943-4923-b6b9-4291c025c673', 5, 'Single', NULL, FALSE, NULL, NULL, FALSE, 'Pin', 2.0, FALSE);
insert into match_participants (match_id, wrestler_id, result) values ('57078aa3-61e9-4c63-8fa0-1189eff0ebe9', '6a3c5c70-fbb7-4a85-8940-df64e251eca3', 'loser');
insert into match_participants (match_id, wrestler_id, result) values ('57078aa3-61e9-4c63-8fa0-1189eff0ebe9', 'fce02e68-03a4-4670-a5d4-a6790f4f92a1', 'loser');
insert into matches (id, show_id, match_number, match_type, stipulation, is_title_match, title_id, is_mitb, mitb_cashin, defeat_type, rating, is_draw) values ('c1bdec4d-cecd-46c3-9b5c-919b4ea60cfa', '0db8a8eb-c943-4923-b6b9-4291c025c673', 6, 'Tag Team', NULL, TRUE, 'c35e55d3-eeb9-45fd-8160-df160862cff0', FALSE, FALSE, 'Pin', 3.5, FALSE);
insert into match_participants (match_id, team_id, result) values ('c1bdec4d-cecd-46c3-9b5c-919b4ea60cfa', '07351f94-4020-4dbc-82b4-afc8470a31f6', 'loser');
insert into match_participants (match_id, team_id, result) values ('c1bdec4d-cecd-46c3-9b5c-919b4ea60cfa', '37867637-ea7c-4d6c-9e59-fb37627e1172', 'winner');
insert into matches (id, show_id, match_number, match_type, stipulation, is_title_match, title_id, is_mitb, mitb_cashin, defeat_type, rating, is_draw) values ('444ecfc9-edbf-4b54-89d8-a9c3fe8d8cd3', '0db8a8eb-c943-4923-b6b9-4291c025c673', 7, 'Single', 'TLC', FALSE, NULL, NULL, FALSE, 'Pin', 2.5, FALSE);
insert into match_participants (match_id, wrestler_id, result) values ('444ecfc9-edbf-4b54-89d8-a9c3fe8d8cd3', '004c7b59-d738-4718-a1f0-39aa22e8039d', 'loser');
insert into match_participants (match_id, wrestler_id, result) values ('444ecfc9-edbf-4b54-89d8-a9c3fe8d8cd3', '5909ea1d-6838-40c8-8058-64854406eb27', 'winner');
insert into matches (id, show_id, match_number, match_type, stipulation, is_title_match, title_id, is_mitb, mitb_cashin, defeat_type, rating, is_draw) values ('f3e43207-4af7-4eb7-94b0-f7699cffcec6', '0db8a8eb-c943-4923-b6b9-4291c025c673', 8, 'Single', 'Extreme Rules', TRUE, '5d3e065c-43d1-41ee-8d24-e876f1e2b2a1', FALSE, FALSE, 'Pin', 4.5, FALSE);
insert into match_participants (match_id, wrestler_id, result) values ('f3e43207-4af7-4eb7-94b0-f7699cffcec6', 'bc93b973-151b-48ca-8d75-8f6c220a0d31', 'loser');
insert into match_participants (match_id, wrestler_id, result) values ('f3e43207-4af7-4eb7-94b0-f7699cffcec6', '146ed3a2-ffd0-498f-ab39-8a11824f6cff', 'winner');
insert into matches (id, show_id, match_number, match_type, stipulation, is_title_match, title_id, is_mitb, mitb_cashin, defeat_type, rating, is_draw) values ('162b20d0-5d59-4d89-86e9-6f0561f211f7', '0db8a8eb-c943-4923-b6b9-4291c025c673', 9, 'Single', 'No Holds Barred', FALSE, NULL, NULL, FALSE, 'Pin', 1.5, FALSE);
insert into match_participants (match_id, wrestler_id, result) values ('162b20d0-5d59-4d89-86e9-6f0561f211f7', 'ae2ce814-315f-41f0-ab99-eddf09a7d4c5', 'winner');
insert into matches (id, show_id, match_number, match_type, stipulation, is_title_match, title_id, is_mitb, mitb_cashin, defeat_type, rating, is_draw) values ('78c1cb40-f0e8-42c4-821a-4d60c2eb80c7', '0db8a8eb-c943-4923-b6b9-4291c025c673', 10, 'Single', NULL, FALSE, NULL, NULL, FALSE, 'Pin', 2.0, FALSE);
insert into match_participants (match_id, wrestler_id, result) values ('78c1cb40-f0e8-42c4-821a-4d60c2eb80c7', 'bccac820-8145-4923-9154-7b18bc8ffb2d', 'winner');
insert into match_participants (match_id, wrestler_id, result) values ('78c1cb40-f0e8-42c4-821a-4d60c2eb80c7', 'f53c5be3-c66c-4d29-b281-5c0157203703', 'loser');
insert into matches (id, show_id, match_number, match_type, stipulation, is_title_match, title_id, is_mitb, mitb_cashin, defeat_type, rating, is_draw) values ('212ffc10-41c9-4348-87b0-373e2aa202fd', '0db8a8eb-c943-4923-b6b9-4291c025c673', 11, 'Single', 'Extreme Rules', FALSE, NULL, FALSE, FALSE, 'Pin', 4.5, FALSE);
insert into match_participants (match_id, wrestler_id, result) values ('212ffc10-41c9-4348-87b0-373e2aa202fd', 'db9025f4-91c4-47e8-b3de-e3864852a4c8', 'winner');
insert into match_participants (match_id, wrestler_id, result) values ('212ffc10-41c9-4348-87b0-373e2aa202fd', 'ad63b3fd-9de8-4398-a085-7cc8f264589e', 'loser');
insert into matches (id, show_id, match_number, match_type, stipulation, is_title_match, title_id, is_mitb, mitb_cashin, defeat_type, rating, is_draw) values ('3a7c8c48-bd40-4689-b35e-d4c07d1b750b', '0db8a8eb-c943-4923-b6b9-4291c025c673', 13, 'Single', NULL, TRUE, 'f3ec52c9-649b-48cb-aa37-da278fbd72df', FALSE, FALSE, 'Pin', 2.5, FALSE);
insert into match_participants (match_id, wrestler_id, result) values ('3a7c8c48-bd40-4689-b35e-d4c07d1b750b', '45d6759a-e627-41e8-b142-68a6772440d1', 'loser');
insert into match_participants (match_id, wrestler_id, result) values ('3a7c8c48-bd40-4689-b35e-d4c07d1b750b', '0655bec3-0c3f-48ed-b466-a98f20841621', 'winner');
insert into matches (id, show_id, match_number, match_type, stipulation, is_title_match, title_id, is_mitb, mitb_cashin, defeat_type, rating, is_draw) values ('2d444050-751d-4c1a-a623-39fc1a89dcb2', '0db8a8eb-c943-4923-b6b9-4291c025c673', 14, 'Single', 'Steel Cage', TRUE, '02b0c038-accb-495b-8d6a-8891a7b51554', FALSE, FALSE, 'Pin', 4.5, FALSE);
insert into match_participants (match_id, wrestler_id, result) values ('2d444050-751d-4c1a-a623-39fc1a89dcb2', '07687962-07c0-46b6-9541-2d8b60e3c2c1', 'loser');
insert into match_participants (match_id, wrestler_id, result) values ('2d444050-751d-4c1a-a623-39fc1a89dcb2', '1fdbaeea-4dc7-41ff-9ce9-394d33e1ace4', 'winner');
insert into shows (id, name, show_date, show_type, ppv_name) values ('2c61a854-d4bd-4020-90c7-7fa0ad87dc54', 'DAW 01-03-2025', '2025-01-03', 'weekly', NULL);
insert into matches (id, show_id, match_number, match_type, stipulation, is_title_match, title_id, is_mitb, mitb_cashin, defeat_type, rating, is_draw) values ('cd16e7c3-b17e-4dac-9d0e-35dabdb18960', '2c61a854-d4bd-4020-90c7-7fa0ad87dc54', 1, 'Single', NULL, FALSE, NULL, NULL, FALSE, 'Pin', 3.0, FALSE);
insert into match_participants (match_id, team_id, result) values ('cd16e7c3-b17e-4dac-9d0e-35dabdb18960', '851cd315-9431-48a4-aa8a-acca45ae40c2', 'loser');
insert into matches (id, show_id, match_number, match_type, stipulation, is_title_match, title_id, is_mitb, mitb_cashin, defeat_type, rating, is_draw) values ('0ae52296-685b-4c26-9944-e1996481e28a', '2c61a854-d4bd-4020-90c7-7fa0ad87dc54', 2, 'Single', NULL, FALSE, NULL, NULL, FALSE, 'Pin', 2.0, FALSE);
insert into match_participants (match_id, wrestler_id, result) values ('0ae52296-685b-4c26-9944-e1996481e28a', 'da018f6e-a005-4adc-bd43-e03f03ebcee0', 'loser');
insert into match_participants (match_id, wrestler_id, result) values ('0ae52296-685b-4c26-9944-e1996481e28a', 'bb9a9914-0182-4aa3-a052-8e7042116d4b', 'winner');
insert into matches (id, show_id, match_number, match_type, stipulation, is_title_match, title_id, is_mitb, mitb_cashin, defeat_type, rating, is_draw) values ('e819deb4-ab06-4d49-8ecc-8efecee5e61e', '2c61a854-d4bd-4020-90c7-7fa0ad87dc54', 3, 'Triple Threat', NULL, FALSE, NULL, NULL, FALSE, 'Pin', 4.0, FALSE);
insert into match_participants (match_id, wrestler_id, result) values ('e819deb4-ab06-4d49-8ecc-8efecee5e61e', '004c7b59-d738-4718-a1f0-39aa22e8039d', 'loser');
insert into match_participants (match_id, wrestler_id, result) values ('e819deb4-ab06-4d49-8ecc-8efecee5e61e', 'cd5fa7e0-c982-449d-ab4f-cd0b33045715', 'loser');
insert into match_participants (match_id, wrestler_id, result) values ('e819deb4-ab06-4d49-8ecc-8efecee5e61e', '095eadde-75ef-494e-8568-a09449149336', 'winner');
insert into matches (id, show_id, match_number, match_type, stipulation, is_title_match, title_id, is_mitb, mitb_cashin, defeat_type, rating, is_draw) values ('2269cdbf-d6e8-461d-97d5-b2bf495cd0de', '2c61a854-d4bd-4020-90c7-7fa0ad87dc54', 4, 'Single', NULL, FALSE, NULL, NULL, FALSE, 'Pin', 4.0, FALSE);
insert into match_participants (match_id, wrestler_id, result) values ('2269cdbf-d6e8-461d-97d5-b2bf495cd0de', 'ad63b3fd-9de8-4398-a085-7cc8f264589e', 'loser');
insert into match_participants (match_id, wrestler_id, result) values ('2269cdbf-d6e8-461d-97d5-b2bf495cd0de', '31f8c2ba-a0c4-4352-ae28-1cf68d200216', 'winner');
insert into matches (id, show_id, match_number, match_type, stipulation, is_title_match, title_id, is_mitb, mitb_cashin, defeat_type, rating, is_draw) values ('1eab02bb-7553-47bd-9afa-565c745306fb', '2c61a854-d4bd-4020-90c7-7fa0ad87dc54', 5, 'Single', NULL, FALSE, NULL, NULL, FALSE, 'Pin', 4.5, FALSE);
insert into match_participants (match_id, wrestler_id, result) values ('1eab02bb-7553-47bd-9afa-565c745306fb', 'db9025f4-91c4-47e8-b3de-e3864852a4c8', 'loser');
insert into match_participants (match_id, wrestler_id, result) values ('1eab02bb-7553-47bd-9afa-565c745306fb', '07687962-07c0-46b6-9541-2d8b60e3c2c1', 'winner');
insert into matches (id, show_id, match_number, match_type, stipulation, is_title_match, title_id, is_mitb, mitb_cashin, defeat_type, rating, is_draw) values ('dc399cc9-1d92-429b-a518-684b529bd935', '2c61a854-d4bd-4020-90c7-7fa0ad87dc54', 6, 'Single', NULL, FALSE, NULL, NULL, FALSE, 'Pin', 4.0, FALSE);
insert into match_participants (match_id, wrestler_id, result) values ('dc399cc9-1d92-429b-a518-684b529bd935', '5909ea1d-6838-40c8-8058-64854406eb27', 'loser');
insert into match_participants (match_id, wrestler_id, result) values ('dc399cc9-1d92-429b-a518-684b529bd935', '7ca7fd7b-2526-41ea-b143-cdd82f404014', 'winner');
insert into matches (id, show_id, match_number, match_type, stipulation, is_title_match, title_id, is_mitb, mitb_cashin, defeat_type, rating, is_draw) values ('06cdad26-9ad4-4e27-b06f-c299fb25d950', '2c61a854-d4bd-4020-90c7-7fa0ad87dc54', 7, 'Single', NULL, FALSE, NULL, NULL, FALSE, 'Pin', 3.0, FALSE);
insert into match_participants (match_id, wrestler_id, result) values ('06cdad26-9ad4-4e27-b06f-c299fb25d950', 'f53c5be3-c66c-4d29-b281-5c0157203703', 'winner');
insert into match_participants (match_id, wrestler_id, result) values ('06cdad26-9ad4-4e27-b06f-c299fb25d950', '469ab9db-7202-45c0-a929-64eb9137b121', 'loser');
insert into matches (id, show_id, match_number, match_type, stipulation, is_title_match, title_id, is_mitb, mitb_cashin, defeat_type, rating, is_draw) values ('59033e7e-5f3a-410f-9738-716662542ea9', '2c61a854-d4bd-4020-90c7-7fa0ad87dc54', 8, 'Triple Threat', NULL, FALSE, NULL, NULL, FALSE, 'Pin', 3.5, FALSE);
insert into match_participants (match_id, wrestler_id, result) values ('59033e7e-5f3a-410f-9738-716662542ea9', '0655bec3-0c3f-48ed-b466-a98f20841621', 'winner');
insert into match_participants (match_id, wrestler_id, result) values ('59033e7e-5f3a-410f-9738-716662542ea9', '146ed3a2-ffd0-498f-ab39-8a11824f6cff', 'loser');
insert into match_participants (match_id, wrestler_id, result) values ('59033e7e-5f3a-410f-9738-716662542ea9', '2c23bf2a-90de-4618-9564-8e0e622857f1', 'loser');
insert into matches (id, show_id, match_number, match_type, stipulation, is_title_match, title_id, is_mitb, mitb_cashin, defeat_type, rating, is_draw) values ('89ed9323-3bed-4044-99d6-6533091e50d3', '2c61a854-d4bd-4020-90c7-7fa0ad87dc54', 9, 'Single', NULL, FALSE, NULL, NULL, FALSE, 'Pin', 3.5, FALSE);
insert into match_participants (match_id, wrestler_id, result) values ('89ed9323-3bed-4044-99d6-6533091e50d3', 'd0df50f1-fbbb-4298-ab0c-f7e6e122c4c4', 'loser');
insert into match_participants (match_id, wrestler_id, result) values ('89ed9323-3bed-4044-99d6-6533091e50d3', '1fdbaeea-4dc7-41ff-9ce9-394d33e1ace4', 'winner');
insert into shows (id, name, show_date, show_type, ppv_name) values ('0e1fee6f-e771-4124-b3cf-3a3c57165549', 'DAW 01-10-2025', '2025-01-10', 'weekly', NULL);
insert into matches (id, show_id, match_number, match_type, stipulation, is_title_match, title_id, is_mitb, mitb_cashin, defeat_type, rating, is_draw) values ('76dae6fd-bfdf-4461-9b21-04ea29f9bfcc', '0e1fee6f-e771-4124-b3cf-3a3c57165549', 1, 'Triple Threat', NULL, FALSE, NULL, NULL, FALSE, 'Pin', 3.0, FALSE);
insert into match_participants (match_id, wrestler_id, result) values ('76dae6fd-bfdf-4461-9b21-04ea29f9bfcc', 'b0a5de67-da65-4808-bb98-ace3a77fa729', 'winner');
insert into match_participants (match_id, wrestler_id, result) values ('76dae6fd-bfdf-4461-9b21-04ea29f9bfcc', '7d9945b2-59a0-4661-8206-198fec52bb2f', 'loser');
insert into match_participants (match_id, wrestler_id, result) values ('76dae6fd-bfdf-4461-9b21-04ea29f9bfcc', 'ae2ce814-315f-41f0-ab99-eddf09a7d4c5', 'loser');
insert into matches (id, show_id, match_number, match_type, stipulation, is_title_match, title_id, is_mitb, mitb_cashin, defeat_type, rating, is_draw) values ('551e5bdb-e6b7-4a7f-ab22-7d208ebbdba2', '0e1fee6f-e771-4124-b3cf-3a3c57165549', 2, 'Single', NULL, FALSE, NULL, NULL, FALSE, 'Pin', 4.5, FALSE);
insert into match_participants (match_id, wrestler_id, result) values ('551e5bdb-e6b7-4a7f-ab22-7d208ebbdba2', 'bb9a9914-0182-4aa3-a052-8e7042116d4b', 'loser');
insert into match_participants (match_id, wrestler_id, result) values ('551e5bdb-e6b7-4a7f-ab22-7d208ebbdba2', 'b2d0cb4c-4471-49a3-b524-544ce1bd95a1', 'winner');
insert into matches (id, show_id, match_number, match_type, stipulation, is_title_match, title_id, is_mitb, mitb_cashin, defeat_type, rating, is_draw) values ('b139beeb-43a5-4773-b821-700918f7b2cf', '0e1fee6f-e771-4124-b3cf-3a3c57165549', 3, 'Single', NULL, FALSE, NULL, NULL, FALSE, 'Pin', 4.0, FALSE);
insert into match_participants (match_id, wrestler_id, result) values ('b139beeb-43a5-4773-b821-700918f7b2cf', '0072611a-281e-4de5-bf57-fbc9696651ec', 'loser');
insert into match_participants (match_id, wrestler_id, result) values ('b139beeb-43a5-4773-b821-700918f7b2cf', '0655bec3-0c3f-48ed-b466-a98f20841621', 'winner');
insert into matches (id, show_id, match_number, match_type, stipulation, is_title_match, title_id, is_mitb, mitb_cashin, defeat_type, rating, is_draw) values ('21e1dace-7b6c-4c6a-aa75-d33641239203', '0e1fee6f-e771-4124-b3cf-3a3c57165549', 4, 'Single', NULL, FALSE, NULL, NULL, FALSE, 'Pin', 3.5, FALSE);
insert into match_participants (match_id, wrestler_id, result) values ('21e1dace-7b6c-4c6a-aa75-d33641239203', 'cd5fa7e0-c982-449d-ab4f-cd0b33045715', 'loser');
insert into match_participants (match_id, wrestler_id, result) values ('21e1dace-7b6c-4c6a-aa75-d33641239203', '09a1ddc7-5133-4858-b8e1-c89de2eefe3b', 'winner');
insert into matches (id, show_id, match_number, match_type, stipulation, is_title_match, title_id, is_mitb, mitb_cashin, defeat_type, rating, is_draw) values ('29a47b86-d357-46f8-9da8-da55cc1e02b4', '0e1fee6f-e771-4124-b3cf-3a3c57165549', 5, 'Single', NULL, FALSE, NULL, NULL, FALSE, 'Pin', 5.0, FALSE);
insert into match_participants (match_id, wrestler_id, result) values ('29a47b86-d357-46f8-9da8-da55cc1e02b4', '9683fa4f-ffaf-4185-938d-e4a435a5aef7', 'winner');
insert into match_participants (match_id, wrestler_id, result) values ('29a47b86-d357-46f8-9da8-da55cc1e02b4', '31f8c2ba-a0c4-4352-ae28-1cf68d200216', 'loser');
insert into matches (id, show_id, match_number, match_type, stipulation, is_title_match, title_id, is_mitb, mitb_cashin, defeat_type, rating, is_draw) values ('a8b023b0-1718-45ed-a0db-c6c9dd4a9652', '0e1fee6f-e771-4124-b3cf-3a3c57165549', 6, 'Tag Team', NULL, FALSE, NULL, NULL, FALSE, 'Pin', 4.0, FALSE);
insert into match_participants (match_id, team_id, result) values ('a8b023b0-1718-45ed-a0db-c6c9dd4a9652', '37867637-ea7c-4d6c-9e59-fb37627e1172', 'winner');
insert into matches (id, show_id, match_number, match_type, stipulation, is_title_match, title_id, is_mitb, mitb_cashin, defeat_type, rating, is_draw) values ('0183be4a-6149-4a4d-aa0e-563c2c79e492', '0e1fee6f-e771-4124-b3cf-3a3c57165549', 7, 'Battle Royale', NULL, FALSE, NULL, NULL, FALSE, 'Pin', 4.0, FALSE);
insert into match_participants (match_id, wrestler_id, result) values ('0183be4a-6149-4a4d-aa0e-563c2c79e492', '24041ddc-d965-4815-8c45-c9f97a2ed2c1', 'loser');
insert into match_participants (match_id, wrestler_id, result) values ('0183be4a-6149-4a4d-aa0e-563c2c79e492', 'bccac820-8145-4923-9154-7b18bc8ffb2d', 'loser');
insert into match_participants (match_id, wrestler_id, result) values ('0183be4a-6149-4a4d-aa0e-563c2c79e492', 'bc93b973-151b-48ca-8d75-8f6c220a0d31', 'loser');
insert into match_participants (match_id, wrestler_id, result) values ('0183be4a-6149-4a4d-aa0e-563c2c79e492', '2c23bf2a-90de-4618-9564-8e0e622857f1', 'winner');
insert into match_participants (match_id, wrestler_id, result) values ('0183be4a-6149-4a4d-aa0e-563c2c79e492', '7e31c302-05ee-4325-989f-aefa74f76445', 'loser');
insert into match_participants (match_id, wrestler_id, result) values ('0183be4a-6149-4a4d-aa0e-563c2c79e492', '469ab9db-7202-45c0-a929-64eb9137b121', 'loser');
insert into match_participants (match_id, wrestler_id, result) values ('0183be4a-6149-4a4d-aa0e-563c2c79e492', '45d6759a-e627-41e8-b142-68a6772440d1', 'loser');
insert into match_participants (match_id, wrestler_id, result) values ('0183be4a-6149-4a4d-aa0e-563c2c79e492', '60c99dea-a118-4839-99eb-5de3ca41d5d4', 'loser');
insert into matches (id, show_id, match_number, match_type, stipulation, is_title_match, title_id, is_mitb, mitb_cashin, defeat_type, rating, is_draw) values ('b64e8752-77e7-42e5-ab1a-651c6e246740', '0e1fee6f-e771-4124-b3cf-3a3c57165549', 8, 'Single', NULL, FALSE, NULL, NULL, FALSE, 'Pin', 2.0, FALSE);
insert into match_participants (match_id, wrestler_id, result) values ('b64e8752-77e7-42e5-ab1a-651c6e246740', '07687962-07c0-46b6-9541-2d8b60e3c2c1', 'winner');
insert into match_participants (match_id, wrestler_id, result) values ('b64e8752-77e7-42e5-ab1a-651c6e246740', 'ad63b3fd-9de8-4398-a085-7cc8f264589e', 'loser');
insert into matches (id, show_id, match_number, match_type, stipulation, is_title_match, title_id, is_mitb, mitb_cashin, defeat_type, rating, is_draw) values ('80d4e7a5-fc75-4184-bba5-5b4aed5c0e65', '0e1fee6f-e771-4124-b3cf-3a3c57165549', 9, 'Tag Team', NULL, FALSE, NULL, NULL, FALSE, 'Pin', 1.5, FALSE);
insert into match_participants (match_id, team_id, result) values ('80d4e7a5-fc75-4184-bba5-5b4aed5c0e65', '7cd24b3e-6a73-4364-83ce-5900b67ce0e4', 'winner');
insert into matches (id, show_id, match_number, match_type, stipulation, is_title_match, title_id, is_mitb, mitb_cashin, defeat_type, rating, is_draw) values ('f4d314b5-46a8-4125-9156-0bcfd81c691f', '0e1fee6f-e771-4124-b3cf-3a3c57165549', 10, 'Single', NULL, TRUE, '7ff2d038-78e9-4309-ab61-a31d82302425', FALSE, FALSE, 'Pin', 3.0, FALSE);
insert into match_participants (match_id, wrestler_id, result) values ('f4d314b5-46a8-4125-9156-0bcfd81c691f', '5909ea1d-6838-40c8-8058-64854406eb27', 'loser');
insert into match_participants (match_id, wrestler_id, result) values ('f4d314b5-46a8-4125-9156-0bcfd81c691f', 'b2d0cb4c-4471-49a3-b524-544ce1bd95a1', 'winner');
insert into shows (id, name, show_date, show_type, ppv_name) values ('0dc61268-b1e9-4dbd-9ada-d6c97a80881d', 'DAW 01-17-2025', '2025-01-17', 'weekly', NULL);
insert into matches (id, show_id, match_number, match_type, stipulation, is_title_match, title_id, is_mitb, mitb_cashin, defeat_type, rating, is_draw) values ('9a0dab67-a4ee-4f78-93c2-d7a7fc030ebf', '0dc61268-b1e9-4dbd-9ada-d6c97a80881d', 1, 'Tag Team', NULL, FALSE, NULL, NULL, FALSE, 'Pin', 3.0, FALSE);
insert into match_participants (match_id, team_id, result) values ('9a0dab67-a4ee-4f78-93c2-d7a7fc030ebf', '9acd1924-2d2e-466d-849e-f0f3ae0901eb', 'loser');
insert into matches (id, show_id, match_number, match_type, stipulation, is_title_match, title_id, is_mitb, mitb_cashin, defeat_type, rating, is_draw) values ('e4763a4d-18c7-4508-b1ac-2c864bfa51bb', '0dc61268-b1e9-4dbd-9ada-d6c97a80881d', 2, 'Triple Threat', NULL, FALSE, NULL, NULL, FALSE, 'Pin', 3.5, FALSE);
insert into match_participants (match_id, wrestler_id, result) values ('e4763a4d-18c7-4508-b1ac-2c864bfa51bb', '0072611a-281e-4de5-bf57-fbc9696651ec', 'loser');
insert into match_participants (match_id, wrestler_id, result) values ('e4763a4d-18c7-4508-b1ac-2c864bfa51bb', '60c99dea-a118-4839-99eb-5de3ca41d5d4', 'winner');
insert into match_participants (match_id, wrestler_id, result) values ('e4763a4d-18c7-4508-b1ac-2c864bfa51bb', 'ddf80d05-eb45-483d-a569-f2ae53f07b4b', 'loser');
insert into matches (id, show_id, match_number, match_type, stipulation, is_title_match, title_id, is_mitb, mitb_cashin, defeat_type, rating, is_draw) values ('433a20b3-4627-4791-af4d-3e868af3a404', '0dc61268-b1e9-4dbd-9ada-d6c97a80881d', 3, 'Single', NULL, FALSE, NULL, NULL, FALSE, 'Pin', 3.5, FALSE);
insert into match_participants (match_id, wrestler_id, result) values ('433a20b3-4627-4791-af4d-3e868af3a404', 'db9025f4-91c4-47e8-b3de-e3864852a4c8', 'loser');
insert into match_participants (match_id, wrestler_id, result) values ('433a20b3-4627-4791-af4d-3e868af3a404', '09a1ddc7-5133-4858-b8e1-c89de2eefe3b', 'winner');
insert into matches (id, show_id, match_number, match_type, stipulation, is_title_match, title_id, is_mitb, mitb_cashin, defeat_type, rating, is_draw) values ('430ef3f3-8b71-4887-9388-6b36f5d1ee4c', '0dc61268-b1e9-4dbd-9ada-d6c97a80881d', 4, 'Single', NULL, FALSE, NULL, NULL, FALSE, 'Pin', 1.5, FALSE);
insert into match_participants (match_id, wrestler_id, result) values ('430ef3f3-8b71-4887-9388-6b36f5d1ee4c', 'b2d0cb4c-4471-49a3-b524-544ce1bd95a1', 'winner');
insert into match_participants (match_id, wrestler_id, result) values ('430ef3f3-8b71-4887-9388-6b36f5d1ee4c', '07687962-07c0-46b6-9541-2d8b60e3c2c1', 'loser');
insert into matches (id, show_id, match_number, match_type, stipulation, is_title_match, title_id, is_mitb, mitb_cashin, defeat_type, rating, is_draw) values ('b0166026-bac5-4659-8a7e-c718bb40c91d', '0dc61268-b1e9-4dbd-9ada-d6c97a80881d', 5, 'Single', NULL, FALSE, NULL, NULL, FALSE, 'Pin', 3.5, FALSE);
insert into match_participants (match_id, wrestler_id, result) values ('b0166026-bac5-4659-8a7e-c718bb40c91d', '469ab9db-7202-45c0-a929-64eb9137b121', 'winner');
insert into match_participants (match_id, wrestler_id, result) values ('b0166026-bac5-4659-8a7e-c718bb40c91d', '45d6759a-e627-41e8-b142-68a6772440d1', 'loser');
insert into matches (id, show_id, match_number, match_type, stipulation, is_title_match, title_id, is_mitb, mitb_cashin, defeat_type, rating, is_draw) values ('d48166e4-ce8b-4f66-bcfc-c0e398e2fd99', '0dc61268-b1e9-4dbd-9ada-d6c97a80881d', 6, 'Tag Team', NULL, FALSE, NULL, NULL, FALSE, 'Pin', 3.0, FALSE);
insert into matches (id, show_id, match_number, match_type, stipulation, is_title_match, title_id, is_mitb, mitb_cashin, defeat_type, rating, is_draw) values ('b06a0213-75b9-40e2-b9e4-6646cbf34bcf', '0dc61268-b1e9-4dbd-9ada-d6c97a80881d', 7, 'Single', NULL, FALSE, NULL, NULL, FALSE, 'Pin', 4.5, FALSE);
insert into match_participants (match_id, wrestler_id, result) values ('b06a0213-75b9-40e2-b9e4-6646cbf34bcf', '0d2420e5-4511-44a9-8d66-a70eef1ce8d4', 'winner');
insert into match_participants (match_id, wrestler_id, result) values ('b06a0213-75b9-40e2-b9e4-6646cbf34bcf', '146ed3a2-ffd0-498f-ab39-8a11824f6cff', 'loser');
insert into matches (id, show_id, match_number, match_type, stipulation, is_title_match, title_id, is_mitb, mitb_cashin, defeat_type, rating, is_draw) values ('88072e9a-1135-4664-ae27-ecec97c2f8e9', '0dc61268-b1e9-4dbd-9ada-d6c97a80881d', 8, 'Single', NULL, FALSE, NULL, NULL, FALSE, 'Pin', 4.0, FALSE);
insert into match_participants (match_id, wrestler_id, result) values ('88072e9a-1135-4664-ae27-ecec97c2f8e9', 'f53c5be3-c66c-4d29-b281-5c0157203703', 'loser');
insert into match_participants (match_id, wrestler_id, result) values ('88072e9a-1135-4664-ae27-ecec97c2f8e9', '2c23bf2a-90de-4618-9564-8e0e622857f1', 'winner');
insert into matches (id, show_id, match_number, match_type, stipulation, is_title_match, title_id, is_mitb, mitb_cashin, defeat_type, rating, is_draw) values ('9fdd6a09-8115-4b38-af39-7ed5a095d641', '0dc61268-b1e9-4dbd-9ada-d6c97a80881d', 9, 'Single', NULL, FALSE, NULL, NULL, FALSE, 'Pin', 3.0, FALSE);
insert into match_participants (match_id, wrestler_id, result) values ('9fdd6a09-8115-4b38-af39-7ed5a095d641', '7ca7fd7b-2526-41ea-b143-cdd82f404014', 'loser');
insert into match_participants (match_id, wrestler_id, result) values ('9fdd6a09-8115-4b38-af39-7ed5a095d641', '1fdbaeea-4dc7-41ff-9ce9-394d33e1ace4', 'winner');
insert into shows (id, name, show_date, show_type, ppv_name) values ('6bee1a54-993d-4fda-ad9c-5a5f50c8ab72', 'DAW 01-24-2025', '2025-01-24', 'weekly', NULL);
insert into matches (id, show_id, match_number, match_type, stipulation, is_title_match, title_id, is_mitb, mitb_cashin, defeat_type, rating, is_draw) values ('7b53ddea-f9c0-4ed5-bdd7-ff10798a3a18', '6bee1a54-993d-4fda-ad9c-5a5f50c8ab72', 1, 'Tag Team', NULL, FALSE, NULL, NULL, FALSE, 'Pin', 3.5, FALSE);
insert into matches (id, show_id, match_number, match_type, stipulation, is_title_match, title_id, is_mitb, mitb_cashin, defeat_type, rating, is_draw) values ('ef896429-958c-4d43-afb6-1c3d39a6ff68', '6bee1a54-993d-4fda-ad9c-5a5f50c8ab72', 2, 'Single', NULL, FALSE, NULL, NULL, FALSE, 'Pin', 3.0, FALSE);
insert into match_participants (match_id, wrestler_id, result) values ('ef896429-958c-4d43-afb6-1c3d39a6ff68', 'db9025f4-91c4-47e8-b3de-e3864852a4c8', 'winner');
insert into match_participants (match_id, wrestler_id, result) values ('ef896429-958c-4d43-afb6-1c3d39a6ff68', '6a3c5c70-fbb7-4a85-8940-df64e251eca3', 'loser');
insert into matches (id, show_id, match_number, match_type, stipulation, is_title_match, title_id, is_mitb, mitb_cashin, defeat_type, rating, is_draw) values ('d869e656-92bb-4151-8577-be8322783910', '6bee1a54-993d-4fda-ad9c-5a5f50c8ab72', 3, 'Triple Threat', NULL, FALSE, NULL, NULL, FALSE, 'Pin', 3.5, FALSE);
insert into match_participants (match_id, wrestler_id, result) values ('d869e656-92bb-4151-8577-be8322783910', '09a1ddc7-5133-4858-b8e1-c89de2eefe3b', 'winner');
insert into match_participants (match_id, wrestler_id, result) values ('d869e656-92bb-4151-8577-be8322783910', 'cd5fa7e0-c982-449d-ab4f-cd0b33045715', 'loser');
insert into match_participants (match_id, wrestler_id, result) values ('d869e656-92bb-4151-8577-be8322783910', '004c7b59-d738-4718-a1f0-39aa22e8039d', 'loser');
insert into matches (id, show_id, match_number, match_type, stipulation, is_title_match, title_id, is_mitb, mitb_cashin, defeat_type, rating, is_draw) values ('7cea83d7-4422-4ab5-b033-82ddf1fbc8e2', '6bee1a54-993d-4fda-ad9c-5a5f50c8ab72', 4, 'Single', NULL, FALSE, NULL, NULL, FALSE, 'Pin', 4.0, FALSE);
insert into match_participants (match_id, wrestler_id, result) values ('7cea83d7-4422-4ab5-b033-82ddf1fbc8e2', 'b2d0cb4c-4471-49a3-b524-544ce1bd95a1', 'winner');
insert into match_participants (match_id, wrestler_id, result) values ('7cea83d7-4422-4ab5-b033-82ddf1fbc8e2', '31f8c2ba-a0c4-4352-ae28-1cf68d200216', 'loser');
insert into matches (id, show_id, match_number, match_type, stipulation, is_title_match, title_id, is_mitb, mitb_cashin, defeat_type, rating, is_draw) values ('fb00d2ce-6bc4-480c-b78f-2ad9425ec3fc', '6bee1a54-993d-4fda-ad9c-5a5f50c8ab72', 5, 'Single', NULL, FALSE, NULL, NULL, FALSE, 'Pin', 3.5, FALSE);
insert into match_participants (match_id, wrestler_id, result) values ('fb00d2ce-6bc4-480c-b78f-2ad9425ec3fc', '9683fa4f-ffaf-4185-938d-e4a435a5aef7', 'loser');
insert into match_participants (match_id, wrestler_id, result) values ('fb00d2ce-6bc4-480c-b78f-2ad9425ec3fc', 'd0df50f1-fbbb-4298-ab0c-f7e6e122c4c4', 'winner');
insert into matches (id, show_id, match_number, match_type, stipulation, is_title_match, title_id, is_mitb, mitb_cashin, defeat_type, rating, is_draw) values ('7e4b8a85-710f-49cc-8c4a-c4f7c2a833fe', '6bee1a54-993d-4fda-ad9c-5a5f50c8ab72', 6, 'Single', NULL, FALSE, NULL, NULL, FALSE, 'Pin', 4.0, FALSE);
insert into match_participants (match_id, wrestler_id, result) values ('7e4b8a85-710f-49cc-8c4a-c4f7c2a833fe', '60c99dea-a118-4839-99eb-5de3ca41d5d4', 'winner');
insert into match_participants (match_id, wrestler_id, result) values ('7e4b8a85-710f-49cc-8c4a-c4f7c2a833fe', '146ed3a2-ffd0-498f-ab39-8a11824f6cff', 'loser');
insert into matches (id, show_id, match_number, match_type, stipulation, is_title_match, title_id, is_mitb, mitb_cashin, defeat_type, rating, is_draw) values ('050c086f-0619-4c53-bdee-0ed27d0a10b9', '6bee1a54-993d-4fda-ad9c-5a5f50c8ab72', 7, 'Single', NULL, FALSE, NULL, NULL, FALSE, 'Pin', 4.0, FALSE);
insert into match_participants (match_id, wrestler_id, result) values ('050c086f-0619-4c53-bdee-0ed27d0a10b9', '469ab9db-7202-45c0-a929-64eb9137b121', 'loser');
insert into match_participants (match_id, wrestler_id, result) values ('050c086f-0619-4c53-bdee-0ed27d0a10b9', '2c23bf2a-90de-4618-9564-8e0e622857f1', 'winner');
insert into matches (id, show_id, match_number, match_type, stipulation, is_title_match, title_id, is_mitb, mitb_cashin, defeat_type, rating, is_draw) values ('cfbfd9d3-6e89-4f66-970d-6c8736c15cf1', '6bee1a54-993d-4fda-ad9c-5a5f50c8ab72', 8, 'Triple Threat', NULL, FALSE, NULL, NULL, FALSE, 'Pin', 3.0, FALSE);
insert into match_participants (match_id, wrestler_id, result) values ('cfbfd9d3-6e89-4f66-970d-6c8736c15cf1', '0d2420e5-4511-44a9-8d66-a70eef1ce8d4', 'loser');
insert into match_participants (match_id, wrestler_id, result) values ('cfbfd9d3-6e89-4f66-970d-6c8736c15cf1', 'f53c5be3-c66c-4d29-b281-5c0157203703', 'loser');
insert into match_participants (match_id, wrestler_id, result) values ('cfbfd9d3-6e89-4f66-970d-6c8736c15cf1', '0655bec3-0c3f-48ed-b466-a98f20841621', 'winner');
insert into matches (id, show_id, match_number, match_type, stipulation, is_title_match, title_id, is_mitb, mitb_cashin, defeat_type, rating, is_draw) values ('6c95f987-c032-43f7-a503-347138f3c661', '6bee1a54-993d-4fda-ad9c-5a5f50c8ab72', 9, 'Single', 'Iron Man', FALSE, NULL, NULL, FALSE, 'Pin', 5.0, FALSE);
insert into match_participants (match_id, wrestler_id, result) values ('6c95f987-c032-43f7-a503-347138f3c661', 'ad63b3fd-9de8-4398-a085-7cc8f264589e', 'loser');
insert into match_participants (match_id, wrestler_id, result) values ('6c95f987-c032-43f7-a503-347138f3c661', '07687962-07c0-46b6-9541-2d8b60e3c2c1', 'winner');
insert into shows (id, name, show_date, show_type, ppv_name) values ('32d83c3d-d323-489a-a288-e1182d45e690', 'DAW 01-31-2025', '2025-01-31', 'weekly', NULL);
insert into matches (id, show_id, match_number, match_type, stipulation, is_title_match, title_id, is_mitb, mitb_cashin, defeat_type, rating, is_draw) values ('d3db73f4-681f-4cec-8b0b-767b896e0db8', '32d83c3d-d323-489a-a288-e1182d45e690', 1, 'Tag Team', NULL, TRUE, '4091f18e-1fb8-441e-b708-1729cb0b0011', FALSE, FALSE, 'Pin', 4.0, FALSE);
insert into match_participants (match_id, team_id, result) values ('d3db73f4-681f-4cec-8b0b-767b896e0db8', '851cd315-9431-48a4-aa8a-acca45ae40c2', 'winner');
insert into matches (id, show_id, match_number, match_type, stipulation, is_title_match, title_id, is_mitb, mitb_cashin, defeat_type, rating, is_draw) values ('e5386569-06b6-48e7-b111-ae5ae6cc4004', '32d83c3d-d323-489a-a288-e1182d45e690', 2, 'Tag Team', NULL, FALSE, NULL, NULL, FALSE, 'Pin', 5.0, FALSE);
insert into match_participants (match_id, wrestler_id, result) values ('e5386569-06b6-48e7-b111-ae5ae6cc4004', 'df1f0185-5678-4a36-8b11-55cda64a0fa0', 'winner');
insert into matches (id, show_id, match_number, match_type, stipulation, is_title_match, title_id, is_mitb, mitb_cashin, defeat_type, rating, is_draw) values ('72a58874-eab7-4943-bd57-1dfe52941364', '32d83c3d-d323-489a-a288-e1182d45e690', 3, 'Single', NULL, TRUE, '5d3e065c-43d1-41ee-8d24-e876f1e2b2a1', FALSE, FALSE, 'Pin', 3.0, FALSE);
insert into match_participants (match_id, wrestler_id, result) values ('72a58874-eab7-4943-bd57-1dfe52941364', '2c23bf2a-90de-4618-9564-8e0e622857f1', 'winner');
insert into match_participants (match_id, wrestler_id, result) values ('72a58874-eab7-4943-bd57-1dfe52941364', '146ed3a2-ffd0-498f-ab39-8a11824f6cff', 'loser');
insert into matches (id, show_id, match_number, match_type, stipulation, is_title_match, title_id, is_mitb, mitb_cashin, defeat_type, rating, is_draw) values ('d9344632-487a-412f-8e87-bf89387f4a00', '32d83c3d-d323-489a-a288-e1182d45e690', 4, 'Tag Team', 'TLC', FALSE, NULL, NULL, FALSE, 'Pin', 1.5, FALSE);
insert into match_participants (match_id, team_id, result) values ('d9344632-487a-412f-8e87-bf89387f4a00', '8d790109-09d5-4f53-abc0-4b9e1844f285', 'winner');
insert into match_participants (match_id, team_id, result) values ('d9344632-487a-412f-8e87-bf89387f4a00', 'f7a2e157-4b15-4f76-92c8-41e8e2dea5c6', 'loser');
insert into match_participants (match_id, team_id, result) values ('d9344632-487a-412f-8e87-bf89387f4a00', '07351f94-4020-4dbc-82b4-afc8470a31f6', 'loser');
insert into matches (id, show_id, match_number, match_type, stipulation, is_title_match, title_id, is_mitb, mitb_cashin, defeat_type, rating, is_draw) values ('a5d6d7c2-ac74-4846-8247-24eb5855e8d2', '32d83c3d-d323-489a-a288-e1182d45e690', 5, 'Single', NULL, TRUE, '5db4cd6b-6ebe-4a87-b7bb-017af3856766', FALSE, FALSE, 'Pin', 2.0, FALSE);
insert into match_participants (match_id, wrestler_id, result) values ('a5d6d7c2-ac74-4846-8247-24eb5855e8d2', '9683fa4f-ffaf-4185-938d-e4a435a5aef7', 'loser');
insert into match_participants (match_id, wrestler_id, result) values ('a5d6d7c2-ac74-4846-8247-24eb5855e8d2', '31f8c2ba-a0c4-4352-ae28-1cf68d200216', 'winner');
insert into matches (id, show_id, match_number, match_type, stipulation, is_title_match, title_id, is_mitb, mitb_cashin, defeat_type, rating, is_draw) values ('c7605334-3046-4ce0-927b-6ccf496898eb', '32d83c3d-d323-489a-a288-e1182d45e690', 6, 'Single', 'No Holds Barred', FALSE, NULL, NULL, FALSE, 'Pin', 4.5, FALSE);
insert into match_participants (match_id, wrestler_id, result) values ('c7605334-3046-4ce0-927b-6ccf496898eb', '45d6759a-e627-41e8-b142-68a6772440d1', 'loser');
insert into match_participants (match_id, wrestler_id, result) values ('c7605334-3046-4ce0-927b-6ccf496898eb', '0d2420e5-4511-44a9-8d66-a70eef1ce8d4', 'winner');
insert into matches (id, show_id, match_number, match_type, stipulation, is_title_match, title_id, is_mitb, mitb_cashin, defeat_type, rating, is_draw) values ('7df48aa8-691c-45db-9110-1c967a9c1e16', '32d83c3d-d323-489a-a288-e1182d45e690', 7, 'Single', 'Extreme Rules', FALSE, NULL, FALSE, FALSE, 'Pin', 4.0, FALSE);
insert into match_participants (match_id, wrestler_id, result) values ('7df48aa8-691c-45db-9110-1c967a9c1e16', '07687962-07c0-46b6-9541-2d8b60e3c2c1', 'winner');
insert into match_participants (match_id, wrestler_id, result) values ('7df48aa8-691c-45db-9110-1c967a9c1e16', 'db9025f4-91c4-47e8-b3de-e3864852a4c8', 'loser');
insert into matches (id, show_id, match_number, match_type, stipulation, is_title_match, title_id, is_mitb, mitb_cashin, defeat_type, rating, is_draw) values ('1bc209cd-7fed-435d-a715-05a01dbbce61', '32d83c3d-d323-489a-a288-e1182d45e690', 8, 'Single', 'Falls Count Anywhere', FALSE, NULL, NULL, FALSE, 'Pin', 3.0, FALSE);
insert into match_participants (match_id, wrestler_id, result) values ('1bc209cd-7fed-435d-a715-05a01dbbce61', 'ae2ce814-315f-41f0-ab99-eddf09a7d4c5', 'winner');
insert into matches (id, show_id, match_number, match_type, stipulation, is_title_match, title_id, is_mitb, mitb_cashin, defeat_type, rating, is_draw) values ('92deca95-b5a5-4f28-b022-a067c0e0e045', '32d83c3d-d323-489a-a288-e1182d45e690', 8, 'Single', 'Falls Count Anywhere', TRUE, 'f3ec52c9-649b-48cb-aa37-da278fbd72df', FALSE, FALSE, 'Pin', 3.5, FALSE);
insert into match_participants (match_id, wrestler_id, result) values ('92deca95-b5a5-4f28-b022-a067c0e0e045', '0072611a-281e-4de5-bf57-fbc9696651ec', 'loser');
insert into match_participants (match_id, wrestler_id, result) values ('92deca95-b5a5-4f28-b022-a067c0e0e045', '0655bec3-0c3f-48ed-b466-a98f20841621', 'winner');
insert into matches (id, show_id, match_number, match_type, stipulation, is_title_match, title_id, is_mitb, mitb_cashin, defeat_type, rating, is_draw) values ('6371b18f-8d5b-4c53-a843-10f734668a3f', '32d83c3d-d323-489a-a288-e1182d45e690', 10, 'Royal Rumble', NULL, FALSE, NULL, NULL, FALSE, 'Pin', 4.0, FALSE);
insert into match_participants (match_id, wrestler_id, result) values ('6371b18f-8d5b-4c53-a843-10f734668a3f', '0655bec3-0c3f-48ed-b466-a98f20841621', 'loser');
insert into match_participants (match_id, wrestler_id, result) values ('6371b18f-8d5b-4c53-a843-10f734668a3f', '2aa3970c-60d0-4cf7-b36b-ff6ddad17f69', 'loser');
insert into match_participants (match_id, wrestler_id, result) values ('6371b18f-8d5b-4c53-a843-10f734668a3f', 'b53deaf4-6809-46c8-a85f-587ef1ead267', 'loser');
insert into match_participants (match_id, wrestler_id, result) values ('6371b18f-8d5b-4c53-a843-10f734668a3f', '6744f55d-802e-4dc8-83da-df85f7d6e050', 'loser');
insert into match_participants (match_id, wrestler_id, result) values ('6371b18f-8d5b-4c53-a843-10f734668a3f', '24041ddc-d965-4815-8c45-c9f97a2ed2c1', 'loser');
insert into match_participants (match_id, wrestler_id, result) values ('6371b18f-8d5b-4c53-a843-10f734668a3f', '31f9e94a-66c8-428d-9ae1-dc8ad7d4834f', 'loser');
insert into match_participants (match_id, wrestler_id, result) values ('6371b18f-8d5b-4c53-a843-10f734668a3f', 'ddf80d05-eb45-483d-a569-f2ae53f07b4b', 'loser');
insert into match_participants (match_id, wrestler_id, result) values ('6371b18f-8d5b-4c53-a843-10f734668a3f', 'bccac820-8145-4923-9154-7b18bc8ffb2d', 'loser');
insert into match_participants (match_id, wrestler_id, result) values ('6371b18f-8d5b-4c53-a843-10f734668a3f', '469ab9db-7202-45c0-a929-64eb9137b121', 'loser');
insert into match_participants (match_id, wrestler_id, result) values ('6371b18f-8d5b-4c53-a843-10f734668a3f', '45d6759a-e627-41e8-b142-68a6772440d1', 'loser');
insert into match_participants (match_id, wrestler_id, result) values ('6371b18f-8d5b-4c53-a843-10f734668a3f', '60c99dea-a118-4839-99eb-5de3ca41d5d4', 'loser');
insert into match_participants (match_id, wrestler_id, result) values ('6371b18f-8d5b-4c53-a843-10f734668a3f', 'f53c5be3-c66c-4d29-b281-5c0157203703', 'loser');
insert into match_participants (match_id, wrestler_id, result) values ('6371b18f-8d5b-4c53-a843-10f734668a3f', '7e31c302-05ee-4325-989f-aefa74f76445', 'loser');
insert into match_participants (match_id, wrestler_id, result) values ('6371b18f-8d5b-4c53-a843-10f734668a3f', '0072611a-281e-4de5-bf57-fbc9696651ec', 'loser');
insert into match_participants (match_id, wrestler_id, result) values ('6371b18f-8d5b-4c53-a843-10f734668a3f', '0d2420e5-4511-44a9-8d66-a70eef1ce8d4', 'loser');
insert into match_participants (match_id, wrestler_id, result) values ('6371b18f-8d5b-4c53-a843-10f734668a3f', 'bc93b973-151b-48ca-8d75-8f6c220a0d31', 'loser');
insert into match_participants (match_id, wrestler_id, result) values ('6371b18f-8d5b-4c53-a843-10f734668a3f', '146ed3a2-ffd0-498f-ab39-8a11824f6cff', 'loser');
insert into match_participants (match_id, wrestler_id, result) values ('6371b18f-8d5b-4c53-a843-10f734668a3f', '2c23bf2a-90de-4618-9564-8e0e622857f1', 'loser');
insert into match_participants (match_id, wrestler_id, result) values ('6371b18f-8d5b-4c53-a843-10f734668a3f', '122e2f4f-61c3-46f1-8de6-407a73f0712e', 'winner');
insert into matches (id, show_id, match_number, match_type, stipulation, is_title_match, title_id, is_mitb, mitb_cashin, defeat_type, rating, is_draw) values ('4c3b71cf-e7ee-463e-a133-acf04abc6b7f', '32d83c3d-d323-489a-a288-e1182d45e690', 11, 'Single', NULL, TRUE, '02b0c038-accb-495b-8d6a-8891a7b51554', FALSE, FALSE, 'Pin', 4.0, FALSE);
insert into match_participants (match_id, wrestler_id, result) values ('4c3b71cf-e7ee-463e-a133-acf04abc6b7f', 'cce2403e-b550-4727-9b4c-e04012c77f31', 'winner');
insert into match_participants (match_id, wrestler_id, result) values ('4c3b71cf-e7ee-463e-a133-acf04abc6b7f', '1fdbaeea-4dc7-41ff-9ce9-394d33e1ace4', 'loser');
insert into matches (id, show_id, match_number, match_type, stipulation, is_title_match, title_id, is_mitb, mitb_cashin, defeat_type, rating, is_draw) values ('f10c3565-e13a-4494-8850-961f4b79ce06', '32d83c3d-d323-489a-a288-e1182d45e690', 12, 'Royal Rumble', NULL, FALSE, NULL, NULL, FALSE, 'Pin', 4.5, FALSE);
insert into match_participants (match_id, wrestler_id, result) values ('f10c3565-e13a-4494-8850-961f4b79ce06', '42bd59e7-6088-4cbf-b7be-f5ecf2d9e740', 'loser');
insert into match_participants (match_id, wrestler_id, result) values ('f10c3565-e13a-4494-8850-961f4b79ce06', 'df1f0185-5678-4a36-8b11-55cda64a0fa0', 'loser');
insert into match_participants (match_id, wrestler_id, result) values ('f10c3565-e13a-4494-8850-961f4b79ce06', '0aa96820-6e1c-4c70-8aa9-4fe6af0221a7', 'loser');
insert into match_participants (match_id, wrestler_id, result) values ('f10c3565-e13a-4494-8850-961f4b79ce06', 'da018f6e-a005-4adc-bd43-e03f03ebcee0', 'loser');
insert into match_participants (match_id, wrestler_id, result) values ('f10c3565-e13a-4494-8850-961f4b79ce06', '9683fa4f-ffaf-4185-938d-e4a435a5aef7', 'winner');
insert into match_participants (match_id, wrestler_id, result) values ('f10c3565-e13a-4494-8850-961f4b79ce06', 'b2d0cb4c-4471-49a3-b524-544ce1bd95a1', 'loser');
insert into match_participants (match_id, wrestler_id, result) values ('f10c3565-e13a-4494-8850-961f4b79ce06', '09a1ddc7-5133-4858-b8e1-c89de2eefe3b', 'loser');
insert into match_participants (match_id, wrestler_id, result) values ('f10c3565-e13a-4494-8850-961f4b79ce06', 'fe192097-a77b-4d95-a8b9-0f0147ab04a6', 'loser');
insert into match_participants (match_id, wrestler_id, result) values ('f10c3565-e13a-4494-8850-961f4b79ce06', 'bb9a9914-0182-4aa3-a052-8e7042116d4b', 'loser');
insert into match_participants (match_id, wrestler_id, result) values ('f10c3565-e13a-4494-8850-961f4b79ce06', 'c582c07c-786b-4687-9aeb-b0431edfb330', 'loser');
insert into match_participants (match_id, wrestler_id, result) values ('f10c3565-e13a-4494-8850-961f4b79ce06', '1c4de4fe-bbbe-420d-b18a-a70501b14a25', 'loser');
insert into match_participants (match_id, wrestler_id, result) values ('f10c3565-e13a-4494-8850-961f4b79ce06', 'a11850be-ac52-4acd-979f-bfff6746cc79', 'loser');
insert into match_participants (match_id, wrestler_id, result) values ('f10c3565-e13a-4494-8850-961f4b79ce06', 'de62c665-df59-4695-bdae-518c1b876263', 'loser');
insert into match_participants (match_id, wrestler_id, result) values ('f10c3565-e13a-4494-8850-961f4b79ce06', '7d9945b2-59a0-4661-8206-198fec52bb2f', 'loser');
insert into match_participants (match_id, wrestler_id, result) values ('f10c3565-e13a-4494-8850-961f4b79ce06', 'b0a5de67-da65-4808-bb98-ace3a77fa729', 'loser');
insert into match_participants (match_id, wrestler_id, result) values ('f10c3565-e13a-4494-8850-961f4b79ce06', '095eadde-75ef-494e-8568-a09449149336', 'loser');
insert into match_participants (match_id, wrestler_id, result) values ('f10c3565-e13a-4494-8850-961f4b79ce06', 'cce2403e-b550-4727-9b4c-e04012c77f31', 'loser');
insert into match_participants (match_id, wrestler_id, result) values ('f10c3565-e13a-4494-8850-961f4b79ce06', '7ca7fd7b-2526-41ea-b143-cdd82f404014', 'loser');
insert into match_participants (match_id, wrestler_id, result) values ('f10c3565-e13a-4494-8850-961f4b79ce06', 'db9025f4-91c4-47e8-b3de-e3864852a4c8', 'loser');
insert into match_participants (match_id, wrestler_id, result) values ('f10c3565-e13a-4494-8850-961f4b79ce06', '31f8c2ba-a0c4-4352-ae28-1cf68d200216', 'loser');
insert into match_participants (match_id, wrestler_id, result) values ('f10c3565-e13a-4494-8850-961f4b79ce06', 'ae2ce814-315f-41f0-ab99-eddf09a7d4c5', 'loser');
insert into match_participants (match_id, wrestler_id, result) values ('f10c3565-e13a-4494-8850-961f4b79ce06', '004c7b59-d738-4718-a1f0-39aa22e8039d', 'loser');
insert into match_participants (match_id, wrestler_id, result) values ('f10c3565-e13a-4494-8850-961f4b79ce06', 'ad63b3fd-9de8-4398-a085-7cc8f264589e', 'loser');
insert into match_participants (match_id, wrestler_id, result) values ('f10c3565-e13a-4494-8850-961f4b79ce06', 'fce02e68-03a4-4670-a5d4-a6790f4f92a1', 'loser');
insert into match_participants (match_id, wrestler_id, result) values ('f10c3565-e13a-4494-8850-961f4b79ce06', '1fdbaeea-4dc7-41ff-9ce9-394d33e1ace4', 'loser');
insert into match_participants (match_id, wrestler_id, result) values ('f10c3565-e13a-4494-8850-961f4b79ce06', '5909ea1d-6838-40c8-8058-64854406eb27', 'loser');
insert into match_participants (match_id, wrestler_id, result) values ('f10c3565-e13a-4494-8850-961f4b79ce06', '07687962-07c0-46b6-9541-2d8b60e3c2c1', 'loser');
insert into match_participants (match_id, wrestler_id, result) values ('f10c3565-e13a-4494-8850-961f4b79ce06', '6a3c5c70-fbb7-4a85-8940-df64e251eca3', 'loser');
insert into match_participants (match_id, wrestler_id, result) values ('f10c3565-e13a-4494-8850-961f4b79ce06', 'd0df50f1-fbbb-4298-ab0c-f7e6e122c4c4', 'loser');
insert into match_participants (match_id, wrestler_id, result) values ('f10c3565-e13a-4494-8850-961f4b79ce06', '09a1ddc7-5133-4858-b8e1-c89de2eefe3b', 'loser');
insert into match_participants (match_id, wrestler_id, result) values ('f10c3565-e13a-4494-8850-961f4b79ce06', 'b2d0cb4c-4471-49a3-b524-544ce1bd95a1', 'loser');
insert into match_participants (match_id, wrestler_id, result) values ('f10c3565-e13a-4494-8850-961f4b79ce06', '9683fa4f-ffaf-4185-938d-e4a435a5aef7', 'winner');
insert into shows (id, name, show_date, show_type, ppv_name) values ('4a845128-860d-4a9f-8279-04aeabef0ec9', 'DAW 02-07-2025', '2025-02-07', 'weekly', NULL);
insert into matches (id, show_id, match_number, match_type, stipulation, is_title_match, title_id, is_mitb, mitb_cashin, defeat_type, rating, is_draw) values ('2febff19-dd6b-47f0-9f3e-7b0d12f862c8', '4a845128-860d-4a9f-8279-04aeabef0ec9', 1, 'Triple Threat', NULL, FALSE, NULL, NULL, FALSE, 'Pin', 2.5, FALSE);
insert into match_participants (match_id, wrestler_id, result) values ('2febff19-dd6b-47f0-9f3e-7b0d12f862c8', '45d6759a-e627-41e8-b142-68a6772440d1', 'loser');
insert into match_participants (match_id, wrestler_id, result) values ('2febff19-dd6b-47f0-9f3e-7b0d12f862c8', '469ab9db-7202-45c0-a929-64eb9137b121', 'loser');
insert into matches (id, show_id, match_number, match_type, stipulation, is_title_match, title_id, is_mitb, mitb_cashin, defeat_type, rating, is_draw) values ('6f8a57e5-6b37-4ecd-9695-93a8814513c3', '4a845128-860d-4a9f-8279-04aeabef0ec9', 2, 'Single', NULL, FALSE, NULL, NULL, FALSE, 'Pin', 4.5, FALSE);
insert into match_participants (match_id, wrestler_id, result) values ('6f8a57e5-6b37-4ecd-9695-93a8814513c3', 'bb9a9914-0182-4aa3-a052-8e7042116d4b', 'winner');
insert into match_participants (match_id, wrestler_id, result) values ('6f8a57e5-6b37-4ecd-9695-93a8814513c3', 'df1f0185-5678-4a36-8b11-55cda64a0fa0', 'loser');
insert into matches (id, show_id, match_number, match_type, stipulation, is_title_match, title_id, is_mitb, mitb_cashin, defeat_type, rating, is_draw) values ('f25ae8e2-b6f2-4d11-84fb-5e76cc1740d7', '4a845128-860d-4a9f-8279-04aeabef0ec9', 3, 'Tag Team', NULL, FALSE, NULL, NULL, FALSE, 'Pin', 3.0, FALSE);
insert into match_participants (match_id, team_id, result) values ('f25ae8e2-b6f2-4d11-84fb-5e76cc1740d7', '326ddb77-a43c-4a2e-832e-258e8e55b621', 'loser');
insert into match_participants (match_id, team_id, result) values ('f25ae8e2-b6f2-4d11-84fb-5e76cc1740d7', '851cd315-9431-48a4-aa8a-acca45ae40c2', 'winner');
insert into matches (id, show_id, match_number, match_type, stipulation, is_title_match, title_id, is_mitb, mitb_cashin, defeat_type, rating, is_draw) values ('fd583580-b691-4088-8c06-9af017487c3f', '4a845128-860d-4a9f-8279-04aeabef0ec9', 4, 'Single', NULL, FALSE, NULL, NULL, FALSE, 'Pin', 2.0, FALSE);
insert into match_participants (match_id, wrestler_id, result) values ('fd583580-b691-4088-8c06-9af017487c3f', '5909ea1d-6838-40c8-8058-64854406eb27', 'loser');
insert into match_participants (match_id, wrestler_id, result) values ('fd583580-b691-4088-8c06-9af017487c3f', 'ae2ce814-315f-41f0-ab99-eddf09a7d4c5', 'winner');
insert into matches (id, show_id, match_number, match_type, stipulation, is_title_match, title_id, is_mitb, mitb_cashin, defeat_type, rating, is_draw) values ('927ba32b-e1aa-47dc-8829-d510b6fddc84', '4a845128-860d-4a9f-8279-04aeabef0ec9', 5, 'Single', NULL, FALSE, NULL, NULL, FALSE, 'Pin', 4.0, FALSE);
insert into match_participants (match_id, wrestler_id, result) values ('927ba32b-e1aa-47dc-8829-d510b6fddc84', '7e31c302-05ee-4325-989f-aefa74f76445', 'loser');
insert into match_participants (match_id, wrestler_id, result) values ('927ba32b-e1aa-47dc-8829-d510b6fddc84', '2c23bf2a-90de-4618-9564-8e0e622857f1', 'winner');
insert into matches (id, show_id, match_number, match_type, stipulation, is_title_match, title_id, is_mitb, mitb_cashin, defeat_type, rating, is_draw) values ('9dfbbd0e-840f-4f42-b87d-1466553debfc', '4a845128-860d-4a9f-8279-04aeabef0ec9', 6, 'Single', NULL, FALSE, NULL, NULL, FALSE, 'Pin', 4.5, FALSE);
insert into match_participants (match_id, wrestler_id, result) values ('9dfbbd0e-840f-4f42-b87d-1466553debfc', '1fdbaeea-4dc7-41ff-9ce9-394d33e1ace4', 'winner');
insert into match_participants (match_id, wrestler_id, result) values ('9dfbbd0e-840f-4f42-b87d-1466553debfc', '31f8c2ba-a0c4-4352-ae28-1cf68d200216', 'loser');
insert into matches (id, show_id, match_number, match_type, stipulation, is_title_match, title_id, is_mitb, mitb_cashin, defeat_type, rating, is_draw) values ('0ce8193d-c09a-4cdb-81f1-50d7ceabb879', '4a845128-860d-4a9f-8279-04aeabef0ec9', 7, 'Triple Threat', 'Table', FALSE, NULL, NULL, FALSE, 'Pin', 3.0, FALSE);
insert into match_participants (match_id, wrestler_id, result) values ('0ce8193d-c09a-4cdb-81f1-50d7ceabb879', '004c7b59-d738-4718-a1f0-39aa22e8039d', 'loser');
insert into match_participants (match_id, wrestler_id, result) values ('0ce8193d-c09a-4cdb-81f1-50d7ceabb879', '9683fa4f-ffaf-4185-938d-e4a435a5aef7', 'loser');
insert into match_participants (match_id, wrestler_id, result) values ('0ce8193d-c09a-4cdb-81f1-50d7ceabb879', '07687962-07c0-46b6-9541-2d8b60e3c2c1', 'winner');
insert into matches (id, show_id, match_number, match_type, stipulation, is_title_match, title_id, is_mitb, mitb_cashin, defeat_type, rating, is_draw) values ('6e63b81a-0590-4fab-b540-43aacfa243c8', '4a845128-860d-4a9f-8279-04aeabef0ec9', 8, 'Single', NULL, FALSE, NULL, NULL, FALSE, 'Pin', 4.5, FALSE);
insert into match_participants (match_id, wrestler_id, result) values ('6e63b81a-0590-4fab-b540-43aacfa243c8', '0d2420e5-4511-44a9-8d66-a70eef1ce8d4', 'winner');
insert into match_participants (match_id, wrestler_id, result) values ('6e63b81a-0590-4fab-b540-43aacfa243c8', '0655bec3-0c3f-48ed-b466-a98f20841621', 'loser');
insert into matches (id, show_id, match_number, match_type, stipulation, is_title_match, title_id, is_mitb, mitb_cashin, defeat_type, rating, is_draw) values ('16fdb462-7b8d-40cf-b19e-3b2be6b7e527', '4a845128-860d-4a9f-8279-04aeabef0ec9', 9, 'Single', NULL, FALSE, NULL, NULL, FALSE, 'Pin', 3.0, FALSE);
insert into match_participants (match_id, wrestler_id, result) values ('16fdb462-7b8d-40cf-b19e-3b2be6b7e527', 'd0df50f1-fbbb-4298-ab0c-f7e6e122c4c4', 'loser');
insert into match_participants (match_id, wrestler_id, result) values ('16fdb462-7b8d-40cf-b19e-3b2be6b7e527', 'cce2403e-b550-4727-9b4c-e04012c77f31', 'loser');
insert into shows (id, name, show_date, show_type, ppv_name) values ('97278b4c-4232-4227-b6dc-976e33da645f', 'DAW 02-14-2025', '2025-02-14', 'weekly', NULL);
insert into matches (id, show_id, match_number, match_type, stipulation, is_title_match, title_id, is_mitb, mitb_cashin, defeat_type, rating, is_draw) values ('f7ad4158-8b69-41f7-970e-513678d475a4', '97278b4c-4232-4227-b6dc-976e33da645f', 1, 'Triple Threat', NULL, FALSE, NULL, NULL, FALSE, 'Pin', 5.0, FALSE);
insert into match_participants (match_id, wrestler_id, result) values ('f7ad4158-8b69-41f7-970e-513678d475a4', 'db9025f4-91c4-47e8-b3de-e3864852a4c8', 'loser');
insert into match_participants (match_id, wrestler_id, result) values ('f7ad4158-8b69-41f7-970e-513678d475a4', 'ad63b3fd-9de8-4398-a085-7cc8f264589e', 'loser');
insert into match_participants (match_id, wrestler_id, result) values ('f7ad4158-8b69-41f7-970e-513678d475a4', 'df1f0185-5678-4a36-8b11-55cda64a0fa0', 'winner');
insert into matches (id, show_id, match_number, match_type, stipulation, is_title_match, title_id, is_mitb, mitb_cashin, defeat_type, rating, is_draw) values ('a0fb9545-b2f1-48d3-a5bc-3cf3d1a724ce', '97278b4c-4232-4227-b6dc-976e33da645f', 2, 'Single', NULL, FALSE, NULL, NULL, FALSE, 'Pin', 3.0, FALSE);
insert into match_participants (match_id, wrestler_id, result) values ('a0fb9545-b2f1-48d3-a5bc-3cf3d1a724ce', '6a3c5c70-fbb7-4a85-8940-df64e251eca3', 'loser');
insert into match_participants (match_id, wrestler_id, result) values ('a0fb9545-b2f1-48d3-a5bc-3cf3d1a724ce', '9683fa4f-ffaf-4185-938d-e4a435a5aef7', 'winner');
insert into matches (id, show_id, match_number, match_type, stipulation, is_title_match, title_id, is_mitb, mitb_cashin, defeat_type, rating, is_draw) values ('c0322f15-9718-49ca-a9a3-3cde6ab81a0a', '97278b4c-4232-4227-b6dc-976e33da645f', 3, 'Single', NULL, FALSE, NULL, NULL, FALSE, 'Pin', 4.0, FALSE);
insert into match_participants (match_id, wrestler_id, result) values ('c0322f15-9718-49ca-a9a3-3cde6ab81a0a', 'bb9a9914-0182-4aa3-a052-8e7042116d4b', 'winner');
insert into match_participants (match_id, wrestler_id, result) values ('c0322f15-9718-49ca-a9a3-3cde6ab81a0a', '7d9945b2-59a0-4661-8206-198fec52bb2f', 'loser');
insert into matches (id, show_id, match_number, match_type, stipulation, is_title_match, title_id, is_mitb, mitb_cashin, defeat_type, rating, is_draw) values ('daf20f87-4c2c-4345-bb0d-fdc697df2751', '97278b4c-4232-4227-b6dc-976e33da645f', 4, 'Triple Threat', NULL, FALSE, NULL, NULL, FALSE, 'Pin', 3.5, FALSE);
insert into match_participants (match_id, wrestler_id, result) values ('daf20f87-4c2c-4345-bb0d-fdc697df2751', 'ddf80d05-eb45-483d-a569-f2ae53f07b4b', 'winner');
insert into match_participants (match_id, wrestler_id, result) values ('daf20f87-4c2c-4345-bb0d-fdc697df2751', 'bccac820-8145-4923-9154-7b18bc8ffb2d', 'loser');
insert into match_participants (match_id, wrestler_id, result) values ('daf20f87-4c2c-4345-bb0d-fdc697df2751', '0072611a-281e-4de5-bf57-fbc9696651ec', 'loser');
insert into matches (id, show_id, match_number, match_type, stipulation, is_title_match, title_id, is_mitb, mitb_cashin, defeat_type, rating, is_draw) values ('c8f9a945-2860-420b-9a7c-6e4ed8a99e0c', '97278b4c-4232-4227-b6dc-976e33da645f', 5, 'Single', NULL, FALSE, NULL, NULL, FALSE, 'Pin', 4.0, FALSE);
insert into match_participants (match_id, wrestler_id, result) values ('c8f9a945-2860-420b-9a7c-6e4ed8a99e0c', '5909ea1d-6838-40c8-8058-64854406eb27', 'loser');
insert into match_participants (match_id, wrestler_id, result) values ('c8f9a945-2860-420b-9a7c-6e4ed8a99e0c', '1fdbaeea-4dc7-41ff-9ce9-394d33e1ace4', 'winner');
insert into matches (id, show_id, match_number, match_type, stipulation, is_title_match, title_id, is_mitb, mitb_cashin, defeat_type, rating, is_draw) values ('2df16b3c-63b4-4fa5-8a26-8becf1dcce59', '97278b4c-4232-4227-b6dc-976e33da645f', 6, 'Single', NULL, FALSE, NULL, NULL, FALSE, 'Pin', 3.5, FALSE);
insert into match_participants (match_id, wrestler_id, result) values ('2df16b3c-63b4-4fa5-8a26-8becf1dcce59', '60c99dea-a118-4839-99eb-5de3ca41d5d4', 'loser');
insert into match_participants (match_id, wrestler_id, result) values ('2df16b3c-63b4-4fa5-8a26-8becf1dcce59', 'f53c5be3-c66c-4d29-b281-5c0157203703', 'winner');
insert into matches (id, show_id, match_number, match_type, stipulation, is_title_match, title_id, is_mitb, mitb_cashin, defeat_type, rating, is_draw) values ('b9b846d1-d426-470c-a20a-dc2b6d77bd05', '97278b4c-4232-4227-b6dc-976e33da645f', 7, 'Single', NULL, FALSE, NULL, NULL, FALSE, 'Pin', 4.5, FALSE);
insert into match_participants (match_id, wrestler_id, result) values ('b9b846d1-d426-470c-a20a-dc2b6d77bd05', '07687962-07c0-46b6-9541-2d8b60e3c2c1', 'winner');
insert into match_participants (match_id, wrestler_id, result) values ('b9b846d1-d426-470c-a20a-dc2b6d77bd05', '31f8c2ba-a0c4-4352-ae28-1cf68d200216', 'loser');
insert into matches (id, show_id, match_number, match_type, stipulation, is_title_match, title_id, is_mitb, mitb_cashin, defeat_type, rating, is_draw) values ('3b012d44-1f45-415c-913d-61575e729c40', '97278b4c-4232-4227-b6dc-976e33da645f', 8, 'Single', NULL, FALSE, NULL, NULL, FALSE, 'Pin', 4.0, FALSE);
insert into match_participants (match_id, wrestler_id, result) values ('3b012d44-1f45-415c-913d-61575e729c40', '09a1ddc7-5133-4858-b8e1-c89de2eefe3b', 'loser');
insert into match_participants (match_id, wrestler_id, result) values ('3b012d44-1f45-415c-913d-61575e729c40', 'cce2403e-b550-4727-9b4c-e04012c77f31', 'winner');
insert into matches (id, show_id, match_number, match_type, stipulation, is_title_match, title_id, is_mitb, mitb_cashin, defeat_type, rating, is_draw) values ('15c90169-5a3f-4da7-85e7-b2c2af3f07ac', '97278b4c-4232-4227-b6dc-976e33da645f', 9, 'Tag Team', NULL, FALSE, NULL, NULL, FALSE, 'Pin', 4.0, FALSE);
insert into match_participants (match_id, team_id, result) values ('15c90169-5a3f-4da7-85e7-b2c2af3f07ac', '37867637-ea7c-4d6c-9e59-fb37627e1172', 'winner');
insert into shows (id, name, show_date, show_type, ppv_name) values ('6567c8b1-0380-474d-9d36-c79b30776f20', 'DAW 02-21-2025', '2025-02-21', 'weekly', NULL);
insert into matches (id, show_id, match_number, match_type, stipulation, is_title_match, title_id, is_mitb, mitb_cashin, defeat_type, rating, is_draw) values ('12b80757-0ceb-4d81-a21d-31b63135852f', '6567c8b1-0380-474d-9d36-c79b30776f20', 1, 'Triple Threat', NULL, FALSE, NULL, NULL, FALSE, 'Pin', 3.0, FALSE);
insert into match_participants (match_id, wrestler_id, result) values ('12b80757-0ceb-4d81-a21d-31b63135852f', '7e31c302-05ee-4325-989f-aefa74f76445', 'winner');
insert into match_participants (match_id, wrestler_id, result) values ('12b80757-0ceb-4d81-a21d-31b63135852f', '146ed3a2-ffd0-498f-ab39-8a11824f6cff', 'loser');
insert into match_participants (match_id, wrestler_id, result) values ('12b80757-0ceb-4d81-a21d-31b63135852f', 'f53c5be3-c66c-4d29-b281-5c0157203703', 'loser');
insert into matches (id, show_id, match_number, match_type, stipulation, is_title_match, title_id, is_mitb, mitb_cashin, defeat_type, rating, is_draw) values ('e21750d4-bb7e-41cf-a2e6-95c17fe54254', '6567c8b1-0380-474d-9d36-c79b30776f20', 1, 'Tag Team', NULL, FALSE, NULL, NULL, FALSE, 'Pin', 3.5, FALSE);
insert into matches (id, show_id, match_number, match_type, stipulation, is_title_match, title_id, is_mitb, mitb_cashin, defeat_type, rating, is_draw) values ('c29aa096-be0a-466a-b152-daca6308fc83', '6567c8b1-0380-474d-9d36-c79b30776f20', 2, 'Single', NULL, FALSE, NULL, NULL, FALSE, 'Pin', 4.0, FALSE);
insert into match_participants (match_id, wrestler_id, result) values ('c29aa096-be0a-466a-b152-daca6308fc83', 'cd5fa7e0-c982-449d-ab4f-cd0b33045715', 'loser');
insert into match_participants (match_id, wrestler_id, result) values ('c29aa096-be0a-466a-b152-daca6308fc83', 'ad63b3fd-9de8-4398-a085-7cc8f264589e', 'winner');
insert into matches (id, show_id, match_number, match_type, stipulation, is_title_match, title_id, is_mitb, mitb_cashin, defeat_type, rating, is_draw) values ('44e773d8-7af4-432c-9e83-c832ac9958a8', '6567c8b1-0380-474d-9d36-c79b30776f20', 4, 'Single', NULL, FALSE, NULL, NULL, FALSE, 'Pin', 4.0, FALSE);
insert into match_participants (match_id, wrestler_id, result) values ('44e773d8-7af4-432c-9e83-c832ac9958a8', 'db9025f4-91c4-47e8-b3de-e3864852a4c8', 'loser');
insert into match_participants (match_id, wrestler_id, result) values ('44e773d8-7af4-432c-9e83-c832ac9958a8', '31f8c2ba-a0c4-4352-ae28-1cf68d200216', 'winner');
insert into matches (id, show_id, match_number, match_type, stipulation, is_title_match, title_id, is_mitb, mitb_cashin, defeat_type, rating, is_draw) values ('25a217b0-b43a-4108-ba5f-7c4bcd72241f', '6567c8b1-0380-474d-9d36-c79b30776f20', 6, 'Single', NULL, FALSE, NULL, NULL, FALSE, 'Pin', 4.5, FALSE);
insert into match_participants (match_id, wrestler_id, result) values ('25a217b0-b43a-4108-ba5f-7c4bcd72241f', 'bb9a9914-0182-4aa3-a052-8e7042116d4b', 'winner');
insert into match_participants (match_id, wrestler_id, result) values ('25a217b0-b43a-4108-ba5f-7c4bcd72241f', '07687962-07c0-46b6-9541-2d8b60e3c2c1', 'loser');
insert into matches (id, show_id, match_number, match_type, stipulation, is_title_match, title_id, is_mitb, mitb_cashin, defeat_type, rating, is_draw) values ('de6afd7f-5930-40c5-a0c1-e954b9c2237e', '6567c8b1-0380-474d-9d36-c79b30776f20', 6, 'Single', NULL, FALSE, NULL, NULL, FALSE, 'Pin', 3.5, FALSE);
insert into match_participants (match_id, wrestler_id, result) values ('de6afd7f-5930-40c5-a0c1-e954b9c2237e', '004c7b59-d738-4718-a1f0-39aa22e8039d', 'loser');
insert into match_participants (match_id, wrestler_id, result) values ('de6afd7f-5930-40c5-a0c1-e954b9c2237e', '9683fa4f-ffaf-4185-938d-e4a435a5aef7', 'winner');
insert into matches (id, show_id, match_number, match_type, stipulation, is_title_match, title_id, is_mitb, mitb_cashin, defeat_type, rating, is_draw) values ('dc74ad07-d3c0-4b3a-9956-1fc5f64814e9', '6567c8b1-0380-474d-9d36-c79b30776f20', 7, 'Single', NULL, FALSE, NULL, NULL, FALSE, 'Pin', 3.0, FALSE);
insert into match_participants (match_id, wrestler_id, result) values ('dc74ad07-d3c0-4b3a-9956-1fc5f64814e9', '0d2420e5-4511-44a9-8d66-a70eef1ce8d4', 'winner');
insert into match_participants (match_id, wrestler_id, result) values ('dc74ad07-d3c0-4b3a-9956-1fc5f64814e9', 'bc93b973-151b-48ca-8d75-8f6c220a0d31', 'loser');
insert into matches (id, show_id, match_number, match_type, stipulation, is_title_match, title_id, is_mitb, mitb_cashin, defeat_type, rating, is_draw) values ('9ba08816-ebfb-4f4f-9298-d64c2b5b7bff', '6567c8b1-0380-474d-9d36-c79b30776f20', 8, 'Single', NULL, FALSE, NULL, NULL, FALSE, 'Sub', 3.5, FALSE);
insert into match_participants (match_id, wrestler_id, result) values ('9ba08816-ebfb-4f4f-9298-d64c2b5b7bff', '2c23bf2a-90de-4618-9564-8e0e622857f1', 'loser');
insert into match_participants (match_id, wrestler_id, result) values ('9ba08816-ebfb-4f4f-9298-d64c2b5b7bff', '0655bec3-0c3f-48ed-b466-a98f20841621', 'winner');
insert into shows (id, name, show_date, show_type, ppv_name) values ('7a1173ec-7700-4fde-bf83-3e3a0d1c1384', 'DAW 02-28-2025', '2025-02-28', 'weekly', NULL);
insert into matches (id, show_id, match_number, match_type, stipulation, is_title_match, title_id, is_mitb, mitb_cashin, defeat_type, rating, is_draw) values ('375f44bd-eab9-4563-86b4-2d8c36c9e7f5', '7a1173ec-7700-4fde-bf83-3e3a0d1c1384', 2, 'Triple Threat', NULL, FALSE, NULL, NULL, FALSE, 'Pin', 2.5, FALSE);
insert into match_participants (match_id, wrestler_id, result) values ('375f44bd-eab9-4563-86b4-2d8c36c9e7f5', '5909ea1d-6838-40c8-8058-64854406eb27', 'winner');
insert into match_participants (match_id, wrestler_id, result) values ('375f44bd-eab9-4563-86b4-2d8c36c9e7f5', '94a91faf-6f97-41c0-a9fd-c049c7a4f083', 'loser');
insert into matches (id, show_id, match_number, match_type, stipulation, is_title_match, title_id, is_mitb, mitb_cashin, defeat_type, rating, is_draw) values ('f339d6d6-95b8-47a7-a1cc-4ce37148f7d8', '7a1173ec-7700-4fde-bf83-3e3a0d1c1384', 3, 'Single', 'Hell in a Cell', FALSE, NULL, NULL, FALSE, 'Pin', 0.5, FALSE);
insert into match_participants (match_id, wrestler_id, result) values ('f339d6d6-95b8-47a7-a1cc-4ce37148f7d8', 'da018f6e-a005-4adc-bd43-e03f03ebcee0', 'loser');
insert into matches (id, show_id, match_number, match_type, stipulation, is_title_match, title_id, is_mitb, mitb_cashin, defeat_type, rating, is_draw) values ('1284bf38-20f6-4560-8e3a-62d46f8d2aef', '7a1173ec-7700-4fde-bf83-3e3a0d1c1384', 4, 'Single', NULL, FALSE, NULL, NULL, FALSE, 'Pin', 1.5, FALSE);
insert into match_participants (match_id, wrestler_id, result) values ('1284bf38-20f6-4560-8e3a-62d46f8d2aef', '31f8c2ba-a0c4-4352-ae28-1cf68d200216', 'winner');
insert into match_participants (match_id, wrestler_id, result) values ('1284bf38-20f6-4560-8e3a-62d46f8d2aef', '9e5a77af-081f-405d-bebd-9c90c18f546c', 'loser');
insert into matches (id, show_id, match_number, match_type, stipulation, is_title_match, title_id, is_mitb, mitb_cashin, defeat_type, rating, is_draw) values ('797cdb40-e7c6-4466-acd1-8240f3e94f15', '7a1173ec-7700-4fde-bf83-3e3a0d1c1384', 6, 'Tag Team', NULL, FALSE, NULL, NULL, FALSE, 'Pin', 2.5, FALSE);
insert into matches (id, show_id, match_number, match_type, stipulation, is_title_match, title_id, is_mitb, mitb_cashin, defeat_type, rating, is_draw) values ('a0ac99b8-98c9-46af-b8c4-df2ef07cb6f6', '7a1173ec-7700-4fde-bf83-3e3a0d1c1384', 7, 'Single', NULL, FALSE, NULL, NULL, FALSE, 'Pin', 2.5, FALSE);
insert into match_participants (match_id, wrestler_id, result) values ('a0ac99b8-98c9-46af-b8c4-df2ef07cb6f6', 'db9025f4-91c4-47e8-b3de-e3864852a4c8', 'loser');
insert into matches (id, show_id, match_number, match_type, stipulation, is_title_match, title_id, is_mitb, mitb_cashin, defeat_type, rating, is_draw) values ('e5a9ebe5-94ad-49f9-9eca-b05e333be5cc', '7a1173ec-7700-4fde-bf83-3e3a0d1c1384', 8, 'Single', 'No Holds Barred', FALSE, NULL, NULL, FALSE, 'Pin', 4.5, FALSE);
insert into match_participants (match_id, wrestler_id, result) values ('e5a9ebe5-94ad-49f9-9eca-b05e333be5cc', 'b2d0cb4c-4471-49a3-b524-544ce1bd95a1', 'winner');
insert into matches (id, show_id, match_number, match_type, stipulation, is_title_match, title_id, is_mitb, mitb_cashin, defeat_type, rating, is_draw) values ('73574eab-dc3b-4aab-8ba5-269b07a3a4e8', '7a1173ec-7700-4fde-bf83-3e3a0d1c1384', 9, 'Single', NULL, FALSE, NULL, NULL, FALSE, 'Pin', 4.5, FALSE);
insert into match_participants (match_id, wrestler_id, result) values ('73574eab-dc3b-4aab-8ba5-269b07a3a4e8', '0d2420e5-4511-44a9-8d66-a70eef1ce8d4', 'winner');
insert into matches (id, show_id, match_number, match_type, stipulation, is_title_match, title_id, is_mitb, mitb_cashin, defeat_type, rating, is_draw) values ('ad9951d4-ab95-4357-8516-6fab4bc6c8dd', '7a1173ec-7700-4fde-bf83-3e3a0d1c1384', 10, 'Tag Team', NULL, FALSE, NULL, NULL, FALSE, 'Pin', 4.0, FALSE);
insert into matches (id, show_id, match_number, match_type, stipulation, is_title_match, title_id, is_mitb, mitb_cashin, defeat_type, rating, is_draw) values ('aa76fbf5-b4e9-4ab1-b2a4-81173612d7ee', '7a1173ec-7700-4fde-bf83-3e3a0d1c1384', 11, 'Single', 'Extreme Rules', FALSE, NULL, NULL, FALSE, 'Pin', 2.0, FALSE);
insert into match_participants (match_id, wrestler_id, result) values ('aa76fbf5-b4e9-4ab1-b2a4-81173612d7ee', 'ad63b3fd-9de8-4398-a085-7cc8f264589e', 'loser');
insert into match_participants (match_id, wrestler_id, result) values ('aa76fbf5-b4e9-4ab1-b2a4-81173612d7ee', '4ba6b093-77d5-4e44-bcb7-b0a221d5a717', 'winner');
insert into matches (id, show_id, match_number, match_type, stipulation, is_title_match, title_id, is_mitb, mitb_cashin, defeat_type, rating, is_draw) values ('4873ba26-18b2-4df3-a7de-4f8ffe2c60ff', '7a1173ec-7700-4fde-bf83-3e3a0d1c1384', 12, 'Single', 'Extreme Rules', FALSE, NULL, NULL, FALSE, 'Pin', 1.5, FALSE);
insert into match_participants (match_id, wrestler_id, result) values ('4873ba26-18b2-4df3-a7de-4f8ffe2c60ff', 'df1f0185-5678-4a36-8b11-55cda64a0fa0', 'loser');
insert into match_participants (match_id, wrestler_id, result) values ('4873ba26-18b2-4df3-a7de-4f8ffe2c60ff', 'd0df50f1-fbbb-4298-ab0c-f7e6e122c4c4', 'winner');
insert into matches (id, show_id, match_number, match_type, stipulation, is_title_match, title_id, is_mitb, mitb_cashin, defeat_type, rating, is_draw) values ('2c082b07-8f79-4bcf-a62e-59021ab6584f', '7a1173ec-7700-4fde-bf83-3e3a0d1c1384', 12, 'Single', 'Steel Cage', FALSE, NULL, NULL, FALSE, 'Pin', 0.5, FALSE);
insert into match_participants (match_id, wrestler_id, result) values ('2c082b07-8f79-4bcf-a62e-59021ab6584f', '1fdbaeea-4dc7-41ff-9ce9-394d33e1ace4', 'winner');
insert into matches (id, show_id, match_number, match_type, stipulation, is_title_match, title_id, is_mitb, mitb_cashin, defeat_type, rating, is_draw) values ('471ed29f-ee19-48f4-bb64-e81cd6834618', '7a1173ec-7700-4fde-bf83-3e3a0d1c1384', 15, 'Single', NULL, FALSE, NULL, NULL, FALSE, 'Pin', 5.0, FALSE);
insert into match_participants (match_id, wrestler_id, result) values ('471ed29f-ee19-48f4-bb64-e81cd6834618', '09a1ddc7-5133-4858-b8e1-c89de2eefe3b', 'winner');
insert into shows (id, name, show_date, show_type, ppv_name) values ('41b561d1-687b-4ce9-a670-ce8309916c7f', 'DAW 03-07-2025', '2025-03-07', 'weekly', NULL);
insert into matches (id, show_id, match_number, match_type, stipulation, is_title_match, title_id, is_mitb, mitb_cashin, defeat_type, rating, is_draw) values ('b63caab3-46b8-42ee-959e-11dad54fb1fd', '41b561d1-687b-4ce9-a670-ce8309916c7f', 1, 'Single', NULL, FALSE, NULL, NULL, FALSE, 'Pin', 2.0, FALSE);
insert into match_participants (match_id, team_id, result) values ('b63caab3-46b8-42ee-959e-11dad54fb1fd', '851cd315-9431-48a4-aa8a-acca45ae40c2', 'winner');
insert into matches (id, show_id, match_number, match_type, stipulation, is_title_match, title_id, is_mitb, mitb_cashin, defeat_type, rating, is_draw) values ('8e8c0fcf-1eb5-4ed8-a17a-bee61562a83c', '41b561d1-687b-4ce9-a670-ce8309916c7f', 2, 'Single', NULL, FALSE, NULL, NULL, FALSE, 'Pin', 2.0, FALSE);
insert into match_participants (match_id, wrestler_id, result) values ('8e8c0fcf-1eb5-4ed8-a17a-bee61562a83c', 'db9025f4-91c4-47e8-b3de-e3864852a4c8', 'loser');
insert into match_participants (match_id, wrestler_id, result) values ('8e8c0fcf-1eb5-4ed8-a17a-bee61562a83c', '9683fa4f-ffaf-4185-938d-e4a435a5aef7', 'winner');
insert into matches (id, show_id, match_number, match_type, stipulation, is_title_match, title_id, is_mitb, mitb_cashin, defeat_type, rating, is_draw) values ('5e638b38-4c85-40ef-9266-4f2f44ccb71a', '41b561d1-687b-4ce9-a670-ce8309916c7f', 3, 'Triple Threat', NULL, FALSE, NULL, NULL, FALSE, 'Pin', 4.0, FALSE);
insert into match_participants (match_id, wrestler_id, result) values ('5e638b38-4c85-40ef-9266-4f2f44ccb71a', '469ab9db-7202-45c0-a929-64eb9137b121', 'loser');
insert into match_participants (match_id, wrestler_id, result) values ('5e638b38-4c85-40ef-9266-4f2f44ccb71a', '0072611a-281e-4de5-bf57-fbc9696651ec', 'loser');
insert into match_participants (match_id, wrestler_id, result) values ('5e638b38-4c85-40ef-9266-4f2f44ccb71a', '122e2f4f-61c3-46f1-8de6-407a73f0712e', 'winner');
insert into matches (id, show_id, match_number, match_type, stipulation, is_title_match, title_id, is_mitb, mitb_cashin, defeat_type, rating, is_draw) values ('7b31d864-6db2-4f88-b514-38c4900149a2', '41b561d1-687b-4ce9-a670-ce8309916c7f', 4, 'Triple Threat', NULL, FALSE, NULL, NULL, FALSE, 'Pin', 3.5, FALSE);
insert into match_participants (match_id, wrestler_id, result) values ('7b31d864-6db2-4f88-b514-38c4900149a2', '095eadde-75ef-494e-8568-a09449149336', 'loser');
insert into match_participants (match_id, wrestler_id, result) values ('7b31d864-6db2-4f88-b514-38c4900149a2', 'ae2ce814-315f-41f0-ab99-eddf09a7d4c5', 'winner');
insert into match_participants (match_id, wrestler_id, result) values ('7b31d864-6db2-4f88-b514-38c4900149a2', '6a3c5c70-fbb7-4a85-8940-df64e251eca3', 'loser');
insert into matches (id, show_id, match_number, match_type, stipulation, is_title_match, title_id, is_mitb, mitb_cashin, defeat_type, rating, is_draw) values ('49ee1b5a-8e9f-4fb9-a2cf-ee071c8e8e11', '41b561d1-687b-4ce9-a670-ce8309916c7f', 5, 'Triple Threat', NULL, FALSE, NULL, NULL, FALSE, 'Pin', 4.0, FALSE);
insert into match_participants (match_id, wrestler_id, result) values ('49ee1b5a-8e9f-4fb9-a2cf-ee071c8e8e11', '1fdbaeea-4dc7-41ff-9ce9-394d33e1ace4', 'loser');
insert into match_participants (match_id, wrestler_id, result) values ('49ee1b5a-8e9f-4fb9-a2cf-ee071c8e8e11', '31f8c2ba-a0c4-4352-ae28-1cf68d200216', 'winner');
insert into match_participants (match_id, wrestler_id, result) values ('49ee1b5a-8e9f-4fb9-a2cf-ee071c8e8e11', 'ad63b3fd-9de8-4398-a085-7cc8f264589e', 'loser');
insert into matches (id, show_id, match_number, match_type, stipulation, is_title_match, title_id, is_mitb, mitb_cashin, defeat_type, rating, is_draw) values ('45793713-614d-400c-bcd3-698ff7249ce2', '41b561d1-687b-4ce9-a670-ce8309916c7f', 6, 'Single', NULL, FALSE, NULL, NULL, FALSE, 'Pin', 3.5, FALSE);
insert into match_participants (match_id, wrestler_id, result) values ('45793713-614d-400c-bcd3-698ff7249ce2', '5909ea1d-6838-40c8-8058-64854406eb27', 'loser');
insert into match_participants (match_id, wrestler_id, result) values ('45793713-614d-400c-bcd3-698ff7249ce2', '07687962-07c0-46b6-9541-2d8b60e3c2c1', 'winner');
insert into matches (id, show_id, match_number, match_type, stipulation, is_title_match, title_id, is_mitb, mitb_cashin, defeat_type, rating, is_draw) values ('7270fe36-929f-44f0-a660-cabc08de35d6', '41b561d1-687b-4ce9-a670-ce8309916c7f', 7, 'Tag Team', NULL, FALSE, NULL, NULL, FALSE, 'Pin', 3.5, FALSE);
insert into matches (id, show_id, match_number, match_type, stipulation, is_title_match, title_id, is_mitb, mitb_cashin, defeat_type, rating, is_draw) values ('71757963-1a74-44d4-8d9b-45b9a53b69a5', '41b561d1-687b-4ce9-a670-ce8309916c7f', 8, 'Single', NULL, FALSE, NULL, NULL, FALSE, 'Pin', 2.0, FALSE);
insert into match_participants (match_id, wrestler_id, result) values ('71757963-1a74-44d4-8d9b-45b9a53b69a5', '146ed3a2-ffd0-498f-ab39-8a11824f6cff', 'winner');
insert into match_participants (match_id, wrestler_id, result) values ('71757963-1a74-44d4-8d9b-45b9a53b69a5', '0655bec3-0c3f-48ed-b466-a98f20841621', 'loser');
insert into matches (id, show_id, match_number, match_type, stipulation, is_title_match, title_id, is_mitb, mitb_cashin, defeat_type, rating, is_draw) values ('97392f28-b3ab-4ec8-8a9a-7f6d284d8a78', '41b561d1-687b-4ce9-a670-ce8309916c7f', 9, 'Single', NULL, FALSE, NULL, NULL, FALSE, 'Pin', 3.0, FALSE);
insert into match_participants (match_id, wrestler_id, result) values ('97392f28-b3ab-4ec8-8a9a-7f6d284d8a78', '7d9945b2-59a0-4661-8206-198fec52bb2f', 'loser');
insert into match_participants (match_id, wrestler_id, result) values ('97392f28-b3ab-4ec8-8a9a-7f6d284d8a78', 'cce2403e-b550-4727-9b4c-e04012c77f31', 'loser');
insert into shows (id, name, show_date, show_type, ppv_name) values ('6e49235b-0128-4f9f-8c8c-49a1dbc8f6b1', 'DAW 03-14-2025', '2025-03-14', 'weekly', NULL);
insert into matches (id, show_id, match_number, match_type, stipulation, is_title_match, title_id, is_mitb, mitb_cashin, defeat_type, rating, is_draw) values ('d1ca5cda-2697-49fb-b831-cb6eb6d46491', '6e49235b-0128-4f9f-8c8c-49a1dbc8f6b1', 1, 'Triple Threat', NULL, FALSE, NULL, NULL, FALSE, 'Pin', 2.0, FALSE);
insert into match_participants (match_id, wrestler_id, result) values ('d1ca5cda-2697-49fb-b831-cb6eb6d46491', 'ddf80d05-eb45-483d-a569-f2ae53f07b4b', 'loser');
insert into match_participants (match_id, wrestler_id, result) values ('d1ca5cda-2697-49fb-b831-cb6eb6d46491', '146ed3a2-ffd0-498f-ab39-8a11824f6cff', 'loser');
insert into match_participants (match_id, wrestler_id, result) values ('d1ca5cda-2697-49fb-b831-cb6eb6d46491', '60c99dea-a118-4839-99eb-5de3ca41d5d4', 'winner');
insert into matches (id, show_id, match_number, match_type, stipulation, is_title_match, title_id, is_mitb, mitb_cashin, defeat_type, rating, is_draw) values ('da7a217c-0cff-45ac-93f2-07f37178a0cb', '6e49235b-0128-4f9f-8c8c-49a1dbc8f6b1', 2, 'Single', NULL, FALSE, NULL, NULL, FALSE, 'Pin', 2.0, FALSE);
insert into match_participants (match_id, wrestler_id, result) values ('da7a217c-0cff-45ac-93f2-07f37178a0cb', 'bb9a9914-0182-4aa3-a052-8e7042116d4b', 'loser');
insert into match_participants (match_id, wrestler_id, result) values ('da7a217c-0cff-45ac-93f2-07f37178a0cb', '09a1ddc7-5133-4858-b8e1-c89de2eefe3b', 'winner');
insert into matches (id, show_id, match_number, match_type, stipulation, is_title_match, title_id, is_mitb, mitb_cashin, defeat_type, rating, is_draw) values ('35137dd5-2424-4ab0-8293-c28ac18f8f15', '6e49235b-0128-4f9f-8c8c-49a1dbc8f6b1', 3, 'Single', NULL, FALSE, NULL, NULL, FALSE, 'Pin', 3.0, FALSE);
insert into match_participants (match_id, wrestler_id, result) values ('35137dd5-2424-4ab0-8293-c28ac18f8f15', 'f53c5be3-c66c-4d29-b281-5c0157203703', 'loser');
insert into match_participants (match_id, wrestler_id, result) values ('35137dd5-2424-4ab0-8293-c28ac18f8f15', '122e2f4f-61c3-46f1-8de6-407a73f0712e', 'winner');
insert into matches (id, show_id, match_number, match_type, stipulation, is_title_match, title_id, is_mitb, mitb_cashin, defeat_type, rating, is_draw) values ('03937106-33f7-4746-a4f3-b3a9ac9e9646', '6e49235b-0128-4f9f-8c8c-49a1dbc8f6b1', 4, 'Single', NULL, FALSE, NULL, NULL, FALSE, 'Pin', 4.5, FALSE);
insert into match_participants (match_id, wrestler_id, result) values ('03937106-33f7-4746-a4f3-b3a9ac9e9646', 'da018f6e-a005-4adc-bd43-e03f03ebcee0', 'loser');
insert into match_participants (match_id, wrestler_id, result) values ('03937106-33f7-4746-a4f3-b3a9ac9e9646', 'b2d0cb4c-4471-49a3-b524-544ce1bd95a1', 'winner');
insert into matches (id, show_id, match_number, match_type, stipulation, is_title_match, title_id, is_mitb, mitb_cashin, defeat_type, rating, is_draw) values ('43d5c619-34ff-436e-8a51-93497e504b9a', '6e49235b-0128-4f9f-8c8c-49a1dbc8f6b1', 5, 'Tag Team', NULL, FALSE, NULL, NULL, FALSE, 'Pin', 3.0, FALSE);
insert into match_participants (match_id, team_id, result) values ('43d5c619-34ff-436e-8a51-93497e504b9a', '7cd24b3e-6a73-4364-83ce-5900b67ce0e4', 'winner');
insert into matches (id, show_id, match_number, match_type, stipulation, is_title_match, title_id, is_mitb, mitb_cashin, defeat_type, rating, is_draw) values ('1732ea43-8cef-47ed-9297-5e9b9cc9366a', '6e49235b-0128-4f9f-8c8c-49a1dbc8f6b1', 6, 'Triple Threat', NULL, FALSE, NULL, NULL, FALSE, 'Pin', 3.5, FALSE);
insert into match_participants (match_id, wrestler_id, result) values ('1732ea43-8cef-47ed-9297-5e9b9cc9366a', '5909ea1d-6838-40c8-8058-64854406eb27', 'loser');
insert into match_participants (match_id, wrestler_id, result) values ('1732ea43-8cef-47ed-9297-5e9b9cc9366a', '9683fa4f-ffaf-4185-938d-e4a435a5aef7', 'loser');
insert into match_participants (match_id, wrestler_id, result) values ('1732ea43-8cef-47ed-9297-5e9b9cc9366a', '004c7b59-d738-4718-a1f0-39aa22e8039d', 'winner');
insert into matches (id, show_id, match_number, match_type, stipulation, is_title_match, title_id, is_mitb, mitb_cashin, defeat_type, rating, is_draw) values ('6ff18735-2eda-4c0c-bd35-b9962180d761', '6e49235b-0128-4f9f-8c8c-49a1dbc8f6b1', 7, 'Single', NULL, FALSE, NULL, NULL, FALSE, 'Pin', 4.0, FALSE);
insert into match_participants (match_id, wrestler_id, result) values ('6ff18735-2eda-4c0c-bd35-b9962180d761', '7e31c302-05ee-4325-989f-aefa74f76445', 'loser');
insert into match_participants (match_id, wrestler_id, result) values ('6ff18735-2eda-4c0c-bd35-b9962180d761', '2c23bf2a-90de-4618-9564-8e0e622857f1', 'winner');
insert into matches (id, show_id, match_number, match_type, stipulation, is_title_match, title_id, is_mitb, mitb_cashin, defeat_type, rating, is_draw) values ('994b1bf0-5b5f-4d5a-b02d-7e8203f09fcf', '6e49235b-0128-4f9f-8c8c-49a1dbc8f6b1', 8, 'Single', NULL, FALSE, NULL, NULL, FALSE, 'Sub', 3.5, FALSE);
insert into match_participants (match_id, wrestler_id, result) values ('994b1bf0-5b5f-4d5a-b02d-7e8203f09fcf', 'b53deaf4-6809-46c8-a85f-587ef1ead267', 'loser');
insert into match_participants (match_id, wrestler_id, result) values ('994b1bf0-5b5f-4d5a-b02d-7e8203f09fcf', '0655bec3-0c3f-48ed-b466-a98f20841621', 'winner');
insert into matches (id, show_id, match_number, match_type, stipulation, is_title_match, title_id, is_mitb, mitb_cashin, defeat_type, rating, is_draw) values ('a6ac799d-259e-4d6f-b34a-ff705d216ad6', '6e49235b-0128-4f9f-8c8c-49a1dbc8f6b1', 9, '5-Man', NULL, FALSE, NULL, NULL, FALSE, 'Pin', 3.5, FALSE);
insert into match_participants (match_id, wrestler_id, result) values ('a6ac799d-259e-4d6f-b34a-ff705d216ad6', 'ad63b3fd-9de8-4398-a085-7cc8f264589e', 'winner');
insert into match_participants (match_id, wrestler_id, result) values ('a6ac799d-259e-4d6f-b34a-ff705d216ad6', 'db9025f4-91c4-47e8-b3de-e3864852a4c8', 'loser');
insert into match_participants (match_id, wrestler_id, result) values ('a6ac799d-259e-4d6f-b34a-ff705d216ad6', '6a3c5c70-fbb7-4a85-8940-df64e251eca3', 'loser');
insert into match_participants (match_id, wrestler_id, result) values ('a6ac799d-259e-4d6f-b34a-ff705d216ad6', 'ae2ce814-315f-41f0-ab99-eddf09a7d4c5', 'loser');
insert into match_participants (match_id, wrestler_id, result) values ('a6ac799d-259e-4d6f-b34a-ff705d216ad6', 'b0a5de67-da65-4808-bb98-ace3a77fa729', 'loser');
insert into shows (id, name, show_date, show_type, ppv_name) values ('c1925d95-bced-4148-b60b-f9d88cadf893', 'DAW 03-21-2025', '2025-03-21', 'weekly', NULL);
insert into matches (id, show_id, match_number, match_type, stipulation, is_title_match, title_id, is_mitb, mitb_cashin, defeat_type, rating, is_draw) values ('d81641b5-1400-4d4a-aa51-f815f069375b', 'c1925d95-bced-4148-b60b-f9d88cadf893', 1, 'Tag Team', NULL, FALSE, NULL, NULL, FALSE, 'Pin', 3.0, FALSE);
insert into matches (id, show_id, match_number, match_type, stipulation, is_title_match, title_id, is_mitb, mitb_cashin, defeat_type, rating, is_draw) values ('31998c26-d844-4d11-bd64-73fa06001dd8', 'c1925d95-bced-4148-b60b-f9d88cadf893', 2, 'Single', NULL, FALSE, NULL, NULL, FALSE, 'Pin', 4.0, FALSE);
insert into match_participants (match_id, wrestler_id, result) values ('31998c26-d844-4d11-bd64-73fa06001dd8', '004c7b59-d738-4718-a1f0-39aa22e8039d', 'winner');
insert into match_participants (match_id, wrestler_id, result) values ('31998c26-d844-4d11-bd64-73fa06001dd8', '6a3c5c70-fbb7-4a85-8940-df64e251eca3', 'loser');
insert into matches (id, show_id, match_number, match_type, stipulation, is_title_match, title_id, is_mitb, mitb_cashin, defeat_type, rating, is_draw) values ('e16fe903-2dd6-4d3c-bdc6-5bad6d75e4f6', 'c1925d95-bced-4148-b60b-f9d88cadf893', 3, 'Single', 'Extreme Rules', FALSE, NULL, NULL, FALSE, 'Pin', 5.0, FALSE);
insert into match_participants (match_id, wrestler_id, result) values ('e16fe903-2dd6-4d3c-bdc6-5bad6d75e4f6', 'df1f0185-5678-4a36-8b11-55cda64a0fa0', 'loser');
insert into match_participants (match_id, wrestler_id, result) values ('e16fe903-2dd6-4d3c-bdc6-5bad6d75e4f6', '1fdbaeea-4dc7-41ff-9ce9-394d33e1ace4', 'winner');
insert into matches (id, show_id, match_number, match_type, stipulation, is_title_match, title_id, is_mitb, mitb_cashin, defeat_type, rating, is_draw) values ('d9585ff3-76a7-43e6-8775-ef062a39a0b3', 'c1925d95-bced-4148-b60b-f9d88cadf893', 4, 'Triple Threat', NULL, FALSE, NULL, NULL, FALSE, 'Pin', 5.0, FALSE);
insert into match_participants (match_id, wrestler_id, result) values ('d9585ff3-76a7-43e6-8775-ef062a39a0b3', '31f8c2ba-a0c4-4352-ae28-1cf68d200216', 'winner');
insert into match_participants (match_id, wrestler_id, result) values ('d9585ff3-76a7-43e6-8775-ef062a39a0b3', '09a1ddc7-5133-4858-b8e1-c89de2eefe3b', 'loser');
insert into match_participants (match_id, wrestler_id, result) values ('d9585ff3-76a7-43e6-8775-ef062a39a0b3', '5909ea1d-6838-40c8-8058-64854406eb27', 'loser');
insert into matches (id, show_id, match_number, match_type, stipulation, is_title_match, title_id, is_mitb, mitb_cashin, defeat_type, rating, is_draw) values ('0839cb32-f0de-4393-bc57-f9f7c24da688', 'c1925d95-bced-4148-b60b-f9d88cadf893', 5, 'Single', 'No Holds Barred', FALSE, NULL, NULL, FALSE, 'Pin', 1.5, FALSE);
insert into match_participants (match_id, wrestler_id, result) values ('0839cb32-f0de-4393-bc57-f9f7c24da688', 'd0df50f1-fbbb-4298-ab0c-f7e6e122c4c4', 'winner');
insert into match_participants (match_id, wrestler_id, result) values ('0839cb32-f0de-4393-bc57-f9f7c24da688', 'db9025f4-91c4-47e8-b3de-e3864852a4c8', 'loser');
insert into matches (id, show_id, match_number, match_type, stipulation, is_title_match, title_id, is_mitb, mitb_cashin, defeat_type, rating, is_draw) values ('6e0959be-c149-4596-8f72-97abdbd9d91b', 'c1925d95-bced-4148-b60b-f9d88cadf893', 6, 'Single', NULL, FALSE, NULL, NULL, FALSE, 'Pin', 3.0, FALSE);
insert into match_participants (match_id, wrestler_id, result) values ('6e0959be-c149-4596-8f72-97abdbd9d91b', '0d2420e5-4511-44a9-8d66-a70eef1ce8d4', 'winner');
insert into match_participants (match_id, wrestler_id, result) values ('6e0959be-c149-4596-8f72-97abdbd9d91b', '284c35e6-6a88-48d6-934a-8e9fa6433977', 'loser');
insert into matches (id, show_id, match_number, match_type, stipulation, is_title_match, title_id, is_mitb, mitb_cashin, defeat_type, rating, is_draw) values ('2988541c-6866-4dde-9574-2299e3a09750', 'c1925d95-bced-4148-b60b-f9d88cadf893', 7, 'Single', NULL, FALSE, NULL, NULL, FALSE, 'Pin', 3.0, FALSE);
insert into match_participants (match_id, wrestler_id, result) values ('2988541c-6866-4dde-9574-2299e3a09750', '9683fa4f-ffaf-4185-938d-e4a435a5aef7', 'winner');
insert into match_participants (match_id, wrestler_id, result) values ('2988541c-6866-4dde-9574-2299e3a09750', 'ad63b3fd-9de8-4398-a085-7cc8f264589e', 'loser');
insert into matches (id, show_id, match_number, match_type, stipulation, is_title_match, title_id, is_mitb, mitb_cashin, defeat_type, rating, is_draw) values ('66a9e9a0-d93c-4070-8733-24b422ee9ace', 'c1925d95-bced-4148-b60b-f9d88cadf893', 8, 'Tag Team', NULL, FALSE, NULL, NULL, FALSE, 'Pin', 3.5, FALSE);
insert into match_participants (match_id, team_id, result) values ('66a9e9a0-d93c-4070-8733-24b422ee9ace', 'f7a2e157-4b15-4f76-92c8-41e8e2dea5c6', 'loser');
insert into matches (id, show_id, match_number, match_type, stipulation, is_title_match, title_id, is_mitb, mitb_cashin, defeat_type, rating, is_draw) values ('607b8b2b-18b8-4217-99a6-117d047b0ed7', 'c1925d95-bced-4148-b60b-f9d88cadf893', 9, 'Battle Royale', NULL, FALSE, NULL, NULL, FALSE, 'Pin', 4.5, FALSE);
insert into match_participants (match_id, wrestler_id, result) values ('607b8b2b-18b8-4217-99a6-117d047b0ed7', '2c23bf2a-90de-4618-9564-8e0e622857f1', 'winner');
insert into match_participants (match_id, wrestler_id, result) values ('607b8b2b-18b8-4217-99a6-117d047b0ed7', 'f53c5be3-c66c-4d29-b281-5c0157203703', 'loser');
insert into match_participants (match_id, wrestler_id, result) values ('607b8b2b-18b8-4217-99a6-117d047b0ed7', '0072611a-281e-4de5-bf57-fbc9696651ec', 'loser');
insert into match_participants (match_id, wrestler_id, result) values ('607b8b2b-18b8-4217-99a6-117d047b0ed7', '60c99dea-a118-4839-99eb-5de3ca41d5d4', 'loser');
insert into match_participants (match_id, wrestler_id, result) values ('607b8b2b-18b8-4217-99a6-117d047b0ed7', 'ddf80d05-eb45-483d-a569-f2ae53f07b4b', 'loser');
insert into match_participants (match_id, wrestler_id, result) values ('607b8b2b-18b8-4217-99a6-117d047b0ed7', '469ab9db-7202-45c0-a929-64eb9137b121', 'loser');
insert into shows (id, name, show_date, show_type, ppv_name) values ('bdd6bdcc-40ac-4f5c-b820-0316c81918e7', 'DAW 03-28-2025', '2025-03-28', 'weekly', NULL);
insert into matches (id, show_id, match_number, match_type, stipulation, is_title_match, title_id, is_mitb, mitb_cashin, defeat_type, rating, is_draw) values ('c9479449-7e8f-4c69-9537-dfd9af98711d', 'bdd6bdcc-40ac-4f5c-b820-0316c81918e7', 1, 'Tag Team', NULL, TRUE, 'c35e55d3-eeb9-45fd-8160-df160862cff0', FALSE, FALSE, 'Pin', 5.0, FALSE);
insert into match_participants (match_id, team_id, result) values ('c9479449-7e8f-4c69-9537-dfd9af98711d', '8d790109-09d5-4f53-abc0-4b9e1844f285', 'winner');
insert into matches (id, show_id, match_number, match_type, stipulation, is_title_match, title_id, is_mitb, mitb_cashin, defeat_type, rating, is_draw) values ('fcbc6abb-5950-42a7-93d3-77c415b94c80', 'bdd6bdcc-40ac-4f5c-b820-0316c81918e7', 2, 'Single', NULL, FALSE, NULL, NULL, FALSE, 'Pin', 2.5, FALSE);
insert into match_participants (match_id, wrestler_id, result) values ('fcbc6abb-5950-42a7-93d3-77c415b94c80', 'bccac820-8145-4923-9154-7b18bc8ffb2d', 'winner');
insert into match_participants (match_id, wrestler_id, result) values ('fcbc6abb-5950-42a7-93d3-77c415b94c80', '469ab9db-7202-45c0-a929-64eb9137b121', 'loser');
insert into matches (id, show_id, match_number, match_type, stipulation, is_title_match, title_id, is_mitb, mitb_cashin, defeat_type, rating, is_draw) values ('2c8f51cb-74de-4602-bdd1-e0baab79791b', 'bdd6bdcc-40ac-4f5c-b820-0316c81918e7', 3, 'Single', NULL, FALSE, NULL, NULL, FALSE, 'Pin', 3.0, FALSE);
insert into match_participants (match_id, wrestler_id, result) values ('2c8f51cb-74de-4602-bdd1-e0baab79791b', '095eadde-75ef-494e-8568-a09449149336', 'loser');
insert into match_participants (match_id, wrestler_id, result) values ('2c8f51cb-74de-4602-bdd1-e0baab79791b', 'ae2ce814-315f-41f0-ab99-eddf09a7d4c5', 'winner');
insert into matches (id, show_id, match_number, match_type, stipulation, is_title_match, title_id, is_mitb, mitb_cashin, defeat_type, rating, is_draw) values ('5748f354-f040-4cc1-8e51-8c09c06661f7', 'bdd6bdcc-40ac-4f5c-b820-0316c81918e7', 4, 'Single', NULL, FALSE, NULL, NULL, FALSE, 'Pin', 3.5, FALSE);
insert into match_participants (match_id, wrestler_id, result) values ('5748f354-f040-4cc1-8e51-8c09c06661f7', '7ca7fd7b-2526-41ea-b143-cdd82f404014', 'loser');
insert into match_participants (match_id, wrestler_id, result) values ('5748f354-f040-4cc1-8e51-8c09c06661f7', 'd0df50f1-fbbb-4298-ab0c-f7e6e122c4c4', 'winner');
insert into matches (id, show_id, match_number, match_type, stipulation, is_title_match, title_id, is_mitb, mitb_cashin, defeat_type, rating, is_draw) values ('9887cb76-5840-407f-8b20-22aee54f889d', 'bdd6bdcc-40ac-4f5c-b820-0316c81918e7', 5, 'Single', NULL, FALSE, NULL, FALSE, FALSE, 'Pin', 4.0, FALSE);
insert into match_participants (match_id, wrestler_id, result) values ('9887cb76-5840-407f-8b20-22aee54f889d', 'df1f0185-5678-4a36-8b11-55cda64a0fa0', 'winner');
insert into match_participants (match_id, wrestler_id, result) values ('9887cb76-5840-407f-8b20-22aee54f889d', '07687962-07c0-46b6-9541-2d8b60e3c2c1', 'loser');
insert into matches (id, show_id, match_number, match_type, stipulation, is_title_match, title_id, is_mitb, mitb_cashin, defeat_type, rating, is_draw) values ('668c7cf6-3c3b-4228-ace3-51499dd9a035', 'bdd6bdcc-40ac-4f5c-b820-0316c81918e7', 6, 'Tornado Tag Team', 'Extreme Rules', FALSE, NULL, NULL, FALSE, 'Pin', 3.5, FALSE);
insert into matches (id, show_id, match_number, match_type, stipulation, is_title_match, title_id, is_mitb, mitb_cashin, defeat_type, rating, is_draw) values ('7bfd0446-54c9-4571-9bf7-2262c4820fc4', 'bdd6bdcc-40ac-4f5c-b820-0316c81918e7', 7, 'Single', NULL, TRUE, '5d3e065c-43d1-41ee-8d24-e876f1e2b2a1', FALSE, FALSE, 'Pin', 2.5, FALSE);
insert into match_participants (match_id, wrestler_id, result) values ('7bfd0446-54c9-4571-9bf7-2262c4820fc4', '0072611a-281e-4de5-bf57-fbc9696651ec', 'loser');
insert into match_participants (match_id, wrestler_id, result) values ('7bfd0446-54c9-4571-9bf7-2262c4820fc4', '2c23bf2a-90de-4618-9564-8e0e622857f1', 'winner');
insert into matches (id, show_id, match_number, match_type, stipulation, is_title_match, title_id, is_mitb, mitb_cashin, defeat_type, rating, is_draw) values ('9c01c798-b37b-4a4a-8628-74e71bd25cb0', 'bdd6bdcc-40ac-4f5c-b820-0316c81918e7', 8, 'Single', NULL, FALSE, NULL, NULL, FALSE, 'Pin', 4.0, FALSE);
insert into match_participants (match_id, wrestler_id, result) values ('9c01c798-b37b-4a4a-8628-74e71bd25cb0', '004c7b59-d738-4718-a1f0-39aa22e8039d', 'loser');
insert into match_participants (match_id, wrestler_id, result) values ('9c01c798-b37b-4a4a-8628-74e71bd25cb0', '9683fa4f-ffaf-4185-938d-e4a435a5aef7', 'winner');
insert into matches (id, show_id, match_number, match_type, stipulation, is_title_match, title_id, is_mitb, mitb_cashin, defeat_type, rating, is_draw) values ('ab53c388-6b8b-4340-ab22-d05af4e685a1', 'bdd6bdcc-40ac-4f5c-b820-0316c81918e7', 9, 'Tag Team', NULL, TRUE, '4091f18e-1fb8-441e-b708-1729cb0b0011', FALSE, FALSE, 'Pin', 4.0, FALSE);
insert into match_participants (match_id, team_id, result) values ('ab53c388-6b8b-4340-ab22-d05af4e685a1', '851cd315-9431-48a4-aa8a-acca45ae40c2', 'winner');
insert into matches (id, show_id, match_number, match_type, stipulation, is_title_match, title_id, is_mitb, mitb_cashin, defeat_type, rating, is_draw) values ('58215637-802d-48e5-8a1d-acdf9be88e6e', 'bdd6bdcc-40ac-4f5c-b820-0316c81918e7', 10, 'Single', NULL, FALSE, NULL, NULL, FALSE, 'Pin', 4.0, FALSE);
insert into match_participants (match_id, wrestler_id, result) values ('58215637-802d-48e5-8a1d-acdf9be88e6e', '146ed3a2-ffd0-498f-ab39-8a11824f6cff', 'winner');
insert into match_participants (match_id, wrestler_id, result) values ('58215637-802d-48e5-8a1d-acdf9be88e6e', '24041ddc-d965-4815-8c45-c9f97a2ed2c1', 'loser');
insert into matches (id, show_id, match_number, match_type, stipulation, is_title_match, title_id, is_mitb, mitb_cashin, defeat_type, rating, is_draw) values ('09951e08-91e5-4e2c-a05d-893fcfa23ac7', 'bdd6bdcc-40ac-4f5c-b820-0316c81918e7', 11, '6-Man', 'Elimination Chamber', TRUE, '02b0c038-accb-495b-8d6a-8891a7b51554', FALSE, FALSE, 'Pin', 5.0, FALSE);
insert into match_participants (match_id, wrestler_id, result) values ('09951e08-91e5-4e2c-a05d-893fcfa23ac7', '07687962-07c0-46b6-9541-2d8b60e3c2c1', 'loser');
insert into match_participants (match_id, wrestler_id, result) values ('09951e08-91e5-4e2c-a05d-893fcfa23ac7', 'db9025f4-91c4-47e8-b3de-e3864852a4c8', 'winner');
insert into match_participants (match_id, wrestler_id, result) values ('09951e08-91e5-4e2c-a05d-893fcfa23ac7', 'ad63b3fd-9de8-4398-a085-7cc8f264589e', 'loser');
insert into match_participants (match_id, wrestler_id, result) values ('09951e08-91e5-4e2c-a05d-893fcfa23ac7', 'cce2403e-b550-4727-9b4c-e04012c77f31', 'loser');
insert into match_participants (match_id, wrestler_id, result) values ('09951e08-91e5-4e2c-a05d-893fcfa23ac7', '5909ea1d-6838-40c8-8058-64854406eb27', 'loser');
insert into match_participants (match_id, wrestler_id, result) values ('09951e08-91e5-4e2c-a05d-893fcfa23ac7', '7d9945b2-59a0-4661-8206-198fec52bb2f', 'loser');
insert into matches (id, show_id, match_number, match_type, stipulation, is_title_match, title_id, is_mitb, mitb_cashin, defeat_type, rating, is_draw) values ('8d7cc79f-ba80-4879-a205-e2899f8da435', 'bdd6bdcc-40ac-4f5c-b820-0316c81918e7', 12, 'Single', NULL, TRUE, '5db4cd6b-6ebe-4a87-b7bb-017af3856766', FALSE, FALSE, 'Pin', 4.5, FALSE);
insert into match_participants (match_id, wrestler_id, result) values ('8d7cc79f-ba80-4879-a205-e2899f8da435', '1fdbaeea-4dc7-41ff-9ce9-394d33e1ace4', 'winner');
insert into match_participants (match_id, wrestler_id, result) values ('8d7cc79f-ba80-4879-a205-e2899f8da435', '31f8c2ba-a0c4-4352-ae28-1cf68d200216', 'loser');
insert into matches (id, show_id, match_number, match_type, stipulation, is_title_match, title_id, is_mitb, mitb_cashin, defeat_type, rating, is_draw) values ('5fc9da38-ec2d-46bf-bb5d-3e97a88e7b5b', 'bdd6bdcc-40ac-4f5c-b820-0316c81918e7', 13, '6-Man', 'Elimination Chamber', TRUE, 'f3ec52c9-649b-48cb-aa37-da278fbd72df', FALSE, FALSE, 'Pin', 5.0, FALSE);
insert into match_participants (match_id, wrestler_id, result) values ('5fc9da38-ec2d-46bf-bb5d-3e97a88e7b5b', 'ddf80d05-eb45-483d-a569-f2ae53f07b4b', 'loser');
insert into match_participants (match_id, wrestler_id, result) values ('5fc9da38-ec2d-46bf-bb5d-3e97a88e7b5b', 'f53c5be3-c66c-4d29-b281-5c0157203703', 'loser');
insert into match_participants (match_id, wrestler_id, result) values ('5fc9da38-ec2d-46bf-bb5d-3e97a88e7b5b', '60c99dea-a118-4839-99eb-5de3ca41d5d4', 'winner');
insert into match_participants (match_id, wrestler_id, result) values ('5fc9da38-ec2d-46bf-bb5d-3e97a88e7b5b', '0655bec3-0c3f-48ed-b466-a98f20841621', 'loser');
insert into match_participants (match_id, wrestler_id, result) values ('5fc9da38-ec2d-46bf-bb5d-3e97a88e7b5b', '0d2420e5-4511-44a9-8d66-a70eef1ce8d4', 'loser');
insert into match_participants (match_id, wrestler_id, result) values ('5fc9da38-ec2d-46bf-bb5d-3e97a88e7b5b', 'bc93b973-151b-48ca-8d75-8f6c220a0d31', 'loser');
insert into shows (id, name, show_date, show_type, ppv_name) values ('43510b2a-5499-4a53-83f8-01ac38f18e6e', 'DAW 04-04-2025', '2025-04-04', 'weekly', NULL);
insert into matches (id, show_id, match_number, match_type, stipulation, is_title_match, title_id, is_mitb, mitb_cashin, defeat_type, rating, is_draw) values ('60b0882f-9de9-48ad-a3d4-3bdbfbd3b657', '43510b2a-5499-4a53-83f8-01ac38f18e6e', 1, 'Tag Team', NULL, FALSE, NULL, NULL, FALSE, 'Pin', 4.0, FALSE);
insert into match_participants (match_id, team_id, result) values ('60b0882f-9de9-48ad-a3d4-3bdbfbd3b657', '8dd02369-5443-418b-94d5-1970756968ba', 'loser');
insert into match_participants (match_id, team_id, result) values ('60b0882f-9de9-48ad-a3d4-3bdbfbd3b657', '8d790109-09d5-4f53-abc0-4b9e1844f285', 'winner');
insert into matches (id, show_id, match_number, match_type, stipulation, is_title_match, title_id, is_mitb, mitb_cashin, defeat_type, rating, is_draw) values ('fb3e2864-d0b6-4fc1-973f-95492e6613ee', '43510b2a-5499-4a53-83f8-01ac38f18e6e', 2, 'Single', NULL, FALSE, NULL, NULL, FALSE, 'Pin', 3.5, FALSE);
insert into match_participants (match_id, wrestler_id, result) values ('fb3e2864-d0b6-4fc1-973f-95492e6613ee', '0655bec3-0c3f-48ed-b466-a98f20841621', 'winner');
insert into match_participants (match_id, wrestler_id, result) values ('fb3e2864-d0b6-4fc1-973f-95492e6613ee', 'bc93b973-151b-48ca-8d75-8f6c220a0d31', 'loser');
insert into matches (id, show_id, match_number, match_type, stipulation, is_title_match, title_id, is_mitb, mitb_cashin, defeat_type, rating, is_draw) values ('d4872c9e-a2a2-4fcb-8c28-faf345581c4f', '43510b2a-5499-4a53-83f8-01ac38f18e6e', 3, 'Triple Threat', NULL, FALSE, NULL, NULL, FALSE, 'Pin', 5.0, FALSE);
insert into match_participants (match_id, wrestler_id, result) values ('d4872c9e-a2a2-4fcb-8c28-faf345581c4f', '6a3c5c70-fbb7-4a85-8940-df64e251eca3', 'winner');
insert into match_participants (match_id, wrestler_id, result) values ('d4872c9e-a2a2-4fcb-8c28-faf345581c4f', 'da018f6e-a005-4adc-bd43-e03f03ebcee0', 'loser');
insert into match_participants (match_id, wrestler_id, result) values ('d4872c9e-a2a2-4fcb-8c28-faf345581c4f', 'df1f0185-5678-4a36-8b11-55cda64a0fa0', 'loser');
insert into matches (id, show_id, match_number, match_type, stipulation, is_title_match, title_id, is_mitb, mitb_cashin, defeat_type, rating, is_draw) values ('e33df586-52f3-4aba-a9a4-69c15757975c', '43510b2a-5499-4a53-83f8-01ac38f18e6e', 4, 'Single', NULL, FALSE, NULL, NULL, FALSE, 'Pin', 3.0, FALSE);
insert into match_participants (match_id, wrestler_id, result) values ('e33df586-52f3-4aba-a9a4-69c15757975c', 'ae2ce814-315f-41f0-ab99-eddf09a7d4c5', 'loser');
insert into match_participants (match_id, wrestler_id, result) values ('e33df586-52f3-4aba-a9a4-69c15757975c', '1fdbaeea-4dc7-41ff-9ce9-394d33e1ace4', 'winner');
insert into matches (id, show_id, match_number, match_type, stipulation, is_title_match, title_id, is_mitb, mitb_cashin, defeat_type, rating, is_draw) values ('be160a13-f2e7-48ad-945e-2e1642b6c1d0', '43510b2a-5499-4a53-83f8-01ac38f18e6e', 5, 'Tag Team', NULL, FALSE, NULL, NULL, FALSE, 'Pin', 3.0, FALSE);
insert into match_participants (match_id, team_id, result) values ('be160a13-f2e7-48ad-945e-2e1642b6c1d0', '68c622dc-e758-4f54-9c6b-cfa737db8028', 'loser');
insert into match_participants (match_id, team_id, result) values ('be160a13-f2e7-48ad-945e-2e1642b6c1d0', '851cd315-9431-48a4-aa8a-acca45ae40c2', 'winner');
insert into matches (id, show_id, match_number, match_type, stipulation, is_title_match, title_id, is_mitb, mitb_cashin, defeat_type, rating, is_draw) values ('6088d8ae-3637-4c27-8f91-0efa243de2c2', '43510b2a-5499-4a53-83f8-01ac38f18e6e', 6, 'Single', NULL, FALSE, NULL, NULL, FALSE, 'Pin', 4.0, FALSE);
insert into match_participants (match_id, wrestler_id, result) values ('6088d8ae-3637-4c27-8f91-0efa243de2c2', '07687962-07c0-46b6-9541-2d8b60e3c2c1', 'loser');
insert into match_participants (match_id, wrestler_id, result) values ('6088d8ae-3637-4c27-8f91-0efa243de2c2', '9683fa4f-ffaf-4185-938d-e4a435a5aef7', 'winner');
insert into matches (id, show_id, match_number, match_type, stipulation, is_title_match, title_id, is_mitb, mitb_cashin, defeat_type, rating, is_draw) values ('56893a39-2758-45be-b578-c45140bc7b4c', '43510b2a-5499-4a53-83f8-01ac38f18e6e', 7, 'Single', NULL, FALSE, NULL, NULL, FALSE, 'Pin', 3.5, FALSE);
insert into match_participants (match_id, wrestler_id, result) values ('56893a39-2758-45be-b578-c45140bc7b4c', '2c23bf2a-90de-4618-9564-8e0e622857f1', 'winner');
insert into match_participants (match_id, wrestler_id, result) values ('56893a39-2758-45be-b578-c45140bc7b4c', 'f53c5be3-c66c-4d29-b281-5c0157203703', 'loser');
insert into matches (id, show_id, match_number, match_type, stipulation, is_title_match, title_id, is_mitb, mitb_cashin, defeat_type, rating, is_draw) values ('7621c074-fb66-413b-bdd3-2ca3adb54187', '43510b2a-5499-4a53-83f8-01ac38f18e6e', 8, 'Single', NULL, FALSE, NULL, NULL, FALSE, 'Pin', 4.0, FALSE);
insert into match_participants (match_id, wrestler_id, result) values ('7621c074-fb66-413b-bdd3-2ca3adb54187', '60c99dea-a118-4839-99eb-5de3ca41d5d4', 'winner');
insert into match_participants (match_id, wrestler_id, result) values ('7621c074-fb66-413b-bdd3-2ca3adb54187', 'b53deaf4-6809-46c8-a85f-587ef1ead267', 'loser');
insert into matches (id, show_id, match_number, match_type, stipulation, is_title_match, title_id, is_mitb, mitb_cashin, defeat_type, rating, is_draw) values ('389b9b50-8bbf-4831-b470-a3c339d60ce5', '43510b2a-5499-4a53-83f8-01ac38f18e6e', 9, 'Single', NULL, FALSE, NULL, NULL, FALSE, 'Pin', 3.0, FALSE);
insert into match_participants (match_id, wrestler_id, result) values ('389b9b50-8bbf-4831-b470-a3c339d60ce5', 'd0df50f1-fbbb-4298-ab0c-f7e6e122c4c4', 'winner');
insert into match_participants (match_id, wrestler_id, result) values ('389b9b50-8bbf-4831-b470-a3c339d60ce5', 'db9025f4-91c4-47e8-b3de-e3864852a4c8', 'loser');
insert into shows (id, name, show_date, show_type, ppv_name) values ('8faf89f8-a89a-48ca-816f-e3ad389d1a10', 'DAW 04-18-2025', '2025-04-18', 'weekly', NULL);
insert into matches (id, show_id, match_number, match_type, stipulation, is_title_match, title_id, is_mitb, mitb_cashin, defeat_type, rating, is_draw) values ('e8043597-95ec-4720-97f0-f5fadf1bf564', '8faf89f8-a89a-48ca-816f-e3ad389d1a10', 1, 'Handicap (1v2)', NULL, FALSE, NULL, NULL, FALSE, 'Pin', 3.0, FALSE);
insert into match_participants (match_id, wrestler_id, result) values ('e8043597-95ec-4720-97f0-f5fadf1bf564', 'fce02e68-03a4-4670-a5d4-a6790f4f92a1', 'loser');
insert into match_participants (match_id, team_id, result) values ('e8043597-95ec-4720-97f0-f5fadf1bf564', '83fd0ef7-a31d-432b-9a7c-594309de6c3f', 'winner');
insert into matches (id, show_id, match_number, match_type, stipulation, is_title_match, title_id, is_mitb, mitb_cashin, defeat_type, rating, is_draw) values ('d2cfab11-cfa2-4086-b9d6-793055963f87', '8faf89f8-a89a-48ca-816f-e3ad389d1a10', 2, 'Triple Threat', NULL, FALSE, NULL, NULL, FALSE, 'Pin', 3.5, FALSE);
insert into match_participants (match_id, wrestler_id, result) values ('d2cfab11-cfa2-4086-b9d6-793055963f87', '004c7b59-d738-4718-a1f0-39aa22e8039d', 'winner');
insert into match_participants (match_id, wrestler_id, result) values ('d2cfab11-cfa2-4086-b9d6-793055963f87', 'ae2ce814-315f-41f0-ab99-eddf09a7d4c5', 'loser');
insert into match_participants (match_id, wrestler_id, result) values ('d2cfab11-cfa2-4086-b9d6-793055963f87', 'bb9a9914-0182-4aa3-a052-8e7042116d4b', 'loser');
insert into matches (id, show_id, match_number, match_type, stipulation, is_title_match, title_id, is_mitb, mitb_cashin, defeat_type, rating, is_draw) values ('b8e9654e-b3c0-4fe9-a112-4aed149e7b19', '8faf89f8-a89a-48ca-816f-e3ad389d1a10', 3, 'Single', NULL, FALSE, NULL, NULL, FALSE, 'Pin', 1.0, FALSE);
insert into match_participants (match_id, wrestler_id, result) values ('b8e9654e-b3c0-4fe9-a112-4aed149e7b19', '1fdbaeea-4dc7-41ff-9ce9-394d33e1ace4', 'winner');
insert into match_participants (match_id, wrestler_id, result) values ('b8e9654e-b3c0-4fe9-a112-4aed149e7b19', '09a1ddc7-5133-4858-b8e1-c89de2eefe3b', 'loser');
insert into matches (id, show_id, match_number, match_type, stipulation, is_title_match, title_id, is_mitb, mitb_cashin, defeat_type, rating, is_draw) values ('5775d16d-729a-4d5a-8381-0c90fe6165d8', '8faf89f8-a89a-48ca-816f-e3ad389d1a10', 5, 'Triple Threat', NULL, FALSE, NULL, NULL, FALSE, 'Pin', 3.5, FALSE);
insert into match_participants (match_id, wrestler_id, result) values ('5775d16d-729a-4d5a-8381-0c90fe6165d8', 'ddf80d05-eb45-483d-a569-f2ae53f07b4b', 'loser');
insert into match_participants (match_id, wrestler_id, result) values ('5775d16d-729a-4d5a-8381-0c90fe6165d8', 'f53c5be3-c66c-4d29-b281-5c0157203703', 'winner');
insert into match_participants (match_id, wrestler_id, result) values ('5775d16d-729a-4d5a-8381-0c90fe6165d8', '122e2f4f-61c3-46f1-8de6-407a73f0712e', 'loser');
insert into matches (id, show_id, match_number, match_type, stipulation, is_title_match, title_id, is_mitb, mitb_cashin, defeat_type, rating, is_draw) values ('44db9671-fc39-41db-9dd7-4bd9e1dfa5bf', '8faf89f8-a89a-48ca-816f-e3ad389d1a10', 6, 'Tag Team', NULL, FALSE, NULL, NULL, FALSE, 'Pin', 1.5, FALSE);
insert into matches (id, show_id, match_number, match_type, stipulation, is_title_match, title_id, is_mitb, mitb_cashin, defeat_type, rating, is_draw) values ('20b6e8e5-27a4-4b06-af5e-2952dbc7fd70', '8faf89f8-a89a-48ca-816f-e3ad389d1a10', 7, 'Single', NULL, FALSE, NULL, NULL, FALSE, 'Pin', 2.5, FALSE);
insert into match_participants (match_id, wrestler_id, result) values ('20b6e8e5-27a4-4b06-af5e-2952dbc7fd70', '7e31c302-05ee-4325-989f-aefa74f76445', 'loser');
insert into match_participants (match_id, wrestler_id, result) values ('20b6e8e5-27a4-4b06-af5e-2952dbc7fd70', '2c23bf2a-90de-4618-9564-8e0e622857f1', 'winner');
insert into matches (id, show_id, match_number, match_type, stipulation, is_title_match, title_id, is_mitb, mitb_cashin, defeat_type, rating, is_draw) values ('f005d9ef-49a9-45db-bc68-c8c42e715b4d', '8faf89f8-a89a-48ca-816f-e3ad389d1a10', 8, 'Single', NULL, FALSE, NULL, NULL, FALSE, 'Pin', 3.5, FALSE);
insert into match_participants (match_id, wrestler_id, result) values ('f005d9ef-49a9-45db-bc68-c8c42e715b4d', '45d6759a-e627-41e8-b142-68a6772440d1', 'loser');
insert into match_participants (match_id, wrestler_id, result) values ('f005d9ef-49a9-45db-bc68-c8c42e715b4d', '60c99dea-a118-4839-99eb-5de3ca41d5d4', 'winner');
insert into matches (id, show_id, match_number, match_type, stipulation, is_title_match, title_id, is_mitb, mitb_cashin, defeat_type, rating, is_draw) values ('a78092f6-ca5e-4489-9846-98834824036e', '8faf89f8-a89a-48ca-816f-e3ad389d1a10', 9, 'Single', NULL, FALSE, NULL, NULL, FALSE, 'Pin', 4.0, FALSE);
insert into match_participants (match_id, wrestler_id, result) values ('a78092f6-ca5e-4489-9846-98834824036e', '5909ea1d-6838-40c8-8058-64854406eb27', 'loser');
insert into match_participants (match_id, wrestler_id, result) values ('a78092f6-ca5e-4489-9846-98834824036e', 'db9025f4-91c4-47e8-b3de-e3864852a4c8', 'winner');
insert into shows (id, name, show_date, show_type, ppv_name) values ('f42e963b-52a3-49c4-a0bd-56244603c808', 'DAW 04-25-2025', '2025-04-25', 'weekly', NULL);
insert into matches (id, show_id, match_number, match_type, stipulation, is_title_match, title_id, is_mitb, mitb_cashin, defeat_type, rating, is_draw) values ('2ea34d18-8283-4f34-b884-2ce6183d7f40', 'f42e963b-52a3-49c4-a0bd-56244603c808', 1, 'Tag Team', NULL, TRUE, '4091f18e-1fb8-441e-b708-1729cb0b0011', FALSE, FALSE, 'Pin', 3.5, FALSE);
insert into match_participants (match_id, team_id, result) values ('2ea34d18-8283-4f34-b884-2ce6183d7f40', '326ddb77-a43c-4a2e-832e-258e8e55b621', 'loser');
insert into match_participants (match_id, team_id, result) values ('2ea34d18-8283-4f34-b884-2ce6183d7f40', '851cd315-9431-48a4-aa8a-acca45ae40c2', 'winner');
insert into matches (id, show_id, match_number, match_type, stipulation, is_title_match, title_id, is_mitb, mitb_cashin, defeat_type, rating, is_draw) values ('8ac37c0e-2177-4d41-aa0f-cf1a1f60a86a', 'f42e963b-52a3-49c4-a0bd-56244603c808', 2, 'Single', NULL, FALSE, NULL, FALSE, FALSE, 'Pin', 4.0, FALSE);
insert into match_participants (match_id, wrestler_id, result) values ('8ac37c0e-2177-4d41-aa0f-cf1a1f60a86a', 'da018f6e-a005-4adc-bd43-e03f03ebcee0', 'winner');
insert into match_participants (match_id, wrestler_id, result) values ('8ac37c0e-2177-4d41-aa0f-cf1a1f60a86a', 'df1f0185-5678-4a36-8b11-55cda64a0fa0', 'loser');
insert into matches (id, show_id, match_number, match_type, stipulation, is_title_match, title_id, is_mitb, mitb_cashin, defeat_type, rating, is_draw) values ('8dc19179-bb03-4446-b38d-1481a74921ab', 'f42e963b-52a3-49c4-a0bd-56244603c808', 3, 'Triple Threat', NULL, FALSE, NULL, NULL, FALSE, 'Pin', 3.5, FALSE);
insert into match_participants (match_id, wrestler_id, result) values ('8dc19179-bb03-4446-b38d-1481a74921ab', 'ddf80d05-eb45-483d-a569-f2ae53f07b4b', 'loser');
insert into match_participants (match_id, wrestler_id, result) values ('8dc19179-bb03-4446-b38d-1481a74921ab', 'f53c5be3-c66c-4d29-b281-5c0157203703', 'loser');
insert into match_participants (match_id, wrestler_id, result) values ('8dc19179-bb03-4446-b38d-1481a74921ab', '7e31c302-05ee-4325-989f-aefa74f76445', 'winner');
insert into matches (id, show_id, match_number, match_type, stipulation, is_title_match, title_id, is_mitb, mitb_cashin, defeat_type, rating, is_draw) values ('66668f3f-082d-4c51-bdfe-00d462cad736', 'f42e963b-52a3-49c4-a0bd-56244603c808', 4, 'Single', 'Extreme Rules', FALSE, NULL, NULL, FALSE, 'Pin', 3.5, FALSE);
insert into match_participants (match_id, wrestler_id, result) values ('66668f3f-082d-4c51-bdfe-00d462cad736', '07687962-07c0-46b6-9541-2d8b60e3c2c1', 'loser');
insert into match_participants (match_id, wrestler_id, result) values ('66668f3f-082d-4c51-bdfe-00d462cad736', '5909ea1d-6838-40c8-8058-64854406eb27', 'winner');
insert into matches (id, show_id, match_number, match_type, stipulation, is_title_match, title_id, is_mitb, mitb_cashin, defeat_type, rating, is_draw) values ('eb5ab338-adbc-41f9-937f-75b18933d8d6', 'f42e963b-52a3-49c4-a0bd-56244603c808', 5, 'Single', 'Extreme Rules', FALSE, NULL, NULL, FALSE, 'Pin', 4.0, FALSE);
insert into match_participants (match_id, wrestler_id, result) values ('eb5ab338-adbc-41f9-937f-75b18933d8d6', '0655bec3-0c3f-48ed-b466-a98f20841621', 'winner');
insert into match_participants (match_id, wrestler_id, result) values ('eb5ab338-adbc-41f9-937f-75b18933d8d6', 'bc93b973-151b-48ca-8d75-8f6c220a0d31', 'loser');
insert into matches (id, show_id, match_number, match_type, stipulation, is_title_match, title_id, is_mitb, mitb_cashin, defeat_type, rating, is_draw) values ('bade1731-f3ca-48c8-b0ab-e0644d3c6b42', 'f42e963b-52a3-49c4-a0bd-56244603c808', 6, 'Single', 'Iron Man', TRUE, '5db4cd6b-6ebe-4a87-b7bb-017af3856766', FALSE, FALSE, 'Pin', 1.0, FALSE);
insert into match_participants (match_id, wrestler_id, result) values ('bade1731-f3ca-48c8-b0ab-e0644d3c6b42', 'ad63b3fd-9de8-4398-a085-7cc8f264589e', 'loser');
insert into match_participants (match_id, wrestler_id, result) values ('bade1731-f3ca-48c8-b0ab-e0644d3c6b42', '1fdbaeea-4dc7-41ff-9ce9-394d33e1ace4', 'winner');
insert into matches (id, show_id, match_number, match_type, stipulation, is_title_match, title_id, is_mitb, mitb_cashin, defeat_type, rating, is_draw) values ('39403ab8-1b8c-4271-80dd-c98537327b28', 'f42e963b-52a3-49c4-a0bd-56244603c808', 7, 'Single', 'Extreme Rules', FALSE, NULL, NULL, FALSE, 'Pin', 3.0, FALSE);
insert into match_participants (match_id, wrestler_id, result) values ('39403ab8-1b8c-4271-80dd-c98537327b28', '42bd59e7-6088-4cbf-b7be-f5ecf2d9e740', 'loser');
insert into match_participants (match_id, wrestler_id, result) values ('39403ab8-1b8c-4271-80dd-c98537327b28', 'cce2403e-b550-4727-9b4c-e04012c77f31', 'winner');
insert into matches (id, show_id, match_number, match_type, stipulation, is_title_match, title_id, is_mitb, mitb_cashin, defeat_type, rating, is_draw) values ('fb22914d-5dae-436c-8e6b-ed05be8e010d', 'f42e963b-52a3-49c4-a0bd-56244603c808', 8, 'Single', 'Steel Cage', FALSE, NULL, NULL, FALSE, 'Pin', 4.5, FALSE);
insert into match_participants (match_id, wrestler_id, result) values ('fb22914d-5dae-436c-8e6b-ed05be8e010d', 'fce02e68-03a4-4670-a5d4-a6790f4f92a1', 'loser');
insert into match_participants (match_id, wrestler_id, result) values ('fb22914d-5dae-436c-8e6b-ed05be8e010d', '6a3c5c70-fbb7-4a85-8940-df64e251eca3', 'winner');
insert into matches (id, show_id, match_number, match_type, stipulation, is_title_match, title_id, is_mitb, mitb_cashin, defeat_type, rating, is_draw) values ('56b78048-3b1e-4119-8edc-76c65ab58e80', 'f42e963b-52a3-49c4-a0bd-56244603c808', 9, 'Single', NULL, FALSE, NULL, NULL, FALSE, 'Pin', 5.0, FALSE);
insert into match_participants (match_id, wrestler_id, result) values ('56b78048-3b1e-4119-8edc-76c65ab58e80', '45d6759a-e627-41e8-b142-68a6772440d1', 'loser');
insert into match_participants (match_id, wrestler_id, result) values ('56b78048-3b1e-4119-8edc-76c65ab58e80', '0072611a-281e-4de5-bf57-fbc9696651ec', 'winner');
insert into matches (id, show_id, match_number, match_type, stipulation, is_title_match, title_id, is_mitb, mitb_cashin, defeat_type, rating, is_draw) values ('b3729ed7-4097-43a6-995a-2f03cb6f741a', 'f42e963b-52a3-49c4-a0bd-56244603c808', 10, 'Single', NULL, TRUE, '5d3e065c-43d1-41ee-8d24-e876f1e2b2a1', FALSE, FALSE, 'Pin', 5.0, FALSE);
insert into match_participants (match_id, wrestler_id, result) values ('b3729ed7-4097-43a6-995a-2f03cb6f741a', '0d2420e5-4511-44a9-8d66-a70eef1ce8d4', 'loser');
insert into match_participants (match_id, wrestler_id, result) values ('b3729ed7-4097-43a6-995a-2f03cb6f741a', '2c23bf2a-90de-4618-9564-8e0e622857f1', 'winner');
insert into matches (id, show_id, match_number, match_type, stipulation, is_title_match, title_id, is_mitb, mitb_cashin, defeat_type, rating, is_draw) values ('5d3844fb-21c2-4cae-a06f-900b2db4c6d0', 'f42e963b-52a3-49c4-a0bd-56244603c808', 12, 'Single', NULL, TRUE, '02b0c038-accb-495b-8d6a-8891a7b51554', FALSE, FALSE, 'Pin', 4.5, FALSE);
insert into match_participants (match_id, wrestler_id, result) values ('5d3844fb-21c2-4cae-a06f-900b2db4c6d0', '9683fa4f-ffaf-4185-938d-e4a435a5aef7', 'loser');
insert into match_participants (match_id, wrestler_id, result) values ('5d3844fb-21c2-4cae-a06f-900b2db4c6d0', 'db9025f4-91c4-47e8-b3de-e3864852a4c8', 'winner');
insert into matches (id, show_id, match_number, match_type, stipulation, is_title_match, title_id, is_mitb, mitb_cashin, defeat_type, rating, is_draw) values ('d7d37cdd-c5f3-49ef-ad98-5200b56a767b', 'f42e963b-52a3-49c4-a0bd-56244603c808', 13, 'Single', 'Extreme Rules', FALSE, NULL, NULL, FALSE, 'Pin', 5.0, FALSE);
insert into match_participants (match_id, wrestler_id, result) values ('d7d37cdd-c5f3-49ef-ad98-5200b56a767b', '31f8c2ba-a0c4-4352-ae28-1cf68d200216', 'winner');
insert into match_participants (match_id, wrestler_id, result) values ('d7d37cdd-c5f3-49ef-ad98-5200b56a767b', 'd0df50f1-fbbb-4298-ab0c-f7e6e122c4c4', 'loser');
insert into matches (id, show_id, match_number, match_type, stipulation, is_title_match, title_id, is_mitb, mitb_cashin, defeat_type, rating, is_draw) values ('547ca9ab-b2b2-447d-88ca-690df2eb8da1', 'f42e963b-52a3-49c4-a0bd-56244603c808', 14, 'Single', NULL, TRUE, 'f3ec52c9-649b-48cb-aa37-da278fbd72df', FALSE, FALSE, 'Pin', 4.5, FALSE);
insert into match_participants (match_id, wrestler_id, result) values ('547ca9ab-b2b2-447d-88ca-690df2eb8da1', '122e2f4f-61c3-46f1-8de6-407a73f0712e', 'loser');
insert into match_participants (match_id, wrestler_id, result) values ('547ca9ab-b2b2-447d-88ca-690df2eb8da1', '60c99dea-a118-4839-99eb-5de3ca41d5d4', 'winner');
insert into matches (id, show_id, match_number, match_type, stipulation, is_title_match, title_id, is_mitb, mitb_cashin, defeat_type, rating, is_draw) values ('0b2c4223-4af9-41da-8515-98068d076a39', 'f42e963b-52a3-49c4-a0bd-56244603c808', 15, 'Single', NULL, TRUE, 'f3ec52c9-649b-48cb-aa37-da278fbd72df', FALSE, FALSE, 'Pin', 3.0, FALSE);
insert into match_participants (match_id, wrestler_id, result) values ('0b2c4223-4af9-41da-8515-98068d076a39', 'f53c5be3-c66c-4d29-b281-5c0157203703', 'winner');
insert into match_participants (match_id, wrestler_id, result) values ('0b2c4223-4af9-41da-8515-98068d076a39', '60c99dea-a118-4839-99eb-5de3ca41d5d4', 'loser');
insert into shows (id, name, show_date, show_type, ppv_name) values ('43024ff5-a2d2-4fa6-90c6-ebe4ce62993d', 'DAW 04-26-2025', '2025-04-26', 'weekly', NULL);
insert into matches (id, show_id, match_number, match_type, stipulation, is_title_match, title_id, is_mitb, mitb_cashin, defeat_type, rating, is_draw) values ('e285f29a-e393-4ce4-b9a6-e9185b1a1727', '43024ff5-a2d2-4fa6-90c6-ebe4ce62993d', 1, 'Single', NULL, TRUE, 'b691e77a-af24-4f33-9c0f-09c435cd8dac', TRUE, FALSE, 'No Contest', 5.0, FALSE);
insert into match_participants (match_id, wrestler_id, result) values ('e285f29a-e393-4ce4-b9a6-e9185b1a1727', 'f53c5be3-c66c-4d29-b281-5c0157203703', 'loser');
insert into match_participants (match_id, team_id, result) values ('e285f29a-e393-4ce4-b9a6-e9185b1a1727', '77ab10d7-12a7-48ea-b6c1-e09e4e455b7d', 'winner');
insert into shows (id, name, show_date, show_type, ppv_name) values ('2339f7a0-3fc3-4e99-b1bd-b764272d1817', 'DAW 05-02-2025', '2025-05-02', 'weekly', NULL);
insert into matches (id, show_id, match_number, match_type, stipulation, is_title_match, title_id, is_mitb, mitb_cashin, defeat_type, rating, is_draw) values ('1b116bc4-aa82-4325-a8b5-7b9be7559d48', '2339f7a0-3fc3-4e99-b1bd-b764272d1817', 1, 'Tag Team', NULL, FALSE, NULL, NULL, FALSE, 'Pin', 3.0, FALSE);
insert into match_participants (match_id, team_id, result) values ('1b116bc4-aa82-4325-a8b5-7b9be7559d48', '8dd02369-5443-418b-94d5-1970756968ba', 'loser');
insert into match_participants (match_id, team_id, result) values ('1b116bc4-aa82-4325-a8b5-7b9be7559d48', '851cd315-9431-48a4-aa8a-acca45ae40c2', 'winner');
insert into matches (id, show_id, match_number, match_type, stipulation, is_title_match, title_id, is_mitb, mitb_cashin, defeat_type, rating, is_draw) values ('ae8c556d-9e84-4dd7-9edb-06b9a7f3ff0a', '2339f7a0-3fc3-4e99-b1bd-b764272d1817', 2, 'Single', NULL, FALSE, NULL, NULL, FALSE, 'Pin', 1.5, FALSE);
insert into match_participants (match_id, wrestler_id, result) values ('ae8c556d-9e84-4dd7-9edb-06b9a7f3ff0a', 'ae2ce814-315f-41f0-ab99-eddf09a7d4c5', 'winner');
insert into match_participants (match_id, wrestler_id, result) values ('ae8c556d-9e84-4dd7-9edb-06b9a7f3ff0a', 'b0a5de67-da65-4808-bb98-ace3a77fa729', 'loser');
insert into matches (id, show_id, match_number, match_type, stipulation, is_title_match, title_id, is_mitb, mitb_cashin, defeat_type, rating, is_draw) values ('c2d572b3-3c0b-4804-9d18-ce42361d9cf0', '2339f7a0-3fc3-4e99-b1bd-b764272d1817', 3, 'Single', NULL, FALSE, NULL, NULL, FALSE, 'Sub', 4.5, FALSE);
insert into match_participants (match_id, wrestler_id, result) values ('c2d572b3-3c0b-4804-9d18-ce42361d9cf0', 'df1f0185-5678-4a36-8b11-55cda64a0fa0', 'loser');
insert into match_participants (match_id, wrestler_id, result) values ('c2d572b3-3c0b-4804-9d18-ce42361d9cf0', '095eadde-75ef-494e-8568-a09449149336', 'winner');
insert into matches (id, show_id, match_number, match_type, stipulation, is_title_match, title_id, is_mitb, mitb_cashin, defeat_type, rating, is_draw) values ('4fa0a7c0-17c3-439f-abcd-2bc4c4b62fdf', '2339f7a0-3fc3-4e99-b1bd-b764272d1817', 4, 'Triple Threat', NULL, FALSE, NULL, NULL, FALSE, 'Sub', 5.0, FALSE);
insert into match_participants (match_id, wrestler_id, result) values ('4fa0a7c0-17c3-439f-abcd-2bc4c4b62fdf', 'cce2403e-b550-4727-9b4c-e04012c77f31', 'loser');
insert into match_participants (match_id, wrestler_id, result) values ('4fa0a7c0-17c3-439f-abcd-2bc4c4b62fdf', '07687962-07c0-46b6-9541-2d8b60e3c2c1', 'loser');
insert into match_participants (match_id, wrestler_id, result) values ('4fa0a7c0-17c3-439f-abcd-2bc4c4b62fdf', 'da018f6e-a005-4adc-bd43-e03f03ebcee0', 'winner');
insert into matches (id, show_id, match_number, match_type, stipulation, is_title_match, title_id, is_mitb, mitb_cashin, defeat_type, rating, is_draw) values ('86ecd237-b3aa-4487-abbc-9b0b62016bfd', '2339f7a0-3fc3-4e99-b1bd-b764272d1817', 5, 'Single', NULL, FALSE, NULL, NULL, FALSE, 'Pin', 4.0, FALSE);
insert into match_participants (match_id, wrestler_id, result) values ('86ecd237-b3aa-4487-abbc-9b0b62016bfd', 'bc93b973-151b-48ca-8d75-8f6c220a0d31', 'winner');
insert into match_participants (match_id, wrestler_id, result) values ('86ecd237-b3aa-4487-abbc-9b0b62016bfd', '0d2420e5-4511-44a9-8d66-a70eef1ce8d4', 'loser');
insert into matches (id, show_id, match_number, match_type, stipulation, is_title_match, title_id, is_mitb, mitb_cashin, defeat_type, rating, is_draw) values ('2e4ae3b5-8814-42eb-906f-d0fef16adbd9', '2339f7a0-3fc3-4e99-b1bd-b764272d1817', 6, 'Single', NULL, FALSE, NULL, NULL, FALSE, 'Pin', 3.5, FALSE);
insert into match_participants (match_id, wrestler_id, result) values ('2e4ae3b5-8814-42eb-906f-d0fef16adbd9', '0072611a-281e-4de5-bf57-fbc9696651ec', 'winner');
insert into match_participants (match_id, wrestler_id, result) values ('2e4ae3b5-8814-42eb-906f-d0fef16adbd9', '7e31c302-05ee-4325-989f-aefa74f76445', 'loser');
insert into matches (id, show_id, match_number, match_type, stipulation, is_title_match, title_id, is_mitb, mitb_cashin, defeat_type, rating, is_draw) values ('bf4e18c7-6719-4098-9a14-e3ee72fde776', '2339f7a0-3fc3-4e99-b1bd-b764272d1817', 7, 'Triple Threat', NULL, FALSE, NULL, NULL, FALSE, 'Pin', 4.0, FALSE);
insert into match_participants (match_id, wrestler_id, result) values ('bf4e18c7-6719-4098-9a14-e3ee72fde776', '469ab9db-7202-45c0-a929-64eb9137b121', 'loser');
insert into match_participants (match_id, wrestler_id, result) values ('bf4e18c7-6719-4098-9a14-e3ee72fde776', '146ed3a2-ffd0-498f-ab39-8a11824f6cff', 'winner');
insert into match_participants (match_id, wrestler_id, result) values ('bf4e18c7-6719-4098-9a14-e3ee72fde776', 'ddf80d05-eb45-483d-a569-f2ae53f07b4b', 'loser');
insert into matches (id, show_id, match_number, match_type, stipulation, is_title_match, title_id, is_mitb, mitb_cashin, defeat_type, rating, is_draw) values ('e84d6938-11f0-4d3c-ae39-73100e09a5fa', '2339f7a0-3fc3-4e99-b1bd-b764272d1817', 8, 'Triple Threat', NULL, FALSE, NULL, NULL, FALSE, 'Pin', 4.0, FALSE);
insert into match_participants (match_id, wrestler_id, result) values ('e84d6938-11f0-4d3c-ae39-73100e09a5fa', 'ede1c7ef-9eee-42fc-9380-cb209f0b828e', 'winner');
insert into match_participants (match_id, wrestler_id, result) values ('e84d6938-11f0-4d3c-ae39-73100e09a5fa', 'a4325654-d541-4561-a709-9338864677a9', 'loser');
insert into match_participants (match_id, wrestler_id, result) values ('e84d6938-11f0-4d3c-ae39-73100e09a5fa', '1826607e-4b96-4b3a-9d74-291db6467c3d', 'loser');
insert into matches (id, show_id, match_number, match_type, stipulation, is_title_match, title_id, is_mitb, mitb_cashin, defeat_type, rating, is_draw) values ('7f7af4f0-b2ac-4ca5-8730-b6bd4467a994', '2339f7a0-3fc3-4e99-b1bd-b764272d1817', 9, 'Single', NULL, FALSE, NULL, NULL, FALSE, 'Pin', 4.0, FALSE);
insert into match_participants (match_id, wrestler_id, result) values ('7f7af4f0-b2ac-4ca5-8730-b6bd4467a994', 'b53deaf4-6809-46c8-a85f-587ef1ead267', 'loser');
insert into match_participants (match_id, wrestler_id, result) values ('7f7af4f0-b2ac-4ca5-8730-b6bd4467a994', '0655bec3-0c3f-48ed-b466-a98f20841621', 'winner');
insert into matches (id, show_id, match_number, match_type, stipulation, is_title_match, title_id, is_mitb, mitb_cashin, defeat_type, rating, is_draw) values ('5843bc80-ff14-4cfd-a38f-140941f4f71c', '2339f7a0-3fc3-4e99-b1bd-b764272d1817', 10, 'Single', NULL, FALSE, NULL, NULL, FALSE, 'Pin', 4.5, FALSE);
insert into match_participants (match_id, wrestler_id, result) values ('5843bc80-ff14-4cfd-a38f-140941f4f71c', '1fdbaeea-4dc7-41ff-9ce9-394d33e1ace4', 'loser');
insert into match_participants (match_id, wrestler_id, result) values ('5843bc80-ff14-4cfd-a38f-140941f4f71c', '2c23bf2a-90de-4618-9564-8e0e622857f1', 'winner');
insert into matches (id, show_id, match_number, match_type, stipulation, is_title_match, title_id, is_mitb, mitb_cashin, defeat_type, rating, is_draw) values ('637e123a-1553-488e-b772-664249aa44fd', '2339f7a0-3fc3-4e99-b1bd-b764272d1817', 11, 'Tag Team', NULL, FALSE, NULL, NULL, FALSE, 'Pin', 4.0, FALSE);
insert into match_participants (match_id, team_id, result) values ('637e123a-1553-488e-b772-664249aa44fd', 'c8701498-3b43-490d-9ea9-cab4c4371776', 'loser');
insert into matches (id, show_id, match_number, match_type, stipulation, is_title_match, title_id, is_mitb, mitb_cashin, defeat_type, rating, is_draw) values ('7e7f36a4-da18-4904-bd62-8b7dc8fcd5b1', '2339f7a0-3fc3-4e99-b1bd-b764272d1817', 12, 'Single', NULL, FALSE, NULL, NULL, FALSE, 'Pin', 3.5, FALSE);
insert into match_participants (match_id, wrestler_id, result) values ('7e7f36a4-da18-4904-bd62-8b7dc8fcd5b1', '9683fa4f-ffaf-4185-938d-e4a435a5aef7', 'winner');
insert into match_participants (match_id, wrestler_id, result) values ('7e7f36a4-da18-4904-bd62-8b7dc8fcd5b1', '6a3c5c70-fbb7-4a85-8940-df64e251eca3', 'loser');
insert into matches (id, show_id, match_number, match_type, stipulation, is_title_match, title_id, is_mitb, mitb_cashin, defeat_type, rating, is_draw) values ('85d6b3ca-7957-4d78-b83c-a4f62238abbe', '2339f7a0-3fc3-4e99-b1bd-b764272d1817', 13, 'Single', NULL, FALSE, NULL, NULL, FALSE, 'Pin', 4.0, FALSE);
insert into match_participants (match_id, wrestler_id, result) values ('85d6b3ca-7957-4d78-b83c-a4f62238abbe', '60c99dea-a118-4839-99eb-5de3ca41d5d4', 'winner');
insert into match_participants (match_id, wrestler_id, result) values ('85d6b3ca-7957-4d78-b83c-a4f62238abbe', 'f53c5be3-c66c-4d29-b281-5c0157203703', 'loser');
insert into matches (id, show_id, match_number, match_type, stipulation, is_title_match, title_id, is_mitb, mitb_cashin, defeat_type, rating, is_draw) values ('c48abc87-59c8-4b09-bba3-0f782871e63e', '2339f7a0-3fc3-4e99-b1bd-b764272d1817', 14, 'Single', NULL, FALSE, NULL, NULL, FALSE, 'Pin', 4.0, FALSE);
insert into match_participants (match_id, wrestler_id, result) values ('c48abc87-59c8-4b09-bba3-0f782871e63e', 'd0df50f1-fbbb-4298-ab0c-f7e6e122c4c4', 'loser');
insert into match_participants (match_id, wrestler_id, result) values ('c48abc87-59c8-4b09-bba3-0f782871e63e', 'db9025f4-91c4-47e8-b3de-e3864852a4c8', 'winner');
insert into shows (id, name, show_date, show_type, ppv_name) values ('3adcd9bc-d194-43cf-a14e-546096789929', 'DAW 05-09-2025', '2025-05-09', 'weekly', NULL);
insert into matches (id, show_id, match_number, match_type, stipulation, is_title_match, title_id, is_mitb, mitb_cashin, defeat_type, rating, is_draw) values ('3723eb66-a2a8-4903-8046-b3d406dd9e22', '3adcd9bc-d194-43cf-a14e-546096789929', 1, 'Tag Team', NULL, FALSE, NULL, NULL, FALSE, 'Pin', 4.0, FALSE);
insert into match_participants (match_id, team_id, result) values ('3723eb66-a2a8-4903-8046-b3d406dd9e22', '851cd315-9431-48a4-aa8a-acca45ae40c2', 'loser');
insert into matches (id, show_id, match_number, match_type, stipulation, is_title_match, title_id, is_mitb, mitb_cashin, defeat_type, rating, is_draw) values ('a2d4a1a3-d8a1-4588-93a1-d6bf457769a0', '3adcd9bc-d194-43cf-a14e-546096789929', 2, 'Triple Threat', NULL, FALSE, NULL, NULL, FALSE, 'Pin', 4.0, FALSE);
insert into match_participants (match_id, wrestler_id, result) values ('a2d4a1a3-d8a1-4588-93a1-d6bf457769a0', '60a7e8b3-a4f5-4aae-a668-1742f5c1a5e9', 'loser');
insert into match_participants (match_id, wrestler_id, result) values ('a2d4a1a3-d8a1-4588-93a1-d6bf457769a0', '1826607e-4b96-4b3a-9d74-291db6467c3d', 'winner');
insert into match_participants (match_id, wrestler_id, result) values ('a2d4a1a3-d8a1-4588-93a1-d6bf457769a0', '095eadde-75ef-494e-8568-a09449149336', 'loser');
insert into matches (id, show_id, match_number, match_type, stipulation, is_title_match, title_id, is_mitb, mitb_cashin, defeat_type, rating, is_draw) values ('cd12b29b-9a73-4830-b670-62ebb5596269', '3adcd9bc-d194-43cf-a14e-546096789929', 3, 'Single', NULL, FALSE, NULL, NULL, FALSE, 'Pin', 4.5, FALSE);
insert into match_participants (match_id, wrestler_id, result) values ('cd12b29b-9a73-4830-b670-62ebb5596269', 'ede1c7ef-9eee-42fc-9380-cb209f0b828e', 'loser');
insert into match_participants (match_id, wrestler_id, result) values ('cd12b29b-9a73-4830-b670-62ebb5596269', 'da018f6e-a005-4adc-bd43-e03f03ebcee0', 'winner');
insert into matches (id, show_id, match_number, match_type, stipulation, is_title_match, title_id, is_mitb, mitb_cashin, defeat_type, rating, is_draw) values ('c6ec1caf-4330-46ca-9ccf-623127e763f4', '3adcd9bc-d194-43cf-a14e-546096789929', 4, 'Single', NULL, FALSE, NULL, NULL, FALSE, 'Pin', 2.5, FALSE);
insert into match_participants (match_id, wrestler_id, result) values ('c6ec1caf-4330-46ca-9ccf-623127e763f4', '6a3c5c70-fbb7-4a85-8940-df64e251eca3', 'winner');
insert into match_participants (match_id, wrestler_id, result) values ('c6ec1caf-4330-46ca-9ccf-623127e763f4', '1fdbaeea-4dc7-41ff-9ce9-394d33e1ace4', 'loser');
insert into matches (id, show_id, match_number, match_type, stipulation, is_title_match, title_id, is_mitb, mitb_cashin, defeat_type, rating, is_draw) values ('efe111be-198e-4a3a-8f69-ea9a37bb75a8', '3adcd9bc-d194-43cf-a14e-546096789929', 5, 'Triple Threat', NULL, FALSE, NULL, NULL, FALSE, 'Pin', 1.5, FALSE);
insert into match_participants (match_id, wrestler_id, result) values ('efe111be-198e-4a3a-8f69-ea9a37bb75a8', 'ad63b3fd-9de8-4398-a085-7cc8f264589e', 'loser');
insert into match_participants (match_id, wrestler_id, result) values ('efe111be-198e-4a3a-8f69-ea9a37bb75a8', '31f8c2ba-a0c4-4352-ae28-1cf68d200216', 'winner');
insert into match_participants (match_id, wrestler_id, result) values ('efe111be-198e-4a3a-8f69-ea9a37bb75a8', 'a4325654-d541-4561-a709-9338864677a9', 'loser');
insert into matches (id, show_id, match_number, match_type, stipulation, is_title_match, title_id, is_mitb, mitb_cashin, defeat_type, rating, is_draw) values ('21b19bc2-6e08-4be8-998b-5997f21ef81b', '3adcd9bc-d194-43cf-a14e-546096789929', 6, 'Single', NULL, FALSE, NULL, NULL, FALSE, 'Pin', 3.0, FALSE);
insert into match_participants (match_id, wrestler_id, result) values ('21b19bc2-6e08-4be8-998b-5997f21ef81b', '0655bec3-0c3f-48ed-b466-a98f20841621', 'loser');
insert into match_participants (match_id, wrestler_id, result) values ('21b19bc2-6e08-4be8-998b-5997f21ef81b', '2c23bf2a-90de-4618-9564-8e0e622857f1', 'winner');
insert into matches (id, show_id, match_number, match_type, stipulation, is_title_match, title_id, is_mitb, mitb_cashin, defeat_type, rating, is_draw) values ('b28c415e-3132-4a58-bbaa-65f37c6b32eb', '3adcd9bc-d194-43cf-a14e-546096789929', 7, 'Single', NULL, FALSE, NULL, NULL, FALSE, 'Pin', 4.0, FALSE);
insert into match_participants (match_id, wrestler_id, result) values ('b28c415e-3132-4a58-bbaa-65f37c6b32eb', 'fce02e68-03a4-4670-a5d4-a6790f4f92a1', 'winner');
insert into match_participants (match_id, wrestler_id, result) values ('b28c415e-3132-4a58-bbaa-65f37c6b32eb', 'db9025f4-91c4-47e8-b3de-e3864852a4c8', 'loser');
insert into matches (id, show_id, match_number, match_type, stipulation, is_title_match, title_id, is_mitb, mitb_cashin, defeat_type, rating, is_draw) values ('3a2a0261-239c-4da6-b922-b7c5d407962b', '3adcd9bc-d194-43cf-a14e-546096789929', 8, 'Single', NULL, FALSE, NULL, NULL, FALSE, 'Pin', 4.0, FALSE);
insert into match_participants (match_id, wrestler_id, result) values ('3a2a0261-239c-4da6-b922-b7c5d407962b', '0d2420e5-4511-44a9-8d66-a70eef1ce8d4', 'winner');
insert into match_participants (match_id, wrestler_id, result) values ('3a2a0261-239c-4da6-b922-b7c5d407962b', 'f53c5be3-c66c-4d29-b281-5c0157203703', 'loser');
insert into matches (id, show_id, match_number, match_type, stipulation, is_title_match, title_id, is_mitb, mitb_cashin, defeat_type, rating, is_draw) values ('1124f4b8-6bbb-4eff-bcd9-2ab99f4a8d1d', '3adcd9bc-d194-43cf-a14e-546096789929', 9, 'Battle Royale', NULL, FALSE, NULL, NULL, FALSE, 'Pin', 4.0, FALSE);
insert into match_participants (match_id, wrestler_id, result) values ('1124f4b8-6bbb-4eff-bcd9-2ab99f4a8d1d', '5909ea1d-6838-40c8-8058-64854406eb27', 'loser');
insert into match_participants (match_id, wrestler_id, result) values ('1124f4b8-6bbb-4eff-bcd9-2ab99f4a8d1d', '9683fa4f-ffaf-4185-938d-e4a435a5aef7', 'loser');
insert into match_participants (match_id, wrestler_id, result) values ('1124f4b8-6bbb-4eff-bcd9-2ab99f4a8d1d', '004c7b59-d738-4718-a1f0-39aa22e8039d', 'loser');
insert into match_participants (match_id, wrestler_id, result) values ('1124f4b8-6bbb-4eff-bcd9-2ab99f4a8d1d', '7d9945b2-59a0-4661-8206-198fec52bb2f', 'loser');
insert into match_participants (match_id, wrestler_id, result) values ('1124f4b8-6bbb-4eff-bcd9-2ab99f4a8d1d', '7ca7fd7b-2526-41ea-b143-cdd82f404014', 'winner');
insert into match_participants (match_id, wrestler_id, result) values ('1124f4b8-6bbb-4eff-bcd9-2ab99f4a8d1d', '07687962-07c0-46b6-9541-2d8b60e3c2c1', 'loser');
insert into match_participants (match_id, wrestler_id, result) values ('1124f4b8-6bbb-4eff-bcd9-2ab99f4a8d1d', 'd0df50f1-fbbb-4298-ab0c-f7e6e122c4c4', 'loser');
insert into match_participants (match_id, wrestler_id, result) values ('1124f4b8-6bbb-4eff-bcd9-2ab99f4a8d1d', 'cce2403e-b550-4727-9b4c-e04012c77f31', 'loser');
insert into shows (id, name, show_date, show_type, ppv_name) values ('0d903a4d-c99f-456a-95e6-ae4c6b1dfa4d', 'DAW 05-16-2025', '2025-05-16', 'weekly', NULL);
insert into matches (id, show_id, match_number, match_type, stipulation, is_title_match, title_id, is_mitb, mitb_cashin, defeat_type, rating, is_draw) values ('0f8c5c4d-7650-4bd5-a137-7951f2e8ba04', '0d903a4d-c99f-456a-95e6-ae4c6b1dfa4d', 1, 'Tag Team', NULL, FALSE, NULL, NULL, FALSE, 'Pin', 2.5, FALSE);
insert into match_participants (match_id, team_id, result) values ('0f8c5c4d-7650-4bd5-a137-7951f2e8ba04', '83fd0ef7-a31d-432b-9a7c-594309de6c3f', 'winner');
insert into matches (id, show_id, match_number, match_type, stipulation, is_title_match, title_id, is_mitb, mitb_cashin, defeat_type, rating, is_draw) values ('de31af45-f91a-4dbf-b379-514aab9a460f', '0d903a4d-c99f-456a-95e6-ae4c6b1dfa4d', 2, 'Triple Threat', NULL, FALSE, NULL, NULL, FALSE, 'Pin', 3.5, FALSE);
insert into match_participants (match_id, wrestler_id, result) values ('de31af45-f91a-4dbf-b379-514aab9a460f', 'ae2ce814-315f-41f0-ab99-eddf09a7d4c5', 'winner');
insert into match_participants (match_id, wrestler_id, result) values ('de31af45-f91a-4dbf-b379-514aab9a460f', 'b2d0cb4c-4471-49a3-b524-544ce1bd95a1', 'loser');
insert into match_participants (match_id, wrestler_id, result) values ('de31af45-f91a-4dbf-b379-514aab9a460f', 'da018f6e-a005-4adc-bd43-e03f03ebcee0', 'loser');
insert into matches (id, show_id, match_number, match_type, stipulation, is_title_match, title_id, is_mitb, mitb_cashin, defeat_type, rating, is_draw) values ('51441b77-8a38-404d-9884-df3b9b139edb', '0d903a4d-c99f-456a-95e6-ae4c6b1dfa4d', 3, 'Single', NULL, FALSE, NULL, NULL, FALSE, 'Pin', 2.5, FALSE);
insert into match_participants (match_id, wrestler_id, result) values ('51441b77-8a38-404d-9884-df3b9b139edb', 'a4325654-d541-4561-a709-9338864677a9', 'loser');
insert into match_participants (match_id, wrestler_id, result) values ('51441b77-8a38-404d-9884-df3b9b139edb', 'ad63b3fd-9de8-4398-a085-7cc8f264589e', 'winner');
insert into matches (id, show_id, match_number, match_type, stipulation, is_title_match, title_id, is_mitb, mitb_cashin, defeat_type, rating, is_draw) values ('335cd691-854f-4cab-b65f-ab1d1d75c580', '0d903a4d-c99f-456a-95e6-ae4c6b1dfa4d', 4, 'Single', NULL, FALSE, NULL, NULL, FALSE, 'Pin', 4.0, FALSE);
insert into match_participants (match_id, wrestler_id, result) values ('335cd691-854f-4cab-b65f-ab1d1d75c580', '07687962-07c0-46b6-9541-2d8b60e3c2c1', 'winner');
insert into match_participants (match_id, wrestler_id, result) values ('335cd691-854f-4cab-b65f-ab1d1d75c580', '1fdbaeea-4dc7-41ff-9ce9-394d33e1ace4', 'loser');
insert into matches (id, show_id, match_number, match_type, stipulation, is_title_match, title_id, is_mitb, mitb_cashin, defeat_type, rating, is_draw) values ('a4adf01e-a211-4da9-a3d1-2634d995d67c', '0d903a4d-c99f-456a-95e6-ae4c6b1dfa4d', 5, 'Triple Threat', NULL, FALSE, NULL, NULL, FALSE, 'Pin', 3.0, FALSE);
insert into match_participants (match_id, wrestler_id, result) values ('a4adf01e-a211-4da9-a3d1-2634d995d67c', '5909ea1d-6838-40c8-8058-64854406eb27', 'winner');
insert into match_participants (match_id, wrestler_id, result) values ('a4adf01e-a211-4da9-a3d1-2634d995d67c', '9683fa4f-ffaf-4185-938d-e4a435a5aef7', 'loser');
insert into match_participants (match_id, wrestler_id, result) values ('a4adf01e-a211-4da9-a3d1-2634d995d67c', '6a3c5c70-fbb7-4a85-8940-df64e251eca3', 'loser');
insert into matches (id, show_id, match_number, match_type, stipulation, is_title_match, title_id, is_mitb, mitb_cashin, defeat_type, rating, is_draw) values ('46781b5b-8a77-4cc8-83c4-c71e6c32d1a3', '0d903a4d-c99f-456a-95e6-ae4c6b1dfa4d', 6, 'Single', NULL, FALSE, NULL, NULL, FALSE, 'Pin', 4.5, FALSE);
insert into match_participants (match_id, wrestler_id, result) values ('46781b5b-8a77-4cc8-83c4-c71e6c32d1a3', 'ede1c7ef-9eee-42fc-9380-cb209f0b828e', 'loser');
insert into match_participants (match_id, wrestler_id, result) values ('46781b5b-8a77-4cc8-83c4-c71e6c32d1a3', 'db9025f4-91c4-47e8-b3de-e3864852a4c8', 'winner');
insert into matches (id, show_id, match_number, match_type, stipulation, is_title_match, title_id, is_mitb, mitb_cashin, defeat_type, rating, is_draw) values ('8b6b1b61-4622-43be-b508-d666dbdc632b', '0d903a4d-c99f-456a-95e6-ae4c6b1dfa4d', 7, 'Single', 'Hardcore', FALSE, NULL, NULL, FALSE, 'Pin', 4.0, FALSE);
insert into match_participants (match_id, wrestler_id, result) values ('8b6b1b61-4622-43be-b508-d666dbdc632b', '7d9945b2-59a0-4661-8206-198fec52bb2f', 'winner');
insert into match_participants (match_id, wrestler_id, result) values ('8b6b1b61-4622-43be-b508-d666dbdc632b', '09a1ddc7-5133-4858-b8e1-c89de2eefe3b', 'loser');
insert into matches (id, show_id, match_number, match_type, stipulation, is_title_match, title_id, is_mitb, mitb_cashin, defeat_type, rating, is_draw) values ('04199118-4435-40b3-b7e0-4c270b9008b8', '0d903a4d-c99f-456a-95e6-ae4c6b1dfa4d', 8, 'Single', NULL, FALSE, NULL, NULL, FALSE, 'Pin', 4.0, FALSE);
insert into match_participants (match_id, wrestler_id, result) values ('04199118-4435-40b3-b7e0-4c270b9008b8', '2c23bf2a-90de-4618-9564-8e0e622857f1', 'winner');
insert into match_participants (match_id, wrestler_id, result) values ('04199118-4435-40b3-b7e0-4c270b9008b8', 'f53c5be3-c66c-4d29-b281-5c0157203703', 'loser');
insert into matches (id, show_id, match_number, match_type, stipulation, is_title_match, title_id, is_mitb, mitb_cashin, defeat_type, rating, is_draw) values ('51407c27-7cfb-48c8-ac50-73b28f9b1960', '0d903a4d-c99f-456a-95e6-ae4c6b1dfa4d', 9, 'Battle Royale', NULL, FALSE, NULL, NULL, FALSE, 'Pin', 4.0, FALSE);
insert into match_participants (match_id, wrestler_id, result) values ('51407c27-7cfb-48c8-ac50-73b28f9b1960', '0d2420e5-4511-44a9-8d66-a70eef1ce8d4', 'loser');
insert into match_participants (match_id, wrestler_id, result) values ('51407c27-7cfb-48c8-ac50-73b28f9b1960', '24041ddc-d965-4815-8c45-c9f97a2ed2c1', 'winner');
insert into match_participants (match_id, wrestler_id, result) values ('51407c27-7cfb-48c8-ac50-73b28f9b1960', '60c99dea-a118-4839-99eb-5de3ca41d5d4', 'loser');
insert into match_participants (match_id, wrestler_id, result) values ('51407c27-7cfb-48c8-ac50-73b28f9b1960', 'ddf80d05-eb45-483d-a569-f2ae53f07b4b', 'loser');
insert into match_participants (match_id, wrestler_id, result) values ('51407c27-7cfb-48c8-ac50-73b28f9b1960', '0072611a-281e-4de5-bf57-fbc9696651ec', 'loser');
insert into match_participants (match_id, wrestler_id, result) values ('51407c27-7cfb-48c8-ac50-73b28f9b1960', 'bc93b973-151b-48ca-8d75-8f6c220a0d31', 'loser');
insert into match_participants (match_id, wrestler_id, result) values ('51407c27-7cfb-48c8-ac50-73b28f9b1960', '0655bec3-0c3f-48ed-b466-a98f20841621', 'loser');
insert into match_participants (match_id, wrestler_id, result) values ('51407c27-7cfb-48c8-ac50-73b28f9b1960', '122e2f4f-61c3-46f1-8de6-407a73f0712e', 'loser');
insert into shows (id, name, show_date, show_type, ppv_name) values ('354eb5ba-fd81-4907-b1f0-cd6f6edb9417', 'DAW 05-23-2025', '2025-05-23', 'weekly', NULL);
insert into matches (id, show_id, match_number, match_type, stipulation, is_title_match, title_id, is_mitb, mitb_cashin, defeat_type, rating, is_draw) values ('b718ff4f-6f70-4874-88fe-4c539c647f6a', '354eb5ba-fd81-4907-b1f0-cd6f6edb9417', 1, 'Tag Team', NULL, FALSE, NULL, NULL, FALSE, 'Pin', 4.0, FALSE);
insert into match_participants (match_id, team_id, result) values ('b718ff4f-6f70-4874-88fe-4c539c647f6a', '68c622dc-e758-4f54-9c6b-cfa737db8028', 'loser');
insert into matches (id, show_id, match_number, match_type, stipulation, is_title_match, title_id, is_mitb, mitb_cashin, defeat_type, rating, is_draw) values ('eab8597f-2eef-4234-ba2e-537fdb1708e8', '354eb5ba-fd81-4907-b1f0-cd6f6edb9417', 2, 'Triple Threat', NULL, FALSE, NULL, NULL, FALSE, 'Pin', 4.0, FALSE);
insert into match_participants (match_id, wrestler_id, result) values ('eab8597f-2eef-4234-ba2e-537fdb1708e8', '6a3c5c70-fbb7-4a85-8940-df64e251eca3', 'winner');
insert into match_participants (match_id, wrestler_id, result) values ('eab8597f-2eef-4234-ba2e-537fdb1708e8', '004c7b59-d738-4718-a1f0-39aa22e8039d', 'loser');
insert into match_participants (match_id, wrestler_id, result) values ('eab8597f-2eef-4234-ba2e-537fdb1708e8', 'ede1c7ef-9eee-42fc-9380-cb209f0b828e', 'loser');
insert into matches (id, show_id, match_number, match_type, stipulation, is_title_match, title_id, is_mitb, mitb_cashin, defeat_type, rating, is_draw) values ('a9f767c1-f8a7-4b61-8572-fcb03796f00a', '354eb5ba-fd81-4907-b1f0-cd6f6edb9417', 3, 'Single', NULL, FALSE, NULL, NULL, FALSE, 'Pin', 1.5, FALSE);
insert into match_participants (match_id, wrestler_id, result) values ('a9f767c1-f8a7-4b61-8572-fcb03796f00a', '1fdbaeea-4dc7-41ff-9ce9-394d33e1ace4', 'winner');
insert into match_participants (match_id, wrestler_id, result) values ('a9f767c1-f8a7-4b61-8572-fcb03796f00a', 'a4325654-d541-4561-a709-9338864677a9', 'loser');
insert into matches (id, show_id, match_number, match_type, stipulation, is_title_match, title_id, is_mitb, mitb_cashin, defeat_type, rating, is_draw) values ('67b7055b-e4a4-4935-8e89-cab9ec20f79e', '354eb5ba-fd81-4907-b1f0-cd6f6edb9417', 4, 'Single', NULL, FALSE, NULL, NULL, FALSE, 'Pin', 3.5, FALSE);
insert into match_participants (match_id, wrestler_id, result) values ('67b7055b-e4a4-4935-8e89-cab9ec20f79e', 'ddf80d05-eb45-483d-a569-f2ae53f07b4b', 'winner');
insert into match_participants (match_id, wrestler_id, result) values ('67b7055b-e4a4-4935-8e89-cab9ec20f79e', '24041ddc-d965-4815-8c45-c9f97a2ed2c1', 'loser');
insert into matches (id, show_id, match_number, match_type, stipulation, is_title_match, title_id, is_mitb, mitb_cashin, defeat_type, rating, is_draw) values ('ce470792-7ef4-4b76-b22f-53a465753196', '354eb5ba-fd81-4907-b1f0-cd6f6edb9417', 5, 'Single', NULL, FALSE, NULL, NULL, FALSE, 'Pin', 3.0, FALSE);
insert into match_participants (match_id, wrestler_id, result) values ('ce470792-7ef4-4b76-b22f-53a465753196', '09a1ddc7-5133-4858-b8e1-c89de2eefe3b', 'loser');
insert into match_participants (match_id, wrestler_id, result) values ('ce470792-7ef4-4b76-b22f-53a465753196', '7e31c302-05ee-4325-989f-aefa74f76445', 'winner');
insert into matches (id, show_id, match_number, match_type, stipulation, is_title_match, title_id, is_mitb, mitb_cashin, defeat_type, rating, is_draw) values ('662b9ea8-4345-4783-9845-7a05a6fbecba', '354eb5ba-fd81-4907-b1f0-cd6f6edb9417', 6, 'Triple Threat', NULL, FALSE, NULL, NULL, FALSE, 'Pin', 4.5, FALSE);
insert into match_participants (match_id, wrestler_id, result) values ('662b9ea8-4345-4783-9845-7a05a6fbecba', '0d2420e5-4511-44a9-8d66-a70eef1ce8d4', 'loser');
insert into match_participants (match_id, wrestler_id, result) values ('662b9ea8-4345-4783-9845-7a05a6fbecba', '60c99dea-a118-4839-99eb-5de3ca41d5d4', 'winner');
insert into match_participants (match_id, wrestler_id, result) values ('662b9ea8-4345-4783-9845-7a05a6fbecba', '146ed3a2-ffd0-498f-ab39-8a11824f6cff', 'loser');
insert into matches (id, show_id, match_number, match_type, stipulation, is_title_match, title_id, is_mitb, mitb_cashin, defeat_type, rating, is_draw) values ('6f1ea15b-1e9b-4383-a63b-5cdb363d871e', '354eb5ba-fd81-4907-b1f0-cd6f6edb9417', 7, 'Single', NULL, FALSE, NULL, NULL, FALSE, 'Pin', 3.5, FALSE);
insert into match_participants (match_id, wrestler_id, result) values ('6f1ea15b-1e9b-4383-a63b-5cdb363d871e', '0072611a-281e-4de5-bf57-fbc9696651ec', 'loser');
insert into match_participants (match_id, wrestler_id, result) values ('6f1ea15b-1e9b-4383-a63b-5cdb363d871e', '2c23bf2a-90de-4618-9564-8e0e622857f1', 'winner');
insert into matches (id, show_id, match_number, match_type, stipulation, is_title_match, title_id, is_mitb, mitb_cashin, defeat_type, rating, is_draw) values ('faa79127-9454-4f14-9a74-2ca6b89ef3fc', '354eb5ba-fd81-4907-b1f0-cd6f6edb9417', 8, 'Single', NULL, FALSE, NULL, NULL, FALSE, 'Pin', 4.5, FALSE);
insert into match_participants (match_id, wrestler_id, result) values ('faa79127-9454-4f14-9a74-2ca6b89ef3fc', '0655bec3-0c3f-48ed-b466-a98f20841621', 'loser');
insert into match_participants (match_id, wrestler_id, result) values ('faa79127-9454-4f14-9a74-2ca6b89ef3fc', 'f53c5be3-c66c-4d29-b281-5c0157203703', 'winner');
insert into matches (id, show_id, match_number, match_type, stipulation, is_title_match, title_id, is_mitb, mitb_cashin, defeat_type, rating, is_draw) values ('64cc0ed3-320b-4fb9-af45-825b4dff3e4c', '354eb5ba-fd81-4907-b1f0-cd6f6edb9417', 9, 'Single', NULL, FALSE, NULL, NULL, FALSE, 'Pin', 4.0, FALSE);
insert into match_participants (match_id, wrestler_id, result) values ('64cc0ed3-320b-4fb9-af45-825b4dff3e4c', '7ca7fd7b-2526-41ea-b143-cdd82f404014', 'loser');
insert into match_participants (match_id, wrestler_id, result) values ('64cc0ed3-320b-4fb9-af45-825b4dff3e4c', 'db9025f4-91c4-47e8-b3de-e3864852a4c8', 'winner');
insert into shows (id, name, show_date, show_type, ppv_name) values ('62ac819b-c2e8-44c2-aae5-17e0b34fb1cc', 'DAW 05-30-2025', '2025-05-30', 'weekly', NULL);
insert into matches (id, show_id, match_number, match_type, stipulation, is_title_match, title_id, is_mitb, mitb_cashin, defeat_type, rating, is_draw) values ('2db76d67-d4ba-433f-a550-1782ba1fc914', '62ac819b-c2e8-44c2-aae5-17e0b34fb1cc', 1, 'Tag Team', NULL, TRUE, NULL, NULL, FALSE, 'Pin', 4.5, FALSE);
insert into match_participants (match_id, team_id, result) values ('2db76d67-d4ba-433f-a550-1782ba1fc914', '8d790109-09d5-4f53-abc0-4b9e1844f285', 'winner');
insert into match_participants (match_id, team_id, result) values ('2db76d67-d4ba-433f-a550-1782ba1fc914', '851cd315-9431-48a4-aa8a-acca45ae40c2', 'loser');
insert into matches (id, show_id, match_number, match_type, stipulation, is_title_match, title_id, is_mitb, mitb_cashin, defeat_type, rating, is_draw) values ('3e379792-adba-4242-9111-0c95f6a51b5d', '62ac819b-c2e8-44c2-aae5-17e0b34fb1cc', 2, 'Single', NULL, FALSE, NULL, NULL, FALSE, 'Pin', 3.0, FALSE);
insert into match_participants (match_id, wrestler_id, result) values ('3e379792-adba-4242-9111-0c95f6a51b5d', '004c7b59-d738-4718-a1f0-39aa22e8039d', 'winner');
insert into match_participants (match_id, wrestler_id, result) values ('3e379792-adba-4242-9111-0c95f6a51b5d', 'a4325654-d541-4561-a709-9338864677a9', 'loser');
insert into matches (id, show_id, match_number, match_type, stipulation, is_title_match, title_id, is_mitb, mitb_cashin, defeat_type, rating, is_draw) values ('258a3949-0692-494a-bd2b-07b57855cc09', '62ac819b-c2e8-44c2-aae5-17e0b34fb1cc', 3, 'Single', 'Hardcore', TRUE, 'f87d2a11-2153-454c-a574-5d749d0741ac', FALSE, FALSE, 'Pin', 4.0, FALSE);
insert into match_participants (match_id, wrestler_id, result) values ('258a3949-0692-494a-bd2b-07b57855cc09', 'ede1c7ef-9eee-42fc-9380-cb209f0b828e', 'winner');
insert into match_participants (match_id, wrestler_id, result) values ('258a3949-0692-494a-bd2b-07b57855cc09', 'da018f6e-a005-4adc-bd43-e03f03ebcee0', 'loser');
insert into matches (id, show_id, match_number, match_type, stipulation, is_title_match, title_id, is_mitb, mitb_cashin, defeat_type, rating, is_draw) values ('243dec31-7052-4bd5-8a1a-a8c5368f6e06', '62ac819b-c2e8-44c2-aae5-17e0b34fb1cc', 4, 'Single', NULL, FALSE, NULL, NULL, FALSE, 'Pin', 4.0, FALSE);
insert into match_participants (match_id, wrestler_id, result) values ('243dec31-7052-4bd5-8a1a-a8c5368f6e06', 'ae2ce814-315f-41f0-ab99-eddf09a7d4c5', 'loser');
insert into match_participants (match_id, wrestler_id, result) values ('243dec31-7052-4bd5-8a1a-a8c5368f6e06', '7d9945b2-59a0-4661-8206-198fec52bb2f', 'winner');
insert into matches (id, show_id, match_number, match_type, stipulation, is_title_match, title_id, is_mitb, mitb_cashin, defeat_type, rating, is_draw) values ('449af732-c312-4c81-9011-a50509532115', '62ac819b-c2e8-44c2-aae5-17e0b34fb1cc', 5, 'Triple Threat', 'Extreme Rules', FALSE, NULL, NULL, FALSE, 'Pin', 4.5, FALSE);
insert into match_participants (match_id, wrestler_id, result) values ('449af732-c312-4c81-9011-a50509532115', '0d2420e5-4511-44a9-8d66-a70eef1ce8d4', 'winner');
insert into match_participants (match_id, wrestler_id, result) values ('449af732-c312-4c81-9011-a50509532115', '0655bec3-0c3f-48ed-b466-a98f20841621', 'loser');
insert into match_participants (match_id, wrestler_id, result) values ('449af732-c312-4c81-9011-a50509532115', 'bc93b973-151b-48ca-8d75-8f6c220a0d31', 'loser');
insert into matches (id, show_id, match_number, match_type, stipulation, is_title_match, title_id, is_mitb, mitb_cashin, defeat_type, rating, is_draw) values ('6f2e812a-175e-45ea-9b89-0c532c36dea0', '62ac819b-c2e8-44c2-aae5-17e0b34fb1cc', 6, 'Single', NULL, TRUE, '5db4cd6b-6ebe-4a87-b7bb-017af3856766', FALSE, FALSE, 'Pin', 5.0, FALSE);
insert into match_participants (match_id, wrestler_id, result) values ('6f2e812a-175e-45ea-9b89-0c532c36dea0', '6a3c5c70-fbb7-4a85-8940-df64e251eca3', 'loser');
insert into match_participants (match_id, wrestler_id, result) values ('6f2e812a-175e-45ea-9b89-0c532c36dea0', '1fdbaeea-4dc7-41ff-9ce9-394d33e1ace4', 'winner');
insert into matches (id, show_id, match_number, match_type, stipulation, is_title_match, title_id, is_mitb, mitb_cashin, defeat_type, rating, is_draw) values ('133b06e8-af5a-4eed-940d-75553c670336', '62ac819b-c2e8-44c2-aae5-17e0b34fb1cc', 7, 'Single', NULL, TRUE, '7ff2d038-78e9-4309-ab61-a31d82302425', FALSE, FALSE, 'Pin', 4.0, FALSE);
insert into match_participants (match_id, wrestler_id, result) values ('133b06e8-af5a-4eed-940d-75553c670336', 'b2d0cb4c-4471-49a3-b524-544ce1bd95a1', 'loser');
insert into match_participants (match_id, wrestler_id, result) values ('133b06e8-af5a-4eed-940d-75553c670336', '2c23bf2a-90de-4618-9564-8e0e622857f1', 'winner');
insert into matches (id, show_id, match_number, match_type, stipulation, is_title_match, title_id, is_mitb, mitb_cashin, defeat_type, rating, is_draw) values ('5641567c-8185-4b9a-8c0c-48f62c70e5ab', '62ac819b-c2e8-44c2-aae5-17e0b34fb1cc', 8, 'Tag Team', 'Ladder', FALSE, NULL, NULL, FALSE, 'Pin', 4.0, FALSE);
insert into matches (id, show_id, match_number, match_type, stipulation, is_title_match, title_id, is_mitb, mitb_cashin, defeat_type, rating, is_draw) values ('a1d0e39f-3740-4c64-9e0e-64eedcce6734', '62ac819b-c2e8-44c2-aae5-17e0b34fb1cc', 9, 'Single', NULL, FALSE, NULL, NULL, FALSE, 'Pin', 3.5, FALSE);
insert into match_participants (match_id, wrestler_id, result) values ('a1d0e39f-3740-4c64-9e0e-64eedcce6734', 'df1f0185-5678-4a36-8b11-55cda64a0fa0', 'loser');
insert into match_participants (match_id, wrestler_id, result) values ('a1d0e39f-3740-4c64-9e0e-64eedcce6734', 'ad63b3fd-9de8-4398-a085-7cc8f264589e', 'winner');
insert into matches (id, show_id, match_number, match_type, stipulation, is_title_match, title_id, is_mitb, mitb_cashin, defeat_type, rating, is_draw) values ('57fa89ec-281f-41ea-9dd4-459391596489', '62ac819b-c2e8-44c2-aae5-17e0b34fb1cc', 10, 'Single', NULL, FALSE, NULL, NULL, FALSE, 'Pin', 3.5, FALSE);
insert into match_participants (match_id, wrestler_id, result) values ('57fa89ec-281f-41ea-9dd4-459391596489', 'cce2403e-b550-4727-9b4c-e04012c77f31', 'loser');
insert into match_participants (match_id, wrestler_id, result) values ('57fa89ec-281f-41ea-9dd4-459391596489', '9683fa4f-ffaf-4185-938d-e4a435a5aef7', 'winner');
insert into matches (id, show_id, match_number, match_type, stipulation, is_title_match, title_id, is_mitb, mitb_cashin, defeat_type, rating, is_draw) values ('a25e2225-a087-4280-8a97-f67a1c836097', '62ac819b-c2e8-44c2-aae5-17e0b34fb1cc', 11, 'Single', NULL, TRUE, '5d3e065c-43d1-41ee-8d24-e876f1e2b2a1', FALSE, FALSE, 'Pin', 4.0, FALSE);
insert into match_participants (match_id, wrestler_id, result) values ('a25e2225-a087-4280-8a97-f67a1c836097', '60c99dea-a118-4839-99eb-5de3ca41d5d4', 'winner');
insert into match_participants (match_id, wrestler_id, result) values ('a25e2225-a087-4280-8a97-f67a1c836097', '2c23bf2a-90de-4618-9564-8e0e622857f1', 'loser');
insert into matches (id, show_id, match_number, match_type, stipulation, is_title_match, title_id, is_mitb, mitb_cashin, defeat_type, rating, is_draw) values ('a0488440-d2dc-4348-a4e6-8efcd6477cc4', '62ac819b-c2e8-44c2-aae5-17e0b34fb1cc', 12, 'Single', NULL, TRUE, 'f3ec52c9-649b-48cb-aa37-da278fbd72df', FALSE, FALSE, 'Pin', 4.0, FALSE);
insert into match_participants (match_id, wrestler_id, result) values ('a0488440-d2dc-4348-a4e6-8efcd6477cc4', '0072611a-281e-4de5-bf57-fbc9696651ec', 'winner');
insert into match_participants (match_id, wrestler_id, result) values ('a0488440-d2dc-4348-a4e6-8efcd6477cc4', 'f53c5be3-c66c-4d29-b281-5c0157203703', 'loser');
insert into matches (id, show_id, match_number, match_type, stipulation, is_title_match, title_id, is_mitb, mitb_cashin, defeat_type, rating, is_draw) values ('611bc54b-7bc6-41c1-a832-c4471b21d164', '62ac819b-c2e8-44c2-aae5-17e0b34fb1cc', 13, 'Single', NULL, TRUE, '02b0c038-accb-495b-8d6a-8891a7b51554', FALSE, FALSE, 'Pin', 4.0, FALSE);
insert into match_participants (match_id, wrestler_id, result) values ('611bc54b-7bc6-41c1-a832-c4471b21d164', '07687962-07c0-46b6-9541-2d8b60e3c2c1', 'winner');
insert into match_participants (match_id, wrestler_id, result) values ('611bc54b-7bc6-41c1-a832-c4471b21d164', 'db9025f4-91c4-47e8-b3de-e3864852a4c8', 'loser');
insert into matches (id, show_id, match_number, match_type, stipulation, is_title_match, title_id, is_mitb, mitb_cashin, defeat_type, rating, is_draw) values ('dda0cff5-b331-4dac-bc1b-3965946346dc', '62ac819b-c2e8-44c2-aae5-17e0b34fb1cc', 14, 'Single', NULL, FALSE, NULL, FALSE, FALSE, 'Pin', 4.0, FALSE);
insert into match_participants (match_id, wrestler_id, result) values ('dda0cff5-b331-4dac-bc1b-3965946346dc', '7ca7fd7b-2526-41ea-b143-cdd82f404014', 'loser');
insert into match_participants (match_id, wrestler_id, result) values ('dda0cff5-b331-4dac-bc1b-3965946346dc', '24041ddc-d965-4815-8c45-c9f97a2ed2c1', 'winner');
insert into matches (id, show_id, match_number, match_type, stipulation, is_title_match, title_id, is_mitb, mitb_cashin, defeat_type, rating, is_draw) values ('84ce8605-b829-4ef0-92db-e9a66c07e979', '62ac819b-c2e8-44c2-aae5-17e0b34fb1cc', 15, 'Tag Team', NULL, TRUE, '5875de09-f760-4981-b327-18fdcfd6b58e', FALSE, FALSE, 'Pin', 3.0, FALSE);
insert into match_participants (match_id, team_id, result) values ('84ce8605-b829-4ef0-92db-e9a66c07e979', '8d790109-09d5-4f53-abc0-4b9e1844f285', 'winner');
insert into shows (id, name, show_date, show_type, ppv_name) values ('468de741-2cca-4ad9-9972-c2587679307a', 'DAW 06-06-2025', '2025-06-06', 'weekly', NULL);
insert into matches (id, show_id, match_number, match_type, stipulation, is_title_match, title_id, is_mitb, mitb_cashin, defeat_type, rating, is_draw) values ('2c3a6ed9-514a-483c-b888-c69f9576c4f9', '468de741-2cca-4ad9-9972-c2587679307a', 1, 'Tag Team', NULL, FALSE, NULL, NULL, FALSE, 'Pin', 3.5, FALSE);
insert into match_participants (match_id, team_id, result) values ('2c3a6ed9-514a-483c-b888-c69f9576c4f9', '23f14a09-a3bc-46e4-a5a0-fce3f3858591', 'loser');
insert into match_participants (match_id, team_id, result) values ('2c3a6ed9-514a-483c-b888-c69f9576c4f9', 'd812adbb-b4b1-443b-b4a5-ec26000dc1b8', 'winner');
insert into matches (id, show_id, match_number, match_type, stipulation, is_title_match, title_id, is_mitb, mitb_cashin, defeat_type, rating, is_draw) values ('33c8c59f-baca-4f62-b517-1fb0cd48a25b', '468de741-2cca-4ad9-9972-c2587679307a', 2, 'Triple Threat', NULL, FALSE, NULL, NULL, FALSE, 'Pin', 4.0, FALSE);
insert into match_participants (match_id, wrestler_id, result) values ('33c8c59f-baca-4f62-b517-1fb0cd48a25b', '7d9945b2-59a0-4661-8206-198fec52bb2f', 'loser');
insert into match_participants (match_id, wrestler_id, result) values ('33c8c59f-baca-4f62-b517-1fb0cd48a25b', 'ede1c7ef-9eee-42fc-9380-cb209f0b828e', 'loser');
insert into match_participants (match_id, wrestler_id, result) values ('33c8c59f-baca-4f62-b517-1fb0cd48a25b', 'b2d0cb4c-4471-49a3-b524-544ce1bd95a1', 'winner');
insert into matches (id, show_id, match_number, match_type, stipulation, is_title_match, title_id, is_mitb, mitb_cashin, defeat_type, rating, is_draw) values ('f26a3f6d-b36b-476b-97e2-d7cbae14a6af', '468de741-2cca-4ad9-9972-c2587679307a', 3, 'Single', NULL, FALSE, NULL, NULL, FALSE, 'Pin', 4.5, FALSE);
insert into match_participants (match_id, wrestler_id, result) values ('f26a3f6d-b36b-476b-97e2-d7cbae14a6af', 'd0df50f1-fbbb-4298-ab0c-f7e6e122c4c4', 'loser');
insert into match_participants (match_id, wrestler_id, result) values ('f26a3f6d-b36b-476b-97e2-d7cbae14a6af', 'a4325654-d541-4561-a709-9338864677a9', 'winner');
insert into matches (id, show_id, match_number, match_type, stipulation, is_title_match, title_id, is_mitb, mitb_cashin, defeat_type, rating, is_draw) values ('2e9a6389-8984-4a7c-8364-183769c6ce13', '468de741-2cca-4ad9-9972-c2587679307a', 4, 'Single', NULL, FALSE, NULL, NULL, FALSE, 'Pin', 4.0, FALSE);
insert into match_participants (match_id, wrestler_id, result) values ('2e9a6389-8984-4a7c-8364-183769c6ce13', 'ad63b3fd-9de8-4398-a085-7cc8f264589e', 'winner');
insert into match_participants (match_id, wrestler_id, result) values ('2e9a6389-8984-4a7c-8364-183769c6ce13', '24041ddc-d965-4815-8c45-c9f97a2ed2c1', 'loser');
insert into matches (id, show_id, match_number, match_type, stipulation, is_title_match, title_id, is_mitb, mitb_cashin, defeat_type, rating, is_draw) values ('fbd4fd1f-dbb2-45b0-97ae-006c1b2a7702', '468de741-2cca-4ad9-9972-c2587679307a', 5, 'Triple Threat', NULL, FALSE, NULL, NULL, FALSE, 'Pin', 5.0, FALSE);
insert into match_participants (match_id, wrestler_id, result) values ('fbd4fd1f-dbb2-45b0-97ae-006c1b2a7702', 'f53c5be3-c66c-4d29-b281-5c0157203703', 'loser');
insert into match_participants (match_id, wrestler_id, result) values ('fbd4fd1f-dbb2-45b0-97ae-006c1b2a7702', '0655bec3-0c3f-48ed-b466-a98f20841621', 'winner');
insert into match_participants (match_id, wrestler_id, result) values ('fbd4fd1f-dbb2-45b0-97ae-006c1b2a7702', 'ddf80d05-eb45-483d-a569-f2ae53f07b4b', 'loser');
insert into matches (id, show_id, match_number, match_type, stipulation, is_title_match, title_id, is_mitb, mitb_cashin, defeat_type, rating, is_draw) values ('b03f836e-3e00-4dd1-8ee8-66a409310fc4', '468de741-2cca-4ad9-9972-c2587679307a', 6, 'Single', NULL, FALSE, NULL, NULL, FALSE, 'Pin', 3.5, FALSE);
insert into match_participants (match_id, wrestler_id, result) values ('b03f836e-3e00-4dd1-8ee8-66a409310fc4', '0d2420e5-4511-44a9-8d66-a70eef1ce8d4', 'winner');
insert into match_participants (match_id, wrestler_id, result) values ('b03f836e-3e00-4dd1-8ee8-66a409310fc4', '60c99dea-a118-4839-99eb-5de3ca41d5d4', 'loser');
insert into matches (id, show_id, match_number, match_type, stipulation, is_title_match, title_id, is_mitb, mitb_cashin, defeat_type, rating, is_draw) values ('379a75a4-e130-4308-8aca-44aa977c571a', '468de741-2cca-4ad9-9972-c2587679307a', 7, 'Single', NULL, FALSE, NULL, NULL, FALSE, 'Pin', 4.5, FALSE);
insert into match_participants (match_id, wrestler_id, result) values ('379a75a4-e130-4308-8aca-44aa977c571a', '09a1ddc7-5133-4858-b8e1-c89de2eefe3b', 'winner');
insert into match_participants (match_id, wrestler_id, result) values ('379a75a4-e130-4308-8aca-44aa977c571a', '1fdbaeea-4dc7-41ff-9ce9-394d33e1ace4', 'loser');
insert into matches (id, show_id, match_number, match_type, stipulation, is_title_match, title_id, is_mitb, mitb_cashin, defeat_type, rating, is_draw) values ('9a1a7c3c-3a15-4f43-8385-6b6548db7484', '468de741-2cca-4ad9-9972-c2587679307a', 8, 'Single', NULL, FALSE, NULL, NULL, FALSE, 'Pin', 1.0, FALSE);
insert into match_participants (match_id, wrestler_id, result) values ('9a1a7c3c-3a15-4f43-8385-6b6548db7484', '2c23bf2a-90de-4618-9564-8e0e622857f1', 'winner');
insert into match_participants (match_id, wrestler_id, result) values ('9a1a7c3c-3a15-4f43-8385-6b6548db7484', '0072611a-281e-4de5-bf57-fbc9696651ec', 'loser');
insert into matches (id, show_id, match_number, match_type, stipulation, is_title_match, title_id, is_mitb, mitb_cashin, defeat_type, rating, is_draw) values ('f4f116ba-ddae-46c1-8bf9-2ba92388869a', '468de741-2cca-4ad9-9972-c2587679307a', 9, 'Single', NULL, FALSE, NULL, NULL, FALSE, 'Pin', 2.5, FALSE);
insert into match_participants (match_id, wrestler_id, result) values ('f4f116ba-ddae-46c1-8bf9-2ba92388869a', '6a3c5c70-fbb7-4a85-8940-df64e251eca3', 'loser');
insert into match_participants (match_id, wrestler_id, result) values ('f4f116ba-ddae-46c1-8bf9-2ba92388869a', '07687962-07c0-46b6-9541-2d8b60e3c2c1', 'winner');
insert into shows (id, name, show_date, show_type, ppv_name) values ('96cb4474-ed02-4e75-80c9-b252c58c220e', 'DAW 06-13-2025', '2025-06-13', 'weekly', NULL);
insert into matches (id, show_id, match_number, match_type, stipulation, is_title_match, title_id, is_mitb, mitb_cashin, defeat_type, rating, is_draw) values ('b599bf9b-8914-488f-b0c3-d9a2b7d2bffd', '96cb4474-ed02-4e75-80c9-b252c58c220e', 1, 'Tag Team', NULL, FALSE, NULL, NULL, FALSE, 'Pin', 3.5, FALSE);
insert into match_participants (match_id, team_id, result) values ('b599bf9b-8914-488f-b0c3-d9a2b7d2bffd', '851cd315-9431-48a4-aa8a-acca45ae40c2', 'winner');
insert into matches (id, show_id, match_number, match_type, stipulation, is_title_match, title_id, is_mitb, mitb_cashin, defeat_type, rating, is_draw) values ('66161de3-ec0a-40b3-93f2-755de3fd2d84', '96cb4474-ed02-4e75-80c9-b252c58c220e', 2, 'Single', NULL, FALSE, NULL, NULL, FALSE, 'Pin', 4.0, FALSE);
insert into match_participants (match_id, wrestler_id, result) values ('66161de3-ec0a-40b3-93f2-755de3fd2d84', '5909ea1d-6838-40c8-8058-64854406eb27', 'loser');
insert into match_participants (match_id, wrestler_id, result) values ('66161de3-ec0a-40b3-93f2-755de3fd2d84', '7e31c302-05ee-4325-989f-aefa74f76445', 'winner');
insert into matches (id, show_id, match_number, match_type, stipulation, is_title_match, title_id, is_mitb, mitb_cashin, defeat_type, rating, is_draw) values ('0db5e2de-615f-4f07-ae46-74d09dc19cb0', '96cb4474-ed02-4e75-80c9-b252c58c220e', 3, 'Triple Threat', NULL, FALSE, NULL, NULL, FALSE, 'Pin', 4.5, FALSE);
insert into match_participants (match_id, wrestler_id, result) values ('0db5e2de-615f-4f07-ae46-74d09dc19cb0', '146ed3a2-ffd0-498f-ab39-8a11824f6cff', 'loser');
insert into match_participants (match_id, wrestler_id, result) values ('0db5e2de-615f-4f07-ae46-74d09dc19cb0', 'f53c5be3-c66c-4d29-b281-5c0157203703', 'loser');
insert into match_participants (match_id, wrestler_id, result) values ('0db5e2de-615f-4f07-ae46-74d09dc19cb0', '2c23bf2a-90de-4618-9564-8e0e622857f1', 'winner');
insert into matches (id, show_id, match_number, match_type, stipulation, is_title_match, title_id, is_mitb, mitb_cashin, defeat_type, rating, is_draw) values ('8d1747e3-d927-4d2d-beed-81c9130150bf', '96cb4474-ed02-4e75-80c9-b252c58c220e', 4, 'Single', NULL, FALSE, NULL, NULL, FALSE, 'Pin', 2.0, FALSE);
insert into match_participants (match_id, wrestler_id, result) values ('8d1747e3-d927-4d2d-beed-81c9130150bf', 'ae2ce814-315f-41f0-ab99-eddf09a7d4c5', 'winner');
insert into match_participants (match_id, wrestler_id, result) values ('8d1747e3-d927-4d2d-beed-81c9130150bf', 'db9025f4-91c4-47e8-b3de-e3864852a4c8', 'loser');
insert into matches (id, show_id, match_number, match_type, stipulation, is_title_match, title_id, is_mitb, mitb_cashin, defeat_type, rating, is_draw) values ('e47b6cb8-426f-43c3-bedb-2ee4433af5a0', '96cb4474-ed02-4e75-80c9-b252c58c220e', 5, 'Single', NULL, FALSE, NULL, NULL, FALSE, 'Pin', 5.0, FALSE);
insert into match_participants (match_id, wrestler_id, result) values ('e47b6cb8-426f-43c3-bedb-2ee4433af5a0', 'ad63b3fd-9de8-4398-a085-7cc8f264589e', 'winner');
insert into match_participants (match_id, wrestler_id, result) values ('e47b6cb8-426f-43c3-bedb-2ee4433af5a0', '1fdbaeea-4dc7-41ff-9ce9-394d33e1ace4', 'loser');
insert into matches (id, show_id, match_number, match_type, stipulation, is_title_match, title_id, is_mitb, mitb_cashin, defeat_type, rating, is_draw) values ('5055c253-0ff5-4ee7-9213-c71bebcfc959', '96cb4474-ed02-4e75-80c9-b252c58c220e', 6, 'Single', NULL, FALSE, NULL, NULL, FALSE, 'Pin', 3.5, FALSE);
insert into match_participants (match_id, wrestler_id, result) values ('5055c253-0ff5-4ee7-9213-c71bebcfc959', '60c99dea-a118-4839-99eb-5de3ca41d5d4', 'winner');
insert into match_participants (match_id, wrestler_id, result) values ('5055c253-0ff5-4ee7-9213-c71bebcfc959', 'ddf80d05-eb45-483d-a569-f2ae53f07b4b', 'loser');
insert into matches (id, show_id, match_number, match_type, stipulation, is_title_match, title_id, is_mitb, mitb_cashin, defeat_type, rating, is_draw) values ('199532a4-02d8-4bba-940e-57dc4a29d477', '96cb4474-ed02-4e75-80c9-b252c58c220e', 7, 'Single', NULL, FALSE, NULL, NULL, FALSE, 'Pin', 3.5, FALSE);
insert into match_participants (match_id, wrestler_id, result) values ('199532a4-02d8-4bba-940e-57dc4a29d477', '9683fa4f-ffaf-4185-938d-e4a435a5aef7', 'loser');
insert into match_participants (match_id, wrestler_id, result) values ('199532a4-02d8-4bba-940e-57dc4a29d477', '07687962-07c0-46b6-9541-2d8b60e3c2c1', 'winner');
insert into matches (id, show_id, match_number, match_type, stipulation, is_title_match, title_id, is_mitb, mitb_cashin, defeat_type, rating, is_draw) values ('bc279516-4b44-41f2-9ed3-3efe75170fdb', '96cb4474-ed02-4e75-80c9-b252c58c220e', 8, 'Single', NULL, FALSE, NULL, NULL, FALSE, 'Pin', 3.5, FALSE);
insert into match_participants (match_id, wrestler_id, result) values ('bc279516-4b44-41f2-9ed3-3efe75170fdb', '0d2420e5-4511-44a9-8d66-a70eef1ce8d4', 'winner');
insert into match_participants (match_id, wrestler_id, result) values ('bc279516-4b44-41f2-9ed3-3efe75170fdb', '0072611a-281e-4de5-bf57-fbc9696651ec', 'loser');
insert into matches (id, show_id, match_number, match_type, stipulation, is_title_match, title_id, is_mitb, mitb_cashin, defeat_type, rating, is_draw) values ('9a2e87c0-3aac-4eb4-891a-b12d6bb15386', '96cb4474-ed02-4e75-80c9-b252c58c220e', 9, 'Battle Royale', NULL, FALSE, NULL, NULL, FALSE, 'Pin', 3.5, FALSE);
insert into match_participants (match_id, wrestler_id, result) values ('9a2e87c0-3aac-4eb4-891a-b12d6bb15386', '6a3c5c70-fbb7-4a85-8940-df64e251eca3', 'loser');
insert into match_participants (match_id, wrestler_id, result) values ('9a2e87c0-3aac-4eb4-891a-b12d6bb15386', 'ede1c7ef-9eee-42fc-9380-cb209f0b828e', 'loser');
insert into match_participants (match_id, wrestler_id, result) values ('9a2e87c0-3aac-4eb4-891a-b12d6bb15386', '09a1ddc7-5133-4858-b8e1-c89de2eefe3b', 'loser');
insert into match_participants (match_id, wrestler_id, result) values ('9a2e87c0-3aac-4eb4-891a-b12d6bb15386', 'da018f6e-a005-4adc-bd43-e03f03ebcee0', 'loser');
insert into match_participants (match_id, wrestler_id, result) values ('9a2e87c0-3aac-4eb4-891a-b12d6bb15386', '004c7b59-d738-4718-a1f0-39aa22e8039d', 'loser');
insert into match_participants (match_id, wrestler_id, result) values ('9a2e87c0-3aac-4eb4-891a-b12d6bb15386', 'd0df50f1-fbbb-4298-ab0c-f7e6e122c4c4', 'winner');
insert into match_participants (match_id, wrestler_id, result) values ('9a2e87c0-3aac-4eb4-891a-b12d6bb15386', 'a4325654-d541-4561-a709-9338864677a9', 'loser');
insert into match_participants (match_id, wrestler_id, result) values ('9a2e87c0-3aac-4eb4-891a-b12d6bb15386', '60a7e8b3-a4f5-4aae-a668-1742f5c1a5e9', 'loser');
insert into shows (id, name, show_date, show_type, ppv_name) values ('e77ef28f-b1e2-4bd7-88b3-6ec19311c42e', 'DAW 06-27-2025', '2025-06-27', 'weekly', NULL);
insert into matches (id, show_id, match_number, match_type, stipulation, is_title_match, title_id, is_mitb, mitb_cashin, defeat_type, rating, is_draw) values ('1c81dea4-fd9a-4844-b2f3-bfb6ad08188a', 'e77ef28f-b1e2-4bd7-88b3-6ec19311c42e', 1, 'Tag Team', 'Hardcore', TRUE, '5875de09-f760-4981-b327-18fdcfd6b58e', FALSE, FALSE, 'Pin', 4.5, FALSE);
insert into match_participants (match_id, team_id, result) values ('1c81dea4-fd9a-4844-b2f3-bfb6ad08188a', '23f14a09-a3bc-46e4-a5a0-fce3f3858591', 'winner');
insert into match_participants (match_id, team_id, result) values ('1c81dea4-fd9a-4844-b2f3-bfb6ad08188a', '8d790109-09d5-4f53-abc0-4b9e1844f285', 'loser');
insert into matches (id, show_id, match_number, match_type, stipulation, is_title_match, title_id, is_mitb, mitb_cashin, defeat_type, rating, is_draw) values ('32b2276d-b03c-4c28-b5f6-99e0d96a5c03', 'e77ef28f-b1e2-4bd7-88b3-6ec19311c42e', 2, 'Single', 'Hardcore', FALSE, NULL, NULL, FALSE, 'Pin', 5.0, FALSE);
insert into match_participants (match_id, wrestler_id, result) values ('32b2276d-b03c-4c28-b5f6-99e0d96a5c03', 'b0a5de67-da65-4808-bb98-ace3a77fa729', 'winner');
insert into match_participants (match_id, wrestler_id, result) values ('32b2276d-b03c-4c28-b5f6-99e0d96a5c03', 'a4325654-d541-4561-a709-9338864677a9', 'loser');
insert into matches (id, show_id, match_number, match_type, stipulation, is_title_match, title_id, is_mitb, mitb_cashin, defeat_type, rating, is_draw) values ('a9b3caf6-3e94-41f2-93db-f961f16836af', 'e77ef28f-b1e2-4bd7-88b3-6ec19311c42e', 3, 'Triple Threat', 'Hardcore', FALSE, NULL, NULL, FALSE, 'Pin', 4.5, FALSE);
insert into match_participants (match_id, wrestler_id, result) values ('a9b3caf6-3e94-41f2-93db-f961f16836af', 'f53c5be3-c66c-4d29-b281-5c0157203703', 'loser');
insert into match_participants (match_id, wrestler_id, result) values ('a9b3caf6-3e94-41f2-93db-f961f16836af', 'ddf80d05-eb45-483d-a569-f2ae53f07b4b', 'loser');
insert into match_participants (match_id, wrestler_id, result) values ('a9b3caf6-3e94-41f2-93db-f961f16836af', 'bc93b973-151b-48ca-8d75-8f6c220a0d31', 'winner');
insert into matches (id, show_id, match_number, match_type, stipulation, is_title_match, title_id, is_mitb, mitb_cashin, defeat_type, rating, is_draw) values ('3d8c07f8-62b9-4387-ab33-c773f89e7698', 'e77ef28f-b1e2-4bd7-88b3-6ec19311c42e', 4, 'Single', 'Hardcore', TRUE, 'f87d2a11-2153-454c-a574-5d749d0741ac', FALSE, FALSE, 'Pin', 2.5, FALSE);
insert into match_participants (match_id, wrestler_id, result) values ('3d8c07f8-62b9-4387-ab33-c773f89e7698', '6a3c5c70-fbb7-4a85-8940-df64e251eca3', 'loser');
insert into match_participants (match_id, wrestler_id, result) values ('3d8c07f8-62b9-4387-ab33-c773f89e7698', 'ede1c7ef-9eee-42fc-9380-cb209f0b828e', 'winner');
insert into matches (id, show_id, match_number, match_type, stipulation, is_title_match, title_id, is_mitb, mitb_cashin, defeat_type, rating, is_draw) values ('feaa1627-1ff8-4517-9e27-fc9c4cfaf060', 'e77ef28f-b1e2-4bd7-88b3-6ec19311c42e', 5, 'Single', 'Hardcore', FALSE, NULL, NULL, FALSE, 'Pin', 4.0, FALSE);
insert into match_participants (match_id, wrestler_id, result) values ('feaa1627-1ff8-4517-9e27-fc9c4cfaf060', '7ca7fd7b-2526-41ea-b143-cdd82f404014', 'loser');
insert into match_participants (match_id, wrestler_id, result) values ('feaa1627-1ff8-4517-9e27-fc9c4cfaf060', '09a1ddc7-5133-4858-b8e1-c89de2eefe3b', 'winner');
insert into matches (id, show_id, match_number, match_type, stipulation, is_title_match, title_id, is_mitb, mitb_cashin, defeat_type, rating, is_draw) values ('733737b3-791f-40e5-869d-dbc99b5f144d', 'e77ef28f-b1e2-4bd7-88b3-6ec19311c42e', 6, 'Single', NULL, TRUE, '5db4cd6b-6ebe-4a87-b7bb-017af3856766', FALSE, FALSE, 'Pin', 4.0, FALSE);
insert into match_participants (match_id, wrestler_id, result) values ('733737b3-791f-40e5-869d-dbc99b5f144d', 'ad63b3fd-9de8-4398-a085-7cc8f264589e', 'loser');
insert into match_participants (match_id, wrestler_id, result) values ('733737b3-791f-40e5-869d-dbc99b5f144d', '1fdbaeea-4dc7-41ff-9ce9-394d33e1ace4', 'winner');
insert into matches (id, show_id, match_number, match_type, stipulation, is_title_match, title_id, is_mitb, mitb_cashin, defeat_type, rating, is_draw) values ('70ba1483-cf9a-4f3b-8867-f853aead77f2', 'e77ef28f-b1e2-4bd7-88b3-6ec19311c42e', 7, 'Tag Team', 'Ladder', FALSE, NULL, NULL, FALSE, 'Pin', 3.0, FALSE);
insert into matches (id, show_id, match_number, match_type, stipulation, is_title_match, title_id, is_mitb, mitb_cashin, defeat_type, rating, is_draw) values ('a078c697-de8d-4b5d-b62d-0e284ad15f4f', 'e77ef28f-b1e2-4bd7-88b3-6ec19311c42e', 8, 'Triple Threat', NULL, FALSE, NULL, NULL, FALSE, 'Pin', 4.0, FALSE);
insert into match_participants (match_id, wrestler_id, result) values ('a078c697-de8d-4b5d-b62d-0e284ad15f4f', 'da018f6e-a005-4adc-bd43-e03f03ebcee0', 'winner');
insert into match_participants (match_id, wrestler_id, result) values ('a078c697-de8d-4b5d-b62d-0e284ad15f4f', 'ae2ce814-315f-41f0-ab99-eddf09a7d4c5', 'loser');
insert into match_participants (match_id, wrestler_id, result) values ('a078c697-de8d-4b5d-b62d-0e284ad15f4f', '004c7b59-d738-4718-a1f0-39aa22e8039d', 'loser');
insert into matches (id, show_id, match_number, match_type, stipulation, is_title_match, title_id, is_mitb, mitb_cashin, defeat_type, rating, is_draw) values ('92418e52-fab2-4ae9-b8ee-60e098d6d3d3', 'e77ef28f-b1e2-4bd7-88b3-6ec19311c42e', 9, 'Single', NULL, TRUE, '5d3e065c-43d1-41ee-8d24-e876f1e2b2a1', FALSE, FALSE, 'Pin', 5.0, FALSE);
insert into match_participants (match_id, wrestler_id, result) values ('92418e52-fab2-4ae9-b8ee-60e098d6d3d3', '0d2420e5-4511-44a9-8d66-a70eef1ce8d4', 'winner');
insert into match_participants (match_id, wrestler_id, result) values ('92418e52-fab2-4ae9-b8ee-60e098d6d3d3', '60c99dea-a118-4839-99eb-5de3ca41d5d4', 'loser');
insert into matches (id, show_id, match_number, match_type, stipulation, is_title_match, title_id, is_mitb, mitb_cashin, defeat_type, rating, is_draw) values ('677922fc-c1bb-418a-970b-08afa2f3ee10', 'e77ef28f-b1e2-4bd7-88b3-6ec19311c42e', 10, 'Single', 'Hardcore', FALSE, NULL, NULL, FALSE, 'Pin', 4.0, FALSE);
insert into match_participants (match_id, wrestler_id, result) values ('677922fc-c1bb-418a-970b-08afa2f3ee10', 'db9025f4-91c4-47e8-b3de-e3864852a4c8', 'winner');
insert into match_participants (match_id, wrestler_id, result) values ('677922fc-c1bb-418a-970b-08afa2f3ee10', 'b2d0cb4c-4471-49a3-b524-544ce1bd95a1', 'loser');
insert into matches (id, show_id, match_number, match_type, stipulation, is_title_match, title_id, is_mitb, mitb_cashin, defeat_type, rating, is_draw) values ('9faab45e-8411-4e59-acd4-663bd2d53473', 'e77ef28f-b1e2-4bd7-88b3-6ec19311c42e', 11, 'Single', NULL, TRUE, '02b0c038-accb-495b-8d6a-8891a7b51554', FALSE, FALSE, 'Pin', 5.0, FALSE);
insert into match_participants (match_id, wrestler_id, result) values ('9faab45e-8411-4e59-acd4-663bd2d53473', '9683fa4f-ffaf-4185-938d-e4a435a5aef7', 'loser');
insert into match_participants (match_id, wrestler_id, result) values ('9faab45e-8411-4e59-acd4-663bd2d53473', '07687962-07c0-46b6-9541-2d8b60e3c2c1', 'winner');
insert into matches (id, show_id, match_number, match_type, stipulation, is_title_match, title_id, is_mitb, mitb_cashin, defeat_type, rating, is_draw) values ('2cd8c114-12ed-4c06-9f7f-6417d4e1f5be', 'e77ef28f-b1e2-4bd7-88b3-6ec19311c42e', 12, 'Single', 'Hardcore', TRUE, 'f3ec52c9-649b-48cb-aa37-da278fbd72df', FALSE, FALSE, 'Pin', 0.5, FALSE);
insert into match_participants (match_id, wrestler_id, result) values ('2cd8c114-12ed-4c06-9f7f-6417d4e1f5be', '2c23bf2a-90de-4618-9564-8e0e622857f1', 'loser');
insert into match_participants (match_id, wrestler_id, result) values ('2cd8c114-12ed-4c06-9f7f-6417d4e1f5be', '0072611a-281e-4de5-bf57-fbc9696651ec', 'winner');
insert into matches (id, show_id, match_number, match_type, stipulation, is_title_match, title_id, is_mitb, mitb_cashin, defeat_type, rating, is_draw) values ('aa784602-8b9b-4006-a45b-1d6f063b327b', 'e77ef28f-b1e2-4bd7-88b3-6ec19311c42e', 13, 'Single', 'Hardcore', FALSE, NULL, NULL, FALSE, 'Pin', 1.5, FALSE);
insert into match_participants (match_id, wrestler_id, result) values ('aa784602-8b9b-4006-a45b-1d6f063b327b', 'cce2403e-b550-4727-9b4c-e04012c77f31', 'loser');
insert into matches (id, show_id, match_number, match_type, stipulation, is_title_match, title_id, is_mitb, mitb_cashin, defeat_type, rating, is_draw) values ('48e4e9e6-d438-46b1-b4b7-186e90bd6fd4', 'e77ef28f-b1e2-4bd7-88b3-6ec19311c42e', 14, 'Single', 'Hardcore', TRUE, 'd622c9f7-3d8e-4737-bf0e-ed99b1dd9919', FALSE, FALSE, 'Pin', 5.0, FALSE);
insert into match_participants (match_id, wrestler_id, result) values ('48e4e9e6-d438-46b1-b4b7-186e90bd6fd4', '7d9945b2-59a0-4661-8206-198fec52bb2f', 'loser');
insert into match_participants (match_id, wrestler_id, result) values ('48e4e9e6-d438-46b1-b4b7-186e90bd6fd4', '24041ddc-d965-4815-8c45-c9f97a2ed2c1', 'winner');
insert into shows (id, name, show_date, show_type, ppv_name) values ('ca0e8b32-5fbf-4140-b620-b9d76764a342', 'DAW 07-04-2025', '2025-07-04', 'weekly', NULL);
insert into matches (id, show_id, match_number, match_type, stipulation, is_title_match, title_id, is_mitb, mitb_cashin, defeat_type, rating, is_draw) values ('704f2b2f-c33d-4272-a5a9-4f6aac973272', 'ca0e8b32-5fbf-4140-b620-b9d76764a342', 1, 'Tag Team', NULL, FALSE, NULL, NULL, FALSE, 'Pin', 4.0, FALSE);
insert into match_participants (match_id, team_id, result) values ('704f2b2f-c33d-4272-a5a9-4f6aac973272', '23f14a09-a3bc-46e4-a5a0-fce3f3858591', 'winner');
insert into matches (id, show_id, match_number, match_type, stipulation, is_title_match, title_id, is_mitb, mitb_cashin, defeat_type, rating, is_draw) values ('8c77069d-19eb-4a92-82be-c3ad606b5f71', 'ca0e8b32-5fbf-4140-b620-b9d76764a342', 2, 'Single', NULL, FALSE, NULL, NULL, FALSE, 'Pin', 3.5, FALSE);
insert into match_participants (match_id, wrestler_id, result) values ('8c77069d-19eb-4a92-82be-c3ad606b5f71', 'df1f0185-5678-4a36-8b11-55cda64a0fa0', 'loser');
insert into match_participants (match_id, wrestler_id, result) values ('8c77069d-19eb-4a92-82be-c3ad606b5f71', 'ede1c7ef-9eee-42fc-9380-cb209f0b828e', 'winner');
insert into matches (id, show_id, match_number, match_type, stipulation, is_title_match, title_id, is_mitb, mitb_cashin, defeat_type, rating, is_draw) values ('dfaf4711-b06e-4de6-8796-bb981baf382e', 'ca0e8b32-5fbf-4140-b620-b9d76764a342', 3, 'Single', NULL, FALSE, NULL, NULL, FALSE, 'Pin', 3.0, FALSE);
insert into match_participants (match_id, wrestler_id, result) values ('dfaf4711-b06e-4de6-8796-bb981baf382e', 'a4325654-d541-4561-a709-9338864677a9', 'winner');
insert into match_participants (match_id, wrestler_id, result) values ('dfaf4711-b06e-4de6-8796-bb981baf382e', 'db9025f4-91c4-47e8-b3de-e3864852a4c8', 'loser');
insert into matches (id, show_id, match_number, match_type, stipulation, is_title_match, title_id, is_mitb, mitb_cashin, defeat_type, rating, is_draw) values ('1206c6a4-7050-43c0-b44f-41212a0a4ac6', 'ca0e8b32-5fbf-4140-b620-b9d76764a342', 4, 'Single', NULL, FALSE, NULL, NULL, FALSE, 'Pin', 2.5, FALSE);
insert into match_participants (match_id, wrestler_id, result) values ('1206c6a4-7050-43c0-b44f-41212a0a4ac6', '7d9945b2-59a0-4661-8206-198fec52bb2f', 'winner');
insert into match_participants (match_id, wrestler_id, result) values ('1206c6a4-7050-43c0-b44f-41212a0a4ac6', '1fdbaeea-4dc7-41ff-9ce9-394d33e1ace4', 'loser');
insert into matches (id, show_id, match_number, match_type, stipulation, is_title_match, title_id, is_mitb, mitb_cashin, defeat_type, rating, is_draw) values ('d47e8d64-e6e9-47a5-a863-4fe2e1a4555d', 'ca0e8b32-5fbf-4140-b620-b9d76764a342', 5, 'Single', NULL, FALSE, NULL, NULL, FALSE, 'Pin', 4.5, FALSE);
insert into match_participants (match_id, wrestler_id, result) values ('d47e8d64-e6e9-47a5-a863-4fe2e1a4555d', '6a3c5c70-fbb7-4a85-8940-df64e251eca3', 'loser');
insert into match_participants (match_id, wrestler_id, result) values ('d47e8d64-e6e9-47a5-a863-4fe2e1a4555d', '9683fa4f-ffaf-4185-938d-e4a435a5aef7', 'winner');
insert into matches (id, show_id, match_number, match_type, stipulation, is_title_match, title_id, is_mitb, mitb_cashin, defeat_type, rating, is_draw) values ('10bfb0d5-85f5-43e1-a28f-328993b630d9', 'ca0e8b32-5fbf-4140-b620-b9d76764a342', 6, 'Single', NULL, FALSE, NULL, NULL, FALSE, 'Pin', 4.0, FALSE);
insert into match_participants (match_id, wrestler_id, result) values ('10bfb0d5-85f5-43e1-a28f-328993b630d9', '09a1ddc7-5133-4858-b8e1-c89de2eefe3b', 'loser');
insert into match_participants (match_id, wrestler_id, result) values ('10bfb0d5-85f5-43e1-a28f-328993b630d9', '24041ddc-d965-4815-8c45-c9f97a2ed2c1', 'winner');
insert into matches (id, show_id, match_number, match_type, stipulation, is_title_match, title_id, is_mitb, mitb_cashin, defeat_type, rating, is_draw) values ('1915af91-b506-4703-9586-e0b1142bf76b', 'ca0e8b32-5fbf-4140-b620-b9d76764a342', 7, 'Single', NULL, FALSE, NULL, NULL, FALSE, 'Pin', 1.5, FALSE);
insert into match_participants (match_id, wrestler_id, result) values ('1915af91-b506-4703-9586-e0b1142bf76b', 'ddf80d05-eb45-483d-a569-f2ae53f07b4b', 'loser');
insert into match_participants (match_id, wrestler_id, result) values ('1915af91-b506-4703-9586-e0b1142bf76b', '0072611a-281e-4de5-bf57-fbc9696651ec', 'winner');
insert into matches (id, show_id, match_number, match_type, stipulation, is_title_match, title_id, is_mitb, mitb_cashin, defeat_type, rating, is_draw) values ('e65d4645-b4c4-45cb-a09f-990977b806df', 'ca0e8b32-5fbf-4140-b620-b9d76764a342', 8, 'Single', NULL, FALSE, NULL, NULL, FALSE, 'Pin', 3.5, FALSE);
insert into match_participants (match_id, wrestler_id, result) values ('e65d4645-b4c4-45cb-a09f-990977b806df', 'f53c5be3-c66c-4d29-b281-5c0157203703', 'winner');
insert into match_participants (match_id, wrestler_id, result) values ('e65d4645-b4c4-45cb-a09f-990977b806df', '0655bec3-0c3f-48ed-b466-a98f20841621', 'loser');
insert into matches (id, show_id, match_number, match_type, stipulation, is_title_match, title_id, is_mitb, mitb_cashin, defeat_type, rating, is_draw) values ('f8a3b984-92c1-4841-929e-67c61ea7b44d', 'ca0e8b32-5fbf-4140-b620-b9d76764a342', 9, 'Single', NULL, FALSE, NULL, NULL, FALSE, 'Pin', 3.5, FALSE);
insert into match_participants (match_id, wrestler_id, result) values ('f8a3b984-92c1-4841-929e-67c61ea7b44d', '004c7b59-d738-4718-a1f0-39aa22e8039d', 'winner');
insert into match_participants (match_id, wrestler_id, result) values ('f8a3b984-92c1-4841-929e-67c61ea7b44d', '07687962-07c0-46b6-9541-2d8b60e3c2c1', 'loser');
insert into shows (id, name, show_date, show_type, ppv_name) values ('bac665ab-f3b9-4ac1-9958-036c45b0d6cb', 'DAW 07-18-2025', '2025-07-18', 'weekly', NULL);
insert into matches (id, show_id, match_number, match_type, stipulation, is_title_match, title_id, is_mitb, mitb_cashin, defeat_type, rating, is_draw) values ('31e95c13-615b-4ffe-99ad-a99f4e16b819', 'bac665ab-f3b9-4ac1-9958-036c45b0d6cb', 1, 'Tag Team', NULL, FALSE, NULL, NULL, FALSE, 'Sub', 2.5, FALSE);
insert into match_participants (match_id, team_id, result) values ('31e95c13-615b-4ffe-99ad-a99f4e16b819', '23f14a09-a3bc-46e4-a5a0-fce3f3858591', 'loser');
insert into match_participants (match_id, team_id, result) values ('31e95c13-615b-4ffe-99ad-a99f4e16b819', '851cd315-9431-48a4-aa8a-acca45ae40c2', 'winner');
insert into matches (id, show_id, match_number, match_type, stipulation, is_title_match, title_id, is_mitb, mitb_cashin, defeat_type, rating, is_draw) values ('a9e5395f-ac36-4ce4-8e68-09472a4a3575', 'bac665ab-f3b9-4ac1-9958-036c45b0d6cb', 2, 'Single', NULL, FALSE, NULL, NULL, FALSE, 'Pin', 1.5, FALSE);
insert into match_participants (match_id, wrestler_id, result) values ('a9e5395f-ac36-4ce4-8e68-09472a4a3575', 'df1f0185-5678-4a36-8b11-55cda64a0fa0', 'loser');
insert into match_participants (match_id, wrestler_id, result) values ('a9e5395f-ac36-4ce4-8e68-09472a4a3575', '09a1ddc7-5133-4858-b8e1-c89de2eefe3b', 'winner');
insert into matches (id, show_id, match_number, match_type, stipulation, is_title_match, title_id, is_mitb, mitb_cashin, defeat_type, rating, is_draw) values ('c77efe15-7e2b-406a-bebe-d0614174b728', 'bac665ab-f3b9-4ac1-9958-036c45b0d6cb', 3, 'Triple Threat', NULL, FALSE, NULL, NULL, FALSE, 'Pin', 4.0, FALSE);
insert into match_participants (match_id, wrestler_id, result) values ('c77efe15-7e2b-406a-bebe-d0614174b728', 'a4325654-d541-4561-a709-9338864677a9', 'loser');
insert into match_participants (match_id, wrestler_id, result) values ('c77efe15-7e2b-406a-bebe-d0614174b728', '6a3c5c70-fbb7-4a85-8940-df64e251eca3', 'winner');
insert into match_participants (match_id, wrestler_id, result) values ('c77efe15-7e2b-406a-bebe-d0614174b728', 'ede1c7ef-9eee-42fc-9380-cb209f0b828e', 'loser');
insert into matches (id, show_id, match_number, match_type, stipulation, is_title_match, title_id, is_mitb, mitb_cashin, defeat_type, rating, is_draw) values ('5d426af4-9bc6-4517-8911-fe7b0fa6f7ce', 'bac665ab-f3b9-4ac1-9958-036c45b0d6cb', 4, 'Single', NULL, FALSE, NULL, NULL, FALSE, 'Pin', 4.0, FALSE);
insert into match_participants (match_id, wrestler_id, result) values ('5d426af4-9bc6-4517-8911-fe7b0fa6f7ce', 'd0df50f1-fbbb-4298-ab0c-f7e6e122c4c4', 'winner');
insert into match_participants (match_id, wrestler_id, result) values ('5d426af4-9bc6-4517-8911-fe7b0fa6f7ce', '1fdbaeea-4dc7-41ff-9ce9-394d33e1ace4', 'loser');
insert into matches (id, show_id, match_number, match_type, stipulation, is_title_match, title_id, is_mitb, mitb_cashin, defeat_type, rating, is_draw) values ('e936a2ae-1b32-48fd-86b5-431e9968f031', 'bac665ab-f3b9-4ac1-9958-036c45b0d6cb', 5, 'Triple Threat', NULL, FALSE, NULL, NULL, FALSE, 'Pin', 3.5, FALSE);
insert into match_participants (match_id, wrestler_id, result) values ('e936a2ae-1b32-48fd-86b5-431e9968f031', '31f8c2ba-a0c4-4352-ae28-1cf68d200216', 'loser');
insert into match_participants (match_id, wrestler_id, result) values ('e936a2ae-1b32-48fd-86b5-431e9968f031', 'ad63b3fd-9de8-4398-a085-7cc8f264589e', 'loser');
insert into match_participants (match_id, wrestler_id, result) values ('e936a2ae-1b32-48fd-86b5-431e9968f031', 'db9025f4-91c4-47e8-b3de-e3864852a4c8', 'winner');
insert into matches (id, show_id, match_number, match_type, stipulation, is_title_match, title_id, is_mitb, mitb_cashin, defeat_type, rating, is_draw) values ('19d766d3-485d-4b2e-9293-9acf08d0efe9', 'bac665ab-f3b9-4ac1-9958-036c45b0d6cb', 6, 'Single', NULL, FALSE, NULL, NULL, FALSE, 'Pin', 3.0, FALSE);
insert into match_participants (match_id, wrestler_id, result) values ('19d766d3-485d-4b2e-9293-9acf08d0efe9', '9683fa4f-ffaf-4185-938d-e4a435a5aef7', 'winner');
insert into match_participants (match_id, wrestler_id, result) values ('19d766d3-485d-4b2e-9293-9acf08d0efe9', '24041ddc-d965-4815-8c45-c9f97a2ed2c1', 'loser');
insert into matches (id, show_id, match_number, match_type, stipulation, is_title_match, title_id, is_mitb, mitb_cashin, defeat_type, rating, is_draw) values ('49541878-8cfd-429c-8aae-2c6ad9f0e3b1', 'bac665ab-f3b9-4ac1-9958-036c45b0d6cb', 7, 'Single', NULL, FALSE, NULL, NULL, FALSE, 'Sub', 3.0, FALSE);
insert into match_participants (match_id, wrestler_id, result) values ('49541878-8cfd-429c-8aae-2c6ad9f0e3b1', '0072611a-281e-4de5-bf57-fbc9696651ec', 'winner');
insert into match_participants (match_id, wrestler_id, result) values ('49541878-8cfd-429c-8aae-2c6ad9f0e3b1', '60c99dea-a118-4839-99eb-5de3ca41d5d4', 'loser');
insert into matches (id, show_id, match_number, match_type, stipulation, is_title_match, title_id, is_mitb, mitb_cashin, defeat_type, rating, is_draw) values ('b225c603-3f3e-4109-b68c-9cf494802d45', 'bac665ab-f3b9-4ac1-9958-036c45b0d6cb', 8, 'Single', NULL, FALSE, NULL, NULL, FALSE, 'Pin', 4.0, FALSE);
insert into match_participants (match_id, wrestler_id, result) values ('b225c603-3f3e-4109-b68c-9cf494802d45', 'f53c5be3-c66c-4d29-b281-5c0157203703', 'loser');
insert into match_participants (match_id, wrestler_id, result) values ('b225c603-3f3e-4109-b68c-9cf494802d45', '0d2420e5-4511-44a9-8d66-a70eef1ce8d4', 'winner');
insert into matches (id, show_id, match_number, match_type, stipulation, is_title_match, title_id, is_mitb, mitb_cashin, defeat_type, rating, is_draw) values ('0ac1e43e-f100-4b70-9fe3-b84a78bc6dd5', 'bac665ab-f3b9-4ac1-9958-036c45b0d6cb', 9, 'Single', NULL, FALSE, NULL, NULL, FALSE, 'Pin', 4.5, FALSE);
insert into match_participants (match_id, wrestler_id, result) values ('0ac1e43e-f100-4b70-9fe3-b84a78bc6dd5', '7d9945b2-59a0-4661-8206-198fec52bb2f', 'loser');
insert into match_participants (match_id, wrestler_id, result) values ('0ac1e43e-f100-4b70-9fe3-b84a78bc6dd5', '07687962-07c0-46b6-9541-2d8b60e3c2c1', 'winner');
insert into shows (id, name, show_date, show_type, ppv_name) values ('e466569e-b20d-4d4d-8e7c-6636b6299dc9', 'DAW 07-25-2025', '2025-07-25', 'weekly', NULL);
insert into matches (id, show_id, match_number, match_type, stipulation, is_title_match, title_id, is_mitb, mitb_cashin, defeat_type, rating, is_draw) values ('561784a5-485d-4575-ae89-8efb0741a953', 'e466569e-b20d-4d4d-8e7c-6636b6299dc9', 1, 'Tag Team', NULL, FALSE, NULL, NULL, FALSE, 'No Contest', 2.0, TRUE);
insert into match_participants (match_id, team_id, result) values ('561784a5-485d-4575-ae89-8efb0741a953', '23f14a09-a3bc-46e4-a5a0-fce3f3858591', 'draw');
insert into match_participants (match_id, team_id, result) values ('561784a5-485d-4575-ae89-8efb0741a953', '851cd315-9431-48a4-aa8a-acca45ae40c2', 'draw');
insert into matches (id, show_id, match_number, match_type, stipulation, is_title_match, title_id, is_mitb, mitb_cashin, defeat_type, rating, is_draw) values ('9d87d037-b32a-4569-9c3e-781f14f78724', 'e466569e-b20d-4d4d-8e7c-6636b6299dc9', 2, 'Single', NULL, FALSE, NULL, NULL, FALSE, 'Pin', 3.0, FALSE);
insert into match_participants (match_id, wrestler_id, result) values ('9d87d037-b32a-4569-9c3e-781f14f78724', 'da018f6e-a005-4adc-bd43-e03f03ebcee0', 'loser');
insert into matches (id, show_id, match_number, match_type, stipulation, is_title_match, title_id, is_mitb, mitb_cashin, defeat_type, rating, is_draw) values ('a88fd51e-85cc-4839-80f1-f328e66097a4', 'e466569e-b20d-4d4d-8e7c-6636b6299dc9', 3, 'Single', 'Hardcore', TRUE, 'f87d2a11-2153-454c-a574-5d749d0741ac', FALSE, FALSE, 'Pin', 4.0, FALSE);
insert into match_participants (match_id, wrestler_id, result) values ('a88fd51e-85cc-4839-80f1-f328e66097a4', '004c7b59-d738-4718-a1f0-39aa22e8039d', 'winner');
insert into match_participants (match_id, wrestler_id, result) values ('a88fd51e-85cc-4839-80f1-f328e66097a4', 'ede1c7ef-9eee-42fc-9380-cb209f0b828e', 'loser');
insert into matches (id, show_id, match_number, match_type, stipulation, is_title_match, title_id, is_mitb, mitb_cashin, defeat_type, rating, is_draw) values ('ec1b5ce7-5a6b-4fa1-a0ba-f7e5abe5facb', 'e466569e-b20d-4d4d-8e7c-6636b6299dc9', 4, 'Single', NULL, FALSE, NULL, NULL, FALSE, 'Pin', 3.5, FALSE);
insert into match_participants (match_id, wrestler_id, result) values ('ec1b5ce7-5a6b-4fa1-a0ba-f7e5abe5facb', '6744f55d-802e-4dc8-83da-df85f7d6e050', 'loser');
insert into match_participants (match_id, wrestler_id, result) values ('ec1b5ce7-5a6b-4fa1-a0ba-f7e5abe5facb', '7e31c302-05ee-4325-989f-aefa74f76445', 'winner');
insert into matches (id, show_id, match_number, match_type, stipulation, is_title_match, title_id, is_mitb, mitb_cashin, defeat_type, rating, is_draw) values ('0ba6ba34-9ce8-484f-997d-928d02f69a2f', 'e466569e-b20d-4d4d-8e7c-6636b6299dc9', 5, 'Single', NULL, TRUE, '5db4cd6b-6ebe-4a87-b7bb-017af3856766', FALSE, FALSE, 'Pin', 4.5, FALSE);
insert into match_participants (match_id, wrestler_id, result) values ('0ba6ba34-9ce8-484f-997d-928d02f69a2f', 'cce2403e-b550-4727-9b4c-e04012c77f31', 'loser');
insert into match_participants (match_id, wrestler_id, result) values ('0ba6ba34-9ce8-484f-997d-928d02f69a2f', '1fdbaeea-4dc7-41ff-9ce9-394d33e1ace4', 'winner');
insert into matches (id, show_id, match_number, match_type, stipulation, is_title_match, title_id, is_mitb, mitb_cashin, defeat_type, rating, is_draw) values ('de137f2f-723b-42d5-9501-b912ccc43961', 'e466569e-b20d-4d4d-8e7c-6636b6299dc9', 6, 'Single', NULL, FALSE, NULL, NULL, FALSE, 'Pin', 5.0, FALSE);
insert into match_participants (match_id, wrestler_id, result) values ('de137f2f-723b-42d5-9501-b912ccc43961', '0aa96820-6e1c-4c70-8aa9-4fe6af0221a7', 'winner');
insert into match_participants (match_id, wrestler_id, result) values ('de137f2f-723b-42d5-9501-b912ccc43961', 'b0a5de67-da65-4808-bb98-ace3a77fa729', 'loser');
insert into matches (id, show_id, match_number, match_type, stipulation, is_title_match, title_id, is_mitb, mitb_cashin, defeat_type, rating, is_draw) values ('90ec9247-8a93-45ee-b622-5879ece38aa2', 'e466569e-b20d-4d4d-8e7c-6636b6299dc9', 7, '6-Man', 'Ladder', TRUE, 'b691e77a-af24-4f33-9c0f-09c435cd8dac', TRUE, FALSE, 'Pin', 4.0, FALSE);
insert into match_participants (match_id, wrestler_id, result) values ('90ec9247-8a93-45ee-b622-5879ece38aa2', 'f53c5be3-c66c-4d29-b281-5c0157203703', 'loser');
insert into match_participants (match_id, wrestler_id, result) values ('90ec9247-8a93-45ee-b622-5879ece38aa2', '0d2420e5-4511-44a9-8d66-a70eef1ce8d4', 'loser');
insert into match_participants (match_id, wrestler_id, result) values ('90ec9247-8a93-45ee-b622-5879ece38aa2', 'bc93b973-151b-48ca-8d75-8f6c220a0d31', 'loser');
insert into match_participants (match_id, wrestler_id, result) values ('90ec9247-8a93-45ee-b622-5879ece38aa2', '24041ddc-d965-4815-8c45-c9f97a2ed2c1', 'loser');
insert into match_participants (match_id, wrestler_id, result) values ('90ec9247-8a93-45ee-b622-5879ece38aa2', '146ed3a2-ffd0-498f-ab39-8a11824f6cff', 'loser');
insert into match_participants (match_id, wrestler_id, result) values ('90ec9247-8a93-45ee-b622-5879ece38aa2', 'ddf80d05-eb45-483d-a569-f2ae53f07b4b', 'loser');
insert into match_participants (match_id, wrestler_id, result) values ('90ec9247-8a93-45ee-b622-5879ece38aa2', '0655bec3-0c3f-48ed-b466-a98f20841621', 'loser');
insert into match_participants (match_id, wrestler_id, result) values ('90ec9247-8a93-45ee-b622-5879ece38aa2', '60c99dea-a118-4839-99eb-5de3ca41d5d4', 'winner');
insert into matches (id, show_id, match_number, match_type, stipulation, is_title_match, title_id, is_mitb, mitb_cashin, defeat_type, rating, is_draw) values ('e07de5ee-9a0a-45fb-bfd4-7ea9d49d1489', 'e466569e-b20d-4d4d-8e7c-6636b6299dc9', 8, 'Single', NULL, FALSE, NULL, NULL, FALSE, 'Pin', 4.0, FALSE);
insert into match_participants (match_id, wrestler_id, result) values ('e07de5ee-9a0a-45fb-bfd4-7ea9d49d1489', 'fce02e68-03a4-4670-a5d4-a6790f4f92a1', 'winner');
insert into match_participants (match_id, wrestler_id, result) values ('e07de5ee-9a0a-45fb-bfd4-7ea9d49d1489', '7ca7fd7b-2526-41ea-b143-cdd82f404014', 'loser');
insert into matches (id, show_id, match_number, match_type, stipulation, is_title_match, title_id, is_mitb, mitb_cashin, defeat_type, rating, is_draw) values ('df684b40-e939-4da3-9958-3be35f4a9ac1', 'e466569e-b20d-4d4d-8e7c-6636b6299dc9', 9, '6-Man', 'Ladder', TRUE, 'b25e7259-f027-4be1-a39e-0e956b9d538d', TRUE, FALSE, 'Pin', 2.0, FALSE);
insert into match_participants (match_id, wrestler_id, result) values ('df684b40-e939-4da3-9958-3be35f4a9ac1', '5909ea1d-6838-40c8-8058-64854406eb27', 'loser');
insert into match_participants (match_id, wrestler_id, result) values ('df684b40-e939-4da3-9958-3be35f4a9ac1', '31f8c2ba-a0c4-4352-ae28-1cf68d200216', 'loser');
insert into match_participants (match_id, wrestler_id, result) values ('df684b40-e939-4da3-9958-3be35f4a9ac1', 'a4325654-d541-4561-a709-9338864677a9', 'loser');
insert into match_participants (match_id, wrestler_id, result) values ('df684b40-e939-4da3-9958-3be35f4a9ac1', 'b2d0cb4c-4471-49a3-b524-544ce1bd95a1', 'loser');
insert into match_participants (match_id, wrestler_id, result) values ('df684b40-e939-4da3-9958-3be35f4a9ac1', '9683fa4f-ffaf-4185-938d-e4a435a5aef7', 'loser');
insert into match_participants (match_id, wrestler_id, result) values ('df684b40-e939-4da3-9958-3be35f4a9ac1', 'd0df50f1-fbbb-4298-ab0c-f7e6e122c4c4', 'loser');
insert into match_participants (match_id, wrestler_id, result) values ('df684b40-e939-4da3-9958-3be35f4a9ac1', 'ad63b3fd-9de8-4398-a085-7cc8f264589e', 'winner');
insert into match_participants (match_id, wrestler_id, result) values ('df684b40-e939-4da3-9958-3be35f4a9ac1', '6a3c5c70-fbb7-4a85-8940-df64e251eca3', 'loser');
insert into matches (id, show_id, match_number, match_type, stipulation, is_title_match, title_id, is_mitb, mitb_cashin, defeat_type, rating, is_draw) values ('4291b2f8-1435-4d35-879d-678fa5582be7', 'e466569e-b20d-4d4d-8e7c-6636b6299dc9', 10, 'Single', NULL, TRUE, '02b0c038-accb-495b-8d6a-8891a7b51554', FALSE, FALSE, 'Pin', 3.5, FALSE);
insert into match_participants (match_id, wrestler_id, result) values ('4291b2f8-1435-4d35-879d-678fa5582be7', 'db9025f4-91c4-47e8-b3de-e3864852a4c8', 'winner');
insert into match_participants (match_id, wrestler_id, result) values ('4291b2f8-1435-4d35-879d-678fa5582be7', '07687962-07c0-46b6-9541-2d8b60e3c2c1', 'loser');
insert into matches (id, show_id, match_number, match_type, stipulation, is_title_match, title_id, is_mitb, mitb_cashin, defeat_type, rating, is_draw) values ('81de72f1-7052-46e5-b084-b57c38de69dd', 'e466569e-b20d-4d4d-8e7c-6636b6299dc9', 11, 'Single', 'Falls Count Anywhere', TRUE, 'f3ec52c9-649b-48cb-aa37-da278fbd72df', FALSE, FALSE, 'Pin', 3.5, FALSE);
insert into match_participants (match_id, wrestler_id, result) values ('81de72f1-7052-46e5-b084-b57c38de69dd', '2c23bf2a-90de-4618-9564-8e0e622857f1', 'winner');
insert into match_participants (match_id, wrestler_id, result) values ('81de72f1-7052-46e5-b084-b57c38de69dd', '0072611a-281e-4de5-bf57-fbc9696651ec', 'loser');
insert into matches (id, show_id, match_number, match_type, stipulation, is_title_match, title_id, is_mitb, mitb_cashin, defeat_type, rating, is_draw) values ('f074bfb0-9c3b-48e2-a29e-33bd55ccbd46', 'e466569e-b20d-4d4d-8e7c-6636b6299dc9', 12, 'Single', 'Ambulance', TRUE, 'd622c9f7-3d8e-4737-bf0e-ed99b1dd9919', FALSE, FALSE, 'Pin', 4.5, FALSE);
insert into match_participants (match_id, wrestler_id, result) values ('f074bfb0-9c3b-48e2-a29e-33bd55ccbd46', '7d9945b2-59a0-4661-8206-198fec52bb2f', 'winner');
insert into match_participants (match_id, wrestler_id, result) values ('f074bfb0-9c3b-48e2-a29e-33bd55ccbd46', '24041ddc-d965-4815-8c45-c9f97a2ed2c1', 'loser');
insert into matches (id, show_id, match_number, match_type, stipulation, is_title_match, title_id, is_mitb, mitb_cashin, defeat_type, rating, is_draw) values ('490e0377-fc49-4e52-8d4f-21fe340e1de9', 'e466569e-b20d-4d4d-8e7c-6636b6299dc9', 12, 'Single', NULL, TRUE, '7ff2d038-78e9-4309-ab61-a31d82302425', FALSE, FALSE, 'Pin', 3.0, FALSE);
insert into match_participants (match_id, wrestler_id, result) values ('490e0377-fc49-4e52-8d4f-21fe340e1de9', '07687962-07c0-46b6-9541-2d8b60e3c2c1', 'winner');
insert into match_participants (match_id, wrestler_id, result) values ('490e0377-fc49-4e52-8d4f-21fe340e1de9', '2c23bf2a-90de-4618-9564-8e0e622857f1', 'loser');
insert into shows (id, name, show_date, show_type, ppv_name) values ('c4b70990-3861-448f-a5c2-296737488baa', 'DAW 08-01-2025', '2025-08-01', 'weekly', NULL);
insert into matches (id, show_id, match_number, match_type, stipulation, is_title_match, title_id, is_mitb, mitb_cashin, defeat_type, rating, is_draw) values ('07fe079b-39ad-4e1a-8712-2be3b7782c50', 'c4b70990-3861-448f-a5c2-296737488baa', 1, 'Tag Team', NULL, FALSE, NULL, NULL, FALSE, 'No Contest', 3.0, TRUE);
insert into match_participants (match_id, team_id, result) values ('07fe079b-39ad-4e1a-8712-2be3b7782c50', '23f14a09-a3bc-46e4-a5a0-fce3f3858591', 'draw');
insert into matches (id, show_id, match_number, match_type, stipulation, is_title_match, title_id, is_mitb, mitb_cashin, defeat_type, rating, is_draw) values ('ee0bc4ed-9ab0-4051-8e44-edfa759051e4', 'c4b70990-3861-448f-a5c2-296737488baa', 2, 'Single', NULL, FALSE, NULL, NULL, FALSE, 'Pin', 2.5, FALSE);
insert into match_participants (match_id, wrestler_id, result) values ('ee0bc4ed-9ab0-4051-8e44-edfa759051e4', 'ede1c7ef-9eee-42fc-9380-cb209f0b828e', 'winner');
insert into match_participants (match_id, wrestler_id, result) values ('ee0bc4ed-9ab0-4051-8e44-edfa759051e4', '1fdbaeea-4dc7-41ff-9ce9-394d33e1ace4', 'loser');
insert into matches (id, show_id, match_number, match_type, stipulation, is_title_match, title_id, is_mitb, mitb_cashin, defeat_type, rating, is_draw) values ('843a6a71-e6df-4adc-8d64-c2d4c91c1371', 'c4b70990-3861-448f-a5c2-296737488baa', 3, 'Single', NULL, FALSE, NULL, NULL, FALSE, 'Pin', 4.0, FALSE);
insert into match_participants (match_id, wrestler_id, result) values ('843a6a71-e6df-4adc-8d64-c2d4c91c1371', '9683fa4f-ffaf-4185-938d-e4a435a5aef7', 'winner');
insert into match_participants (match_id, wrestler_id, result) values ('843a6a71-e6df-4adc-8d64-c2d4c91c1371', '7ca7fd7b-2526-41ea-b143-cdd82f404014', 'loser');
insert into matches (id, show_id, match_number, match_type, stipulation, is_title_match, title_id, is_mitb, mitb_cashin, defeat_type, rating, is_draw) values ('6a98dcb7-8078-45e7-b1ed-660aabd3a8d3', 'c4b70990-3861-448f-a5c2-296737488baa', 4, 'Single', NULL, FALSE, NULL, NULL, FALSE, 'Pin', 3.5, FALSE);
insert into match_participants (match_id, wrestler_id, result) values ('6a98dcb7-8078-45e7-b1ed-660aabd3a8d3', '60c99dea-a118-4839-99eb-5de3ca41d5d4', 'loser');
insert into match_participants (match_id, wrestler_id, result) values ('6a98dcb7-8078-45e7-b1ed-660aabd3a8d3', '0072611a-281e-4de5-bf57-fbc9696651ec', 'winner');
insert into matches (id, show_id, match_number, match_type, stipulation, is_title_match, title_id, is_mitb, mitb_cashin, defeat_type, rating, is_draw) values ('11130d47-6e58-4c0f-8887-172c3746289c', 'c4b70990-3861-448f-a5c2-296737488baa', 5, 'Battle Royale', NULL, FALSE, NULL, NULL, FALSE, 'Pin', 4.0, FALSE);
insert into match_participants (match_id, wrestler_id, result) values ('11130d47-6e58-4c0f-8887-172c3746289c', '09a1ddc7-5133-4858-b8e1-c89de2eefe3b', 'loser');
insert into match_participants (match_id, wrestler_id, result) values ('11130d47-6e58-4c0f-8887-172c3746289c', 'f53c5be3-c66c-4d29-b281-5c0157203703', 'loser');
insert into match_participants (match_id, wrestler_id, result) values ('11130d47-6e58-4c0f-8887-172c3746289c', 'ddf80d05-eb45-483d-a569-f2ae53f07b4b', 'loser');
insert into match_participants (match_id, wrestler_id, result) values ('11130d47-6e58-4c0f-8887-172c3746289c', '24041ddc-d965-4815-8c45-c9f97a2ed2c1', 'winner');
insert into match_participants (match_id, wrestler_id, result) values ('11130d47-6e58-4c0f-8887-172c3746289c', 'b2d0cb4c-4471-49a3-b524-544ce1bd95a1', 'loser');
insert into match_participants (match_id, wrestler_id, result) values ('11130d47-6e58-4c0f-8887-172c3746289c', 'ad63b3fd-9de8-4398-a085-7cc8f264589e', 'loser');
insert into match_participants (match_id, wrestler_id, result) values ('11130d47-6e58-4c0f-8887-172c3746289c', '004c7b59-d738-4718-a1f0-39aa22e8039d', 'loser');
insert into match_participants (match_id, wrestler_id, result) values ('11130d47-6e58-4c0f-8887-172c3746289c', 'bc93b973-151b-48ca-8d75-8f6c220a0d31', 'loser');
insert into matches (id, show_id, match_number, match_type, stipulation, is_title_match, title_id, is_mitb, mitb_cashin, defeat_type, rating, is_draw) values ('71f73c26-8af3-472a-909f-6a449e082d65', 'c4b70990-3861-448f-a5c2-296737488baa', 6, 'Single', NULL, FALSE, NULL, NULL, FALSE, 'Pin', 4.0, FALSE);
insert into match_participants (match_id, wrestler_id, result) values ('71f73c26-8af3-472a-909f-6a449e082d65', '0d2420e5-4511-44a9-8d66-a70eef1ce8d4', 'winner');
insert into match_participants (match_id, wrestler_id, result) values ('71f73c26-8af3-472a-909f-6a449e082d65', '0655bec3-0c3f-48ed-b466-a98f20841621', 'loser');
insert into matches (id, show_id, match_number, match_type, stipulation, is_title_match, title_id, is_mitb, mitb_cashin, defeat_type, rating, is_draw) values ('3e616cb8-ae9e-4744-bd15-b9ec8acc68ec', 'c4b70990-3861-448f-a5c2-296737488baa', 7, 'Single', NULL, FALSE, NULL, NULL, FALSE, 'Pin', 4.5, FALSE);
insert into match_participants (match_id, wrestler_id, result) values ('3e616cb8-ae9e-4744-bd15-b9ec8acc68ec', '6a3c5c70-fbb7-4a85-8940-df64e251eca3', 'loser');
insert into match_participants (match_id, wrestler_id, result) values ('3e616cb8-ae9e-4744-bd15-b9ec8acc68ec', '5909ea1d-6838-40c8-8058-64854406eb27', 'winner');
insert into matches (id, show_id, match_number, match_type, stipulation, is_title_match, title_id, is_mitb, mitb_cashin, defeat_type, rating, is_draw) values ('6acb8d1a-2400-4d1b-9684-e55428d6825b', 'c4b70990-3861-448f-a5c2-296737488baa', 8, 'Single', NULL, FALSE, NULL, NULL, FALSE, 'Pin', 3.5, FALSE);
insert into match_participants (match_id, wrestler_id, result) values ('6acb8d1a-2400-4d1b-9684-e55428d6825b', 'cce2403e-b550-4727-9b4c-e04012c77f31', 'loser');
insert into match_participants (match_id, wrestler_id, result) values ('6acb8d1a-2400-4d1b-9684-e55428d6825b', '7d9945b2-59a0-4661-8206-198fec52bb2f', 'winner');
insert into matches (id, show_id, match_number, match_type, stipulation, is_title_match, title_id, is_mitb, mitb_cashin, defeat_type, rating, is_draw) values ('4a606b55-a8f1-4cab-93e2-879a7e80b248', 'c4b70990-3861-448f-a5c2-296737488baa', 9, 'Single', NULL, FALSE, NULL, NULL, FALSE, 'Pin', 3.0, FALSE);
insert into match_participants (match_id, wrestler_id, result) values ('4a606b55-a8f1-4cab-93e2-879a7e80b248', '2c23bf2a-90de-4618-9564-8e0e622857f1', 'winner');
insert into match_participants (match_id, wrestler_id, result) values ('4a606b55-a8f1-4cab-93e2-879a7e80b248', 'db9025f4-91c4-47e8-b3de-e3864852a4c8', 'loser');
insert into matches (id, show_id, match_number, match_type, stipulation, is_title_match, title_id, is_mitb, mitb_cashin, defeat_type, rating, is_draw) values ('efdc35fa-04b9-4192-8685-0d621168b2e7', 'c4b70990-3861-448f-a5c2-296737488baa', 10, 'Single', NULL, TRUE, '7ff2d038-78e9-4309-ab61-a31d82302425', FALSE, FALSE, 'Pin', 4.0, FALSE);
insert into match_participants (match_id, wrestler_id, result) values ('efdc35fa-04b9-4192-8685-0d621168b2e7', '5909ea1d-6838-40c8-8058-64854406eb27', 'winner');
insert into match_participants (match_id, wrestler_id, result) values ('efdc35fa-04b9-4192-8685-0d621168b2e7', '07687962-07c0-46b6-9541-2d8b60e3c2c1', 'loser');
insert into shows (id, name, show_date, show_type, ppv_name) values ('631ee51e-3da8-474b-8b98-a76235f5d2f0', 'DAW 08-08-2025', '2025-08-08', 'weekly', NULL);
insert into matches (id, show_id, match_number, match_type, stipulation, is_title_match, title_id, is_mitb, mitb_cashin, defeat_type, rating, is_draw) values ('95aa5042-5695-4de6-b151-6bf47396153e', '631ee51e-3da8-474b-8b98-a76235f5d2f0', 1, 'Tag Team', NULL, FALSE, NULL, NULL, FALSE, 'Pin', 4.0, FALSE);
insert into match_participants (match_id, team_id, result) values ('95aa5042-5695-4de6-b151-6bf47396153e', '37867637-ea7c-4d6c-9e59-fb37627e1172', 'winner');
insert into match_participants (match_id, team_id, result) values ('95aa5042-5695-4de6-b151-6bf47396153e', '23f14a09-a3bc-46e4-a5a0-fce3f3858591', 'loser');
insert into matches (id, show_id, match_number, match_type, stipulation, is_title_match, title_id, is_mitb, mitb_cashin, defeat_type, rating, is_draw) values ('161a6d2e-7529-4d97-b89f-6ae9c40f4228', '631ee51e-3da8-474b-8b98-a76235f5d2f0', 2, 'Single', NULL, FALSE, NULL, NULL, FALSE, 'Pin', 4.0, FALSE);
insert into match_participants (match_id, wrestler_id, result) values ('161a6d2e-7529-4d97-b89f-6ae9c40f4228', '9683fa4f-ffaf-4185-938d-e4a435a5aef7', 'winner');
insert into match_participants (match_id, wrestler_id, result) values ('161a6d2e-7529-4d97-b89f-6ae9c40f4228', '6a3c5c70-fbb7-4a85-8940-df64e251eca3', 'loser');
insert into matches (id, show_id, match_number, match_type, stipulation, is_title_match, title_id, is_mitb, mitb_cashin, defeat_type, rating, is_draw) values ('33cce796-d030-4f38-bbb9-e4c8787c9b80', '631ee51e-3da8-474b-8b98-a76235f5d2f0', 3, 'Single', NULL, FALSE, NULL, NULL, FALSE, 'Pin', 2.5, FALSE);
insert into match_participants (match_id, wrestler_id, result) values ('33cce796-d030-4f38-bbb9-e4c8787c9b80', '004c7b59-d738-4718-a1f0-39aa22e8039d', 'winner');
insert into match_participants (match_id, wrestler_id, result) values ('33cce796-d030-4f38-bbb9-e4c8787c9b80', 'b2d0cb4c-4471-49a3-b524-544ce1bd95a1', 'loser');
insert into matches (id, show_id, match_number, match_type, stipulation, is_title_match, title_id, is_mitb, mitb_cashin, defeat_type, rating, is_draw) values ('b2eda35b-2b2d-459d-a1d7-a3871820a569', '631ee51e-3da8-474b-8b98-a76235f5d2f0', 4, 'Single', NULL, FALSE, NULL, NULL, FALSE, 'Pin', 4.5, FALSE);
insert into match_participants (match_id, wrestler_id, result) values ('b2eda35b-2b2d-459d-a1d7-a3871820a569', 'a4325654-d541-4561-a709-9338864677a9', 'loser');
insert into match_participants (match_id, wrestler_id, result) values ('b2eda35b-2b2d-459d-a1d7-a3871820a569', '31f8c2ba-a0c4-4352-ae28-1cf68d200216', 'winner');
insert into matches (id, show_id, match_number, match_type, stipulation, is_title_match, title_id, is_mitb, mitb_cashin, defeat_type, rating, is_draw) values ('a174c751-3a33-4365-9a90-23ed8191c800', '631ee51e-3da8-474b-8b98-a76235f5d2f0', 5, 'Single', NULL, FALSE, NULL, NULL, FALSE, 'Pin', 4.0, FALSE);
insert into match_participants (match_id, wrestler_id, result) values ('a174c751-3a33-4365-9a90-23ed8191c800', 'ddf80d05-eb45-483d-a569-f2ae53f07b4b', 'loser');
insert into match_participants (match_id, wrestler_id, result) values ('a174c751-3a33-4365-9a90-23ed8191c800', 'bc93b973-151b-48ca-8d75-8f6c220a0d31', 'winner');
insert into matches (id, show_id, match_number, match_type, stipulation, is_title_match, title_id, is_mitb, mitb_cashin, defeat_type, rating, is_draw) values ('1d146791-1ad1-4df2-8320-fe358afba1e6', '631ee51e-3da8-474b-8b98-a76235f5d2f0', 6, 'Single', NULL, FALSE, NULL, NULL, FALSE, 'Pin', 4.5, FALSE);
insert into match_participants (match_id, wrestler_id, result) values ('1d146791-1ad1-4df2-8320-fe358afba1e6', '07687962-07c0-46b6-9541-2d8b60e3c2c1', 'loser');
insert into match_participants (match_id, wrestler_id, result) values ('1d146791-1ad1-4df2-8320-fe358afba1e6', 'd0df50f1-fbbb-4298-ab0c-f7e6e122c4c4', 'winner');
insert into matches (id, show_id, match_number, match_type, stipulation, is_title_match, title_id, is_mitb, mitb_cashin, defeat_type, rating, is_draw) values ('0e5f8df8-319b-4956-8930-cf7cc72b391f', '631ee51e-3da8-474b-8b98-a76235f5d2f0', 7, 'Single', NULL, FALSE, NULL, NULL, FALSE, 'Pin', 4.0, FALSE);
insert into match_participants (match_id, wrestler_id, result) values ('0e5f8df8-319b-4956-8930-cf7cc72b391f', '09a1ddc7-5133-4858-b8e1-c89de2eefe3b', 'winner');
insert into match_participants (match_id, wrestler_id, result) values ('0e5f8df8-319b-4956-8930-cf7cc72b391f', 'ad63b3fd-9de8-4398-a085-7cc8f264589e', 'loser');
insert into matches (id, show_id, match_number, match_type, stipulation, is_title_match, title_id, is_mitb, mitb_cashin, defeat_type, rating, is_draw) values ('2adb667f-fabe-4880-89ec-119d50759240', '631ee51e-3da8-474b-8b98-a76235f5d2f0', 8, 'Single', NULL, FALSE, NULL, NULL, FALSE, 'Pin', 4.0, FALSE);
insert into match_participants (match_id, wrestler_id, result) values ('2adb667f-fabe-4880-89ec-119d50759240', 'f53c5be3-c66c-4d29-b281-5c0157203703', 'winner');
insert into match_participants (match_id, wrestler_id, result) values ('2adb667f-fabe-4880-89ec-119d50759240', '24041ddc-d965-4815-8c45-c9f97a2ed2c1', 'loser');
insert into matches (id, show_id, match_number, match_type, stipulation, is_title_match, title_id, is_mitb, mitb_cashin, defeat_type, rating, is_draw) values ('ceb0aa68-93d0-4bb9-81db-f3a5b1570a05', '631ee51e-3da8-474b-8b98-a76235f5d2f0', 9, 'Single', NULL, FALSE, NULL, NULL, FALSE, 'Pin', 4.5, FALSE);
insert into match_participants (match_id, wrestler_id, result) values ('ceb0aa68-93d0-4bb9-81db-f3a5b1570a05', '1fdbaeea-4dc7-41ff-9ce9-394d33e1ace4', 'loser');
insert into match_participants (match_id, wrestler_id, result) values ('ceb0aa68-93d0-4bb9-81db-f3a5b1570a05', 'db9025f4-91c4-47e8-b3de-e3864852a4c8', 'winner');
insert into shows (id, name, show_date, show_type, ppv_name) values ('418ab850-4545-48d6-9b0d-545fe6297e36', 'DAW 08-15-2025', '2025-08-15', 'weekly', NULL);
insert into matches (id, show_id, match_number, match_type, stipulation, is_title_match, title_id, is_mitb, mitb_cashin, defeat_type, rating, is_draw) values ('bbbe49be-30f8-4389-bfb9-894bd483e6c3', '418ab850-4545-48d6-9b0d-545fe6297e36', 1, 'Triple Threat', NULL, FALSE, NULL, NULL, FALSE, 'Pin', 5.0, FALSE);
insert into match_participants (match_id, wrestler_id, result) values ('bbbe49be-30f8-4389-bfb9-894bd483e6c3', '1fdbaeea-4dc7-41ff-9ce9-394d33e1ace4', 'loser');
insert into match_participants (match_id, wrestler_id, result) values ('bbbe49be-30f8-4389-bfb9-894bd483e6c3', '6a3c5c70-fbb7-4a85-8940-df64e251eca3', 'winner');
insert into match_participants (match_id, wrestler_id, result) values ('bbbe49be-30f8-4389-bfb9-894bd483e6c3', 'a4325654-d541-4561-a709-9338864677a9', 'loser');
insert into matches (id, show_id, match_number, match_type, stipulation, is_title_match, title_id, is_mitb, mitb_cashin, defeat_type, rating, is_draw) values ('1027b506-8ae7-4f3d-a4b0-3f434472f594', '418ab850-4545-48d6-9b0d-545fe6297e36', 2, 'Single', NULL, FALSE, NULL, NULL, FALSE, 'Pin', 1.5, FALSE);
insert into match_participants (match_id, wrestler_id, result) values ('1027b506-8ae7-4f3d-a4b0-3f434472f594', '60a7e8b3-a4f5-4aae-a668-1742f5c1a5e9', 'loser');
insert into match_participants (match_id, wrestler_id, result) values ('1027b506-8ae7-4f3d-a4b0-3f434472f594', 'b2d0cb4c-4471-49a3-b524-544ce1bd95a1', 'winner');
insert into matches (id, show_id, match_number, match_type, stipulation, is_title_match, title_id, is_mitb, mitb_cashin, defeat_type, rating, is_draw) values ('b477ec82-ac66-4a2e-b0dd-38dafe568120', '418ab850-4545-48d6-9b0d-545fe6297e36', 3, 'Single', NULL, FALSE, NULL, NULL, FALSE, 'Pin', 5.0, FALSE);
insert into match_participants (match_id, wrestler_id, result) values ('b477ec82-ac66-4a2e-b0dd-38dafe568120', '9683fa4f-ffaf-4185-938d-e4a435a5aef7', 'winner');
insert into match_participants (match_id, wrestler_id, result) values ('b477ec82-ac66-4a2e-b0dd-38dafe568120', 'ede1c7ef-9eee-42fc-9380-cb209f0b828e', 'loser');
insert into matches (id, show_id, match_number, match_type, stipulation, is_title_match, title_id, is_mitb, mitb_cashin, defeat_type, rating, is_draw) values ('f0e35ddc-f294-4a62-a047-7b993648cdb2', '418ab850-4545-48d6-9b0d-545fe6297e36', 4, 'Single', NULL, FALSE, NULL, NULL, FALSE, 'Pin', 5.0, FALSE);
insert into match_participants (match_id, wrestler_id, result) values ('f0e35ddc-f294-4a62-a047-7b993648cdb2', '146ed3a2-ffd0-498f-ab39-8a11824f6cff', 'loser');
insert into match_participants (match_id, wrestler_id, result) values ('f0e35ddc-f294-4a62-a047-7b993648cdb2', '2c23bf2a-90de-4618-9564-8e0e622857f1', 'winner');
insert into matches (id, show_id, match_number, match_type, stipulation, is_title_match, title_id, is_mitb, mitb_cashin, defeat_type, rating, is_draw) values ('2b12669f-0fd2-4414-85f4-eb41caec0741', '418ab850-4545-48d6-9b0d-545fe6297e36', 5, 'Single', NULL, FALSE, NULL, NULL, FALSE, 'Pin', 4.0, FALSE);
insert into match_participants (match_id, wrestler_id, result) values ('2b12669f-0fd2-4414-85f4-eb41caec0741', '09a1ddc7-5133-4858-b8e1-c89de2eefe3b', 'winner');
insert into match_participants (match_id, wrestler_id, result) values ('2b12669f-0fd2-4414-85f4-eb41caec0741', '004c7b59-d738-4718-a1f0-39aa22e8039d', 'loser');
insert into matches (id, show_id, match_number, match_type, stipulation, is_title_match, title_id, is_mitb, mitb_cashin, defeat_type, rating, is_draw) values ('d77bb35a-fbee-459b-ad3d-72dc1c1ebfff', '418ab850-4545-48d6-9b0d-545fe6297e36', 6, 'Triple Threat', NULL, FALSE, NULL, NULL, FALSE, 'Pin', 3.5, FALSE);
insert into match_participants (match_id, wrestler_id, result) values ('d77bb35a-fbee-459b-ad3d-72dc1c1ebfff', 'ddf80d05-eb45-483d-a569-f2ae53f07b4b', 'loser');
insert into match_participants (match_id, wrestler_id, result) values ('d77bb35a-fbee-459b-ad3d-72dc1c1ebfff', '0655bec3-0c3f-48ed-b466-a98f20841621', 'loser');
insert into match_participants (match_id, wrestler_id, result) values ('d77bb35a-fbee-459b-ad3d-72dc1c1ebfff', 'f53c5be3-c66c-4d29-b281-5c0157203703', 'winner');
insert into matches (id, show_id, match_number, match_type, stipulation, is_title_match, title_id, is_mitb, mitb_cashin, defeat_type, rating, is_draw) values ('31ff8571-2e2f-4809-968e-1ee03305a31a', '418ab850-4545-48d6-9b0d-545fe6297e36', 7, 'Single', NULL, FALSE, NULL, NULL, FALSE, 'Pin', 4.5, FALSE);
insert into match_participants (match_id, wrestler_id, result) values ('31ff8571-2e2f-4809-968e-1ee03305a31a', '5909ea1d-6838-40c8-8058-64854406eb27', 'winner');
insert into match_participants (match_id, wrestler_id, result) values ('31ff8571-2e2f-4809-968e-1ee03305a31a', '7d9945b2-59a0-4661-8206-198fec52bb2f', 'loser');
insert into matches (id, show_id, match_number, match_type, stipulation, is_title_match, title_id, is_mitb, mitb_cashin, defeat_type, rating, is_draw) values ('65e890cc-31e0-454c-8598-194663f303ef', '418ab850-4545-48d6-9b0d-545fe6297e36', 8, 'Single', NULL, FALSE, NULL, NULL, FALSE, 'Pin', 4.0, FALSE);
insert into match_participants (match_id, wrestler_id, result) values ('65e890cc-31e0-454c-8598-194663f303ef', '0d2420e5-4511-44a9-8d66-a70eef1ce8d4', 'loser');
insert into match_participants (match_id, wrestler_id, result) values ('65e890cc-31e0-454c-8598-194663f303ef', '0072611a-281e-4de5-bf57-fbc9696651ec', 'winner');
insert into matches (id, show_id, match_number, match_type, stipulation, is_title_match, title_id, is_mitb, mitb_cashin, defeat_type, rating, is_draw) values ('b5c7fcfa-9512-4671-9e26-e40b66844060', '418ab850-4545-48d6-9b0d-545fe6297e36', 9, 'Single', NULL, FALSE, NULL, NULL, FALSE, 'Pin', 3.5, FALSE);
insert into match_participants (match_id, wrestler_id, result) values ('b5c7fcfa-9512-4671-9e26-e40b66844060', '31f8c2ba-a0c4-4352-ae28-1cf68d200216', 'loser');
insert into match_participants (match_id, wrestler_id, result) values ('b5c7fcfa-9512-4671-9e26-e40b66844060', 'd0df50f1-fbbb-4298-ab0c-f7e6e122c4c4', 'winner');
insert into matches (id, show_id, match_number, match_type, stipulation, is_title_match, title_id, is_mitb, mitb_cashin, defeat_type, rating, is_draw) values ('da42d832-e6ac-4f06-80a9-cab1c39350ba', '418ab850-4545-48d6-9b0d-545fe6297e36', 10, 'Single', NULL, TRUE, '7ff2d038-78e9-4309-ab61-a31d82302425', FALSE, FALSE, 'Pin', 4.0, FALSE);
insert into match_participants (match_id, wrestler_id, result) values ('da42d832-e6ac-4f06-80a9-cab1c39350ba', 'd0df50f1-fbbb-4298-ab0c-f7e6e122c4c4', 'winner');
insert into match_participants (match_id, wrestler_id, result) values ('da42d832-e6ac-4f06-80a9-cab1c39350ba', '2c23bf2a-90de-4618-9564-8e0e622857f1', 'loser');
insert into shows (id, name, show_date, show_type, ppv_name) values ('61dd808c-fa73-4056-8234-6edbdb49b375', 'DAW 08-22-2025', '2025-08-22', 'weekly', NULL);
insert into matches (id, show_id, match_number, match_type, stipulation, is_title_match, title_id, is_mitb, mitb_cashin, defeat_type, rating, is_draw) values ('b52fa2b3-6430-40a6-9706-7246941a4077', '61dd808c-fa73-4056-8234-6edbdb49b375', 1, 'Tag Team', NULL, FALSE, NULL, NULL, FALSE, 'Pin', 3.5, FALSE);
insert into match_participants (match_id, team_id, result) values ('b52fa2b3-6430-40a6-9706-7246941a4077', '8dd02369-5443-418b-94d5-1970756968ba', 'loser');
insert into match_participants (match_id, team_id, result) values ('b52fa2b3-6430-40a6-9706-7246941a4077', '23f14a09-a3bc-46e4-a5a0-fce3f3858591', 'winner');
insert into matches (id, show_id, match_number, match_type, stipulation, is_title_match, title_id, is_mitb, mitb_cashin, defeat_type, rating, is_draw) values ('1379660f-e075-482e-90d7-e16cb043cfcb', '61dd808c-fa73-4056-8234-6edbdb49b375', 2, 'Single', NULL, FALSE, NULL, NULL, FALSE, 'Pin', 4.0, FALSE);
insert into match_participants (match_id, wrestler_id, result) values ('1379660f-e075-482e-90d7-e16cb043cfcb', '7d9945b2-59a0-4661-8206-198fec52bb2f', 'loser');
insert into match_participants (match_id, wrestler_id, result) values ('1379660f-e075-482e-90d7-e16cb043cfcb', '1fdbaeea-4dc7-41ff-9ce9-394d33e1ace4', 'winner');
insert into matches (id, show_id, match_number, match_type, stipulation, is_title_match, title_id, is_mitb, mitb_cashin, defeat_type, rating, is_draw) values ('9c2b4e53-853b-49f4-9c95-abc631fe10e5', '61dd808c-fa73-4056-8234-6edbdb49b375', 3, 'Single', NULL, FALSE, NULL, NULL, FALSE, 'Pin', 4.0, FALSE);
insert into match_participants (match_id, wrestler_id, result) values ('9c2b4e53-853b-49f4-9c95-abc631fe10e5', '60c99dea-a118-4839-99eb-5de3ca41d5d4', 'loser');
insert into match_participants (match_id, wrestler_id, result) values ('9c2b4e53-853b-49f4-9c95-abc631fe10e5', '0d2420e5-4511-44a9-8d66-a70eef1ce8d4', 'winner');
insert into matches (id, show_id, match_number, match_type, stipulation, is_title_match, title_id, is_mitb, mitb_cashin, defeat_type, rating, is_draw) values ('5b2bbf1f-9e09-4b38-9f83-6022ec3c0dd2', '61dd808c-fa73-4056-8234-6edbdb49b375', 4, 'Single', NULL, FALSE, NULL, NULL, FALSE, 'Pin', 3.0, FALSE);
insert into match_participants (match_id, wrestler_id, result) values ('5b2bbf1f-9e09-4b38-9f83-6022ec3c0dd2', 'b2d0cb4c-4471-49a3-b524-544ce1bd95a1', 'loser');
insert into match_participants (match_id, wrestler_id, result) values ('5b2bbf1f-9e09-4b38-9f83-6022ec3c0dd2', 'a4325654-d541-4561-a709-9338864677a9', 'winner');
insert into matches (id, show_id, match_number, match_type, stipulation, is_title_match, title_id, is_mitb, mitb_cashin, defeat_type, rating, is_draw) values ('87610d34-e9c7-46fd-8293-80c46a156cca', '61dd808c-fa73-4056-8234-6edbdb49b375', 5, 'Single', NULL, FALSE, NULL, NULL, FALSE, 'Pin', 2.5, FALSE);
insert into match_participants (match_id, wrestler_id, result) values ('87610d34-e9c7-46fd-8293-80c46a156cca', '0072611a-281e-4de5-bf57-fbc9696651ec', 'loser');
insert into match_participants (match_id, wrestler_id, result) values ('87610d34-e9c7-46fd-8293-80c46a156cca', '2c23bf2a-90de-4618-9564-8e0e622857f1', 'winner');
insert into matches (id, show_id, match_number, match_type, stipulation, is_title_match, title_id, is_mitb, mitb_cashin, defeat_type, rating, is_draw) values ('8faf14c1-9b6a-4aad-b4f2-324e99bd1174', '61dd808c-fa73-4056-8234-6edbdb49b375', 6, 'Single', NULL, FALSE, NULL, NULL, FALSE, 'Pin', 3.0, FALSE);
insert into match_participants (match_id, wrestler_id, result) values ('8faf14c1-9b6a-4aad-b4f2-324e99bd1174', 'd0df50f1-fbbb-4298-ab0c-f7e6e122c4c4', 'loser');
insert into match_participants (match_id, wrestler_id, result) values ('8faf14c1-9b6a-4aad-b4f2-324e99bd1174', '09a1ddc7-5133-4858-b8e1-c89de2eefe3b', 'winner');
insert into matches (id, show_id, match_number, match_type, stipulation, is_title_match, title_id, is_mitb, mitb_cashin, defeat_type, rating, is_draw) values ('d27c32b0-ee26-466b-9a53-8e91d5bfd5c3', '61dd808c-fa73-4056-8234-6edbdb49b375', 7, 'Single', NULL, FALSE, NULL, NULL, FALSE, 'Pin', 2.0, FALSE);
insert into match_participants (match_id, wrestler_id, result) values ('d27c32b0-ee26-466b-9a53-8e91d5bfd5c3', '5909ea1d-6838-40c8-8058-64854406eb27', 'loser');
insert into match_participants (match_id, wrestler_id, result) values ('d27c32b0-ee26-466b-9a53-8e91d5bfd5c3', '9683fa4f-ffaf-4185-938d-e4a435a5aef7', 'winner');
insert into matches (id, show_id, match_number, match_type, stipulation, is_title_match, title_id, is_mitb, mitb_cashin, defeat_type, rating, is_draw) values ('886960e4-0fd6-4757-a773-e0ec83a74f08', '61dd808c-fa73-4056-8234-6edbdb49b375', 9, 'Single', NULL, FALSE, NULL, NULL, FALSE, 'Pin', 4.0, FALSE);
insert into match_participants (match_id, wrestler_id, result) values ('886960e4-0fd6-4757-a773-e0ec83a74f08', 'db9025f4-91c4-47e8-b3de-e3864852a4c8', 'winner');
insert into match_participants (match_id, wrestler_id, result) values ('886960e4-0fd6-4757-a773-e0ec83a74f08', '7ca7fd7b-2526-41ea-b143-cdd82f404014', 'loser');
insert into matches (id, show_id, match_number, match_type, stipulation, is_title_match, title_id, is_mitb, mitb_cashin, defeat_type, rating, is_draw) values ('fa372700-c594-4a97-8024-bb0b28138d28', '61dd808c-fa73-4056-8234-6edbdb49b375', 9, 'Single', NULL, FALSE, NULL, NULL, FALSE, 'Pin', 5.0, FALSE);
insert into match_participants (match_id, wrestler_id, result) values ('fa372700-c594-4a97-8024-bb0b28138d28', 'bc93b973-151b-48ca-8d75-8f6c220a0d31', 'loser');
insert into match_participants (match_id, wrestler_id, result) values ('fa372700-c594-4a97-8024-bb0b28138d28', 'f53c5be3-c66c-4d29-b281-5c0157203703', 'winner');
insert into matches (id, show_id, match_number, match_type, stipulation, is_title_match, title_id, is_mitb, mitb_cashin, defeat_type, rating, is_draw) values ('ac1ecc3c-d8a8-458c-9111-e3af18591e8a', '61dd808c-fa73-4056-8234-6edbdb49b375', 10, 'Single', NULL, TRUE, '7ff2d038-78e9-4309-ab61-a31d82302425', FALSE, FALSE, 'Pin', 4.5, FALSE);
insert into match_participants (match_id, wrestler_id, result) values ('ac1ecc3c-d8a8-458c-9111-e3af18591e8a', '7ca7fd7b-2526-41ea-b143-cdd82f404014', 'loser');
insert into match_participants (match_id, wrestler_id, result) values ('ac1ecc3c-d8a8-458c-9111-e3af18591e8a', 'd0df50f1-fbbb-4298-ab0c-f7e6e122c4c4', 'winner');
insert into shows (id, name, show_date, show_type, ppv_name) values ('0b3e099c-e821-4bb2-b72e-09b4fd02238e', 'DAW 08-29-2025', '2025-08-29', 'weekly', NULL);
insert into matches (id, show_id, match_number, match_type, stipulation, is_title_match, title_id, is_mitb, mitb_cashin, defeat_type, rating, is_draw) values ('92945220-fb15-451f-971d-24df3b3f747d', '0b3e099c-e821-4bb2-b72e-09b4fd02238e', 1, 'Tag Team', NULL, TRUE, '5875de09-f760-4981-b327-18fdcfd6b58e', FALSE, FALSE, 'Pin', 2.5, FALSE);
insert into match_participants (match_id, team_id, result) values ('92945220-fb15-451f-971d-24df3b3f747d', '851cd315-9431-48a4-aa8a-acca45ae40c2', 'winner');
insert into match_participants (match_id, team_id, result) values ('92945220-fb15-451f-971d-24df3b3f747d', '23f14a09-a3bc-46e4-a5a0-fce3f3858591', 'loser');
insert into matches (id, show_id, match_number, match_type, stipulation, is_title_match, title_id, is_mitb, mitb_cashin, defeat_type, rating, is_draw) values ('583d740f-5d02-4e8f-bbaf-cababe62770a', '0b3e099c-e821-4bb2-b72e-09b4fd02238e', 2, 'Single', NULL, FALSE, NULL, NULL, FALSE, 'Pin', 3.5, FALSE);
insert into match_participants (match_id, wrestler_id, result) values ('583d740f-5d02-4e8f-bbaf-cababe62770a', '7d9945b2-59a0-4661-8206-198fec52bb2f', 'loser');
insert into match_participants (match_id, wrestler_id, result) values ('583d740f-5d02-4e8f-bbaf-cababe62770a', 'd0df50f1-fbbb-4298-ab0c-f7e6e122c4c4', 'winner');
insert into matches (id, show_id, match_number, match_type, stipulation, is_title_match, title_id, is_mitb, mitb_cashin, defeat_type, rating, is_draw) values ('4d1028e2-87ef-4c75-b9f1-c7d2eef1579d', '0b3e099c-e821-4bb2-b72e-09b4fd02238e', 3, 'Single', 'Hardcore', TRUE, 'f87d2a11-2153-454c-a574-5d749d0741ac', FALSE, FALSE, 'Pin', 3.0, FALSE);
insert into match_participants (match_id, wrestler_id, result) values ('4d1028e2-87ef-4c75-b9f1-c7d2eef1579d', '7ca7fd7b-2526-41ea-b143-cdd82f404014', 'loser');
insert into match_participants (match_id, wrestler_id, result) values ('4d1028e2-87ef-4c75-b9f1-c7d2eef1579d', '004c7b59-d738-4718-a1f0-39aa22e8039d', 'winner');
insert into matches (id, show_id, match_number, match_type, stipulation, is_title_match, title_id, is_mitb, mitb_cashin, defeat_type, rating, is_draw) values ('b7fa6789-d035-445c-be5d-74795a4bd5d6', '0b3e099c-e821-4bb2-b72e-09b4fd02238e', 4, 'Single', NULL, FALSE, NULL, NULL, FALSE, 'Pin', 3.5, FALSE);
insert into match_participants (match_id, wrestler_id, result) values ('b7fa6789-d035-445c-be5d-74795a4bd5d6', '60c99dea-a118-4839-99eb-5de3ca41d5d4', 'winner');
insert into match_participants (match_id, wrestler_id, result) values ('b7fa6789-d035-445c-be5d-74795a4bd5d6', '24041ddc-d965-4815-8c45-c9f97a2ed2c1', 'loser');
insert into matches (id, show_id, match_number, match_type, stipulation, is_title_match, title_id, is_mitb, mitb_cashin, defeat_type, rating, is_draw) values ('13f9312f-a17d-45f2-9cd1-ae0b1fc8a7fe', '0b3e099c-e821-4bb2-b72e-09b4fd02238e', 5, 'Single', NULL, TRUE, '5db4cd6b-6ebe-4a87-b7bb-017af3856766', FALSE, FALSE, 'Pin', 2.5, FALSE);
insert into match_participants (match_id, wrestler_id, result) values ('13f9312f-a17d-45f2-9cd1-ae0b1fc8a7fe', 'a4325654-d541-4561-a709-9338864677a9', 'winner');
insert into match_participants (match_id, wrestler_id, result) values ('13f9312f-a17d-45f2-9cd1-ae0b1fc8a7fe', '1fdbaeea-4dc7-41ff-9ce9-394d33e1ace4', 'loser');
insert into matches (id, show_id, match_number, match_type, stipulation, is_title_match, title_id, is_mitb, mitb_cashin, defeat_type, rating, is_draw) values ('fb14a2cc-a8ca-4ee5-b32e-776c2a271c97', '0b3e099c-e821-4bb2-b72e-09b4fd02238e', 6, 'Single', NULL, TRUE, '5d3e065c-43d1-41ee-8d24-e876f1e2b2a1', FALSE, FALSE, 'Pin', 5.0, FALSE);
insert into match_participants (match_id, wrestler_id, result) values ('fb14a2cc-a8ca-4ee5-b32e-776c2a271c97', 'ddf80d05-eb45-483d-a569-f2ae53f07b4b', 'loser');
insert into match_participants (match_id, wrestler_id, result) values ('fb14a2cc-a8ca-4ee5-b32e-776c2a271c97', '0d2420e5-4511-44a9-8d66-a70eef1ce8d4', 'winner');
insert into matches (id, show_id, match_number, match_type, stipulation, is_title_match, title_id, is_mitb, mitb_cashin, defeat_type, rating, is_draw) values ('7bb464c2-7242-4c68-81dc-111269b07734', '0b3e099c-e821-4bb2-b72e-09b4fd02238e', 7, 'Single', NULL, TRUE, 'f3ec52c9-649b-48cb-aa37-da278fbd72df', FALSE, FALSE, 'Pin', 4.5, FALSE);
insert into match_participants (match_id, wrestler_id, result) values ('7bb464c2-7242-4c68-81dc-111269b07734', 'bc93b973-151b-48ca-8d75-8f6c220a0d31', 'winner');
insert into match_participants (match_id, wrestler_id, result) values ('7bb464c2-7242-4c68-81dc-111269b07734', '2c23bf2a-90de-4618-9564-8e0e622857f1', 'loser');
insert into matches (id, show_id, match_number, match_type, stipulation, is_title_match, title_id, is_mitb, mitb_cashin, defeat_type, rating, is_draw) values ('eaed927b-60ec-4f73-94c9-5a9bde398f9b', '0b3e099c-e821-4bb2-b72e-09b4fd02238e', 8, 'Single', NULL, FALSE, NULL, NULL, FALSE, 'Pin', 2.5, FALSE);
insert into match_participants (match_id, wrestler_id, result) values ('eaed927b-60ec-4f73-94c9-5a9bde398f9b', 'fce02e68-03a4-4670-a5d4-a6790f4f92a1', 'winner');
insert into match_participants (match_id, wrestler_id, result) values ('eaed927b-60ec-4f73-94c9-5a9bde398f9b', 'ae2ce814-315f-41f0-ab99-eddf09a7d4c5', 'loser');
insert into matches (id, show_id, match_number, match_type, stipulation, is_title_match, title_id, is_mitb, mitb_cashin, defeat_type, rating, is_draw) values ('cb9fa753-fa29-4c8f-ad66-212ca39efed8', '0b3e099c-e821-4bb2-b72e-09b4fd02238e', 9, 'Single', NULL, FALSE, NULL, NULL, FALSE, 'Pin', 2.0, FALSE);
insert into match_participants (match_id, wrestler_id, result) values ('cb9fa753-fa29-4c8f-ad66-212ca39efed8', 'f53c5be3-c66c-4d29-b281-5c0157203703', 'loser');
insert into match_participants (match_id, wrestler_id, result) values ('cb9fa753-fa29-4c8f-ad66-212ca39efed8', '0072611a-281e-4de5-bf57-fbc9696651ec', 'winner');
insert into matches (id, show_id, match_number, match_type, stipulation, is_title_match, title_id, is_mitb, mitb_cashin, defeat_type, rating, is_draw) values ('282886a6-857a-4e00-9e3e-c6226cfba93d', '0b3e099c-e821-4bb2-b72e-09b4fd02238e', 10, 'Single', NULL, TRUE, '02b0c038-accb-495b-8d6a-8891a7b51554', FALSE, FALSE, 'Pin', 4.0, FALSE);
insert into match_participants (match_id, wrestler_id, result) values ('282886a6-857a-4e00-9e3e-c6226cfba93d', '07687962-07c0-46b6-9541-2d8b60e3c2c1', 'loser');
insert into match_participants (match_id, wrestler_id, result) values ('282886a6-857a-4e00-9e3e-c6226cfba93d', 'db9025f4-91c4-47e8-b3de-e3864852a4c8', 'winner');
insert into matches (id, show_id, match_number, match_type, stipulation, is_title_match, title_id, is_mitb, mitb_cashin, defeat_type, rating, is_draw) values ('bbcd44db-31e2-4c46-866f-2a990e6f43f0', '0b3e099c-e821-4bb2-b72e-09b4fd02238e', 11, 'Single', NULL, FALSE, NULL, NULL, FALSE, 'Pin', 2.0, FALSE);
insert into match_participants (match_id, wrestler_id, result) values ('bbcd44db-31e2-4c46-866f-2a990e6f43f0', '09a1ddc7-5133-4858-b8e1-c89de2eefe3b', 'winner');
insert into match_participants (match_id, wrestler_id, result) values ('bbcd44db-31e2-4c46-866f-2a990e6f43f0', '9683fa4f-ffaf-4185-938d-e4a435a5aef7', 'loser');
insert into matches (id, show_id, match_number, match_type, stipulation, is_title_match, title_id, is_mitb, mitb_cashin, defeat_type, rating, is_draw) values ('2c6718f9-befa-420c-9715-0295d7bee540', '0b3e099c-e821-4bb2-b72e-09b4fd02238e', 15, 'Single', NULL, TRUE, '7ff2d038-78e9-4309-ab61-a31d82302425', FALSE, FALSE, 'Pin', 2.0, FALSE);
insert into match_participants (match_id, wrestler_id, result) values ('2c6718f9-befa-420c-9715-0295d7bee540', 'b2d0cb4c-4471-49a3-b524-544ce1bd95a1', 'winner');
insert into match_participants (match_id, wrestler_id, result) values ('2c6718f9-befa-420c-9715-0295d7bee540', 'd0df50f1-fbbb-4298-ab0c-f7e6e122c4c4', 'loser');
insert into shows (id, name, show_date, show_type, ppv_name) values ('3acbf574-fb70-46d5-a0c8-3030887b56cb', 'DAW 09-05-2025', '2025-09-05', 'weekly', NULL);
insert into matches (id, show_id, match_number, match_type, stipulation, is_title_match, title_id, is_mitb, mitb_cashin, defeat_type, rating, is_draw) values ('0ac925cc-dae6-465b-a8ca-5450627ff731', '3acbf574-fb70-46d5-a0c8-3030887b56cb', 1, 'Tag Team', NULL, FALSE, NULL, NULL, FALSE, 'Pin', 3.0, FALSE);
insert into match_participants (match_id, team_id, result) values ('0ac925cc-dae6-465b-a8ca-5450627ff731', '851cd315-9431-48a4-aa8a-acca45ae40c2', 'loser');
insert into matches (id, show_id, match_number, match_type, stipulation, is_title_match, title_id, is_mitb, mitb_cashin, defeat_type, rating, is_draw) values ('d8110985-7dab-44db-9270-5b590d2f6576', '3acbf574-fb70-46d5-a0c8-3030887b56cb', 2, 'Triple Threat', NULL, FALSE, NULL, NULL, FALSE, 'Pin', 5.0, FALSE);
insert into match_participants (match_id, wrestler_id, result) values ('d8110985-7dab-44db-9270-5b590d2f6576', '7e31c302-05ee-4325-989f-aefa74f76445', 'loser');
insert into match_participants (match_id, wrestler_id, result) values ('d8110985-7dab-44db-9270-5b590d2f6576', 'ddf80d05-eb45-483d-a569-f2ae53f07b4b', 'winner');
insert into match_participants (match_id, wrestler_id, result) values ('d8110985-7dab-44db-9270-5b590d2f6576', 'f53c5be3-c66c-4d29-b281-5c0157203703', 'loser');
insert into matches (id, show_id, match_number, match_type, stipulation, is_title_match, title_id, is_mitb, mitb_cashin, defeat_type, rating, is_draw) values ('3aba9bcd-33d0-4a66-8828-0776cb875534', '3acbf574-fb70-46d5-a0c8-3030887b56cb', 3, 'Single', NULL, FALSE, NULL, NULL, FALSE, 'Pin', 3.0, FALSE);
insert into match_participants (match_id, wrestler_id, result) values ('3aba9bcd-33d0-4a66-8828-0776cb875534', '60a7e8b3-a4f5-4aae-a668-1742f5c1a5e9', 'loser');
insert into match_participants (match_id, wrestler_id, result) values ('3aba9bcd-33d0-4a66-8828-0776cb875534', '004c7b59-d738-4718-a1f0-39aa22e8039d', 'winner');
insert into matches (id, show_id, match_number, match_type, stipulation, is_title_match, title_id, is_mitb, mitb_cashin, defeat_type, rating, is_draw) values ('8d22cc74-c91f-45c9-b484-9a12d70b491f', '3acbf574-fb70-46d5-a0c8-3030887b56cb', 4, 'Single', NULL, FALSE, NULL, NULL, FALSE, 'Pin', 1.0, FALSE);
insert into match_participants (match_id, wrestler_id, result) values ('8d22cc74-c91f-45c9-b484-9a12d70b491f', '122e2f4f-61c3-46f1-8de6-407a73f0712e', 'winner');
insert into match_participants (match_id, wrestler_id, result) values ('8d22cc74-c91f-45c9-b484-9a12d70b491f', '2c23bf2a-90de-4618-9564-8e0e622857f1', 'loser');
insert into matches (id, show_id, match_number, match_type, stipulation, is_title_match, title_id, is_mitb, mitb_cashin, defeat_type, rating, is_draw) values ('2410ad9c-dd74-4ddb-afb6-ddc26bc53c45', '3acbf574-fb70-46d5-a0c8-3030887b56cb', 5, 'Single', NULL, FALSE, NULL, NULL, FALSE, 'Pin', 3.5, FALSE);
insert into match_participants (match_id, wrestler_id, result) values ('2410ad9c-dd74-4ddb-afb6-ddc26bc53c45', '07687962-07c0-46b6-9541-2d8b60e3c2c1', 'loser');
insert into match_participants (match_id, wrestler_id, result) values ('2410ad9c-dd74-4ddb-afb6-ddc26bc53c45', 'a4325654-d541-4561-a709-9338864677a9', 'winner');
insert into matches (id, show_id, match_number, match_type, stipulation, is_title_match, title_id, is_mitb, mitb_cashin, defeat_type, rating, is_draw) values ('a043aeeb-35b0-4a34-bd00-74ce729a151c', '3acbf574-fb70-46d5-a0c8-3030887b56cb', 6, 'Single', NULL, FALSE, NULL, NULL, FALSE, 'Pin', 4.0, FALSE);
insert into match_participants (match_id, wrestler_id, result) values ('a043aeeb-35b0-4a34-bd00-74ce729a151c', 'ae2ce814-315f-41f0-ab99-eddf09a7d4c5', 'winner');
insert into match_participants (match_id, wrestler_id, result) values ('a043aeeb-35b0-4a34-bd00-74ce729a151c', 'db9025f4-91c4-47e8-b3de-e3864852a4c8', 'loser');
insert into matches (id, show_id, match_number, match_type, stipulation, is_title_match, title_id, is_mitb, mitb_cashin, defeat_type, rating, is_draw) values ('6243c119-fe51-4742-bbb7-2a9d7b34a1d1', '3acbf574-fb70-46d5-a0c8-3030887b56cb', 7, 'Single', NULL, FALSE, NULL, NULL, FALSE, 'Pin', 2.5, FALSE);
insert into match_participants (match_id, wrestler_id, result) values ('6243c119-fe51-4742-bbb7-2a9d7b34a1d1', '0d2420e5-4511-44a9-8d66-a70eef1ce8d4', 'winner');
insert into match_participants (match_id, wrestler_id, result) values ('6243c119-fe51-4742-bbb7-2a9d7b34a1d1', 'bc93b973-151b-48ca-8d75-8f6c220a0d31', 'loser');
insert into matches (id, show_id, match_number, match_type, stipulation, is_title_match, title_id, is_mitb, mitb_cashin, defeat_type, rating, is_draw) values ('ca2f37cc-9348-42cd-9d9f-970e4ef672f3', '3acbf574-fb70-46d5-a0c8-3030887b56cb', 8, 'Single', NULL, FALSE, NULL, NULL, FALSE, 'Pin', 3.5, FALSE);
insert into match_participants (match_id, wrestler_id, result) values ('ca2f37cc-9348-42cd-9d9f-970e4ef672f3', '24041ddc-d965-4815-8c45-c9f97a2ed2c1', 'loser');
insert into match_participants (match_id, wrestler_id, result) values ('ca2f37cc-9348-42cd-9d9f-970e4ef672f3', '0072611a-281e-4de5-bf57-fbc9696651ec', 'winner');
insert into matches (id, show_id, match_number, match_type, stipulation, is_title_match, title_id, is_mitb, mitb_cashin, defeat_type, rating, is_draw) values ('28275d28-a1f1-41bc-9e2f-258e273e599f', '3acbf574-fb70-46d5-a0c8-3030887b56cb', 9, 'Single', NULL, FALSE, NULL, NULL, FALSE, 'Pin', 3.5, FALSE);
insert into match_participants (match_id, wrestler_id, result) values ('28275d28-a1f1-41bc-9e2f-258e273e599f', 'ad63b3fd-9de8-4398-a085-7cc8f264589e', 'winner');
insert into match_participants (match_id, wrestler_id, result) values ('28275d28-a1f1-41bc-9e2f-258e273e599f', '09a1ddc7-5133-4858-b8e1-c89de2eefe3b', 'loser');
insert into matches (id, show_id, match_number, match_type, stipulation, is_title_match, title_id, is_mitb, mitb_cashin, defeat_type, rating, is_draw) values ('cf84943c-c075-48a4-8352-680989c91c68', '3acbf574-fb70-46d5-a0c8-3030887b56cb', 10, 'Single', NULL, TRUE, '7ff2d038-78e9-4309-ab61-a31d82302425', FALSE, FALSE, 'Pin', 3.0, FALSE);
insert into match_participants (match_id, wrestler_id, result) values ('cf84943c-c075-48a4-8352-680989c91c68', '2c23bf2a-90de-4618-9564-8e0e622857f1', 'loser');
insert into match_participants (match_id, wrestler_id, result) values ('cf84943c-c075-48a4-8352-680989c91c68', 'b2d0cb4c-4471-49a3-b524-544ce1bd95a1', 'winner');
insert into shows (id, name, show_date, show_type, ppv_name) values ('950702fb-39f6-46b5-bad4-eaa8c4ac6beb', 'DAW 09-12-2025', '2025-09-12', 'weekly', NULL);
insert into matches (id, show_id, match_number, match_type, stipulation, is_title_match, title_id, is_mitb, mitb_cashin, defeat_type, rating, is_draw) values ('8d399c6c-cb65-4369-b1ac-7440d184a7fa', '950702fb-39f6-46b5-bad4-eaa8c4ac6beb', 1, 'Single', NULL, FALSE, NULL, NULL, FALSE, 'Pin', 1.0, FALSE);
insert into match_participants (match_id, wrestler_id, result) values ('8d399c6c-cb65-4369-b1ac-7440d184a7fa', '09a1ddc7-5133-4858-b8e1-c89de2eefe3b', 'loser');
insert into match_participants (match_id, wrestler_id, result) values ('8d399c6c-cb65-4369-b1ac-7440d184a7fa', '7d9945b2-59a0-4661-8206-198fec52bb2f', 'winner');
insert into matches (id, show_id, match_number, match_type, stipulation, is_title_match, title_id, is_mitb, mitb_cashin, defeat_type, rating, is_draw) values ('38a206f9-5f4c-467d-8d81-c1016feab661', '950702fb-39f6-46b5-bad4-eaa8c4ac6beb', 2, 'Triple Threat', NULL, FALSE, NULL, NULL, FALSE, 'Pin', 3.5, FALSE);
insert into match_participants (match_id, wrestler_id, result) values ('38a206f9-5f4c-467d-8d81-c1016feab661', 'fce02e68-03a4-4670-a5d4-a6790f4f92a1', 'winner');
insert into match_participants (match_id, wrestler_id, result) values ('38a206f9-5f4c-467d-8d81-c1016feab661', '7ca7fd7b-2526-41ea-b143-cdd82f404014', 'loser');
insert into match_participants (match_id, wrestler_id, result) values ('38a206f9-5f4c-467d-8d81-c1016feab661', '6a3c5c70-fbb7-4a85-8940-df64e251eca3', 'loser');
insert into matches (id, show_id, match_number, match_type, stipulation, is_title_match, title_id, is_mitb, mitb_cashin, defeat_type, rating, is_draw) values ('4cc24376-20dc-43a3-91ea-30c47139a187', '950702fb-39f6-46b5-bad4-eaa8c4ac6beb', 3, 'Single', NULL, FALSE, NULL, NULL, FALSE, 'Pin', 3.5, FALSE);
insert into match_participants (match_id, wrestler_id, result) values ('4cc24376-20dc-43a3-91ea-30c47139a187', '0655bec3-0c3f-48ed-b466-a98f20841621', 'winner');
insert into match_participants (match_id, wrestler_id, result) values ('4cc24376-20dc-43a3-91ea-30c47139a187', '31f8c2ba-a0c4-4352-ae28-1cf68d200216', 'loser');
insert into matches (id, show_id, match_number, match_type, stipulation, is_title_match, title_id, is_mitb, mitb_cashin, defeat_type, rating, is_draw) values ('b1074945-e06d-40d9-bac3-79facbcab3bb', '950702fb-39f6-46b5-bad4-eaa8c4ac6beb', 4, 'Single', NULL, FALSE, NULL, NULL, FALSE, 'Pin', 2.0, FALSE);
insert into match_participants (match_id, wrestler_id, result) values ('b1074945-e06d-40d9-bac3-79facbcab3bb', 'df1f0185-5678-4a36-8b11-55cda64a0fa0', 'winner');
insert into match_participants (match_id, wrestler_id, result) values ('b1074945-e06d-40d9-bac3-79facbcab3bb', '07687962-07c0-46b6-9541-2d8b60e3c2c1', 'loser');
insert into matches (id, show_id, match_number, match_type, stipulation, is_title_match, title_id, is_mitb, mitb_cashin, defeat_type, rating, is_draw) values ('165ed90a-c660-42b5-aab7-9f1783faf9f9', '950702fb-39f6-46b5-bad4-eaa8c4ac6beb', 5, 'Single', NULL, FALSE, NULL, NULL, FALSE, 'Pin', 4.0, FALSE);
insert into match_participants (match_id, wrestler_id, result) values ('165ed90a-c660-42b5-aab7-9f1783faf9f9', '0072611a-281e-4de5-bf57-fbc9696651ec', 'loser');
insert into match_participants (match_id, wrestler_id, result) values ('165ed90a-c660-42b5-aab7-9f1783faf9f9', 'ad63b3fd-9de8-4398-a085-7cc8f264589e', 'winner');
insert into matches (id, show_id, match_number, match_type, stipulation, is_title_match, title_id, is_mitb, mitb_cashin, defeat_type, rating, is_draw) values ('34f99c1d-4d90-4342-8538-8c75a7b31476', '950702fb-39f6-46b5-bad4-eaa8c4ac6beb', 6, 'Single', NULL, FALSE, NULL, NULL, FALSE, 'Pin', 4.0, FALSE);
insert into match_participants (match_id, wrestler_id, result) values ('34f99c1d-4d90-4342-8538-8c75a7b31476', '60c99dea-a118-4839-99eb-5de3ca41d5d4', 'loser');
insert into match_participants (match_id, wrestler_id, result) values ('34f99c1d-4d90-4342-8538-8c75a7b31476', 'bc93b973-151b-48ca-8d75-8f6c220a0d31', 'winner');
insert into matches (id, show_id, match_number, match_type, stipulation, is_title_match, title_id, is_mitb, mitb_cashin, defeat_type, rating, is_draw) values ('a13fea0b-daa0-4a6f-8dcb-427b23a23fda', '950702fb-39f6-46b5-bad4-eaa8c4ac6beb', 7, 'Single', NULL, FALSE, NULL, NULL, FALSE, 'Pin', 2.5, FALSE);
insert into match_participants (match_id, wrestler_id, result) values ('a13fea0b-daa0-4a6f-8dcb-427b23a23fda', 'ae2ce814-315f-41f0-ab99-eddf09a7d4c5', 'winner');
insert into match_participants (match_id, wrestler_id, result) values ('a13fea0b-daa0-4a6f-8dcb-427b23a23fda', 'a4325654-d541-4561-a709-9338864677a9', 'loser');
insert into matches (id, show_id, match_number, match_type, stipulation, is_title_match, title_id, is_mitb, mitb_cashin, defeat_type, rating, is_draw) values ('70743192-2d4f-4647-b3b0-760270440153', '950702fb-39f6-46b5-bad4-eaa8c4ac6beb', 8, 'Single', NULL, FALSE, NULL, NULL, FALSE, 'Pin', 4.0, FALSE);
insert into match_participants (match_id, wrestler_id, result) values ('70743192-2d4f-4647-b3b0-760270440153', '7e31c302-05ee-4325-989f-aefa74f76445', 'loser');
insert into match_participants (match_id, wrestler_id, result) values ('70743192-2d4f-4647-b3b0-760270440153', '2c23bf2a-90de-4618-9564-8e0e622857f1', 'winner');
insert into matches (id, show_id, match_number, match_type, stipulation, is_title_match, title_id, is_mitb, mitb_cashin, defeat_type, rating, is_draw) values ('8b6070a2-bbc9-4584-a4f7-287c0ff96f4e', '950702fb-39f6-46b5-bad4-eaa8c4ac6beb', 9, 'Single', NULL, FALSE, NULL, NULL, FALSE, 'Pin', 4.5, FALSE);
insert into match_participants (match_id, wrestler_id, result) values ('8b6070a2-bbc9-4584-a4f7-287c0ff96f4e', '9683fa4f-ffaf-4185-938d-e4a435a5aef7', 'loser');
insert into match_participants (match_id, wrestler_id, result) values ('8b6070a2-bbc9-4584-a4f7-287c0ff96f4e', 'db9025f4-91c4-47e8-b3de-e3864852a4c8', 'winner');
insert into shows (id, name, show_date, show_type, ppv_name) values ('cd131cfe-57b1-4b13-8270-d8ad502916ee', 'DAW 09-19-2025', '2025-09-19', 'weekly', NULL);
insert into matches (id, show_id, match_number, match_type, stipulation, is_title_match, title_id, is_mitb, mitb_cashin, defeat_type, rating, is_draw) values ('c6aa61dc-1187-4743-b5c9-da5151d78a5a', 'cd131cfe-57b1-4b13-8270-d8ad502916ee', 1, 'Single', NULL, FALSE, NULL, NULL, FALSE, 'Pin', 4.5, FALSE);
insert into match_participants (match_id, wrestler_id, result) values ('c6aa61dc-1187-4743-b5c9-da5151d78a5a', 'b2d0cb4c-4471-49a3-b524-544ce1bd95a1', 'loser');
insert into match_participants (match_id, wrestler_id, result) values ('c6aa61dc-1187-4743-b5c9-da5151d78a5a', 'd0df50f1-fbbb-4298-ab0c-f7e6e122c4c4', 'winner');
insert into matches (id, show_id, match_number, match_type, stipulation, is_title_match, title_id, is_mitb, mitb_cashin, defeat_type, rating, is_draw) values ('2ec96763-2b23-455d-8170-58fdfce2774a', 'cd131cfe-57b1-4b13-8270-d8ad502916ee', 2, 'Triple Threat', 'Table', FALSE, NULL, NULL, FALSE, 'Pin', 2.0, FALSE);
insert into match_participants (match_id, wrestler_id, result) values ('2ec96763-2b23-455d-8170-58fdfce2774a', '7ca7fd7b-2526-41ea-b143-cdd82f404014', 'winner');
insert into match_participants (match_id, wrestler_id, result) values ('2ec96763-2b23-455d-8170-58fdfce2774a', '9683fa4f-ffaf-4185-938d-e4a435a5aef7', 'loser');
insert into match_participants (match_id, wrestler_id, result) values ('2ec96763-2b23-455d-8170-58fdfce2774a', '07687962-07c0-46b6-9541-2d8b60e3c2c1', 'loser');
insert into matches (id, show_id, match_number, match_type, stipulation, is_title_match, title_id, is_mitb, mitb_cashin, defeat_type, rating, is_draw) values ('a4b04e43-3cb3-4b6e-89c9-84b635f24235', 'cd131cfe-57b1-4b13-8270-d8ad502916ee', 3, 'Single', NULL, FALSE, NULL, NULL, FALSE, 'Pin', 5.0, FALSE);
insert into match_participants (match_id, wrestler_id, result) values ('a4b04e43-3cb3-4b6e-89c9-84b635f24235', 'fce02e68-03a4-4670-a5d4-a6790f4f92a1', 'loser');
insert into match_participants (match_id, wrestler_id, result) values ('a4b04e43-3cb3-4b6e-89c9-84b635f24235', '6a3c5c70-fbb7-4a85-8940-df64e251eca3', 'winner');
insert into matches (id, show_id, match_number, match_type, stipulation, is_title_match, title_id, is_mitb, mitb_cashin, defeat_type, rating, is_draw) values ('b5e09b70-d308-4e50-a4e7-b41820c0c00e', 'cd131cfe-57b1-4b13-8270-d8ad502916ee', 4, 'Single', NULL, FALSE, NULL, NULL, FALSE, 'Pin', 4.0, FALSE);
insert into match_participants (match_id, wrestler_id, result) values ('b5e09b70-d308-4e50-a4e7-b41820c0c00e', '09a1ddc7-5133-4858-b8e1-c89de2eefe3b', 'winner');
insert into match_participants (match_id, wrestler_id, result) values ('b5e09b70-d308-4e50-a4e7-b41820c0c00e', '31f8c2ba-a0c4-4352-ae28-1cf68d200216', 'loser');
insert into matches (id, show_id, match_number, match_type, stipulation, is_title_match, title_id, is_mitb, mitb_cashin, defeat_type, rating, is_draw) values ('aad57a2c-861c-4003-93c1-4d1653565758', 'cd131cfe-57b1-4b13-8270-d8ad502916ee', 5, 'Triple Threat', NULL, FALSE, NULL, NULL, FALSE, 'Pin', 4.5, FALSE);
insert into match_participants (match_id, wrestler_id, result) values ('aad57a2c-861c-4003-93c1-4d1653565758', '60c99dea-a118-4839-99eb-5de3ca41d5d4', 'loser');
insert into match_participants (match_id, wrestler_id, result) values ('aad57a2c-861c-4003-93c1-4d1653565758', '24041ddc-d965-4815-8c45-c9f97a2ed2c1', 'loser');
insert into match_participants (match_id, wrestler_id, result) values ('aad57a2c-861c-4003-93c1-4d1653565758', '0655bec3-0c3f-48ed-b466-a98f20841621', 'winner');
insert into matches (id, show_id, match_number, match_type, stipulation, is_title_match, title_id, is_mitb, mitb_cashin, defeat_type, rating, is_draw) values ('43ca5211-6961-4e14-844b-ad016aa35e63', 'cd131cfe-57b1-4b13-8270-d8ad502916ee', 6, 'Single', NULL, FALSE, NULL, NULL, FALSE, 'Pin', 4.0, FALSE);
insert into match_participants (match_id, wrestler_id, result) values ('43ca5211-6961-4e14-844b-ad016aa35e63', '5909ea1d-6838-40c8-8058-64854406eb27', 'loser');
insert into match_participants (match_id, wrestler_id, result) values ('43ca5211-6961-4e14-844b-ad016aa35e63', 'ae2ce814-315f-41f0-ab99-eddf09a7d4c5', 'winner');
insert into matches (id, show_id, match_number, match_type, stipulation, is_title_match, title_id, is_mitb, mitb_cashin, defeat_type, rating, is_draw) values ('fd8f695d-e604-4650-80e6-318875f326e3', 'cd131cfe-57b1-4b13-8270-d8ad502916ee', 7, 'Single', NULL, FALSE, NULL, NULL, FALSE, 'Pin', 3.5, FALSE);
insert into match_participants (match_id, wrestler_id, result) values ('fd8f695d-e604-4650-80e6-318875f326e3', 'f53c5be3-c66c-4d29-b281-5c0157203703', 'winner');
insert into match_participants (match_id, wrestler_id, result) values ('fd8f695d-e604-4650-80e6-318875f326e3', 'bc93b973-151b-48ca-8d75-8f6c220a0d31', 'loser');
insert into matches (id, show_id, match_number, match_type, stipulation, is_title_match, title_id, is_mitb, mitb_cashin, defeat_type, rating, is_draw) values ('195df621-3a01-4f9a-aa8d-5fe06d03f338', 'cd131cfe-57b1-4b13-8270-d8ad502916ee', 8, 'Single', NULL, FALSE, NULL, NULL, FALSE, 'Pin', 2.0, FALSE);
insert into match_participants (match_id, wrestler_id, result) values ('195df621-3a01-4f9a-aa8d-5fe06d03f338', 'a4325654-d541-4561-a709-9338864677a9', 'loser');
insert into match_participants (match_id, wrestler_id, result) values ('195df621-3a01-4f9a-aa8d-5fe06d03f338', 'db9025f4-91c4-47e8-b3de-e3864852a4c8', 'winner');
insert into matches (id, show_id, match_number, match_type, stipulation, is_title_match, title_id, is_mitb, mitb_cashin, defeat_type, rating, is_draw) values ('12c1d7de-14eb-4946-93e7-7621fef5a57c', 'cd131cfe-57b1-4b13-8270-d8ad502916ee', 9, 'Single', 'No Holds Barred', FALSE, NULL, NULL, FALSE, 'Pin', 3.0, FALSE);
insert into match_participants (match_id, wrestler_id, result) values ('12c1d7de-14eb-4946-93e7-7621fef5a57c', 'ddf80d05-eb45-483d-a569-f2ae53f07b4b', 'loser');
insert into match_participants (match_id, wrestler_id, result) values ('12c1d7de-14eb-4946-93e7-7621fef5a57c', '2c23bf2a-90de-4618-9564-8e0e622857f1', 'winner');
insert into matches (id, show_id, match_number, match_type, stipulation, is_title_match, title_id, is_mitb, mitb_cashin, defeat_type, rating, is_draw) values ('da118543-63e7-479a-82a0-754b410e9676', 'cd131cfe-57b1-4b13-8270-d8ad502916ee', 10, 'Single', NULL, TRUE, '7ff2d038-78e9-4309-ab61-a31d82302425', FALSE, FALSE, 'Pin', 4.0, FALSE);
insert into match_participants (match_id, wrestler_id, result) values ('da118543-63e7-479a-82a0-754b410e9676', '2c23bf2a-90de-4618-9564-8e0e622857f1', 'winner');
insert into match_participants (match_id, wrestler_id, result) values ('da118543-63e7-479a-82a0-754b410e9676', 'b2d0cb4c-4471-49a3-b524-544ce1bd95a1', 'loser');
insert into shows (id, name, show_date, show_type, ppv_name) values ('8614e989-dd18-4998-8cb0-7cf827bdc8ba', 'DAW 09-26-2025', '2025-09-26', 'weekly', NULL);
insert into matches (id, show_id, match_number, match_type, stipulation, is_title_match, title_id, is_mitb, mitb_cashin, defeat_type, rating, is_draw) values ('68e461e7-4778-49c5-83ce-2493705fc576', '8614e989-dd18-4998-8cb0-7cf827bdc8ba', 1, 'Tag Team', NULL, TRUE, '5875de09-f760-4981-b327-18fdcfd6b58e', FALSE, FALSE, 'Pin', 5.0, FALSE);
insert into match_participants (match_id, team_id, result) values ('68e461e7-4778-49c5-83ce-2493705fc576', '851cd315-9431-48a4-aa8a-acca45ae40c2', 'winner');
insert into matches (id, show_id, match_number, match_type, stipulation, is_title_match, title_id, is_mitb, mitb_cashin, defeat_type, rating, is_draw) values ('acde8643-08ab-47d2-9577-1d0127f2261c', '8614e989-dd18-4998-8cb0-7cf827bdc8ba', 2, 'Battle Royale', NULL, FALSE, NULL, NULL, FALSE, 'Pin', 4.0, FALSE);
insert into match_participants (match_id, wrestler_id, result) values ('acde8643-08ab-47d2-9577-1d0127f2261c', '6a3c5c70-fbb7-4a85-8940-df64e251eca3', 'winner');
insert into match_participants (match_id, wrestler_id, result) values ('acde8643-08ab-47d2-9577-1d0127f2261c', '122e2f4f-61c3-46f1-8de6-407a73f0712e', 'loser');
insert into match_participants (match_id, wrestler_id, result) values ('acde8643-08ab-47d2-9577-1d0127f2261c', '5909ea1d-6838-40c8-8058-64854406eb27', 'loser');
insert into match_participants (match_id, wrestler_id, result) values ('acde8643-08ab-47d2-9577-1d0127f2261c', 'ede1c7ef-9eee-42fc-9380-cb209f0b828e', 'loser');
insert into match_participants (match_id, wrestler_id, result) values ('acde8643-08ab-47d2-9577-1d0127f2261c', '146ed3a2-ffd0-498f-ab39-8a11824f6cff', 'loser');
insert into match_participants (match_id, wrestler_id, result) values ('acde8643-08ab-47d2-9577-1d0127f2261c', 'b0a5de67-da65-4808-bb98-ace3a77fa729', 'loser');
insert into match_participants (match_id, wrestler_id, result) values ('acde8643-08ab-47d2-9577-1d0127f2261c', 'b53deaf4-6809-46c8-a85f-587ef1ead267', 'loser');
insert into match_participants (match_id, wrestler_id, result) values ('acde8643-08ab-47d2-9577-1d0127f2261c', '6744f55d-802e-4dc8-83da-df85f7d6e050', 'loser');
insert into matches (id, show_id, match_number, match_type, stipulation, is_title_match, title_id, is_mitb, mitb_cashin, defeat_type, rating, is_draw) values ('12c68c21-4e26-41f0-982d-94331a7c666f', '8614e989-dd18-4998-8cb0-7cf827bdc8ba', 3, 'Single', 'Hardcore', TRUE, 'f87d2a11-2153-454c-a574-5d749d0741ac', FALSE, FALSE, 'Pin', 3.0, FALSE);
insert into match_participants (match_id, wrestler_id, result) values ('12c68c21-4e26-41f0-982d-94331a7c666f', '7ca7fd7b-2526-41ea-b143-cdd82f404014', 'loser');
insert into match_participants (match_id, wrestler_id, result) values ('12c68c21-4e26-41f0-982d-94331a7c666f', '004c7b59-d738-4718-a1f0-39aa22e8039d', 'winner');
insert into matches (id, show_id, match_number, match_type, stipulation, is_title_match, title_id, is_mitb, mitb_cashin, defeat_type, rating, is_draw) values ('3e1e3204-e51c-481d-80da-30d58cb3cb27', '8614e989-dd18-4998-8cb0-7cf827bdc8ba', 4, 'Single', NULL, FALSE, NULL, NULL, FALSE, 'Pin', 4.0, FALSE);
insert into match_participants (match_id, wrestler_id, result) values ('3e1e3204-e51c-481d-80da-30d58cb3cb27', 'd0df50f1-fbbb-4298-ab0c-f7e6e122c4c4', 'winner');
insert into match_participants (match_id, wrestler_id, result) values ('3e1e3204-e51c-481d-80da-30d58cb3cb27', 'df1f0185-5678-4a36-8b11-55cda64a0fa0', 'loser');
insert into matches (id, show_id, match_number, match_type, stipulation, is_title_match, title_id, is_mitb, mitb_cashin, defeat_type, rating, is_draw) values ('9869781a-2207-45c1-9f94-08e14a11f26d', '8614e989-dd18-4998-8cb0-7cf827bdc8ba', 5, 'Single', NULL, FALSE, NULL, NULL, FALSE, 'Pin', 4.5, FALSE);
insert into match_participants (match_id, wrestler_id, result) values ('9869781a-2207-45c1-9f94-08e14a11f26d', '9683fa4f-ffaf-4185-938d-e4a435a5aef7', 'loser');
insert into match_participants (match_id, wrestler_id, result) values ('9869781a-2207-45c1-9f94-08e14a11f26d', 'ad63b3fd-9de8-4398-a085-7cc8f264589e', 'winner');
insert into matches (id, show_id, match_number, match_type, stipulation, is_title_match, title_id, is_mitb, mitb_cashin, defeat_type, rating, is_draw) values ('2ae39ac3-1ba7-4894-8a38-d09300bdfc1d', '8614e989-dd18-4998-8cb0-7cf827bdc8ba', 6, 'Single', 'No Holds Barred', TRUE, '5db4cd6b-6ebe-4a87-b7bb-017af3856766', FALSE, FALSE, 'Pin', 4.5, FALSE);
insert into match_participants (match_id, wrestler_id, result) values ('2ae39ac3-1ba7-4894-8a38-d09300bdfc1d', 'fce02e68-03a4-4670-a5d4-a6790f4f92a1', 'loser');
insert into match_participants (match_id, wrestler_id, result) values ('2ae39ac3-1ba7-4894-8a38-d09300bdfc1d', 'a4325654-d541-4561-a709-9338864677a9', 'winner');
insert into matches (id, show_id, match_number, match_type, stipulation, is_title_match, title_id, is_mitb, mitb_cashin, defeat_type, rating, is_draw) values ('e33d9810-5828-46e4-a80e-932d6973931b', '8614e989-dd18-4998-8cb0-7cf827bdc8ba', 7, 'Triple Threat', 'Ladder', FALSE, NULL, NULL, FALSE, 'Pin', 4.0, FALSE);
insert into match_participants (match_id, wrestler_id, result) values ('e33d9810-5828-46e4-a80e-932d6973931b', 'f53c5be3-c66c-4d29-b281-5c0157203703', 'winner');
insert into match_participants (match_id, wrestler_id, result) values ('e33d9810-5828-46e4-a80e-932d6973931b', '7e31c302-05ee-4325-989f-aefa74f76445', 'loser');
insert into matches (id, show_id, match_number, match_type, stipulation, is_title_match, title_id, is_mitb, mitb_cashin, defeat_type, rating, is_draw) values ('970f74b6-a3d2-4bc8-a1a4-1269f3f2dcf4', '8614e989-dd18-4998-8cb0-7cf827bdc8ba', 8, 'Single', 'Hardcore', TRUE, '5d3e065c-43d1-41ee-8d24-e876f1e2b2a1', FALSE, FALSE, 'Pin', 4.0, FALSE);
insert into match_participants (match_id, wrestler_id, result) values ('970f74b6-a3d2-4bc8-a1a4-1269f3f2dcf4', 'ddf80d05-eb45-483d-a569-f2ae53f07b4b', 'loser');
insert into match_participants (match_id, wrestler_id, result) values ('970f74b6-a3d2-4bc8-a1a4-1269f3f2dcf4', '0d2420e5-4511-44a9-8d66-a70eef1ce8d4', 'winner');
insert into matches (id, show_id, match_number, match_type, stipulation, is_title_match, title_id, is_mitb, mitb_cashin, defeat_type, rating, is_draw) values ('c1528e3a-4d3b-42df-b353-4a8195b02e87', '8614e989-dd18-4998-8cb0-7cf827bdc8ba', 9, 'Single', NULL, FALSE, NULL, NULL, FALSE, 'Pin', 4.0, FALSE);
insert into match_participants (match_id, wrestler_id, result) values ('c1528e3a-4d3b-42df-b353-4a8195b02e87', 'ae2ce814-315f-41f0-ab99-eddf09a7d4c5', 'loser');
insert into match_participants (match_id, wrestler_id, result) values ('c1528e3a-4d3b-42df-b353-4a8195b02e87', 'd9b273b2-5a17-4561-862b-580d35adc781', 'winner');
insert into matches (id, show_id, match_number, match_type, stipulation, is_title_match, title_id, is_mitb, mitb_cashin, defeat_type, rating, is_draw) values ('5c0fdae7-f372-4ab5-9ae1-3fb9ab8ffeb9', '8614e989-dd18-4998-8cb0-7cf827bdc8ba', 10, 'Single', 'Barb''s Funhouse', TRUE, 'f3ec52c9-649b-48cb-aa37-da278fbd72df', FALSE, FALSE, 'Pin', 4.0, FALSE);
insert into match_participants (match_id, wrestler_id, result) values ('5c0fdae7-f372-4ab5-9ae1-3fb9ab8ffeb9', '0072611a-281e-4de5-bf57-fbc9696651ec', 'winner');
insert into match_participants (match_id, wrestler_id, result) values ('5c0fdae7-f372-4ab5-9ae1-3fb9ab8ffeb9', 'bc93b973-151b-48ca-8d75-8f6c220a0d31', 'loser');
insert into matches (id, show_id, match_number, match_type, stipulation, is_title_match, title_id, is_mitb, mitb_cashin, defeat_type, rating, is_draw) values ('70a2d9eb-a370-4035-bcf4-619827e4beca', '8614e989-dd18-4998-8cb0-7cf827bdc8ba', 11, 'Single', 'Hell in a Cell', TRUE, 'd622c9f7-3d8e-4737-bf0e-ed99b1dd9919', FALSE, FALSE, 'Pin', 3.5, FALSE);
insert into match_participants (match_id, wrestler_id, result) values ('70a2d9eb-a370-4035-bcf4-619827e4beca', '24041ddc-d965-4815-8c45-c9f97a2ed2c1', 'winner');
insert into match_participants (match_id, wrestler_id, result) values ('70a2d9eb-a370-4035-bcf4-619827e4beca', '7d9945b2-59a0-4661-8206-198fec52bb2f', 'loser');
insert into matches (id, show_id, match_number, match_type, stipulation, is_title_match, title_id, is_mitb, mitb_cashin, defeat_type, rating, is_draw) values ('b6ec0251-eef3-41e4-afff-d09e3b1d679c', '8614e989-dd18-4998-8cb0-7cf827bdc8ba', 12, 'Single', NULL, TRUE, '02b0c038-accb-495b-8d6a-8891a7b51554', FALSE, FALSE, 'Pin', 2.5, FALSE);
insert into match_participants (match_id, wrestler_id, result) values ('b6ec0251-eef3-41e4-afff-d09e3b1d679c', '09a1ddc7-5133-4858-b8e1-c89de2eefe3b', 'loser');
insert into match_participants (match_id, wrestler_id, result) values ('b6ec0251-eef3-41e4-afff-d09e3b1d679c', 'db9025f4-91c4-47e8-b3de-e3864852a4c8', 'winner');
insert into matches (id, show_id, match_number, match_type, stipulation, is_title_match, title_id, is_mitb, mitb_cashin, defeat_type, rating, is_draw) values ('96c81b07-6fc0-4e0f-8f77-b5eb240847dc', '8614e989-dd18-4998-8cb0-7cf827bdc8ba', 13, 'Single', NULL, TRUE, '7ff2d038-78e9-4309-ab61-a31d82302425', FALSE, FALSE, 'Pin', 4.0, FALSE);
insert into match_participants (match_id, wrestler_id, result) values ('96c81b07-6fc0-4e0f-8f77-b5eb240847dc', 'b2d0cb4c-4471-49a3-b524-544ce1bd95a1', 'loser');
insert into match_participants (match_id, wrestler_id, result) values ('96c81b07-6fc0-4e0f-8f77-b5eb240847dc', '2c23bf2a-90de-4618-9564-8e0e622857f1', 'winner');
insert into shows (id, name, show_date, show_type, ppv_name) values ('123dcf4d-247b-4207-8b38-f2e091f3e2db', 'DAW 10-03-2025', '2025-10-03', 'weekly', NULL);
insert into matches (id, show_id, match_number, match_type, stipulation, is_title_match, title_id, is_mitb, mitb_cashin, defeat_type, rating, is_draw) values ('2229373c-09ac-4114-92b5-df769aab3678', '123dcf4d-247b-4207-8b38-f2e091f3e2db', 1, 'Tag Team', NULL, FALSE, NULL, NULL, FALSE, 'Pin', 1.5, FALSE);
insert into match_participants (match_id, team_id, result) values ('2229373c-09ac-4114-92b5-df769aab3678', '851cd315-9431-48a4-aa8a-acca45ae40c2', 'winner');
insert into matches (id, show_id, match_number, match_type, stipulation, is_title_match, title_id, is_mitb, mitb_cashin, defeat_type, rating, is_draw) values ('1abacc96-24c3-4372-996d-868f9008d119', '123dcf4d-247b-4207-8b38-f2e091f3e2db', 2, 'Single', NULL, FALSE, NULL, NULL, FALSE, 'Pin', 4.0, FALSE);
insert into match_participants (match_id, wrestler_id, result) values ('1abacc96-24c3-4372-996d-868f9008d119', '60c99dea-a118-4839-99eb-5de3ca41d5d4', 'loser');
insert into match_participants (match_id, wrestler_id, result) values ('1abacc96-24c3-4372-996d-868f9008d119', 'bc93b973-151b-48ca-8d75-8f6c220a0d31', 'winner');
insert into matches (id, show_id, match_number, match_type, stipulation, is_title_match, title_id, is_mitb, mitb_cashin, defeat_type, rating, is_draw) values ('984002a4-7597-43f6-8860-59bff987f9f7', '123dcf4d-247b-4207-8b38-f2e091f3e2db', 3, 'Battle Royale', NULL, FALSE, NULL, NULL, FALSE, 'Pin', 4.5, FALSE);
insert into match_participants (match_id, wrestler_id, result) values ('984002a4-7597-43f6-8860-59bff987f9f7', '5909ea1d-6838-40c8-8058-64854406eb27', 'loser');
insert into match_participants (match_id, wrestler_id, result) values ('984002a4-7597-43f6-8860-59bff987f9f7', 'fce02e68-03a4-4670-a5d4-a6790f4f92a1', 'loser');
insert into match_participants (match_id, wrestler_id, result) values ('984002a4-7597-43f6-8860-59bff987f9f7', '07687962-07c0-46b6-9541-2d8b60e3c2c1', 'loser');
insert into match_participants (match_id, wrestler_id, result) values ('984002a4-7597-43f6-8860-59bff987f9f7', '7ca7fd7b-2526-41ea-b143-cdd82f404014', 'winner');
insert into match_participants (match_id, wrestler_id, result) values ('984002a4-7597-43f6-8860-59bff987f9f7', '9683fa4f-ffaf-4185-938d-e4a435a5aef7', 'loser');
insert into match_participants (match_id, wrestler_id, result) values ('984002a4-7597-43f6-8860-59bff987f9f7', 'cce2403e-b550-4727-9b4c-e04012c77f31', 'loser');
insert into match_participants (match_id, wrestler_id, result) values ('984002a4-7597-43f6-8860-59bff987f9f7', '60a7e8b3-a4f5-4aae-a668-1742f5c1a5e9', 'loser');
insert into match_participants (match_id, wrestler_id, result) values ('984002a4-7597-43f6-8860-59bff987f9f7', '31f8c2ba-a0c4-4352-ae28-1cf68d200216', 'loser');
insert into matches (id, show_id, match_number, match_type, stipulation, is_title_match, title_id, is_mitb, mitb_cashin, defeat_type, rating, is_draw) values ('864978f5-b7e1-4e6c-91a7-55b560218d64', '123dcf4d-247b-4207-8b38-f2e091f3e2db', 4, 'Single', NULL, FALSE, NULL, NULL, FALSE, 'Pin', 4.0, FALSE);
insert into match_participants (match_id, wrestler_id, result) values ('864978f5-b7e1-4e6c-91a7-55b560218d64', '6a3c5c70-fbb7-4a85-8940-df64e251eca3', 'winner');
insert into match_participants (match_id, wrestler_id, result) values ('864978f5-b7e1-4e6c-91a7-55b560218d64', 'a4325654-d541-4561-a709-9338864677a9', 'loser');
insert into matches (id, show_id, match_number, match_type, stipulation, is_title_match, title_id, is_mitb, mitb_cashin, defeat_type, rating, is_draw) values ('64eadf2e-5f52-44bc-8474-b7e6bb54174f', '123dcf4d-247b-4207-8b38-f2e091f3e2db', 5, 'Single', NULL, FALSE, NULL, NULL, FALSE, 'Pin', 2.5, FALSE);
insert into match_participants (match_id, wrestler_id, result) values ('64eadf2e-5f52-44bc-8474-b7e6bb54174f', '7d9945b2-59a0-4661-8206-198fec52bb2f', 'loser');
insert into match_participants (match_id, wrestler_id, result) values ('64eadf2e-5f52-44bc-8474-b7e6bb54174f', 'ad63b3fd-9de8-4398-a085-7cc8f264589e', 'winner');
insert into matches (id, show_id, match_number, match_type, stipulation, is_title_match, title_id, is_mitb, mitb_cashin, defeat_type, rating, is_draw) values ('fca89d0c-f7ed-42b7-8ee2-0c54a3413f22', '123dcf4d-247b-4207-8b38-f2e091f3e2db', 6, 'Single', NULL, FALSE, NULL, NULL, FALSE, 'Pin', 3.5, FALSE);
insert into match_participants (match_id, wrestler_id, result) values ('fca89d0c-f7ed-42b7-8ee2-0c54a3413f22', 'ddf80d05-eb45-483d-a569-f2ae53f07b4b', 'loser');
insert into match_participants (match_id, wrestler_id, result) values ('fca89d0c-f7ed-42b7-8ee2-0c54a3413f22', 'f53c5be3-c66c-4d29-b281-5c0157203703', 'winner');
insert into matches (id, show_id, match_number, match_type, stipulation, is_title_match, title_id, is_mitb, mitb_cashin, defeat_type, rating, is_draw) values ('b881db7c-5af2-4ba6-84ef-3229e819cd3d', '123dcf4d-247b-4207-8b38-f2e091f3e2db', 7, 'Single', NULL, FALSE, NULL, NULL, FALSE, 'Pin', 4.0, FALSE);
insert into match_participants (match_id, wrestler_id, result) values ('b881db7c-5af2-4ba6-84ef-3229e819cd3d', '1fdbaeea-4dc7-41ff-9ce9-394d33e1ace4', 'winner');
insert into match_participants (match_id, wrestler_id, result) values ('b881db7c-5af2-4ba6-84ef-3229e819cd3d', 'ae2ce814-315f-41f0-ab99-eddf09a7d4c5', 'loser');
insert into matches (id, show_id, match_number, match_type, stipulation, is_title_match, title_id, is_mitb, mitb_cashin, defeat_type, rating, is_draw) values ('9c07d912-1822-46b1-85cc-a5335f8e9ff7', '123dcf4d-247b-4207-8b38-f2e091f3e2db', 8, 'Single', NULL, FALSE, NULL, NULL, FALSE, 'Pin', 3.5, FALSE);
insert into match_participants (match_id, wrestler_id, result) values ('9c07d912-1822-46b1-85cc-a5335f8e9ff7', 'd0df50f1-fbbb-4298-ab0c-f7e6e122c4c4', 'winner');
insert into match_participants (match_id, wrestler_id, result) values ('9c07d912-1822-46b1-85cc-a5335f8e9ff7', 'db9025f4-91c4-47e8-b3de-e3864852a4c8', 'loser');
insert into matches (id, show_id, match_number, match_type, stipulation, is_title_match, title_id, is_mitb, mitb_cashin, defeat_type, rating, is_draw) values ('20ae57dc-69c1-433d-be45-9112e500fbea', '123dcf4d-247b-4207-8b38-f2e091f3e2db', 9, 'Single', NULL, FALSE, NULL, NULL, FALSE, 'Pin', 1.5, FALSE);
insert into match_participants (match_id, wrestler_id, result) values ('20ae57dc-69c1-433d-be45-9112e500fbea', '24041ddc-d965-4815-8c45-c9f97a2ed2c1', 'loser');
insert into match_participants (match_id, wrestler_id, result) values ('20ae57dc-69c1-433d-be45-9112e500fbea', '0072611a-281e-4de5-bf57-fbc9696651ec', 'winner');
insert into shows (id, name, show_date, show_type, ppv_name) values ('d0bc0691-1146-4bf4-b62d-6aeab769fdee', 'DAW 10-10-2025', '2025-10-10', 'weekly', NULL);
insert into matches (id, show_id, match_number, match_type, stipulation, is_title_match, title_id, is_mitb, mitb_cashin, defeat_type, rating, is_draw) values ('56a8a18b-6619-4595-9a11-516946157b56', 'd0bc0691-1146-4bf4-b62d-6aeab769fdee', 1, 'Triple Threat', NULL, FALSE, NULL, NULL, FALSE, 'Pin', 4.5, FALSE);
insert into match_participants (match_id, wrestler_id, result) values ('56a8a18b-6619-4595-9a11-516946157b56', 'fce02e68-03a4-4670-a5d4-a6790f4f92a1', 'loser');
insert into match_participants (match_id, wrestler_id, result) values ('56a8a18b-6619-4595-9a11-516946157b56', 'd0df50f1-fbbb-4298-ab0c-f7e6e122c4c4', 'winner');
insert into match_participants (match_id, wrestler_id, result) values ('56a8a18b-6619-4595-9a11-516946157b56', '004c7b59-d738-4718-a1f0-39aa22e8039d', 'loser');
insert into matches (id, show_id, match_number, match_type, stipulation, is_title_match, title_id, is_mitb, mitb_cashin, defeat_type, rating, is_draw) values ('cecfc7c6-2b4f-4a2c-86a6-3bfac9afa372', 'd0bc0691-1146-4bf4-b62d-6aeab769fdee', 2, 'Single', NULL, FALSE, NULL, NULL, FALSE, 'Pin', 1.5, FALSE);
insert into match_participants (match_id, wrestler_id, result) values ('cecfc7c6-2b4f-4a2c-86a6-3bfac9afa372', '2c23bf2a-90de-4618-9564-8e0e622857f1', 'loser');
insert into match_participants (match_id, wrestler_id, result) values ('cecfc7c6-2b4f-4a2c-86a6-3bfac9afa372', 'b2d0cb4c-4471-49a3-b524-544ce1bd95a1', 'winner');
insert into matches (id, show_id, match_number, match_type, stipulation, is_title_match, title_id, is_mitb, mitb_cashin, defeat_type, rating, is_draw) values ('6a2cf1d9-ea5f-4aa0-a4ff-b28e938abe28', 'd0bc0691-1146-4bf4-b62d-6aeab769fdee', 3, 'Single', NULL, FALSE, NULL, NULL, FALSE, 'Pin', 4.0, FALSE);
insert into match_participants (match_id, wrestler_id, result) values ('6a2cf1d9-ea5f-4aa0-a4ff-b28e938abe28', 'ae2ce814-315f-41f0-ab99-eddf09a7d4c5', 'loser');
insert into match_participants (match_id, wrestler_id, result) values ('6a2cf1d9-ea5f-4aa0-a4ff-b28e938abe28', '24041ddc-d965-4815-8c45-c9f97a2ed2c1', 'winner');
insert into matches (id, show_id, match_number, match_type, stipulation, is_title_match, title_id, is_mitb, mitb_cashin, defeat_type, rating, is_draw) values ('5314da7f-719a-42bb-85b9-819feb55b5e3', 'd0bc0691-1146-4bf4-b62d-6aeab769fdee', 4, 'Single', NULL, FALSE, NULL, NULL, FALSE, 'Pin', 3.5, FALSE);
insert into match_participants (match_id, wrestler_id, result) values ('5314da7f-719a-42bb-85b9-819feb55b5e3', 'ad63b3fd-9de8-4398-a085-7cc8f264589e', 'winner');
insert into match_participants (match_id, wrestler_id, result) values ('5314da7f-719a-42bb-85b9-819feb55b5e3', 'a4325654-d541-4561-a709-9338864677a9', 'loser');
insert into matches (id, show_id, match_number, match_type, stipulation, is_title_match, title_id, is_mitb, mitb_cashin, defeat_type, rating, is_draw) values ('de045538-7886-4562-8833-33945c8ae834', 'd0bc0691-1146-4bf4-b62d-6aeab769fdee', 5, 'Triple Threat', NULL, FALSE, NULL, NULL, FALSE, 'Pin', 4.0, FALSE);
insert into match_participants (match_id, wrestler_id, result) values ('de045538-7886-4562-8833-33945c8ae834', 'bc93b973-151b-48ca-8d75-8f6c220a0d31', 'loser');
insert into match_participants (match_id, wrestler_id, result) values ('de045538-7886-4562-8833-33945c8ae834', 'f53c5be3-c66c-4d29-b281-5c0157203703', 'winner');
insert into match_participants (match_id, wrestler_id, result) values ('de045538-7886-4562-8833-33945c8ae834', '6744f55d-802e-4dc8-83da-df85f7d6e050', 'loser');
insert into matches (id, show_id, match_number, match_type, stipulation, is_title_match, title_id, is_mitb, mitb_cashin, defeat_type, rating, is_draw) values ('ff426de9-49d8-431a-bd50-33468f579a7c', 'd0bc0691-1146-4bf4-b62d-6aeab769fdee', 6, 'Single', NULL, FALSE, NULL, NULL, FALSE, 'Pin', 2.5, FALSE);
insert into match_participants (match_id, wrestler_id, result) values ('ff426de9-49d8-431a-bd50-33468f579a7c', '09a1ddc7-5133-4858-b8e1-c89de2eefe3b', 'loser');
insert into match_participants (match_id, wrestler_id, result) values ('ff426de9-49d8-431a-bd50-33468f579a7c', '0655bec3-0c3f-48ed-b466-a98f20841621', 'winner');
insert into matches (id, show_id, match_number, match_type, stipulation, is_title_match, title_id, is_mitb, mitb_cashin, defeat_type, rating, is_draw) values ('f2ca8964-e769-4984-ad4b-92b576988681', 'd0bc0691-1146-4bf4-b62d-6aeab769fdee', 7, 'Single', NULL, FALSE, NULL, NULL, FALSE, 'Pin', 4.5, FALSE);
insert into match_participants (match_id, wrestler_id, result) values ('f2ca8964-e769-4984-ad4b-92b576988681', '60a7e8b3-a4f5-4aae-a668-1742f5c1a5e9', 'winner');
insert into match_participants (match_id, wrestler_id, result) values ('f2ca8964-e769-4984-ad4b-92b576988681', '5909ea1d-6838-40c8-8058-64854406eb27', 'loser');
insert into matches (id, show_id, match_number, match_type, stipulation, is_title_match, title_id, is_mitb, mitb_cashin, defeat_type, rating, is_draw) values ('0e062ec5-b3e4-4381-bfe0-0c79a66c0370', 'd0bc0691-1146-4bf4-b62d-6aeab769fdee', 8, 'Single', NULL, FALSE, NULL, NULL, FALSE, 'Sub', 5.0, FALSE);
insert into match_participants (match_id, wrestler_id, result) values ('0e062ec5-b3e4-4381-bfe0-0c79a66c0370', 'ddf80d05-eb45-483d-a569-f2ae53f07b4b', 'loser');
insert into match_participants (match_id, wrestler_id, result) values ('0e062ec5-b3e4-4381-bfe0-0c79a66c0370', '0072611a-281e-4de5-bf57-fbc9696651ec', 'winner');
insert into matches (id, show_id, match_number, match_type, stipulation, is_title_match, title_id, is_mitb, mitb_cashin, defeat_type, rating, is_draw) values ('03339fbc-7553-4f9a-93e2-b3bc16f2a1b9', 'd0bc0691-1146-4bf4-b62d-6aeab769fdee', 9, 'Single', NULL, FALSE, NULL, NULL, FALSE, 'Pin', 1.0, FALSE);
insert into match_participants (match_id, wrestler_id, result) values ('03339fbc-7553-4f9a-93e2-b3bc16f2a1b9', '9683fa4f-ffaf-4185-938d-e4a435a5aef7', 'winner');
insert into match_participants (match_id, wrestler_id, result) values ('03339fbc-7553-4f9a-93e2-b3bc16f2a1b9', 'db9025f4-91c4-47e8-b3de-e3864852a4c8', 'loser');
insert into shows (id, name, show_date, show_type, ppv_name) values ('a1116bf5-0356-4e1e-8780-530acd503e05', 'DAW 10-17-2025', '2025-10-17', 'weekly', NULL);
insert into matches (id, show_id, match_number, match_type, stipulation, is_title_match, title_id, is_mitb, mitb_cashin, defeat_type, rating, is_draw) values ('9bad60f5-c0f9-44e7-8b42-ae092ca1c4cd', 'a1116bf5-0356-4e1e-8780-530acd503e05', 1, 'Tag Team', NULL, FALSE, NULL, NULL, FALSE, 'Pin', 3.0, FALSE);
insert into match_participants (match_id, wrestler_id, result) values ('9bad60f5-c0f9-44e7-8b42-ae092ca1c4cd', 'db9025f4-91c4-47e8-b3de-e3864852a4c8', 'loser');
insert into match_participants (match_id, team_id, result) values ('9bad60f5-c0f9-44e7-8b42-ae092ca1c4cd', '851cd315-9431-48a4-aa8a-acca45ae40c2', 'winner');
insert into matches (id, show_id, match_number, match_type, stipulation, is_title_match, title_id, is_mitb, mitb_cashin, defeat_type, rating, is_draw) values ('fe64fef1-b93f-4e41-b61a-b11d75bbde59', 'a1116bf5-0356-4e1e-8780-530acd503e05', 2, 'Single', NULL, FALSE, NULL, NULL, FALSE, 'Pin', 4.5, FALSE);
insert into match_participants (match_id, wrestler_id, result) values ('fe64fef1-b93f-4e41-b61a-b11d75bbde59', '5909ea1d-6838-40c8-8058-64854406eb27', 'winner');
insert into match_participants (match_id, wrestler_id, result) values ('fe64fef1-b93f-4e41-b61a-b11d75bbde59', '24041ddc-d965-4815-8c45-c9f97a2ed2c1', 'loser');
insert into matches (id, show_id, match_number, match_type, stipulation, is_title_match, title_id, is_mitb, mitb_cashin, defeat_type, rating, is_draw) values ('7ade34be-ebc4-41d8-9feb-2508006b57ac', 'a1116bf5-0356-4e1e-8780-530acd503e05', 3, 'Single', NULL, FALSE, NULL, NULL, FALSE, 'Pin', 4.0, FALSE);
insert into match_participants (match_id, wrestler_id, result) values ('7ade34be-ebc4-41d8-9feb-2508006b57ac', '004c7b59-d738-4718-a1f0-39aa22e8039d', 'loser');
insert into match_participants (match_id, wrestler_id, result) values ('7ade34be-ebc4-41d8-9feb-2508006b57ac', '09a1ddc7-5133-4858-b8e1-c89de2eefe3b', 'winner');
insert into matches (id, show_id, match_number, match_type, stipulation, is_title_match, title_id, is_mitb, mitb_cashin, defeat_type, rating, is_draw) values ('999a8a99-04dc-4a37-a17d-1745525fe342', 'a1116bf5-0356-4e1e-8780-530acd503e05', 4, 'Single', NULL, FALSE, NULL, NULL, FALSE, 'Pin', 3.5, FALSE);
insert into match_participants (match_id, wrestler_id, result) values ('999a8a99-04dc-4a37-a17d-1745525fe342', 'a4325654-d541-4561-a709-9338864677a9', 'loser');
insert into match_participants (match_id, wrestler_id, result) values ('999a8a99-04dc-4a37-a17d-1745525fe342', '9683fa4f-ffaf-4185-938d-e4a435a5aef7', 'winner');
insert into matches (id, show_id, match_number, match_type, stipulation, is_title_match, title_id, is_mitb, mitb_cashin, defeat_type, rating, is_draw) values ('530ac077-a8b2-4226-81e4-cf52678f902e', 'a1116bf5-0356-4e1e-8780-530acd503e05', 5, 'Single', NULL, FALSE, NULL, NULL, FALSE, 'Pin', 2.0, FALSE);
insert into match_participants (match_id, wrestler_id, result) values ('530ac077-a8b2-4226-81e4-cf52678f902e', 'f53c5be3-c66c-4d29-b281-5c0157203703', 'winner');
insert into match_participants (match_id, wrestler_id, result) values ('530ac077-a8b2-4226-81e4-cf52678f902e', '2c23bf2a-90de-4618-9564-8e0e622857f1', 'loser');
insert into matches (id, show_id, match_number, match_type, stipulation, is_title_match, title_id, is_mitb, mitb_cashin, defeat_type, rating, is_draw) values ('dcad9d2b-7dec-4a4d-94e8-4bd5165b6327', 'a1116bf5-0356-4e1e-8780-530acd503e05', 6, 'Single', NULL, FALSE, NULL, NULL, FALSE, 'Pin', 5.0, FALSE);
insert into match_participants (match_id, wrestler_id, result) values ('dcad9d2b-7dec-4a4d-94e8-4bd5165b6327', 'bc93b973-151b-48ca-8d75-8f6c220a0d31', 'loser');
insert into match_participants (match_id, wrestler_id, result) values ('dcad9d2b-7dec-4a4d-94e8-4bd5165b6327', 'ddf80d05-eb45-483d-a569-f2ae53f07b4b', 'winner');
insert into matches (id, show_id, match_number, match_type, stipulation, is_title_match, title_id, is_mitb, mitb_cashin, defeat_type, rating, is_draw) values ('241bea64-f54a-4bf0-b72e-9640e63bbc46', 'a1116bf5-0356-4e1e-8780-530acd503e05', 7, 'Single', NULL, FALSE, NULL, NULL, FALSE, 'Pin', 3.0, FALSE);
insert into match_participants (match_id, wrestler_id, result) values ('241bea64-f54a-4bf0-b72e-9640e63bbc46', '60a7e8b3-a4f5-4aae-a668-1742f5c1a5e9', 'loser');
insert into match_participants (match_id, wrestler_id, result) values ('241bea64-f54a-4bf0-b72e-9640e63bbc46', 'd0df50f1-fbbb-4298-ab0c-f7e6e122c4c4', 'winner');
insert into matches (id, show_id, match_number, match_type, stipulation, is_title_match, title_id, is_mitb, mitb_cashin, defeat_type, rating, is_draw) values ('5963e176-ca34-4b79-939a-1920e91a8f63', 'a1116bf5-0356-4e1e-8780-530acd503e05', 8, 'Single', NULL, FALSE, NULL, NULL, FALSE, 'Pin', 5.0, FALSE);
insert into match_participants (match_id, wrestler_id, result) values ('5963e176-ca34-4b79-939a-1920e91a8f63', 'ae2ce814-315f-41f0-ab99-eddf09a7d4c5', 'winner');
insert into match_participants (match_id, wrestler_id, result) values ('5963e176-ca34-4b79-939a-1920e91a8f63', '7d9945b2-59a0-4661-8206-198fec52bb2f', 'loser');
insert into matches (id, show_id, match_number, match_type, stipulation, is_title_match, title_id, is_mitb, mitb_cashin, defeat_type, rating, is_draw) values ('edd37afe-2ee8-40c5-a0cd-612e49d43fc8', 'a1116bf5-0356-4e1e-8780-530acd503e05', 9, 'Single', NULL, FALSE, NULL, NULL, FALSE, 'Pin', 3.5, FALSE);
insert into match_participants (match_id, wrestler_id, result) values ('edd37afe-2ee8-40c5-a0cd-612e49d43fc8', '0072611a-281e-4de5-bf57-fbc9696651ec', 'loser');
insert into match_participants (match_id, wrestler_id, result) values ('edd37afe-2ee8-40c5-a0cd-612e49d43fc8', '0d2420e5-4511-44a9-8d66-a70eef1ce8d4', 'winner');
insert into shows (id, name, show_date, show_type, ppv_name) values ('b295e681-c966-4f74-8ca8-88656f596253', 'DAW 10-24-2025', '2025-10-24', 'weekly', NULL);
insert into matches (id, show_id, match_number, match_type, stipulation, is_title_match, title_id, is_mitb, mitb_cashin, defeat_type, rating, is_draw) values ('02dcffac-042e-480c-80ad-223beb4c85ab', 'b295e681-c966-4f74-8ca8-88656f596253', 1, 'Triple Threat', 'Hardcore', FALSE, NULL, NULL, FALSE, 'Pin', 4.0, FALSE);
insert into match_participants (match_id, wrestler_id, result) values ('02dcffac-042e-480c-80ad-223beb4c85ab', '31f8c2ba-a0c4-4352-ae28-1cf68d200216', 'loser');
insert into match_participants (match_id, wrestler_id, result) values ('02dcffac-042e-480c-80ad-223beb4c85ab', 'cce2403e-b550-4727-9b4c-e04012c77f31', 'loser');
insert into match_participants (match_id, wrestler_id, result) values ('02dcffac-042e-480c-80ad-223beb4c85ab', '004c7b59-d738-4718-a1f0-39aa22e8039d', 'winner');
insert into matches (id, show_id, match_number, match_type, stipulation, is_title_match, title_id, is_mitb, mitb_cashin, defeat_type, rating, is_draw) values ('d9409b40-7ef5-492c-80a1-003126b2f5ff', 'b295e681-c966-4f74-8ca8-88656f596253', 2, 'Single', NULL, FALSE, NULL, NULL, FALSE, 'Pin', 5.0, FALSE);
insert into match_participants (match_id, wrestler_id, result) values ('d9409b40-7ef5-492c-80a1-003126b2f5ff', 'ad63b3fd-9de8-4398-a085-7cc8f264589e', 'loser');
insert into match_participants (match_id, wrestler_id, result) values ('d9409b40-7ef5-492c-80a1-003126b2f5ff', '5909ea1d-6838-40c8-8058-64854406eb27', 'winner');
insert into matches (id, show_id, match_number, match_type, stipulation, is_title_match, title_id, is_mitb, mitb_cashin, defeat_type, rating, is_draw) values ('2ea107b9-d424-4bf4-a51b-7927157efced', 'b295e681-c966-4f74-8ca8-88656f596253', 3, 'Tag Team', NULL, FALSE, NULL, NULL, FALSE, 'Pin', 2.0, FALSE);
insert into match_participants (match_id, team_id, result) values ('2ea107b9-d424-4bf4-a51b-7927157efced', 'd812adbb-b4b1-443b-b4a5-ec26000dc1b8', 'loser');
insert into match_participants (match_id, team_id, result) values ('2ea107b9-d424-4bf4-a51b-7927157efced', '851cd315-9431-48a4-aa8a-acca45ae40c2', 'winner');
insert into matches (id, show_id, match_number, match_type, stipulation, is_title_match, title_id, is_mitb, mitb_cashin, defeat_type, rating, is_draw) values ('248fadff-dcfd-4b69-974d-dbcda5f1e904', 'b295e681-c966-4f74-8ca8-88656f596253', 4, 'Single', NULL, FALSE, NULL, NULL, FALSE, 'Pin', 1.0, FALSE);
insert into match_participants (match_id, wrestler_id, result) values ('248fadff-dcfd-4b69-974d-dbcda5f1e904', 'a4325654-d541-4561-a709-9338864677a9', 'loser');
insert into match_participants (match_id, wrestler_id, result) values ('248fadff-dcfd-4b69-974d-dbcda5f1e904', '7d9945b2-59a0-4661-8206-198fec52bb2f', 'winner');
insert into matches (id, show_id, match_number, match_type, stipulation, is_title_match, title_id, is_mitb, mitb_cashin, defeat_type, rating, is_draw) values ('487eb88e-197f-4a59-a649-ba852682fd75', 'b295e681-c966-4f74-8ca8-88656f596253', 5, 'Single', NULL, FALSE, NULL, NULL, FALSE, 'Pin', 3.0, FALSE);
insert into match_participants (match_id, wrestler_id, result) values ('487eb88e-197f-4a59-a649-ba852682fd75', 'd0df50f1-fbbb-4298-ab0c-f7e6e122c4c4', 'loser');
insert into match_participants (match_id, wrestler_id, result) values ('487eb88e-197f-4a59-a649-ba852682fd75', '07687962-07c0-46b6-9541-2d8b60e3c2c1', 'winner');
insert into matches (id, show_id, match_number, match_type, stipulation, is_title_match, title_id, is_mitb, mitb_cashin, defeat_type, rating, is_draw) values ('09739089-410e-4d71-ad19-d83fefeb04c5', 'b295e681-c966-4f74-8ca8-88656f596253', 6, 'Single', NULL, FALSE, NULL, NULL, FALSE, 'Pin', 3.5, FALSE);
insert into match_participants (match_id, wrestler_id, result) values ('09739089-410e-4d71-ad19-d83fefeb04c5', '60c99dea-a118-4839-99eb-5de3ca41d5d4', 'loser');
insert into match_participants (match_id, wrestler_id, result) values ('09739089-410e-4d71-ad19-d83fefeb04c5', 'ddf80d05-eb45-483d-a569-f2ae53f07b4b', 'winner');
insert into matches (id, show_id, match_number, match_type, stipulation, is_title_match, title_id, is_mitb, mitb_cashin, defeat_type, rating, is_draw) values ('1fad1261-7b7c-4ffa-8a27-ff35c8496c88', 'b295e681-c966-4f74-8ca8-88656f596253', 7, 'Single', NULL, FALSE, NULL, NULL, FALSE, 'Pin', 3.5, FALSE);
insert into match_participants (match_id, wrestler_id, result) values ('1fad1261-7b7c-4ffa-8a27-ff35c8496c88', 'f53c5be3-c66c-4d29-b281-5c0157203703', 'loser');
insert into match_participants (match_id, wrestler_id, result) values ('1fad1261-7b7c-4ffa-8a27-ff35c8496c88', '24041ddc-d965-4815-8c45-c9f97a2ed2c1', 'winner');
insert into matches (id, show_id, match_number, match_type, stipulation, is_title_match, title_id, is_mitb, mitb_cashin, defeat_type, rating, is_draw) values ('d2454d4e-55ec-4ed2-81c9-1f75135bcfbc', 'b295e681-c966-4f74-8ca8-88656f596253', 8, 'Single', NULL, FALSE, NULL, NULL, FALSE, 'Pin', 4.5, FALSE);
insert into match_participants (match_id, wrestler_id, result) values ('d2454d4e-55ec-4ed2-81c9-1f75135bcfbc', '09a1ddc7-5133-4858-b8e1-c89de2eefe3b', 'loser');
insert into match_participants (match_id, wrestler_id, result) values ('d2454d4e-55ec-4ed2-81c9-1f75135bcfbc', 'db9025f4-91c4-47e8-b3de-e3864852a4c8', 'winner');
insert into matches (id, show_id, match_number, match_type, stipulation, is_title_match, title_id, is_mitb, mitb_cashin, defeat_type, rating, is_draw) values ('793acb88-9367-4403-aaa1-295643cd0767', 'b295e681-c966-4f74-8ca8-88656f596253', 9, 'Single', NULL, FALSE, NULL, NULL, FALSE, 'Pin', 3.5, FALSE);
insert into shows (id, name, show_date, show_type, ppv_name) values ('0c4cedb0-ef10-448e-8256-001fade30b9f', 'DAW 10-31-2025', '2025-10-31', 'weekly', NULL);
insert into matches (id, show_id, match_number, match_type, stipulation, is_title_match, title_id, is_mitb, mitb_cashin, defeat_type, rating, is_draw) values ('a00ff04c-ce59-460a-9d8f-da9e7d32187b', '0c4cedb0-ef10-448e-8256-001fade30b9f', 1, 'Tag Team', NULL, TRUE, '5875de09-f760-4981-b327-18fdcfd6b58e', FALSE, FALSE, 'Pin', 4.0, FALSE);
insert into match_participants (match_id, team_id, result) values ('a00ff04c-ce59-460a-9d8f-da9e7d32187b', '7cd24b3e-6a73-4364-83ce-5900b67ce0e4', 'winner');
insert into match_participants (match_id, team_id, result) values ('a00ff04c-ce59-460a-9d8f-da9e7d32187b', '851cd315-9431-48a4-aa8a-acca45ae40c2', 'loser');
insert into matches (id, show_id, match_number, match_type, stipulation, is_title_match, title_id, is_mitb, mitb_cashin, defeat_type, rating, is_draw) values ('94447612-fe32-41bf-99a6-cc5cbb8f1a2e', '0c4cedb0-ef10-448e-8256-001fade30b9f', 2, 'Single', 'Hardcore', TRUE, 'f87d2a11-2153-454c-a574-5d749d0741ac', FALSE, FALSE, 'Sub', 5.0, FALSE);
insert into match_participants (match_id, wrestler_id, result) values ('94447612-fe32-41bf-99a6-cc5cbb8f1a2e', '004c7b59-d738-4718-a1f0-39aa22e8039d', 'loser');
insert into matches (id, show_id, match_number, match_type, stipulation, is_title_match, title_id, is_mitb, mitb_cashin, defeat_type, rating, is_draw) values ('2640e77e-58ed-4b36-b513-2070f87cd9cb', '0c4cedb0-ef10-448e-8256-001fade30b9f', 3, 'Single', NULL, TRUE, '5d3e065c-43d1-41ee-8d24-e876f1e2b2a1', FALSE, FALSE, 'Pin', 4.0, FALSE);
insert into match_participants (match_id, wrestler_id, result) values ('2640e77e-58ed-4b36-b513-2070f87cd9cb', 'ddf80d05-eb45-483d-a569-f2ae53f07b4b', 'loser');
insert into match_participants (match_id, wrestler_id, result) values ('2640e77e-58ed-4b36-b513-2070f87cd9cb', '0d2420e5-4511-44a9-8d66-a70eef1ce8d4', 'winner');
insert into matches (id, show_id, match_number, match_type, stipulation, is_title_match, title_id, is_mitb, mitb_cashin, defeat_type, rating, is_draw) values ('b9084adf-c6db-4ef0-8872-938e9a7dbbf0', '0c4cedb0-ef10-448e-8256-001fade30b9f', 4, 'Single', 'Ladder', FALSE, NULL, NULL, FALSE, 'Pin', 3.0, FALSE);
insert into match_participants (match_id, wrestler_id, result) values ('b9084adf-c6db-4ef0-8872-938e9a7dbbf0', 'ad63b3fd-9de8-4398-a085-7cc8f264589e', 'winner');
insert into match_participants (match_id, wrestler_id, result) values ('b9084adf-c6db-4ef0-8872-938e9a7dbbf0', '5909ea1d-6838-40c8-8058-64854406eb27', 'loser');
insert into matches (id, show_id, match_number, match_type, stipulation, is_title_match, title_id, is_mitb, mitb_cashin, defeat_type, rating, is_draw) values ('e9a272ff-3747-495e-aca3-e456637286c9', '0c4cedb0-ef10-448e-8256-001fade30b9f', 5, 'Tag Team', NULL, FALSE, NULL, NULL, FALSE, 'Pin', 4.0, FALSE);
insert into matches (id, show_id, match_number, match_type, stipulation, is_title_match, title_id, is_mitb, mitb_cashin, defeat_type, rating, is_draw) values ('bc9135c4-a2af-41b9-b913-2cad54500967', '0c4cedb0-ef10-448e-8256-001fade30b9f', 6, 'Single', NULL, TRUE, 'd622c9f7-3d8e-4737-bf0e-ed99b1dd9919', FALSE, FALSE, 'Pin', 0.5, FALSE);
insert into match_participants (match_id, wrestler_id, result) values ('bc9135c4-a2af-41b9-b913-2cad54500967', '7ca7fd7b-2526-41ea-b143-cdd82f404014', 'loser');
insert into match_participants (match_id, wrestler_id, result) values ('bc9135c4-a2af-41b9-b913-2cad54500967', '24041ddc-d965-4815-8c45-c9f97a2ed2c1', 'winner');
insert into matches (id, show_id, match_number, match_type, stipulation, is_title_match, title_id, is_mitb, mitb_cashin, defeat_type, rating, is_draw) values ('65c87f3f-6f22-4f17-bb43-fbd11fbeb3c5', '0c4cedb0-ef10-448e-8256-001fade30b9f', 7, 'Single', 'Casket', TRUE, '5db4cd6b-6ebe-4a87-b7bb-017af3856766', FALSE, FALSE, 'Pin', 5.0, FALSE);
insert into match_participants (match_id, wrestler_id, result) values ('65c87f3f-6f22-4f17-bb43-fbd11fbeb3c5', '6a3c5c70-fbb7-4a85-8940-df64e251eca3', 'winner');
insert into match_participants (match_id, wrestler_id, result) values ('65c87f3f-6f22-4f17-bb43-fbd11fbeb3c5', 'a4325654-d541-4561-a709-9338864677a9', 'loser');
insert into matches (id, show_id, match_number, match_type, stipulation, is_title_match, title_id, is_mitb, mitb_cashin, defeat_type, rating, is_draw) values ('4801fa22-75c5-4ebe-80a6-cae83d943a02', '0c4cedb0-ef10-448e-8256-001fade30b9f', 8, 'Single', NULL, TRUE, 'f3ec52c9-649b-48cb-aa37-da278fbd72df', FALSE, FALSE, 'Pin', 4.0, FALSE);
insert into match_participants (match_id, wrestler_id, result) values ('4801fa22-75c5-4ebe-80a6-cae83d943a02', 'f53c5be3-c66c-4d29-b281-5c0157203703', 'loser');
insert into match_participants (match_id, wrestler_id, result) values ('4801fa22-75c5-4ebe-80a6-cae83d943a02', '0072611a-281e-4de5-bf57-fbc9696651ec', 'winner');
insert into matches (id, show_id, match_number, match_type, stipulation, is_title_match, title_id, is_mitb, mitb_cashin, defeat_type, rating, is_draw) values ('4631bd26-7399-4005-b53e-e5cd50e74048', '0c4cedb0-ef10-448e-8256-001fade30b9f', 9, 'Single', NULL, TRUE, '02b0c038-accb-495b-8d6a-8891a7b51554', FALSE, FALSE, 'Pin', 3.5, FALSE);
insert into match_participants (match_id, wrestler_id, result) values ('4631bd26-7399-4005-b53e-e5cd50e74048', '9683fa4f-ffaf-4185-938d-e4a435a5aef7', 'loser');
insert into match_participants (match_id, wrestler_id, result) values ('4631bd26-7399-4005-b53e-e5cd50e74048', 'db9025f4-91c4-47e8-b3de-e3864852a4c8', 'winner');
insert into matches (id, show_id, match_number, match_type, stipulation, is_title_match, title_id, is_mitb, mitb_cashin, defeat_type, rating, is_draw) values ('97dc9d9e-894e-4ece-9566-82aebeda5780', '0c4cedb0-ef10-448e-8256-001fade30b9f', 10, 'Single', 'Hardcore', FALSE, NULL, NULL, FALSE, 'Pin', 3.5, FALSE);
insert into match_participants (match_id, wrestler_id, result) values ('97dc9d9e-894e-4ece-9566-82aebeda5780', '1fdbaeea-4dc7-41ff-9ce9-394d33e1ace4', 'loser');
insert into match_participants (match_id, wrestler_id, result) values ('97dc9d9e-894e-4ece-9566-82aebeda5780', '09a1ddc7-5133-4858-b8e1-c89de2eefe3b', 'winner');
insert into matches (id, show_id, match_number, match_type, stipulation, is_title_match, title_id, is_mitb, mitb_cashin, defeat_type, rating, is_draw) values ('3bcfbe2e-b04a-471c-b432-de8760455bb4', '0c4cedb0-ef10-448e-8256-001fade30b9f', 11, 'Tornado Tag Team', 'Extreme Rules', FALSE, NULL, NULL, FALSE, 'Pin', 3.0, FALSE);
insert into shows (id, name, show_date, show_type, ppv_name) values ('f714c056-f485-4c8c-aa75-a818d3d6dcb4', 'DAW 11-07-2025', '2025-11-07', 'weekly', NULL);
insert into matches (id, show_id, match_number, match_type, stipulation, is_title_match, title_id, is_mitb, mitb_cashin, defeat_type, rating, is_draw) values ('2a11da74-5c14-4d16-9a0a-92f0dcf6a7fe', 'f714c056-f485-4c8c-aa75-a818d3d6dcb4', 1, 'Tag Team', NULL, FALSE, NULL, NULL, FALSE, 'Pin', 3.0, FALSE);
insert into match_participants (match_id, team_id, result) values ('2a11da74-5c14-4d16-9a0a-92f0dcf6a7fe', 'd812adbb-b4b1-443b-b4a5-ec26000dc1b8', 'loser');
insert into match_participants (match_id, team_id, result) values ('2a11da74-5c14-4d16-9a0a-92f0dcf6a7fe', '7cd24b3e-6a73-4364-83ce-5900b67ce0e4', 'winner');
insert into matches (id, show_id, match_number, match_type, stipulation, is_title_match, title_id, is_mitb, mitb_cashin, defeat_type, rating, is_draw) values ('1a15dda2-0579-45b6-a334-c9a63a1625f0', 'f714c056-f485-4c8c-aa75-a818d3d6dcb4', 2, 'Single', NULL, FALSE, NULL, NULL, FALSE, 'Pin', 4.0, FALSE);
insert into match_participants (match_id, wrestler_id, result) values ('1a15dda2-0579-45b6-a334-c9a63a1625f0', '0655bec3-0c3f-48ed-b466-a98f20841621', 'loser');
insert into match_participants (match_id, wrestler_id, result) values ('1a15dda2-0579-45b6-a334-c9a63a1625f0', 'bc93b973-151b-48ca-8d75-8f6c220a0d31', 'winner');
insert into matches (id, show_id, match_number, match_type, stipulation, is_title_match, title_id, is_mitb, mitb_cashin, defeat_type, rating, is_draw) values ('d555b4c4-26a7-48bf-a081-35eca8030701', 'f714c056-f485-4c8c-aa75-a818d3d6dcb4', 3, 'Single', 'Hardcore', TRUE, 'f87d2a11-2153-454c-a574-5d749d0741ac', FALSE, FALSE, 'Pin', 4.5, FALSE);
insert into match_participants (match_id, wrestler_id, result) values ('d555b4c4-26a7-48bf-a081-35eca8030701', '7d9945b2-59a0-4661-8206-198fec52bb2f', 'loser');
insert into matches (id, show_id, match_number, match_type, stipulation, is_title_match, title_id, is_mitb, mitb_cashin, defeat_type, rating, is_draw) values ('8886e2e3-63d4-4811-b5ed-35b3b6af7fbe', 'f714c056-f485-4c8c-aa75-a818d3d6dcb4', 4, 'Single', NULL, FALSE, NULL, NULL, FALSE, 'Pin', 4.5, FALSE);
insert into match_participants (match_id, wrestler_id, result) values ('8886e2e3-63d4-4811-b5ed-35b3b6af7fbe', 'b2d0cb4c-4471-49a3-b524-544ce1bd95a1', 'loser');
insert into match_participants (match_id, wrestler_id, result) values ('8886e2e3-63d4-4811-b5ed-35b3b6af7fbe', '6a3c5c70-fbb7-4a85-8940-df64e251eca3', 'winner');
insert into matches (id, show_id, match_number, match_type, stipulation, is_title_match, title_id, is_mitb, mitb_cashin, defeat_type, rating, is_draw) values ('dbe59763-10a0-40a5-a908-9411fcf0f787', 'f714c056-f485-4c8c-aa75-a818d3d6dcb4', 5, 'Single', NULL, FALSE, NULL, NULL, FALSE, 'Pin', 3.0, FALSE);
insert into match_participants (match_id, wrestler_id, result) values ('dbe59763-10a0-40a5-a908-9411fcf0f787', 'd0df50f1-fbbb-4298-ab0c-f7e6e122c4c4', 'winner');
insert into match_participants (match_id, wrestler_id, result) values ('dbe59763-10a0-40a5-a908-9411fcf0f787', '24041ddc-d965-4815-8c45-c9f97a2ed2c1', 'loser');
insert into matches (id, show_id, match_number, match_type, stipulation, is_title_match, title_id, is_mitb, mitb_cashin, defeat_type, rating, is_draw) values ('16d7b6dd-46ce-4163-877f-8f6018dc92b1', 'f714c056-f485-4c8c-aa75-a818d3d6dcb4', 6, 'Single', NULL, FALSE, NULL, NULL, FALSE, 'Pin', 3.5, FALSE);
insert into match_participants (match_id, wrestler_id, result) values ('16d7b6dd-46ce-4163-877f-8f6018dc92b1', 'f53c5be3-c66c-4d29-b281-5c0157203703', 'loser');
insert into match_participants (match_id, wrestler_id, result) values ('16d7b6dd-46ce-4163-877f-8f6018dc92b1', '0d2420e5-4511-44a9-8d66-a70eef1ce8d4', 'winner');
insert into matches (id, show_id, match_number, match_type, stipulation, is_title_match, title_id, is_mitb, mitb_cashin, defeat_type, rating, is_draw) values ('bcec34d5-6c23-47dd-80ca-fc280cd60863', 'f714c056-f485-4c8c-aa75-a818d3d6dcb4', 7, 'Single', NULL, FALSE, NULL, NULL, FALSE, 'Pin', 3.5, FALSE);
insert into match_participants (match_id, wrestler_id, result) values ('bcec34d5-6c23-47dd-80ca-fc280cd60863', 'ddf80d05-eb45-483d-a569-f2ae53f07b4b', 'winner');
insert into match_participants (match_id, wrestler_id, result) values ('bcec34d5-6c23-47dd-80ca-fc280cd60863', '31f8c2ba-a0c4-4352-ae28-1cf68d200216', 'loser');
insert into matches (id, show_id, match_number, match_type, stipulation, is_title_match, title_id, is_mitb, mitb_cashin, defeat_type, rating, is_draw) values ('af69e89f-e508-4a4a-8fa3-e672ac78eaff', 'f714c056-f485-4c8c-aa75-a818d3d6dcb4', 8, 'Single', NULL, FALSE, NULL, NULL, FALSE, 'Pin', 4.0, FALSE);
insert into match_participants (match_id, wrestler_id, result) values ('af69e89f-e508-4a4a-8fa3-e672ac78eaff', '2c23bf2a-90de-4618-9564-8e0e622857f1', 'winner');
insert into match_participants (match_id, wrestler_id, result) values ('af69e89f-e508-4a4a-8fa3-e672ac78eaff', '0072611a-281e-4de5-bf57-fbc9696651ec', 'loser');
insert into matches (id, show_id, match_number, match_type, stipulation, is_title_match, title_id, is_mitb, mitb_cashin, defeat_type, rating, is_draw) values ('571cfdbf-9387-4409-b8cf-0982a6eca4e9', 'f714c056-f485-4c8c-aa75-a818d3d6dcb4', 9, 'Single', NULL, FALSE, NULL, NULL, FALSE, 'Pin', 4.0, FALSE);
insert into match_participants (match_id, wrestler_id, result) values ('571cfdbf-9387-4409-b8cf-0982a6eca4e9', '09a1ddc7-5133-4858-b8e1-c89de2eefe3b', 'winner');
insert into shows (id, name, show_date, show_type, ppv_name) values ('94651f76-3d9d-4948-a0c9-5701c180dafa', 'DAW 11-14-2025', '2025-11-14', 'weekly', NULL);
insert into matches (id, show_id, match_number, match_type, stipulation, is_title_match, title_id, is_mitb, mitb_cashin, defeat_type, rating, is_draw) values ('d2a3ffbb-5008-4cd5-a45c-eff435e55879', '94651f76-3d9d-4948-a0c9-5701c180dafa', 1, 'Tag Team', NULL, FALSE, NULL, NULL, FALSE, 'Pin', 4.0, FALSE);
insert into match_participants (match_id, team_id, result) values ('d2a3ffbb-5008-4cd5-a45c-eff435e55879', '7cd24b3e-6a73-4364-83ce-5900b67ce0e4', 'loser');
insert into matches (id, show_id, match_number, match_type, stipulation, is_title_match, title_id, is_mitb, mitb_cashin, defeat_type, rating, is_draw) values ('a291cf10-052c-46c4-8785-531d4d07f6a4', '94651f76-3d9d-4948-a0c9-5701c180dafa', 2, 'Single', NULL, FALSE, NULL, NULL, FALSE, 'Pin', 3.5, FALSE);
insert into match_participants (match_id, wrestler_id, result) values ('a291cf10-052c-46c4-8785-531d4d07f6a4', 'ae2ce814-315f-41f0-ab99-eddf09a7d4c5', 'winner');
insert into match_participants (match_id, wrestler_id, result) values ('a291cf10-052c-46c4-8785-531d4d07f6a4', 'ad63b3fd-9de8-4398-a085-7cc8f264589e', 'loser');
insert into matches (id, show_id, match_number, match_type, stipulation, is_title_match, title_id, is_mitb, mitb_cashin, defeat_type, rating, is_draw) values ('b54892e8-b509-428e-ac22-6363fa8b2174', '94651f76-3d9d-4948-a0c9-5701c180dafa', 3, 'Single', NULL, TRUE, 'f87d2a11-2153-454c-a574-5d749d0741ac', FALSE, FALSE, 'Pin', 3.5, FALSE);
insert into match_participants (match_id, wrestler_id, result) values ('b54892e8-b509-428e-ac22-6363fa8b2174', 'd0df50f1-fbbb-4298-ab0c-f7e6e122c4c4', 'winner');
insert into matches (id, show_id, match_number, match_type, stipulation, is_title_match, title_id, is_mitb, mitb_cashin, defeat_type, rating, is_draw) values ('dc042e07-b34e-4ebe-b5aa-788d13c3a96a', '94651f76-3d9d-4948-a0c9-5701c180dafa', 4, 'Single', NULL, FALSE, NULL, NULL, FALSE, 'Pin', 3.5, FALSE);
insert into match_participants (match_id, wrestler_id, result) values ('dc042e07-b34e-4ebe-b5aa-788d13c3a96a', 'f53c5be3-c66c-4d29-b281-5c0157203703', 'winner');
insert into match_participants (match_id, wrestler_id, result) values ('dc042e07-b34e-4ebe-b5aa-788d13c3a96a', '0655bec3-0c3f-48ed-b466-a98f20841621', 'loser');
insert into matches (id, show_id, match_number, match_type, stipulation, is_title_match, title_id, is_mitb, mitb_cashin, defeat_type, rating, is_draw) values ('14c85e3d-5ccf-49bd-86f0-66fb5f9fcaae', '94651f76-3d9d-4948-a0c9-5701c180dafa', 5, 'Fatal 4-Way', NULL, FALSE, NULL, NULL, FALSE, 'Pin', 4.0, FALSE);
insert into match_participants (match_id, wrestler_id, result) values ('14c85e3d-5ccf-49bd-86f0-66fb5f9fcaae', '07687962-07c0-46b6-9541-2d8b60e3c2c1', 'loser');
insert into match_participants (match_id, wrestler_id, result) values ('14c85e3d-5ccf-49bd-86f0-66fb5f9fcaae', '7d9945b2-59a0-4661-8206-198fec52bb2f', 'loser');
insert into match_participants (match_id, wrestler_id, result) values ('14c85e3d-5ccf-49bd-86f0-66fb5f9fcaae', '004c7b59-d738-4718-a1f0-39aa22e8039d', 'loser');
insert into match_participants (match_id, wrestler_id, result) values ('14c85e3d-5ccf-49bd-86f0-66fb5f9fcaae', '5909ea1d-6838-40c8-8058-64854406eb27', 'winner');
insert into matches (id, show_id, match_number, match_type, stipulation, is_title_match, title_id, is_mitb, mitb_cashin, defeat_type, rating, is_draw) values ('59b74f6b-2fc7-401b-b79a-d560c9c3fbc3', '94651f76-3d9d-4948-a0c9-5701c180dafa', 6, 'Single', NULL, FALSE, NULL, NULL, FALSE, 'Pin', 4.0, FALSE);
insert into match_participants (match_id, wrestler_id, result) values ('59b74f6b-2fc7-401b-b79a-d560c9c3fbc3', 'bc93b973-151b-48ca-8d75-8f6c220a0d31', 'loser');
insert into match_participants (match_id, wrestler_id, result) values ('59b74f6b-2fc7-401b-b79a-d560c9c3fbc3', '0d2420e5-4511-44a9-8d66-a70eef1ce8d4', 'winner');
insert into matches (id, show_id, match_number, match_type, stipulation, is_title_match, title_id, is_mitb, mitb_cashin, defeat_type, rating, is_draw) values ('e70972ce-28b3-4598-86c7-69279a9c0eb7', '94651f76-3d9d-4948-a0c9-5701c180dafa', 7, 'Single', NULL, FALSE, NULL, NULL, FALSE, 'Pin', 3.5, FALSE);
insert into match_participants (match_id, wrestler_id, result) values ('e70972ce-28b3-4598-86c7-69279a9c0eb7', 'b2d0cb4c-4471-49a3-b524-544ce1bd95a1', 'winner');
insert into match_participants (match_id, wrestler_id, result) values ('e70972ce-28b3-4598-86c7-69279a9c0eb7', '24041ddc-d965-4815-8c45-c9f97a2ed2c1', 'loser');
insert into matches (id, show_id, match_number, match_type, stipulation, is_title_match, title_id, is_mitb, mitb_cashin, defeat_type, rating, is_draw) values ('63acb48d-6226-483c-b6ef-9565955d08ea', '94651f76-3d9d-4948-a0c9-5701c180dafa', 8, 'Single', NULL, FALSE, NULL, NULL, FALSE, 'Pin', 4.0, FALSE);
insert into match_participants (match_id, wrestler_id, result) values ('63acb48d-6226-483c-b6ef-9565955d08ea', 'ddf80d05-eb45-483d-a569-f2ae53f07b4b', 'winner');
insert into match_participants (match_id, wrestler_id, result) values ('63acb48d-6226-483c-b6ef-9565955d08ea', '0072611a-281e-4de5-bf57-fbc9696651ec', 'loser');
insert into matches (id, show_id, match_number, match_type, stipulation, is_title_match, title_id, is_mitb, mitb_cashin, defeat_type, rating, is_draw) values ('a6a0d01c-ac9b-4a20-b4fb-3f46bc29c181', '94651f76-3d9d-4948-a0c9-5701c180dafa', 9, 'Single', NULL, FALSE, NULL, NULL, FALSE, 'Pin', 3.5, FALSE);
insert into match_participants (match_id, wrestler_id, result) values ('a6a0d01c-ac9b-4a20-b4fb-3f46bc29c181', '09a1ddc7-5133-4858-b8e1-c89de2eefe3b', 'loser');
insert into match_participants (match_id, wrestler_id, result) values ('a6a0d01c-ac9b-4a20-b4fb-3f46bc29c181', 'db9025f4-91c4-47e8-b3de-e3864852a4c8', 'winner');
insert into shows (id, name, show_date, show_type, ppv_name) values ('7268f0b3-d554-4e05-baaa-84d90e97692e', 'DAW 11-21-2025', '2025-11-21', 'weekly', NULL);
insert into matches (id, show_id, match_number, match_type, stipulation, is_title_match, title_id, is_mitb, mitb_cashin, defeat_type, rating, is_draw) values ('4ccb3a47-0a4d-4362-b48f-3e399c4735f1', '7268f0b3-d554-4e05-baaa-84d90e97692e', 1, 'Tag Team', NULL, FALSE, NULL, NULL, FALSE, 'Pin', 1.5, FALSE);
insert into match_participants (match_id, team_id, result) values ('4ccb3a47-0a4d-4362-b48f-3e399c4735f1', '7cd24b3e-6a73-4364-83ce-5900b67ce0e4', 'loser');
insert into matches (id, show_id, match_number, match_type, stipulation, is_title_match, title_id, is_mitb, mitb_cashin, defeat_type, rating, is_draw) values ('9614b6c3-ad16-40df-898f-d2fe5d5be190', '7268f0b3-d554-4e05-baaa-84d90e97692e', 2, 'Single', NULL, FALSE, NULL, NULL, FALSE, 'Pin', 2.5, FALSE);
insert into match_participants (match_id, wrestler_id, result) values ('9614b6c3-ad16-40df-898f-d2fe5d5be190', '004c7b59-d738-4718-a1f0-39aa22e8039d', 'winner');
insert into match_participants (match_id, wrestler_id, result) values ('9614b6c3-ad16-40df-898f-d2fe5d5be190', '31f8c2ba-a0c4-4352-ae28-1cf68d200216', 'loser');
insert into matches (id, show_id, match_number, match_type, stipulation, is_title_match, title_id, is_mitb, mitb_cashin, defeat_type, rating, is_draw) values ('e85c84e0-5405-4fdf-9ffe-c30b9eab6cb9', '7268f0b3-d554-4e05-baaa-84d90e97692e', 3, 'Single', NULL, FALSE, NULL, NULL, FALSE, 'Pin', 5.0, FALSE);
insert into match_participants (match_id, wrestler_id, result) values ('e85c84e0-5405-4fdf-9ffe-c30b9eab6cb9', '9683fa4f-ffaf-4185-938d-e4a435a5aef7', 'winner');
insert into match_participants (match_id, wrestler_id, result) values ('e85c84e0-5405-4fdf-9ffe-c30b9eab6cb9', 'd0df50f1-fbbb-4298-ab0c-f7e6e122c4c4', 'loser');
insert into matches (id, show_id, match_number, match_type, stipulation, is_title_match, title_id, is_mitb, mitb_cashin, defeat_type, rating, is_draw) values ('9c4087c3-4a0d-4683-b771-7f6cdc6e39e5', '7268f0b3-d554-4e05-baaa-84d90e97692e', 4, 'Single', NULL, FALSE, NULL, NULL, FALSE, 'Pin', 2.5, FALSE);
insert into match_participants (match_id, wrestler_id, result) values ('9c4087c3-4a0d-4683-b771-7f6cdc6e39e5', 'cce2403e-b550-4727-9b4c-e04012c77f31', 'winner');
insert into match_participants (match_id, wrestler_id, result) values ('9c4087c3-4a0d-4683-b771-7f6cdc6e39e5', '6a3c5c70-fbb7-4a85-8940-df64e251eca3', 'loser');
insert into matches (id, show_id, match_number, match_type, stipulation, is_title_match, title_id, is_mitb, mitb_cashin, defeat_type, rating, is_draw) values ('b1436f43-7433-48ef-9ed3-ff65ff391b1d', '7268f0b3-d554-4e05-baaa-84d90e97692e', 5, 'Fatal 4-Way', NULL, FALSE, NULL, NULL, FALSE, 'Pin', 4.0, FALSE);
insert into match_participants (match_id, wrestler_id, result) values ('b1436f43-7433-48ef-9ed3-ff65ff391b1d', '60c99dea-a118-4839-99eb-5de3ca41d5d4', 'winner');
insert into match_participants (match_id, wrestler_id, result) values ('b1436f43-7433-48ef-9ed3-ff65ff391b1d', 'f53c5be3-c66c-4d29-b281-5c0157203703', 'loser');
insert into match_participants (match_id, wrestler_id, result) values ('b1436f43-7433-48ef-9ed3-ff65ff391b1d', 'bc93b973-151b-48ca-8d75-8f6c220a0d31', 'loser');
insert into match_participants (match_id, wrestler_id, result) values ('b1436f43-7433-48ef-9ed3-ff65ff391b1d', '7e31c302-05ee-4325-989f-aefa74f76445', 'loser');
insert into matches (id, show_id, match_number, match_type, stipulation, is_title_match, title_id, is_mitb, mitb_cashin, defeat_type, rating, is_draw) values ('0fa5a7e2-e6be-4247-a2ac-92d90a9064e2', '7268f0b3-d554-4e05-baaa-84d90e97692e', 6, 'Single', NULL, FALSE, NULL, NULL, FALSE, 'Pin', 3.0, FALSE);
insert into match_participants (match_id, wrestler_id, result) values ('0fa5a7e2-e6be-4247-a2ac-92d90a9064e2', '07687962-07c0-46b6-9541-2d8b60e3c2c1', 'loser');
insert into match_participants (match_id, wrestler_id, result) values ('0fa5a7e2-e6be-4247-a2ac-92d90a9064e2', '24041ddc-d965-4815-8c45-c9f97a2ed2c1', 'winner');
insert into matches (id, show_id, match_number, match_type, stipulation, is_title_match, title_id, is_mitb, mitb_cashin, defeat_type, rating, is_draw) values ('a6aeba17-8e44-43f2-a75b-9952789bf34f', '7268f0b3-d554-4e05-baaa-84d90e97692e', 7, 'Single', NULL, FALSE, NULL, NULL, FALSE, 'Pin', 2.0, FALSE);
insert into match_participants (match_id, wrestler_id, result) values ('a6aeba17-8e44-43f2-a75b-9952789bf34f', '7d9945b2-59a0-4661-8206-198fec52bb2f', 'loser');
insert into match_participants (match_id, wrestler_id, result) values ('a6aeba17-8e44-43f2-a75b-9952789bf34f', 'fce02e68-03a4-4670-a5d4-a6790f4f92a1', 'winner');
insert into matches (id, show_id, match_number, match_type, stipulation, is_title_match, title_id, is_mitb, mitb_cashin, defeat_type, rating, is_draw) values ('47491fbd-cdde-4cdc-b3a7-283e3b684aea', '7268f0b3-d554-4e05-baaa-84d90e97692e', 8, 'Single', NULL, FALSE, NULL, NULL, FALSE, 'Pin', 3.5, FALSE);
insert into match_participants (match_id, wrestler_id, result) values ('47491fbd-cdde-4cdc-b3a7-283e3b684aea', '0655bec3-0c3f-48ed-b466-a98f20841621', 'loser');
insert into match_participants (match_id, wrestler_id, result) values ('47491fbd-cdde-4cdc-b3a7-283e3b684aea', '0d2420e5-4511-44a9-8d66-a70eef1ce8d4', 'winner');
insert into matches (id, show_id, match_number, match_type, stipulation, is_title_match, title_id, is_mitb, mitb_cashin, defeat_type, rating, is_draw) values ('1413e438-d8a5-4ba6-977d-8d057eddab7c', '7268f0b3-d554-4e05-baaa-84d90e97692e', 9, 'Triple Threat', NULL, FALSE, NULL, NULL, FALSE, 'Pin', 3.5, FALSE);
insert into match_participants (match_id, wrestler_id, result) values ('1413e438-d8a5-4ba6-977d-8d057eddab7c', 'ddf80d05-eb45-483d-a569-f2ae53f07b4b', 'winner');
insert into match_participants (match_id, wrestler_id, result) values ('1413e438-d8a5-4ba6-977d-8d057eddab7c', '0072611a-281e-4de5-bf57-fbc9696651ec', 'loser');
insert into shows (id, name, show_date, show_type, ppv_name) values ('9ef2225f-0e24-400f-b1e8-612133cf3543', 'DAW 11-28-2025', '2025-11-28', 'weekly', NULL);
insert into matches (id, show_id, match_number, match_type, stipulation, is_title_match, title_id, is_mitb, mitb_cashin, defeat_type, rating, is_draw) values ('dc995a92-8015-4b98-9684-3529f871e081', '9ef2225f-0e24-400f-b1e8-612133cf3543', 1, 'Tornado Tag Team', 'Table', FALSE, NULL, NULL, FALSE, 'Pin', 5.0, FALSE);
insert into match_participants (match_id, team_id, result) values ('dc995a92-8015-4b98-9684-3529f871e081', 'd812adbb-b4b1-443b-b4a5-ec26000dc1b8', 'loser');
insert into matches (id, show_id, match_number, match_type, stipulation, is_title_match, title_id, is_mitb, mitb_cashin, defeat_type, rating, is_draw) values ('aff8da3a-3eb4-466b-b5b2-ed59c13a6377', '9ef2225f-0e24-400f-b1e8-612133cf3543', 2, 'Single', NULL, FALSE, NULL, NULL, FALSE, 'Pin', 4.5, FALSE);
insert into match_participants (match_id, wrestler_id, result) values ('aff8da3a-3eb4-466b-b5b2-ed59c13a6377', '7d9945b2-59a0-4661-8206-198fec52bb2f', 'loser');
insert into match_participants (match_id, wrestler_id, result) values ('aff8da3a-3eb4-466b-b5b2-ed59c13a6377', 'a4325654-d541-4561-a709-9338864677a9', 'winner');
insert into matches (id, show_id, match_number, match_type, stipulation, is_title_match, title_id, is_mitb, mitb_cashin, defeat_type, rating, is_draw) values ('1bff2632-5d37-4fbf-a789-4ce3bd2ea001', '9ef2225f-0e24-400f-b1e8-612133cf3543', 3, 'Single', NULL, FALSE, NULL, NULL, FALSE, 'Pin', 3.5, FALSE);
insert into match_participants (match_id, wrestler_id, result) values ('1bff2632-5d37-4fbf-a789-4ce3bd2ea001', 'cce2403e-b550-4727-9b4c-e04012c77f31', 'loser');
insert into match_participants (match_id, wrestler_id, result) values ('1bff2632-5d37-4fbf-a789-4ce3bd2ea001', 'ad63b3fd-9de8-4398-a085-7cc8f264589e', 'winner');
insert into matches (id, show_id, match_number, match_type, stipulation, is_title_match, title_id, is_mitb, mitb_cashin, defeat_type, rating, is_draw) values ('8fc9076b-9792-4785-b49d-80f536009b3c', '9ef2225f-0e24-400f-b1e8-612133cf3543', 4, 'Single', 'No Holds Barred', FALSE, NULL, NULL, FALSE, 'Pin', 1.0, FALSE);
insert into match_participants (match_id, wrestler_id, result) values ('8fc9076b-9792-4785-b49d-80f536009b3c', '004c7b59-d738-4718-a1f0-39aa22e8039d', 'winner');
insert into matches (id, show_id, match_number, match_type, stipulation, is_title_match, title_id, is_mitb, mitb_cashin, defeat_type, rating, is_draw) values ('cd015d27-538f-40f4-be9d-68bc3bbe97d8', '9ef2225f-0e24-400f-b1e8-612133cf3543', 5, 'Single', 'Hardcore', TRUE, 'f87d2a11-2153-454c-a574-5d749d0741ac', FALSE, FALSE, 'Pin', 5.0, FALSE);
insert into match_participants (match_id, wrestler_id, result) values ('cd015d27-538f-40f4-be9d-68bc3bbe97d8', '9683fa4f-ffaf-4185-938d-e4a435a5aef7', 'loser');
insert into match_participants (match_id, wrestler_id, result) values ('cd015d27-538f-40f4-be9d-68bc3bbe97d8', 'd0df50f1-fbbb-4298-ab0c-f7e6e122c4c4', 'winner');
insert into matches (id, show_id, match_number, match_type, stipulation, is_title_match, title_id, is_mitb, mitb_cashin, defeat_type, rating, is_draw) values ('a5bc8b57-f633-44c7-9d5c-1c42e00069b9', '9ef2225f-0e24-400f-b1e8-612133cf3543', 6, 'Single', NULL, TRUE, '5db4cd6b-6ebe-4a87-b7bb-017af3856766', FALSE, FALSE, 'Pin', 2.0, FALSE);
insert into match_participants (match_id, wrestler_id, result) values ('a5bc8b57-f633-44c7-9d5c-1c42e00069b9', '5909ea1d-6838-40c8-8058-64854406eb27', 'winner');
insert into match_participants (match_id, wrestler_id, result) values ('a5bc8b57-f633-44c7-9d5c-1c42e00069b9', '6a3c5c70-fbb7-4a85-8940-df64e251eca3', 'loser');
insert into matches (id, show_id, match_number, match_type, stipulation, is_title_match, title_id, is_mitb, mitb_cashin, defeat_type, rating, is_draw) values ('46e933ee-43cc-4263-8349-2329c94fc773', '9ef2225f-0e24-400f-b1e8-612133cf3543', 7, 'Single', NULL, TRUE, 'd622c9f7-3d8e-4737-bf0e-ed99b1dd9919', FALSE, FALSE, 'Pin', 3.0, FALSE);
insert into match_participants (match_id, wrestler_id, result) values ('46e933ee-43cc-4263-8349-2329c94fc773', '07687962-07c0-46b6-9541-2d8b60e3c2c1', 'winner');
insert into match_participants (match_id, wrestler_id, result) values ('46e933ee-43cc-4263-8349-2329c94fc773', '24041ddc-d965-4815-8c45-c9f97a2ed2c1', 'loser');
insert into matches (id, show_id, match_number, match_type, stipulation, is_title_match, title_id, is_mitb, mitb_cashin, defeat_type, rating, is_draw) values ('6cea7f5f-6e74-450b-a42d-31fd746a9429', '9ef2225f-0e24-400f-b1e8-612133cf3543', 8, 'Single', NULL, TRUE, '5d3e065c-43d1-41ee-8d24-e876f1e2b2a1', FALSE, FALSE, 'Pin', 5.0, FALSE);
insert into match_participants (match_id, wrestler_id, result) values ('6cea7f5f-6e74-450b-a42d-31fd746a9429', '60c99dea-a118-4839-99eb-5de3ca41d5d4', 'loser');
insert into match_participants (match_id, wrestler_id, result) values ('6cea7f5f-6e74-450b-a42d-31fd746a9429', '0d2420e5-4511-44a9-8d66-a70eef1ce8d4', 'winner');
insert into matches (id, show_id, match_number, match_type, stipulation, is_title_match, title_id, is_mitb, mitb_cashin, defeat_type, rating, is_draw) values ('05133b79-f758-4690-ae42-0d254b762171', '9ef2225f-0e24-400f-b1e8-612133cf3543', 9, 'Single', NULL, TRUE, 'f3ec52c9-649b-48cb-aa37-da278fbd72df', FALSE, FALSE, 'Pin', 3.5, FALSE);
insert into match_participants (match_id, wrestler_id, result) values ('05133b79-f758-4690-ae42-0d254b762171', 'ddf80d05-eb45-483d-a569-f2ae53f07b4b', 'loser');
insert into match_participants (match_id, wrestler_id, result) values ('05133b79-f758-4690-ae42-0d254b762171', '0072611a-281e-4de5-bf57-fbc9696651ec', 'winner');
insert into matches (id, show_id, match_number, match_type, stipulation, is_title_match, title_id, is_mitb, mitb_cashin, defeat_type, rating, is_draw) values ('28adbbde-e399-43cd-b2a0-128983e23747', '9ef2225f-0e24-400f-b1e8-612133cf3543', 10, '6-Man', 'War Games', FALSE, NULL, NULL, FALSE, 'Pin', 5.0, FALSE);
insert into shows (id, name, show_date, show_type, ppv_name) values ('a87d4508-079d-4d75-9b46-342cc26eed47', 'DAW 12-05-2025', '2025-12-05', 'weekly', NULL);
insert into matches (id, show_id, match_number, match_type, stipulation, is_title_match, title_id, is_mitb, mitb_cashin, defeat_type, rating, is_draw) values ('4a316549-a343-4fca-93ed-b975b9d24fac', 'a87d4508-079d-4d75-9b46-342cc26eed47', 1, 'Single', NULL, FALSE, NULL, NULL, FALSE, 'Pin', 3.0, FALSE);
insert into match_participants (match_id, wrestler_id, result) values ('4a316549-a343-4fca-93ed-b975b9d24fac', '31f8c2ba-a0c4-4352-ae28-1cf68d200216', 'loser');
insert into match_participants (match_id, wrestler_id, result) values ('4a316549-a343-4fca-93ed-b975b9d24fac', '1fdbaeea-4dc7-41ff-9ce9-394d33e1ace4', 'winner');
insert into matches (id, show_id, match_number, match_type, stipulation, is_title_match, title_id, is_mitb, mitb_cashin, defeat_type, rating, is_draw) values ('08d6ce4e-e96a-4f10-a72e-f0054bfda35c', 'a87d4508-079d-4d75-9b46-342cc26eed47', 2, 'Single', NULL, FALSE, NULL, NULL, FALSE, 'Pin', 3.5, FALSE);
insert into match_participants (match_id, wrestler_id, result) values ('08d6ce4e-e96a-4f10-a72e-f0054bfda35c', '0655bec3-0c3f-48ed-b466-a98f20841621', 'loser');
insert into match_participants (match_id, wrestler_id, result) values ('08d6ce4e-e96a-4f10-a72e-f0054bfda35c', '0d2420e5-4511-44a9-8d66-a70eef1ce8d4', 'winner');
insert into matches (id, show_id, match_number, match_type, stipulation, is_title_match, title_id, is_mitb, mitb_cashin, defeat_type, rating, is_draw) values ('e319e70a-0e7e-4a6c-9b65-7b7bfa14cdcd', 'a87d4508-079d-4d75-9b46-342cc26eed47', 3, 'Single', NULL, FALSE, NULL, NULL, FALSE, 'Pin', 4.5, FALSE);
insert into match_participants (match_id, wrestler_id, result) values ('e319e70a-0e7e-4a6c-9b65-7b7bfa14cdcd', 'cce2403e-b550-4727-9b4c-e04012c77f31', 'loser');
insert into match_participants (match_id, wrestler_id, result) values ('e319e70a-0e7e-4a6c-9b65-7b7bfa14cdcd', '7d9945b2-59a0-4661-8206-198fec52bb2f', 'winner');
insert into matches (id, show_id, match_number, match_type, stipulation, is_title_match, title_id, is_mitb, mitb_cashin, defeat_type, rating, is_draw) values ('128d9d1e-2a52-4f93-9fdf-74e9d6ed52cd', 'a87d4508-079d-4d75-9b46-342cc26eed47', 4, 'Single', NULL, FALSE, NULL, NULL, FALSE, 'Pin', 4.0, FALSE);
insert into match_participants (match_id, wrestler_id, result) values ('128d9d1e-2a52-4f93-9fdf-74e9d6ed52cd', 'f53c5be3-c66c-4d29-b281-5c0157203703', 'winner');
insert into match_participants (match_id, wrestler_id, result) values ('128d9d1e-2a52-4f93-9fdf-74e9d6ed52cd', '24041ddc-d965-4815-8c45-c9f97a2ed2c1', 'loser');
insert into matches (id, show_id, match_number, match_type, stipulation, is_title_match, title_id, is_mitb, mitb_cashin, defeat_type, rating, is_draw) values ('8a3711f6-3318-4f5d-812f-c9b373633a4f', 'a87d4508-079d-4d75-9b46-342cc26eed47', 5, 'Single', NULL, FALSE, NULL, NULL, FALSE, 'Pin', 3.0, FALSE);
insert into match_participants (match_id, wrestler_id, result) values ('8a3711f6-3318-4f5d-812f-c9b373633a4f', '004c7b59-d738-4718-a1f0-39aa22e8039d', 'winner');
insert into match_participants (match_id, wrestler_id, result) values ('8a3711f6-3318-4f5d-812f-c9b373633a4f', '5909ea1d-6838-40c8-8058-64854406eb27', 'loser');
insert into matches (id, show_id, match_number, match_type, stipulation, is_title_match, title_id, is_mitb, mitb_cashin, defeat_type, rating, is_draw) values ('ab33cb09-0fea-4a9b-a166-ba2887248027', 'a87d4508-079d-4d75-9b46-342cc26eed47', 6, 'Triple Threat', NULL, FALSE, NULL, NULL, FALSE, 'Pin', 3.5, FALSE);
insert into match_participants (match_id, wrestler_id, result) values ('ab33cb09-0fea-4a9b-a166-ba2887248027', '2c23bf2a-90de-4618-9564-8e0e622857f1', 'loser');
insert into match_participants (match_id, wrestler_id, result) values ('ab33cb09-0fea-4a9b-a166-ba2887248027', 'bc93b973-151b-48ca-8d75-8f6c220a0d31', 'winner');
insert into match_participants (match_id, wrestler_id, result) values ('ab33cb09-0fea-4a9b-a166-ba2887248027', '0072611a-281e-4de5-bf57-fbc9696651ec', 'loser');
insert into matches (id, show_id, match_number, match_type, stipulation, is_title_match, title_id, is_mitb, mitb_cashin, defeat_type, rating, is_draw) values ('e58c474c-91fe-4a2d-a8f2-293f6a06d1bb', 'a87d4508-079d-4d75-9b46-342cc26eed47', 7, 'Single', NULL, FALSE, NULL, NULL, FALSE, 'Pin', 3.5, FALSE);
insert into match_participants (match_id, wrestler_id, result) values ('e58c474c-91fe-4a2d-a8f2-293f6a06d1bb', 'ddf80d05-eb45-483d-a569-f2ae53f07b4b', 'winner');
insert into match_participants (match_id, wrestler_id, result) values ('e58c474c-91fe-4a2d-a8f2-293f6a06d1bb', '07687962-07c0-46b6-9541-2d8b60e3c2c1', 'loser');
insert into matches (id, show_id, match_number, match_type, stipulation, is_title_match, title_id, is_mitb, mitb_cashin, defeat_type, rating, is_draw) values ('ab465e87-972c-48de-8151-dbdcfbb76db5', 'a87d4508-079d-4d75-9b46-342cc26eed47', 8, 'Tag Team', NULL, FALSE, NULL, NULL, FALSE, 'Pin', 3.0, FALSE);
insert into match_participants (match_id, team_id, result) values ('ab465e87-972c-48de-8151-dbdcfbb76db5', '851cd315-9431-48a4-aa8a-acca45ae40c2', 'loser');
insert into matches (id, show_id, match_number, match_type, stipulation, is_title_match, title_id, is_mitb, mitb_cashin, defeat_type, rating, is_draw) values ('ac2d5a7c-233a-44df-b2e2-0ce738f104f0', 'a87d4508-079d-4d75-9b46-342cc26eed47', 9, 'Single', NULL, FALSE, NULL, NULL, FALSE, 'Pin', 3.0, FALSE);
insert into match_participants (match_id, wrestler_id, result) values ('ac2d5a7c-233a-44df-b2e2-0ce738f104f0', 'd0df50f1-fbbb-4298-ab0c-f7e6e122c4c4', 'loser');
insert into match_participants (match_id, wrestler_id, result) values ('ac2d5a7c-233a-44df-b2e2-0ce738f104f0', 'db9025f4-91c4-47e8-b3de-e3864852a4c8', 'winner');
insert into shows (id, name, show_date, show_type, ppv_name) values ('c734b9bf-d526-4ec3-aa17-3096e600e69b', 'DAW 12-12-2025', '2025-12-12', 'weekly', NULL);
insert into matches (id, show_id, match_number, match_type, stipulation, is_title_match, title_id, is_mitb, mitb_cashin, defeat_type, rating, is_draw) values ('dd2d0a2e-0ac1-414d-a505-f181404dfae5', 'c734b9bf-d526-4ec3-aa17-3096e600e69b', 1, 'Single', NULL, FALSE, NULL, NULL, FALSE, 'Pin', 4.5, FALSE);
insert into match_participants (match_id, wrestler_id, result) values ('dd2d0a2e-0ac1-414d-a505-f181404dfae5', 'db9025f4-91c4-47e8-b3de-e3864852a4c8', 'winner');
insert into match_participants (match_id, wrestler_id, result) values ('dd2d0a2e-0ac1-414d-a505-f181404dfae5', '31f8c2ba-a0c4-4352-ae28-1cf68d200216', 'loser');
insert into matches (id, show_id, match_number, match_type, stipulation, is_title_match, title_id, is_mitb, mitb_cashin, defeat_type, rating, is_draw) values ('e16e6b4f-6841-4fd1-b978-4f01767dc80d', 'c734b9bf-d526-4ec3-aa17-3096e600e69b', 2, 'Single', NULL, FALSE, NULL, NULL, FALSE, 'Pin', 4.0, FALSE);
insert into match_participants (match_id, wrestler_id, result) values ('e16e6b4f-6841-4fd1-b978-4f01767dc80d', 'f53c5be3-c66c-4d29-b281-5c0157203703', 'winner');
insert into match_participants (match_id, wrestler_id, result) values ('e16e6b4f-6841-4fd1-b978-4f01767dc80d', 'ddf80d05-eb45-483d-a569-f2ae53f07b4b', 'loser');
insert into matches (id, show_id, match_number, match_type, stipulation, is_title_match, title_id, is_mitb, mitb_cashin, defeat_type, rating, is_draw) values ('319c7afb-1927-41b8-9bee-f545d3d903e3', 'c734b9bf-d526-4ec3-aa17-3096e600e69b', 3, 'Single', NULL, FALSE, NULL, NULL, FALSE, 'Pin', 3.5, FALSE);
insert into match_participants (match_id, wrestler_id, result) values ('319c7afb-1927-41b8-9bee-f545d3d903e3', 'a4325654-d541-4561-a709-9338864677a9', 'loser');
insert into match_participants (match_id, wrestler_id, result) values ('319c7afb-1927-41b8-9bee-f545d3d903e3', '5909ea1d-6838-40c8-8058-64854406eb27', 'winner');
insert into matches (id, show_id, match_number, match_type, stipulation, is_title_match, title_id, is_mitb, mitb_cashin, defeat_type, rating, is_draw) values ('50cc3a3c-1080-4272-b6e7-80ad04b03dcc', 'c734b9bf-d526-4ec3-aa17-3096e600e69b', 4, 'Single', NULL, FALSE, NULL, NULL, FALSE, 'Pin', 3.0, FALSE);
insert into match_participants (match_id, wrestler_id, result) values ('50cc3a3c-1080-4272-b6e7-80ad04b03dcc', '0655bec3-0c3f-48ed-b466-a98f20841621', 'loser');
insert into match_participants (match_id, wrestler_id, result) values ('50cc3a3c-1080-4272-b6e7-80ad04b03dcc', '07687962-07c0-46b6-9541-2d8b60e3c2c1', 'winner');
insert into matches (id, show_id, match_number, match_type, stipulation, is_title_match, title_id, is_mitb, mitb_cashin, defeat_type, rating, is_draw) values ('d228dd05-221f-43af-8577-17bbee119857', 'c734b9bf-d526-4ec3-aa17-3096e600e69b', 5, 'Single', NULL, FALSE, NULL, NULL, FALSE, 'Pin', 3.0, FALSE);
insert into match_participants (match_id, wrestler_id, result) values ('d228dd05-221f-43af-8577-17bbee119857', '24041ddc-d965-4815-8c45-c9f97a2ed2c1', 'loser');
insert into match_participants (match_id, wrestler_id, result) values ('d228dd05-221f-43af-8577-17bbee119857', '0d2420e5-4511-44a9-8d66-a70eef1ce8d4', 'winner');
insert into matches (id, show_id, match_number, match_type, stipulation, is_title_match, title_id, is_mitb, mitb_cashin, defeat_type, rating, is_draw) values ('49acd8e5-a6d6-4387-b870-e9b26c1de55f', 'c734b9bf-d526-4ec3-aa17-3096e600e69b', 6, 'Single', NULL, FALSE, NULL, NULL, FALSE, 'Pin', 3.0, FALSE);
insert into match_participants (match_id, wrestler_id, result) values ('49acd8e5-a6d6-4387-b870-e9b26c1de55f', '09a1ddc7-5133-4858-b8e1-c89de2eefe3b', 'winner');
insert into matches (id, show_id, match_number, match_type, stipulation, is_title_match, title_id, is_mitb, mitb_cashin, defeat_type, rating, is_draw) values ('bb637f6b-4a23-41c7-86ea-40db6e961132', 'c734b9bf-d526-4ec3-aa17-3096e600e69b', 7, 'Single', NULL, FALSE, NULL, NULL, FALSE, 'Pin', 5.0, FALSE);
insert into match_participants (match_id, wrestler_id, result) values ('bb637f6b-4a23-41c7-86ea-40db6e961132', 'bc93b973-151b-48ca-8d75-8f6c220a0d31', 'winner');
insert into match_participants (match_id, wrestler_id, result) values ('bb637f6b-4a23-41c7-86ea-40db6e961132', '0072611a-281e-4de5-bf57-fbc9696651ec', 'loser');
insert into matches (id, show_id, match_number, match_type, stipulation, is_title_match, title_id, is_mitb, mitb_cashin, defeat_type, rating, is_draw) values ('99786145-5ee8-4c04-a74a-d67b6a1644b6', 'c734b9bf-d526-4ec3-aa17-3096e600e69b', 8, 'Single', NULL, FALSE, NULL, NULL, FALSE, 'Pin', 4.5, FALSE);
insert into match_participants (match_id, wrestler_id, result) values ('99786145-5ee8-4c04-a74a-d67b6a1644b6', '2c23bf2a-90de-4618-9564-8e0e622857f1', 'winner');
insert into matches (id, show_id, match_number, match_type, stipulation, is_title_match, title_id, is_mitb, mitb_cashin, defeat_type, rating, is_draw) values ('270077ed-c677-46d6-912c-838a893ca240', 'c734b9bf-d526-4ec3-aa17-3096e600e69b', 9, 'Single', 'Hardcore', FALSE, NULL, NULL, FALSE, 'Pin', 5.0, FALSE);
insert into match_participants (match_id, wrestler_id, result) values ('270077ed-c677-46d6-912c-838a893ca240', 'd0df50f1-fbbb-4298-ab0c-f7e6e122c4c4', 'loser');
insert into match_participants (match_id, wrestler_id, result) values ('270077ed-c677-46d6-912c-838a893ca240', '1fdbaeea-4dc7-41ff-9ce9-394d33e1ace4', 'winner');
insert into shows (id, name, show_date, show_type, ppv_name) values ('8c950bc9-4239-499e-9a71-fcbd9914aa13', 'DAW 12-19-2025', '2025-12-19', 'weekly', NULL);
insert into matches (id, show_id, match_number, match_type, stipulation, is_title_match, title_id, is_mitb, mitb_cashin, defeat_type, rating, is_draw) values ('6a560e77-6e23-4f83-a974-54d7b8b05e0d', '8c950bc9-4239-499e-9a71-fcbd9914aa13', 1, 'Triple Threat', NULL, FALSE, NULL, NULL, FALSE, 'Pin', 3.0, FALSE);
insert into match_participants (match_id, wrestler_id, result) values ('6a560e77-6e23-4f83-a974-54d7b8b05e0d', '31f8c2ba-a0c4-4352-ae28-1cf68d200216', 'loser');
insert into match_participants (match_id, wrestler_id, result) values ('6a560e77-6e23-4f83-a974-54d7b8b05e0d', '7d9945b2-59a0-4661-8206-198fec52bb2f', 'winner');
insert into match_participants (match_id, wrestler_id, result) values ('6a560e77-6e23-4f83-a974-54d7b8b05e0d', 'a4325654-d541-4561-a709-9338864677a9', 'loser');
insert into matches (id, show_id, match_number, match_type, stipulation, is_title_match, title_id, is_mitb, mitb_cashin, defeat_type, rating, is_draw) values ('d88a0855-ff80-4409-b1aa-044c7fe1957f', '8c950bc9-4239-499e-9a71-fcbd9914aa13', 2, 'Single', NULL, FALSE, NULL, NULL, FALSE, 'Pin', 4.0, FALSE);
insert into match_participants (match_id, wrestler_id, result) values ('d88a0855-ff80-4409-b1aa-044c7fe1957f', '004c7b59-d738-4718-a1f0-39aa22e8039d', 'winner');
insert into match_participants (match_id, wrestler_id, result) values ('d88a0855-ff80-4409-b1aa-044c7fe1957f', '1fdbaeea-4dc7-41ff-9ce9-394d33e1ace4', 'loser');
insert into matches (id, show_id, match_number, match_type, stipulation, is_title_match, title_id, is_mitb, mitb_cashin, defeat_type, rating, is_draw) values ('470213e6-d2fb-4ec2-9805-80a3bf081a0e', '8c950bc9-4239-499e-9a71-fcbd9914aa13', 3, 'Single', NULL, FALSE, NULL, NULL, FALSE, 'Pin', 4.0, FALSE);
insert into match_participants (match_id, wrestler_id, result) values ('470213e6-d2fb-4ec2-9805-80a3bf081a0e', '0655bec3-0c3f-48ed-b466-a98f20841621', 'loser');
insert into match_participants (match_id, wrestler_id, result) values ('470213e6-d2fb-4ec2-9805-80a3bf081a0e', 'ddf80d05-eb45-483d-a569-f2ae53f07b4b', 'winner');
insert into matches (id, show_id, match_number, match_type, stipulation, is_title_match, title_id, is_mitb, mitb_cashin, defeat_type, rating, is_draw) values ('452962e6-6b17-41c9-87c8-424eb6f56642', '8c950bc9-4239-499e-9a71-fcbd9914aa13', 4, 'Single', NULL, FALSE, NULL, NULL, FALSE, 'Pin', 2.0, FALSE);
insert into match_participants (match_id, wrestler_id, result) values ('452962e6-6b17-41c9-87c8-424eb6f56642', 'b2d0cb4c-4471-49a3-b524-544ce1bd95a1', 'loser');
insert into match_participants (match_id, wrestler_id, result) values ('452962e6-6b17-41c9-87c8-424eb6f56642', '07687962-07c0-46b6-9541-2d8b60e3c2c1', 'winner');
insert into matches (id, show_id, match_number, match_type, stipulation, is_title_match, title_id, is_mitb, mitb_cashin, defeat_type, rating, is_draw) values ('1c88be74-56fd-4dcd-bcf5-0ce006990b8d', '8c950bc9-4239-499e-9a71-fcbd9914aa13', 5, 'Single', NULL, FALSE, NULL, NULL, FALSE, 'Pin', 5.0, FALSE);
insert into match_participants (match_id, wrestler_id, result) values ('1c88be74-56fd-4dcd-bcf5-0ce006990b8d', '5909ea1d-6838-40c8-8058-64854406eb27', 'loser');
insert into match_participants (match_id, wrestler_id, result) values ('1c88be74-56fd-4dcd-bcf5-0ce006990b8d', 'd0df50f1-fbbb-4298-ab0c-f7e6e122c4c4', 'winner');
insert into matches (id, show_id, match_number, match_type, stipulation, is_title_match, title_id, is_mitb, mitb_cashin, defeat_type, rating, is_draw) values ('3b927e52-360b-4dda-9717-e8233af6ffae', '8c950bc9-4239-499e-9a71-fcbd9914aa13', 6, 'Triple Threat', NULL, FALSE, NULL, NULL, FALSE, 'Pin', 4.0, FALSE);
insert into match_participants (match_id, wrestler_id, result) values ('3b927e52-360b-4dda-9717-e8233af6ffae', 'f53c5be3-c66c-4d29-b281-5c0157203703', 'loser');
insert into match_participants (match_id, wrestler_id, result) values ('3b927e52-360b-4dda-9717-e8233af6ffae', '60c99dea-a118-4839-99eb-5de3ca41d5d4', 'winner');
insert into matches (id, show_id, match_number, match_type, stipulation, is_title_match, title_id, is_mitb, mitb_cashin, defeat_type, rating, is_draw) values ('0dacd98b-7232-412d-8af6-1b3c7f8f9cb2', '8c950bc9-4239-499e-9a71-fcbd9914aa13', 7, 'Single', 'Hardcore', FALSE, NULL, NULL, FALSE, 'Pin', 3.0, FALSE);
insert into match_participants (match_id, wrestler_id, result) values ('0dacd98b-7232-412d-8af6-1b3c7f8f9cb2', 'ae2ce814-315f-41f0-ab99-eddf09a7d4c5', 'winner');
insert into matches (id, show_id, match_number, match_type, stipulation, is_title_match, title_id, is_mitb, mitb_cashin, defeat_type, rating, is_draw) values ('6c5f4812-b012-4510-a14b-80767e7ecdb6', '8c950bc9-4239-499e-9a71-fcbd9914aa13', 8, 'Tag Team', NULL, FALSE, NULL, NULL, FALSE, 'Pin', 4.0, FALSE);
insert into match_participants (match_id, team_id, result) values ('6c5f4812-b012-4510-a14b-80767e7ecdb6', '05e7b665-a267-45d0-b5fb-80b4ced1fae6', 'loser');
insert into shows (id, name, show_date, show_type, ppv_name) values ('d162c275-8a0e-4035-9064-9f81c677bd34', 'DAW 12-26-2025', '2025-12-26', 'weekly', NULL);
insert into matches (id, show_id, match_number, match_type, stipulation, is_title_match, title_id, is_mitb, mitb_cashin, defeat_type, rating, is_draw) values ('95ce2db2-324f-4a88-97dc-f58d8d49132a', 'd162c275-8a0e-4035-9064-9f81c677bd34', 1, 'Tag Team', 'Hardcore', TRUE, '5875de09-f760-4981-b327-18fdcfd6b58e', FALSE, FALSE, 'Pin', 4.0, FALSE);
insert into match_participants (match_id, team_id, result) values ('95ce2db2-324f-4a88-97dc-f58d8d49132a', '7cd24b3e-6a73-4364-83ce-5900b67ce0e4', 'winner');
insert into matches (id, show_id, match_number, match_type, stipulation, is_title_match, title_id, is_mitb, mitb_cashin, defeat_type, rating, is_draw) values ('ddee1287-9b24-4795-969a-72b6cdf220f9', 'd162c275-8a0e-4035-9064-9f81c677bd34', 2, 'Single', NULL, FALSE, NULL, NULL, FALSE, 'Pin', 3.5, FALSE);
insert into match_participants (match_id, wrestler_id, result) values ('ddee1287-9b24-4795-969a-72b6cdf220f9', 'bc93b973-151b-48ca-8d75-8f6c220a0d31', 'winner');
insert into matches (id, show_id, match_number, match_type, stipulation, is_title_match, title_id, is_mitb, mitb_cashin, defeat_type, rating, is_draw) values ('54e12b10-dd3a-4132-8903-8e493ae6cd23', 'd162c275-8a0e-4035-9064-9f81c677bd34', 3, 'Single', 'No Holds Barred', FALSE, NULL, NULL, FALSE, 'Pin', 1.0, FALSE);
insert into match_participants (match_id, wrestler_id, result) values ('54e12b10-dd3a-4132-8903-8e493ae6cd23', '09a1ddc7-5133-4858-b8e1-c89de2eefe3b', 'loser');
insert into match_participants (match_id, wrestler_id, result) values ('54e12b10-dd3a-4132-8903-8e493ae6cd23', 'd7307e76-a25c-412e-85b7-85c085319404', 'winner');
insert into matches (id, show_id, match_number, match_type, stipulation, is_title_match, title_id, is_mitb, mitb_cashin, defeat_type, rating, is_draw) values ('cdaf62b8-c97c-46ce-a415-3140238010b9', 'd162c275-8a0e-4035-9064-9f81c677bd34', 4, 'Single', NULL, TRUE, '5db4cd6b-6ebe-4a87-b7bb-017af3856766', FALSE, FALSE, 'Pin', 3.5, FALSE);
insert into match_participants (match_id, wrestler_id, result) values ('cdaf62b8-c97c-46ce-a415-3140238010b9', 'ad63b3fd-9de8-4398-a085-7cc8f264589e', 'winner');
insert into match_participants (match_id, wrestler_id, result) values ('cdaf62b8-c97c-46ce-a415-3140238010b9', '5909ea1d-6838-40c8-8058-64854406eb27', 'loser');
insert into matches (id, show_id, match_number, match_type, stipulation, is_title_match, title_id, is_mitb, mitb_cashin, defeat_type, rating, is_draw) values ('b30d8d65-2a3f-4b2f-b3f8-c3fdbc349979', 'd162c275-8a0e-4035-9064-9f81c677bd34', 5, 'Single', 'Hardcore', TRUE, 'f87d2a11-2153-454c-a574-5d749d0741ac', FALSE, FALSE, 'Pin', 4.0, FALSE);
insert into match_participants (match_id, wrestler_id, result) values ('b30d8d65-2a3f-4b2f-b3f8-c3fdbc349979', '004c7b59-d738-4718-a1f0-39aa22e8039d', 'loser');
insert into match_participants (match_id, wrestler_id, result) values ('b30d8d65-2a3f-4b2f-b3f8-c3fdbc349979', 'd0df50f1-fbbb-4298-ab0c-f7e6e122c4c4', 'winner');
insert into matches (id, show_id, match_number, match_type, stipulation, is_title_match, title_id, is_mitb, mitb_cashin, defeat_type, rating, is_draw) values ('7ce154bf-99e8-47f1-9820-68d042ff0d78', 'd162c275-8a0e-4035-9064-9f81c677bd34', 6, 'Single', NULL, TRUE, 'd622c9f7-3d8e-4737-bf0e-ed99b1dd9919', FALSE, FALSE, 'Pin', 4.0, FALSE);
insert into match_participants (match_id, wrestler_id, result) values ('7ce154bf-99e8-47f1-9820-68d042ff0d78', 'ddf80d05-eb45-483d-a569-f2ae53f07b4b', 'winner');
insert into match_participants (match_id, wrestler_id, result) values ('7ce154bf-99e8-47f1-9820-68d042ff0d78', '07687962-07c0-46b6-9541-2d8b60e3c2c1', 'loser');
insert into matches (id, show_id, match_number, match_type, stipulation, is_title_match, title_id, is_mitb, mitb_cashin, defeat_type, rating, is_draw) values ('cc5d1b2f-4e2c-417d-8277-872a2f54dcb0', 'd162c275-8a0e-4035-9064-9f81c677bd34', 7, 'Single', NULL, TRUE, '5d3e065c-43d1-41ee-8d24-e876f1e2b2a1', FALSE, FALSE, 'Pin', 4.5, FALSE);
insert into match_participants (match_id, wrestler_id, result) values ('cc5d1b2f-4e2c-417d-8277-872a2f54dcb0', '60c99dea-a118-4839-99eb-5de3ca41d5d4', 'loser');
insert into match_participants (match_id, wrestler_id, result) values ('cc5d1b2f-4e2c-417d-8277-872a2f54dcb0', '0d2420e5-4511-44a9-8d66-a70eef1ce8d4', 'winner');
insert into matches (id, show_id, match_number, match_type, stipulation, is_title_match, title_id, is_mitb, mitb_cashin, defeat_type, rating, is_draw) values ('d9eed691-fcb5-40e0-a884-ff568c2999bf', 'd162c275-8a0e-4035-9064-9f81c677bd34', 8, '6-Man', 'Elimination Chamber', TRUE, 'f3ec52c9-649b-48cb-aa37-da278fbd72df', FALSE, FALSE, 'Pin', 5.0, FALSE);
insert into match_participants (match_id, wrestler_id, result) values ('d9eed691-fcb5-40e0-a884-ff568c2999bf', '0072611a-281e-4de5-bf57-fbc9696651ec', 'loser');
insert into match_participants (match_id, wrestler_id, result) values ('d9eed691-fcb5-40e0-a884-ff568c2999bf', '0d2420e5-4511-44a9-8d66-a70eef1ce8d4', 'loser');
insert into match_participants (match_id, wrestler_id, result) values ('d9eed691-fcb5-40e0-a884-ff568c2999bf', '2c23bf2a-90de-4618-9564-8e0e622857f1', 'loser');
insert into match_participants (match_id, wrestler_id, result) values ('d9eed691-fcb5-40e0-a884-ff568c2999bf', 'f53c5be3-c66c-4d29-b281-5c0157203703', 'winner');
insert into match_participants (match_id, wrestler_id, result) values ('d9eed691-fcb5-40e0-a884-ff568c2999bf', 'ddf80d05-eb45-483d-a569-f2ae53f07b4b', 'loser');
insert into match_participants (match_id, wrestler_id, result) values ('d9eed691-fcb5-40e0-a884-ff568c2999bf', '0655bec3-0c3f-48ed-b466-a98f20841621', 'loser');
insert into matches (id, show_id, match_number, match_type, stipulation, is_title_match, title_id, is_mitb, mitb_cashin, defeat_type, rating, is_draw) values ('ef502ba3-48ea-4a24-9f1b-cb37484cf389', 'd162c275-8a0e-4035-9064-9f81c677bd34', 9, '6-Man', 'Elimination Chamber', TRUE, '02b0c038-accb-495b-8d6a-8891a7b51554', FALSE, FALSE, 'Pin', 5.0, FALSE);
insert into match_participants (match_id, wrestler_id, result) values ('ef502ba3-48ea-4a24-9f1b-cb37484cf389', 'db9025f4-91c4-47e8-b3de-e3864852a4c8', 'loser');
insert into match_participants (match_id, wrestler_id, result) values ('ef502ba3-48ea-4a24-9f1b-cb37484cf389', '09a1ddc7-5133-4858-b8e1-c89de2eefe3b', 'loser');
insert into match_participants (match_id, wrestler_id, result) values ('ef502ba3-48ea-4a24-9f1b-cb37484cf389', 'b2d0cb4c-4471-49a3-b524-544ce1bd95a1', 'loser');
insert into match_participants (match_id, wrestler_id, result) values ('ef502ba3-48ea-4a24-9f1b-cb37484cf389', '7ca7fd7b-2526-41ea-b143-cdd82f404014', 'winner');
insert into match_participants (match_id, wrestler_id, result) values ('ef502ba3-48ea-4a24-9f1b-cb37484cf389', '7d9945b2-59a0-4661-8206-198fec52bb2f', 'loser');
insert into shows (id, name, show_date, show_type, ppv_name) values ('7f7e5c91-b1dd-4361-a588-49f5470d64f0', 'DAW 01-02-2026', '2026-01-02', 'weekly', NULL);
insert into matches (id, show_id, match_number, match_type, stipulation, is_title_match, title_id, is_mitb, mitb_cashin, defeat_type, rating, is_draw) values ('3f3134ab-1918-4599-8931-5c6021f697b1', '7f7e5c91-b1dd-4361-a588-49f5470d64f0', 1, 'Tag Team', NULL, FALSE, NULL, NULL, FALSE, 'Pin', 4.0, FALSE);
insert into match_participants (match_id, team_id, result) values ('3f3134ab-1918-4599-8931-5c6021f697b1', '7cd24b3e-6a73-4364-83ce-5900b67ce0e4', 'loser');
insert into matches (id, show_id, match_number, match_type, stipulation, is_title_match, title_id, is_mitb, mitb_cashin, defeat_type, rating, is_draw) values ('b27f8a31-1e3a-4dfc-9fc2-0e01af707b5b', '7f7e5c91-b1dd-4361-a588-49f5470d64f0', 2, 'Single', NULL, FALSE, NULL, NULL, FALSE, 'Pin', 3.0, FALSE);
insert into match_participants (match_id, wrestler_id, result) values ('b27f8a31-1e3a-4dfc-9fc2-0e01af707b5b', 'cce2403e-b550-4727-9b4c-e04012c77f31', 'winner');
insert into matches (id, show_id, match_number, match_type, stipulation, is_title_match, title_id, is_mitb, mitb_cashin, defeat_type, rating, is_draw) values ('b536245a-f700-4fe9-b49b-8a1c3f625d80', '7f7e5c91-b1dd-4361-a588-49f5470d64f0', 3, 'Single', NULL, FALSE, NULL, NULL, FALSE, 'Pin', 3.0, FALSE);
insert into match_participants (match_id, wrestler_id, result) values ('b536245a-f700-4fe9-b49b-8a1c3f625d80', '60c99dea-a118-4839-99eb-5de3ca41d5d4', 'winner');
insert into matches (id, show_id, match_number, match_type, stipulation, is_title_match, title_id, is_mitb, mitb_cashin, defeat_type, rating, is_draw) values ('3c592d02-3ba3-4fb2-9150-5c84245cf6aa', '7f7e5c91-b1dd-4361-a588-49f5470d64f0', 4, 'Single', NULL, FALSE, NULL, NULL, FALSE, 'Pin', 4.0, FALSE);
insert into match_participants (match_id, wrestler_id, result) values ('3c592d02-3ba3-4fb2-9150-5c84245cf6aa', '60a7e8b3-a4f5-4aae-a668-1742f5c1a5e9', 'loser');
insert into match_participants (match_id, wrestler_id, result) values ('3c592d02-3ba3-4fb2-9150-5c84245cf6aa', 'ad63b3fd-9de8-4398-a085-7cc8f264589e', 'winner');
insert into matches (id, show_id, match_number, match_type, stipulation, is_title_match, title_id, is_mitb, mitb_cashin, defeat_type, rating, is_draw) values ('55f12f42-c02c-4fe0-940e-e79606e7e69b', '7f7e5c91-b1dd-4361-a588-49f5470d64f0', 5, 'Triple Threat', NULL, FALSE, NULL, NULL, FALSE, 'Pin', 5.0, FALSE);
insert into match_participants (match_id, wrestler_id, result) values ('55f12f42-c02c-4fe0-940e-e79606e7e69b', 'b2d0cb4c-4471-49a3-b524-544ce1bd95a1', 'loser');
insert into match_participants (match_id, wrestler_id, result) values ('55f12f42-c02c-4fe0-940e-e79606e7e69b', '31f8c2ba-a0c4-4352-ae28-1cf68d200216', 'winner');
insert into match_participants (match_id, wrestler_id, result) values ('55f12f42-c02c-4fe0-940e-e79606e7e69b', 'a4325654-d541-4561-a709-9338864677a9', 'loser');
insert into matches (id, show_id, match_number, match_type, stipulation, is_title_match, title_id, is_mitb, mitb_cashin, defeat_type, rating, is_draw) values ('f994558f-40c7-4aa1-b9f1-6630b86fb82c', '7f7e5c91-b1dd-4361-a588-49f5470d64f0', 6, 'Single', NULL, FALSE, NULL, NULL, FALSE, 'Pin', 3.5, FALSE);
insert into match_participants (match_id, wrestler_id, result) values ('f994558f-40c7-4aa1-b9f1-6630b86fb82c', 'd0df50f1-fbbb-4298-ab0c-f7e6e122c4c4', 'winner');
insert into match_participants (match_id, wrestler_id, result) values ('f994558f-40c7-4aa1-b9f1-6630b86fb82c', 'ddf80d05-eb45-483d-a569-f2ae53f07b4b', 'loser');
insert into matches (id, show_id, match_number, match_type, stipulation, is_title_match, title_id, is_mitb, mitb_cashin, defeat_type, rating, is_draw) values ('97a5884b-27eb-4c84-9ab9-ba47cce7fa36', '7f7e5c91-b1dd-4361-a588-49f5470d64f0', 7, 'Single', NULL, FALSE, NULL, NULL, FALSE, 'Pin', 4.0, FALSE);
insert into match_participants (match_id, wrestler_id, result) values ('97a5884b-27eb-4c84-9ab9-ba47cce7fa36', 'bc93b973-151b-48ca-8d75-8f6c220a0d31', 'winner');
insert into match_participants (match_id, wrestler_id, result) values ('97a5884b-27eb-4c84-9ab9-ba47cce7fa36', '0d2420e5-4511-44a9-8d66-a70eef1ce8d4', 'loser');
insert into matches (id, show_id, match_number, match_type, stipulation, is_title_match, title_id, is_mitb, mitb_cashin, defeat_type, rating, is_draw) values ('dbe13f19-3cde-4c9c-9117-0f2d19d20127', '7f7e5c91-b1dd-4361-a588-49f5470d64f0', 8, 'Single', NULL, FALSE, NULL, NULL, FALSE, 'Pin', 3.5, FALSE);
insert into match_participants (match_id, wrestler_id, result) values ('dbe13f19-3cde-4c9c-9117-0f2d19d20127', '24041ddc-d965-4815-8c45-c9f97a2ed2c1', 'loser');
insert into match_participants (match_id, wrestler_id, result) values ('dbe13f19-3cde-4c9c-9117-0f2d19d20127', 'f53c5be3-c66c-4d29-b281-5c0157203703', 'winner');
insert into matches (id, show_id, match_number, match_type, stipulation, is_title_match, title_id, is_mitb, mitb_cashin, defeat_type, rating, is_draw) values ('2fe2985a-46b6-4c1f-9b2a-27a9742eb949', '7f7e5c91-b1dd-4361-a588-49f5470d64f0', 9, 'Single', NULL, FALSE, NULL, NULL, FALSE, 'Pin', 3.5, FALSE);
insert into match_participants (match_id, wrestler_id, result) values ('2fe2985a-46b6-4c1f-9b2a-27a9742eb949', '7d9945b2-59a0-4661-8206-198fec52bb2f', 'loser');
insert into matches (id, show_id, match_number, match_type, stipulation, is_title_match, title_id, is_mitb, mitb_cashin, defeat_type, rating, is_draw) values ('43f866ea-611d-4c63-ace2-867387326c32', '7f7e5c91-b1dd-4361-a588-49f5470d64f0', 10, 'Single', NULL, TRUE, '7ff2d038-78e9-4309-ab61-a31d82302425', FALSE, FALSE, 'Pin', 2.0, FALSE);
insert into match_participants (match_id, wrestler_id, result) values ('43f866ea-611d-4c63-ace2-867387326c32', 'b2d0cb4c-4471-49a3-b524-544ce1bd95a1', 'loser');
insert into match_participants (match_id, wrestler_id, result) values ('43f866ea-611d-4c63-ace2-867387326c32', '2c23bf2a-90de-4618-9564-8e0e622857f1', 'winner');
insert into shows (id, name, show_date, show_type, ppv_name) values ('ff55fb8d-b6ad-418f-a89f-9dd059bef680', 'DAW 01-09-2026', '2026-01-09', 'weekly', NULL);
insert into matches (id, show_id, match_number, match_type, stipulation, is_title_match, title_id, is_mitb, mitb_cashin, defeat_type, rating, is_draw) values ('26d8eb32-0c6a-4340-8fea-7947820768d8', 'ff55fb8d-b6ad-418f-a89f-9dd059bef680', 1, 'Single', NULL, FALSE, NULL, NULL, FALSE, 'Pin', 3.5, FALSE);
insert into match_participants (match_id, wrestler_id, result) values ('26d8eb32-0c6a-4340-8fea-7947820768d8', '09a1ddc7-5133-4858-b8e1-c89de2eefe3b', 'winner');
insert into match_participants (match_id, wrestler_id, result) values ('26d8eb32-0c6a-4340-8fea-7947820768d8', 'db9025f4-91c4-47e8-b3de-e3864852a4c8', 'loser');
insert into matches (id, show_id, match_number, match_type, stipulation, is_title_match, title_id, is_mitb, mitb_cashin, defeat_type, rating, is_draw) values ('56cb3496-cfaa-4a25-be5d-225e6024b494', 'ff55fb8d-b6ad-418f-a89f-9dd059bef680', 2, 'Single', NULL, FALSE, NULL, NULL, FALSE, 'Pin', 3.5, FALSE);
insert into match_participants (match_id, wrestler_id, result) values ('56cb3496-cfaa-4a25-be5d-225e6024b494', 'b2d0cb4c-4471-49a3-b524-544ce1bd95a1', 'winner');
insert into matches (id, show_id, match_number, match_type, stipulation, is_title_match, title_id, is_mitb, mitb_cashin, defeat_type, rating, is_draw) values ('ce94d337-d418-44e7-a537-77a7eaaf29ab', 'ff55fb8d-b6ad-418f-a89f-9dd059bef680', 3, 'Single', NULL, FALSE, NULL, NULL, FALSE, 'Pin', 4.0, FALSE);
insert into match_participants (match_id, wrestler_id, result) values ('ce94d337-d418-44e7-a537-77a7eaaf29ab', 'ad63b3fd-9de8-4398-a085-7cc8f264589e', 'loser');
insert into matches (id, show_id, match_number, match_type, stipulation, is_title_match, title_id, is_mitb, mitb_cashin, defeat_type, rating, is_draw) values ('5bff2c83-8d6d-4688-8491-14bde5db3d56', 'ff55fb8d-b6ad-418f-a89f-9dd059bef680', 4, 'Triple Threat', NULL, FALSE, NULL, NULL, FALSE, 'Pin', 4.5, FALSE);
insert into match_participants (match_id, wrestler_id, result) values ('5bff2c83-8d6d-4688-8491-14bde5db3d56', '5909ea1d-6838-40c8-8058-64854406eb27', 'loser');
insert into match_participants (match_id, wrestler_id, result) values ('5bff2c83-8d6d-4688-8491-14bde5db3d56', 'd0df50f1-fbbb-4298-ab0c-f7e6e122c4c4', 'loser');
insert into match_participants (match_id, wrestler_id, result) values ('5bff2c83-8d6d-4688-8491-14bde5db3d56', '7d9945b2-59a0-4661-8206-198fec52bb2f', 'winner');
insert into matches (id, show_id, match_number, match_type, stipulation, is_title_match, title_id, is_mitb, mitb_cashin, defeat_type, rating, is_draw) values ('3789a9e7-d781-4363-931d-12f722c04ec2', 'ff55fb8d-b6ad-418f-a89f-9dd059bef680', 5, 'Single', NULL, FALSE, NULL, NULL, FALSE, 'Pin', 4.0, FALSE);
insert into match_participants (match_id, wrestler_id, result) values ('3789a9e7-d781-4363-931d-12f722c04ec2', '0655bec3-0c3f-48ed-b466-a98f20841621', 'winner');
insert into match_participants (match_id, wrestler_id, result) values ('3789a9e7-d781-4363-931d-12f722c04ec2', 'ddf80d05-eb45-483d-a569-f2ae53f07b4b', 'loser');
insert into matches (id, show_id, match_number, match_type, stipulation, is_title_match, title_id, is_mitb, mitb_cashin, defeat_type, rating, is_draw) values ('7d48a9af-6cc4-446e-bd27-840e1aa58be5', 'ff55fb8d-b6ad-418f-a89f-9dd059bef680', 6, 'Single', NULL, FALSE, NULL, NULL, FALSE, 'Pin', 5.0, FALSE);
insert into match_participants (match_id, wrestler_id, result) values ('7d48a9af-6cc4-446e-bd27-840e1aa58be5', '146ed3a2-ffd0-498f-ab39-8a11824f6cff', 'winner');
insert into match_participants (match_id, wrestler_id, result) values ('7d48a9af-6cc4-446e-bd27-840e1aa58be5', '0d2420e5-4511-44a9-8d66-a70eef1ce8d4', 'loser');
insert into matches (id, show_id, match_number, match_type, stipulation, is_title_match, title_id, is_mitb, mitb_cashin, defeat_type, rating, is_draw) values ('f49a80b6-fd85-4261-8c5e-3f3f5b3887e8', 'ff55fb8d-b6ad-418f-a89f-9dd059bef680', 7, 'Single', NULL, FALSE, NULL, NULL, FALSE, 'Pin', 4.0, FALSE);
insert into match_participants (match_id, wrestler_id, result) values ('f49a80b6-fd85-4261-8c5e-3f3f5b3887e8', '2c23bf2a-90de-4618-9564-8e0e622857f1', 'loser');
insert into match_participants (match_id, wrestler_id, result) values ('f49a80b6-fd85-4261-8c5e-3f3f5b3887e8', '1fdbaeea-4dc7-41ff-9ce9-394d33e1ace4', 'winner');
insert into matches (id, show_id, match_number, match_type, stipulation, is_title_match, title_id, is_mitb, mitb_cashin, defeat_type, rating, is_draw) values ('8f43d48e-b8f1-4bc3-8737-7f01ea67c530', 'ff55fb8d-b6ad-418f-a89f-9dd059bef680', 8, 'Single', NULL, FALSE, NULL, NULL, FALSE, 'Pin', 4.0, FALSE);
insert into match_participants (match_id, wrestler_id, result) values ('8f43d48e-b8f1-4bc3-8737-7f01ea67c530', '6744f55d-802e-4dc8-83da-df85f7d6e050', 'winner');
insert into match_participants (match_id, wrestler_id, result) values ('8f43d48e-b8f1-4bc3-8737-7f01ea67c530', 'f53c5be3-c66c-4d29-b281-5c0157203703', 'loser');
insert into matches (id, show_id, match_number, match_type, stipulation, is_title_match, title_id, is_mitb, mitb_cashin, defeat_type, rating, is_draw) values ('5b2f76aa-29b3-4d3e-a7bb-c84cbfd840c2', 'ff55fb8d-b6ad-418f-a89f-9dd059bef680', 9, 'Single', NULL, FALSE, NULL, NULL, FALSE, 'Pin', 1.0, FALSE);
insert into match_participants (match_id, wrestler_id, result) values ('5b2f76aa-29b3-4d3e-a7bb-c84cbfd840c2', '9683fa4f-ffaf-4185-938d-e4a435a5aef7', 'winner');
insert into matches (id, show_id, match_number, match_type, stipulation, is_title_match, title_id, is_mitb, mitb_cashin, defeat_type, rating, is_draw) values ('e17b654d-69cc-44ff-8696-b66a3fb2d8fa', 'ff55fb8d-b6ad-418f-a89f-9dd059bef680', 10, 'Single', NULL, TRUE, '7ff2d038-78e9-4309-ab61-a31d82302425', FALSE, FALSE, 'Pin', 0.5, FALSE);
insert into shows (id, name, show_date, show_type, ppv_name) values ('86f0d7a4-6bc6-40f6-b336-e0f87bafbcae', 'DAW 01-16-2026', '2026-01-16', 'weekly', NULL);
insert into matches (id, show_id, match_number, match_type, stipulation, is_title_match, title_id, is_mitb, mitb_cashin, defeat_type, rating, is_draw) values ('76d00396-ddc7-48c6-a587-bade2f58a013', '86f0d7a4-6bc6-40f6-b336-e0f87bafbcae', 1, 'Tag Team', NULL, FALSE, NULL, NULL, FALSE, 'Pin', 1.5, FALSE);
insert into matches (id, show_id, match_number, match_type, stipulation, is_title_match, title_id, is_mitb, mitb_cashin, defeat_type, rating, is_draw) values ('25b056a2-f044-4e99-9469-31963b28c1aa', '86f0d7a4-6bc6-40f6-b336-e0f87bafbcae', 2, 'Single', NULL, FALSE, NULL, NULL, FALSE, 'Pin', 4.0, FALSE);
insert into match_participants (match_id, wrestler_id, result) values ('25b056a2-f044-4e99-9469-31963b28c1aa', 'b2d0cb4c-4471-49a3-b524-544ce1bd95a1', 'winner');
insert into match_participants (match_id, wrestler_id, result) values ('25b056a2-f044-4e99-9469-31963b28c1aa', '004c7b59-d738-4718-a1f0-39aa22e8039d', 'loser');
insert into matches (id, show_id, match_number, match_type, stipulation, is_title_match, title_id, is_mitb, mitb_cashin, defeat_type, rating, is_draw) values ('a6a93a12-5b33-427d-a20a-1d5862c805b2', '86f0d7a4-6bc6-40f6-b336-e0f87bafbcae', 3, 'Triple Threat', NULL, FALSE, NULL, NULL, FALSE, 'Pin', 5.0, FALSE);
insert into match_participants (match_id, wrestler_id, result) values ('a6a93a12-5b33-427d-a20a-1d5862c805b2', '9683fa4f-ffaf-4185-938d-e4a435a5aef7', 'winner');
insert into match_participants (match_id, wrestler_id, result) values ('a6a93a12-5b33-427d-a20a-1d5862c805b2', 'ad63b3fd-9de8-4398-a085-7cc8f264589e', 'loser');
insert into matches (id, show_id, match_number, match_type, stipulation, is_title_match, title_id, is_mitb, mitb_cashin, defeat_type, rating, is_draw) values ('5dd995bb-7cef-4f36-bb14-70ee78951d2d', '86f0d7a4-6bc6-40f6-b336-e0f87bafbcae', 4, 'Single', NULL, FALSE, NULL, NULL, FALSE, 'Pin', 4.0, FALSE);
insert into match_participants (match_id, wrestler_id, result) values ('5dd995bb-7cef-4f36-bb14-70ee78951d2d', 'db9025f4-91c4-47e8-b3de-e3864852a4c8', 'winner');
insert into match_participants (match_id, wrestler_id, result) values ('5dd995bb-7cef-4f36-bb14-70ee78951d2d', 'd0df50f1-fbbb-4298-ab0c-f7e6e122c4c4', 'loser');
insert into matches (id, show_id, match_number, match_type, stipulation, is_title_match, title_id, is_mitb, mitb_cashin, defeat_type, rating, is_draw) values ('b283e11d-255d-4f33-982a-3ecded340cb1', '86f0d7a4-6bc6-40f6-b336-e0f87bafbcae', 5, 'Single', NULL, FALSE, NULL, NULL, FALSE, 'Pin', 4.0, FALSE);
insert into match_participants (match_id, wrestler_id, result) values ('b283e11d-255d-4f33-982a-3ecded340cb1', '31f8c2ba-a0c4-4352-ae28-1cf68d200216', 'winner');
insert into match_participants (match_id, wrestler_id, result) values ('b283e11d-255d-4f33-982a-3ecded340cb1', '7d9945b2-59a0-4661-8206-198fec52bb2f', 'loser');
insert into matches (id, show_id, match_number, match_type, stipulation, is_title_match, title_id, is_mitb, mitb_cashin, defeat_type, rating, is_draw) values ('6584c87e-d1b5-456e-9950-6d493a0f4aa2', '86f0d7a4-6bc6-40f6-b336-e0f87bafbcae', 6, 'Single', NULL, FALSE, NULL, NULL, FALSE, 'Pin', 3.0, FALSE);
insert into match_participants (match_id, wrestler_id, result) values ('6584c87e-d1b5-456e-9950-6d493a0f4aa2', '09a1ddc7-5133-4858-b8e1-c89de2eefe3b', 'winner');
insert into match_participants (match_id, wrestler_id, result) values ('6584c87e-d1b5-456e-9950-6d493a0f4aa2', 'fce02e68-03a4-4670-a5d4-a6790f4f92a1', 'loser');
insert into matches (id, show_id, match_number, match_type, stipulation, is_title_match, title_id, is_mitb, mitb_cashin, defeat_type, rating, is_draw) values ('d0a88a64-3daf-4420-9c37-8d6dc150cfae', '86f0d7a4-6bc6-40f6-b336-e0f87bafbcae', 7, 'Single', NULL, FALSE, NULL, NULL, FALSE, 'Pin', 3.5, FALSE);
insert into match_participants (match_id, wrestler_id, result) values ('d0a88a64-3daf-4420-9c37-8d6dc150cfae', '5909ea1d-6838-40c8-8058-64854406eb27', 'winner');
insert into match_participants (match_id, wrestler_id, result) values ('d0a88a64-3daf-4420-9c37-8d6dc150cfae', 'ddf80d05-eb45-483d-a569-f2ae53f07b4b', 'loser');
insert into matches (id, show_id, match_number, match_type, stipulation, is_title_match, title_id, is_mitb, mitb_cashin, defeat_type, rating, is_draw) values ('77d265ce-9f39-4e8d-bbfc-0b8524137ea5', '86f0d7a4-6bc6-40f6-b336-e0f87bafbcae', 8, 'Single', NULL, FALSE, NULL, NULL, FALSE, 'Pin', 2.0, FALSE);
insert into match_participants (match_id, wrestler_id, result) values ('77d265ce-9f39-4e8d-bbfc-0b8524137ea5', '7e31c302-05ee-4325-989f-aefa74f76445', 'loser');
insert into match_participants (match_id, wrestler_id, result) values ('77d265ce-9f39-4e8d-bbfc-0b8524137ea5', '0d2420e5-4511-44a9-8d66-a70eef1ce8d4', 'winner');
insert into matches (id, show_id, match_number, match_type, stipulation, is_title_match, title_id, is_mitb, mitb_cashin, defeat_type, rating, is_draw) values ('a8d0aba5-acf9-48f7-8b05-b89ed5e944e0', '86f0d7a4-6bc6-40f6-b336-e0f87bafbcae', 9, 'Single', NULL, FALSE, NULL, NULL, FALSE, 'Pin', 3.0, FALSE);
insert into match_participants (match_id, wrestler_id, result) values ('a8d0aba5-acf9-48f7-8b05-b89ed5e944e0', '07687962-07c0-46b6-9541-2d8b60e3c2c1', 'winner');
insert into shows (id, name, show_date, show_type, ppv_name) values ('69b27647-4fb3-4832-8e10-1461337b7668', 'DAW 01-23-2026', '2026-01-23', 'weekly', NULL);
insert into matches (id, show_id, match_number, match_type, stipulation, is_title_match, title_id, is_mitb, mitb_cashin, defeat_type, rating, is_draw) values ('b849c657-396e-4d5c-8ede-55aa6862755d', '69b27647-4fb3-4832-8e10-1461337b7668', 1, 'Single', NULL, FALSE, NULL, NULL, FALSE, 'Pin', 4.5, FALSE);
insert into match_participants (match_id, wrestler_id, result) values ('b849c657-396e-4d5c-8ede-55aa6862755d', '07687962-07c0-46b6-9541-2d8b60e3c2c1', 'winner');
insert into match_participants (match_id, wrestler_id, result) values ('b849c657-396e-4d5c-8ede-55aa6862755d', '1fdbaeea-4dc7-41ff-9ce9-394d33e1ace4', 'loser');
insert into matches (id, show_id, match_number, match_type, stipulation, is_title_match, title_id, is_mitb, mitb_cashin, defeat_type, rating, is_draw) values ('50ec669e-7473-42a1-8c62-7d85ed2c602e', '69b27647-4fb3-4832-8e10-1461337b7668', 2, 'Single', NULL, FALSE, NULL, NULL, FALSE, 'Pin', 4.5, TRUE);
insert into match_participants (match_id, wrestler_id, result) values ('50ec669e-7473-42a1-8c62-7d85ed2c602e', '7d9945b2-59a0-4661-8206-198fec52bb2f', 'draw');
insert into match_participants (match_id, wrestler_id, result) values ('50ec669e-7473-42a1-8c62-7d85ed2c602e', '004c7b59-d738-4718-a1f0-39aa22e8039d', 'winner');
insert into matches (id, show_id, match_number, match_type, stipulation, is_title_match, title_id, is_mitb, mitb_cashin, defeat_type, rating, is_draw) values ('e14861ee-1223-4fb6-b99c-e39a48b06253', '69b27647-4fb3-4832-8e10-1461337b7668', 3, 'Single', NULL, FALSE, NULL, NULL, FALSE, 'Pin', 4.0, FALSE);
insert into match_participants (match_id, wrestler_id, result) values ('e14861ee-1223-4fb6-b99c-e39a48b06253', '9683fa4f-ffaf-4185-938d-e4a435a5aef7', 'loser');
insert into matches (id, show_id, match_number, match_type, stipulation, is_title_match, title_id, is_mitb, mitb_cashin, defeat_type, rating, is_draw) values ('5a064844-d8cc-44b6-b009-650d61086c9e', '69b27647-4fb3-4832-8e10-1461337b7668', 4, 'Single', NULL, FALSE, NULL, NULL, FALSE, 'Pin', 4.0, FALSE);
insert into match_participants (match_id, wrestler_id, result) values ('5a064844-d8cc-44b6-b009-650d61086c9e', '5909ea1d-6838-40c8-8058-64854406eb27', 'winner');
insert into matches (id, show_id, match_number, match_type, stipulation, is_title_match, title_id, is_mitb, mitb_cashin, defeat_type, rating, is_draw) values ('5cf1b9d7-cbe0-482a-a9c5-94efa8b9c8de', '69b27647-4fb3-4832-8e10-1461337b7668', 5, 'Single', NULL, FALSE, NULL, NULL, FALSE, 'Pin', 4.0, FALSE);
insert into match_participants (match_id, wrestler_id, result) values ('5cf1b9d7-cbe0-482a-a9c5-94efa8b9c8de', '09a1ddc7-5133-4858-b8e1-c89de2eefe3b', 'loser');
insert into match_participants (match_id, wrestler_id, result) values ('5cf1b9d7-cbe0-482a-a9c5-94efa8b9c8de', 'd0df50f1-fbbb-4298-ab0c-f7e6e122c4c4', 'winner');
insert into matches (id, show_id, match_number, match_type, stipulation, is_title_match, title_id, is_mitb, mitb_cashin, defeat_type, rating, is_draw) values ('45feea41-a9c3-4182-bc35-ffae02881cf5', '69b27647-4fb3-4832-8e10-1461337b7668', 6, 'Single', NULL, FALSE, NULL, NULL, FALSE, 'Pin', 3.5, FALSE);
insert into match_participants (match_id, wrestler_id, result) values ('45feea41-a9c3-4182-bc35-ffae02881cf5', '31f8c2ba-a0c4-4352-ae28-1cf68d200216', 'winner');
insert into match_participants (match_id, wrestler_id, result) values ('45feea41-a9c3-4182-bc35-ffae02881cf5', 'ddf80d05-eb45-483d-a569-f2ae53f07b4b', 'loser');
insert into matches (id, show_id, match_number, match_type, stipulation, is_title_match, title_id, is_mitb, mitb_cashin, defeat_type, rating, is_draw) values ('a6ace660-6800-4844-8e4a-f969ee18cb46', '69b27647-4fb3-4832-8e10-1461337b7668', 7, 'Triple Threat', NULL, FALSE, NULL, NULL, FALSE, 'Pin', 4.0, FALSE);
insert into match_participants (match_id, wrestler_id, result) values ('a6ace660-6800-4844-8e4a-f969ee18cb46', '0655bec3-0c3f-48ed-b466-a98f20841621', 'loser');
insert into match_participants (match_id, wrestler_id, result) values ('a6ace660-6800-4844-8e4a-f969ee18cb46', 'a9e6b7c0-0b3c-450f-b759-ca62c0fa4434', 'winner');
insert into match_participants (match_id, wrestler_id, result) values ('a6ace660-6800-4844-8e4a-f969ee18cb46', '0d2420e5-4511-44a9-8d66-a70eef1ce8d4', 'loser');
insert into matches (id, show_id, match_number, match_type, stipulation, is_title_match, title_id, is_mitb, mitb_cashin, defeat_type, rating, is_draw) values ('f9e7fbaf-612c-4703-8666-f3ec77e8d7f5', '69b27647-4fb3-4832-8e10-1461337b7668', 8, 'Single', NULL, FALSE, NULL, NULL, FALSE, 'Pin', 2.0, FALSE);
insert into match_participants (match_id, wrestler_id, result) values ('f9e7fbaf-612c-4703-8666-f3ec77e8d7f5', 'b2d0cb4c-4471-49a3-b524-544ce1bd95a1', 'loser');
insert into matches (id, show_id, match_number, match_type, stipulation, is_title_match, title_id, is_mitb, mitb_cashin, defeat_type, rating, is_draw) values ('1a08e993-26be-4379-a97f-d15275a2c62f', '69b27647-4fb3-4832-8e10-1461337b7668', 9, 'Tag Team', 'Hardcore', FALSE, NULL, NULL, FALSE, 'Pin', 3.5, FALSE);
insert into match_participants (match_id, team_id, result) values ('1a08e993-26be-4379-a97f-d15275a2c62f', '8dd02369-5443-418b-94d5-1970756968ba', 'loser');
insert into shows (id, name, show_date, show_type, ppv_name) values ('b2c0b09f-9698-4c65-bd6c-90d7407dcf9c', 'DAW 01-30-2026', '2026-01-30', 'weekly', NULL);
insert into matches (id, show_id, match_number, match_type, stipulation, is_title_match, title_id, is_mitb, mitb_cashin, defeat_type, rating, is_draw) values ('7bf80185-88e5-4376-92b9-7771c3df97c5', 'b2c0b09f-9698-4c65-bd6c-90d7407dcf9c', 1, 'Tag Team', NULL, TRUE, '5875de09-f760-4981-b327-18fdcfd6b58e', FALSE, FALSE, 'Pin', 2.5, FALSE);
insert into match_participants (match_id, team_id, result) values ('7bf80185-88e5-4376-92b9-7771c3df97c5', '05e7b665-a267-45d0-b5fb-80b4ced1fae6', 'winner');
insert into match_participants (match_id, team_id, result) values ('7bf80185-88e5-4376-92b9-7771c3df97c5', '7cd24b3e-6a73-4364-83ce-5900b67ce0e4', 'loser');
insert into matches (id, show_id, match_number, match_type, stipulation, is_title_match, title_id, is_mitb, mitb_cashin, defeat_type, rating, is_draw) values ('94341da9-4f4a-43bc-aeeb-49a0ff2c6a59', 'b2c0b09f-9698-4c65-bd6c-90d7407dcf9c', 2, 'Single', 'Falls Count Anywhere', FALSE, NULL, NULL, FALSE, 'Pin', 4.5, FALSE);
insert into match_participants (match_id, wrestler_id, result) values ('94341da9-4f4a-43bc-aeeb-49a0ff2c6a59', 'b2d0cb4c-4471-49a3-b524-544ce1bd95a1', 'winner');
insert into matches (id, show_id, match_number, match_type, stipulation, is_title_match, title_id, is_mitb, mitb_cashin, defeat_type, rating, is_draw) values ('6e76e5a7-e29b-4af1-99d9-e2dda2a525fb', 'b2c0b09f-9698-4c65-bd6c-90d7407dcf9c', 3, 'Single', NULL, TRUE, '5db4cd6b-6ebe-4a87-b7bb-017af3856766', FALSE, FALSE, 'Pin', 3.0, FALSE);
insert into match_participants (match_id, wrestler_id, result) values ('6e76e5a7-e29b-4af1-99d9-e2dda2a525fb', 'ad63b3fd-9de8-4398-a085-7cc8f264589e', 'winner');
insert into matches (id, show_id, match_number, match_type, stipulation, is_title_match, title_id, is_mitb, mitb_cashin, defeat_type, rating, is_draw) values ('48452bd8-31af-4f8c-8ee3-f8c0442bb5cd', 'b2c0b09f-9698-4c65-bd6c-90d7407dcf9c', 4, 'Underground', 'Hardcore', FALSE, NULL, NULL, FALSE, 'Pin', 4.0, FALSE);
insert into match_participants (match_id, wrestler_id, result) values ('48452bd8-31af-4f8c-8ee3-f8c0442bb5cd', '004c7b59-d738-4718-a1f0-39aa22e8039d', 'loser');
insert into match_participants (match_id, wrestler_id, result) values ('48452bd8-31af-4f8c-8ee3-f8c0442bb5cd', '7d9945b2-59a0-4661-8206-198fec52bb2f', 'winner');
insert into matches (id, show_id, match_number, match_type, stipulation, is_title_match, title_id, is_mitb, mitb_cashin, defeat_type, rating, is_draw) values ('0ec5e36c-8d60-4fa3-a613-c78641e29f6b', 'b2c0b09f-9698-4c65-bd6c-90d7407dcf9c', 5, 'Single', 'Hardcore', TRUE, 'f87d2a11-2153-454c-a574-5d749d0741ac', FALSE, FALSE, 'Pin', 2.0, FALSE);
insert into match_participants (match_id, wrestler_id, result) values ('0ec5e36c-8d60-4fa3-a613-c78641e29f6b', '7d9945b2-59a0-4661-8206-198fec52bb2f', 'loser');
insert into match_participants (match_id, wrestler_id, result) values ('0ec5e36c-8d60-4fa3-a613-c78641e29f6b', 'd0df50f1-fbbb-4298-ab0c-f7e6e122c4c4', 'winner');
insert into matches (id, show_id, match_number, match_type, stipulation, is_title_match, title_id, is_mitb, mitb_cashin, defeat_type, rating, is_draw) values ('e9b08da5-6fd6-4ac2-8eed-ed21ea19f31e', 'b2c0b09f-9698-4c65-bd6c-90d7407dcf9c', 6, 'Single', NULL, FALSE, NULL, NULL, FALSE, 'Pin', 3.5, FALSE);
insert into match_participants (match_id, wrestler_id, result) values ('e9b08da5-6fd6-4ac2-8eed-ed21ea19f31e', 'a9e6b7c0-0b3c-450f-b759-ca62c0fa4434', 'winner');
insert into match_participants (match_id, wrestler_id, result) values ('e9b08da5-6fd6-4ac2-8eed-ed21ea19f31e', '0d2420e5-4511-44a9-8d66-a70eef1ce8d4', 'loser');
insert into matches (id, show_id, match_number, match_type, stipulation, is_title_match, title_id, is_mitb, mitb_cashin, defeat_type, rating, is_draw) values ('93bf44d1-7787-4f54-8a1a-ab9b6e788ffd', 'b2c0b09f-9698-4c65-bd6c-90d7407dcf9c', 7, 'Single', NULL, TRUE, 'f3ec52c9-649b-48cb-aa37-da278fbd72df', FALSE, FALSE, 'Pin', 4.0, FALSE);
insert into match_participants (match_id, wrestler_id, result) values ('93bf44d1-7787-4f54-8a1a-ab9b6e788ffd', '24041ddc-d965-4815-8c45-c9f97a2ed2c1', 'winner');
insert into match_participants (match_id, wrestler_id, result) values ('93bf44d1-7787-4f54-8a1a-ab9b6e788ffd', 'f53c5be3-c66c-4d29-b281-5c0157203703', 'loser');
insert into matches (id, show_id, match_number, match_type, stipulation, is_title_match, title_id, is_mitb, mitb_cashin, defeat_type, rating, is_draw) values ('d87cfbe8-5543-49cd-9f90-a02efd687d22', 'b2c0b09f-9698-4c65-bd6c-90d7407dcf9c', 8, 'Royal Rumble', NULL, FALSE, NULL, NULL, FALSE, 'Pin', 4.5, FALSE);
insert into match_participants (match_id, wrestler_id, result) values ('d87cfbe8-5543-49cd-9f90-a02efd687d22', '31f8c2ba-a0c4-4352-ae28-1cf68d200216', 'loser');
insert into match_participants (match_id, wrestler_id, result) values ('d87cfbe8-5543-49cd-9f90-a02efd687d22', '24041ddc-d965-4815-8c45-c9f97a2ed2c1', 'loser');
insert into match_participants (match_id, wrestler_id, result) values ('d87cfbe8-5543-49cd-9f90-a02efd687d22', 'b53deaf4-6809-46c8-a85f-587ef1ead267', 'loser');
insert into match_participants (match_id, wrestler_id, result) values ('d87cfbe8-5543-49cd-9f90-a02efd687d22', '122e2f4f-61c3-46f1-8de6-407a73f0712e', 'loser');
insert into match_participants (match_id, wrestler_id, result) values ('d87cfbe8-5543-49cd-9f90-a02efd687d22', '469ab9db-7202-45c0-a929-64eb9137b121', 'loser');
insert into match_participants (match_id, wrestler_id, result) values ('d87cfbe8-5543-49cd-9f90-a02efd687d22', '60c99dea-a118-4839-99eb-5de3ca41d5d4', 'loser');
insert into match_participants (match_id, wrestler_id, result) values ('d87cfbe8-5543-49cd-9f90-a02efd687d22', 'f53c5be3-c66c-4d29-b281-5c0157203703', 'loser');
insert into match_participants (match_id, wrestler_id, result) values ('d87cfbe8-5543-49cd-9f90-a02efd687d22', '0655bec3-0c3f-48ed-b466-a98f20841621', 'loser');
insert into match_participants (match_id, wrestler_id, result) values ('d87cfbe8-5543-49cd-9f90-a02efd687d22', '0d2420e5-4511-44a9-8d66-a70eef1ce8d4', 'loser');
insert into match_participants (match_id, wrestler_id, result) values ('d87cfbe8-5543-49cd-9f90-a02efd687d22', '0072611a-281e-4de5-bf57-fbc9696651ec', 'winner');
insert into match_participants (match_id, wrestler_id, result) values ('d87cfbe8-5543-49cd-9f90-a02efd687d22', '6744f55d-802e-4dc8-83da-df85f7d6e050', 'loser');
insert into match_participants (match_id, wrestler_id, result) values ('d87cfbe8-5543-49cd-9f90-a02efd687d22', 'bc93b973-151b-48ca-8d75-8f6c220a0d31', 'loser');
insert into match_participants (match_id, wrestler_id, result) values ('d87cfbe8-5543-49cd-9f90-a02efd687d22', 'ddf80d05-eb45-483d-a569-f2ae53f07b4b', 'loser');
insert into match_participants (match_id, wrestler_id, result) values ('d87cfbe8-5543-49cd-9f90-a02efd687d22', '7e31c302-05ee-4325-989f-aefa74f76445', 'loser');
insert into match_participants (match_id, wrestler_id, result) values ('d87cfbe8-5543-49cd-9f90-a02efd687d22', '2c23bf2a-90de-4618-9564-8e0e622857f1', 'loser');
insert into match_participants (match_id, wrestler_id, result) values ('d87cfbe8-5543-49cd-9f90-a02efd687d22', '146ed3a2-ffd0-498f-ab39-8a11824f6cff', 'loser');
insert into matches (id, show_id, match_number, match_type, stipulation, is_title_match, title_id, is_mitb, mitb_cashin, defeat_type, rating, is_draw) values ('5c358aae-8264-4e84-a982-df51d5712519', 'b2c0b09f-9698-4c65-bd6c-90d7407dcf9c', 9, 'Single', NULL, TRUE, 'd622c9f7-3d8e-4737-bf0e-ed99b1dd9919', FALSE, FALSE, 'Pin', 4.0, FALSE);
insert into match_participants (match_id, wrestler_id, result) values ('5c358aae-8264-4e84-a982-df51d5712519', '31f8c2ba-a0c4-4352-ae28-1cf68d200216', 'winner');
insert into match_participants (match_id, wrestler_id, result) values ('5c358aae-8264-4e84-a982-df51d5712519', 'ddf80d05-eb45-483d-a569-f2ae53f07b4b', 'loser');
insert into matches (id, show_id, match_number, match_type, stipulation, is_title_match, title_id, is_mitb, mitb_cashin, defeat_type, rating, is_draw) values ('d3273a8f-66d3-4beb-b0c8-862955756f9a', 'b2c0b09f-9698-4c65-bd6c-90d7407dcf9c', 10, 'Royal Rumble', NULL, FALSE, NULL, NULL, FALSE, 'Pin', 5.0, FALSE);
insert into match_participants (match_id, wrestler_id, result) values ('d3273a8f-66d3-4beb-b0c8-862955756f9a', '1fdbaeea-4dc7-41ff-9ce9-394d33e1ace4', 'loser');
insert into match_participants (match_id, wrestler_id, result) values ('d3273a8f-66d3-4beb-b0c8-862955756f9a', 'c582c07c-786b-4687-9aeb-b0431edfb330', 'loser');
insert into match_participants (match_id, wrestler_id, result) values ('d3273a8f-66d3-4beb-b0c8-862955756f9a', 'df1f0185-5678-4a36-8b11-55cda64a0fa0', 'loser');
insert into match_participants (match_id, wrestler_id, result) values ('d3273a8f-66d3-4beb-b0c8-862955756f9a', 'fe192097-a77b-4d95-a8b9-0f0147ab04a6', 'loser');
insert into match_participants (match_id, wrestler_id, result) values ('d3273a8f-66d3-4beb-b0c8-862955756f9a', 'ae2ce814-315f-41f0-ab99-eddf09a7d4c5', 'loser');
insert into match_participants (match_id, wrestler_id, result) values ('d3273a8f-66d3-4beb-b0c8-862955756f9a', 'db9025f4-91c4-47e8-b3de-e3864852a4c8', 'loser');
insert into match_participants (match_id, wrestler_id, result) values ('d3273a8f-66d3-4beb-b0c8-862955756f9a', 'a4325654-d541-4561-a709-9338864677a9', 'loser');
insert into match_participants (match_id, wrestler_id, result) values ('d3273a8f-66d3-4beb-b0c8-862955756f9a', '31f8c2ba-a0c4-4352-ae28-1cf68d200216', 'loser');
insert into match_participants (match_id, wrestler_id, result) values ('d3273a8f-66d3-4beb-b0c8-862955756f9a', 'fce02e68-03a4-4670-a5d4-a6790f4f92a1', 'winner');
insert into match_participants (match_id, wrestler_id, result) values ('d3273a8f-66d3-4beb-b0c8-862955756f9a', '152ce1d4-2816-4c5c-82d3-7a4fa068a413', 'loser');
insert into match_participants (match_id, wrestler_id, result) values ('d3273a8f-66d3-4beb-b0c8-862955756f9a', 'ede1c7ef-9eee-42fc-9380-cb209f0b828e', 'loser');
insert into match_participants (match_id, wrestler_id, result) values ('d3273a8f-66d3-4beb-b0c8-862955756f9a', 'cd5fa7e0-c982-449d-ab4f-cd0b33045715', 'loser');
insert into match_participants (match_id, wrestler_id, result) values ('d3273a8f-66d3-4beb-b0c8-862955756f9a', '7d9945b2-59a0-4661-8206-198fec52bb2f', 'loser');
insert into match_participants (match_id, wrestler_id, result) values ('d3273a8f-66d3-4beb-b0c8-862955756f9a', 'b0a5de67-da65-4808-bb98-ace3a77fa729', 'loser');
insert into match_participants (match_id, wrestler_id, result) values ('d3273a8f-66d3-4beb-b0c8-862955756f9a', '004c7b59-d738-4718-a1f0-39aa22e8039d', 'loser');
insert into match_participants (match_id, wrestler_id, result) values ('d3273a8f-66d3-4beb-b0c8-862955756f9a', 'ad63b3fd-9de8-4398-a085-7cc8f264589e', 'loser');
insert into match_participants (match_id, wrestler_id, result) values ('d3273a8f-66d3-4beb-b0c8-862955756f9a', 'd0df50f1-fbbb-4298-ab0c-f7e6e122c4c4', 'loser');
insert into match_participants (match_id, wrestler_id, result) values ('d3273a8f-66d3-4beb-b0c8-862955756f9a', 'cce2403e-b550-4727-9b4c-e04012c77f31', 'loser');
insert into match_participants (match_id, wrestler_id, result) values ('d3273a8f-66d3-4beb-b0c8-862955756f9a', '0aa96820-6e1c-4c70-8aa9-4fe6af0221a7', 'loser');
insert into match_participants (match_id, wrestler_id, result) values ('d3273a8f-66d3-4beb-b0c8-862955756f9a', '60a7e8b3-a4f5-4aae-a668-1742f5c1a5e9', 'loser');
insert into match_participants (match_id, wrestler_id, result) values ('d3273a8f-66d3-4beb-b0c8-862955756f9a', '5909ea1d-6838-40c8-8058-64854406eb27', 'loser');
insert into match_participants (match_id, wrestler_id, result) values ('d3273a8f-66d3-4beb-b0c8-862955756f9a', '6a3c5c70-fbb7-4a85-8940-df64e251eca3', 'loser');
insert into match_participants (match_id, wrestler_id, result) values ('d3273a8f-66d3-4beb-b0c8-862955756f9a', 'b2d0cb4c-4471-49a3-b524-544ce1bd95a1', 'loser');
insert into match_participants (match_id, wrestler_id, result) values ('d3273a8f-66d3-4beb-b0c8-862955756f9a', '07687962-07c0-46b6-9541-2d8b60e3c2c1', 'loser');
insert into match_participants (match_id, wrestler_id, result) values ('d3273a8f-66d3-4beb-b0c8-862955756f9a', '09a1ddc7-5133-4858-b8e1-c89de2eefe3b', 'loser');
insert into match_participants (match_id, wrestler_id, result) values ('d3273a8f-66d3-4beb-b0c8-862955756f9a', '9683fa4f-ffaf-4185-938d-e4a435a5aef7', 'loser');
insert into matches (id, show_id, match_number, match_type, stipulation, is_title_match, title_id, is_mitb, mitb_cashin, defeat_type, rating, is_draw) values ('a85f663b-d039-43d9-a2c2-21355f46f6ae', 'b2c0b09f-9698-4c65-bd6c-90d7407dcf9c', 11, 'Single', 'Steel Cage', FALSE, NULL, NULL, FALSE, 'Pin', 4.0, FALSE);
insert into match_participants (match_id, wrestler_id, result) values ('a85f663b-d039-43d9-a2c2-21355f46f6ae', '07687962-07c0-46b6-9541-2d8b60e3c2c1', 'winner');
insert into shows (id, name, show_date, show_type, ppv_name) values ('4658256b-80cf-4f1a-b687-cbbb0961f367', 'DAW 02-27-2026', '2026-02-27', 'weekly', NULL);
insert into matches (id, show_id, match_number, match_type, stipulation, is_title_match, title_id, is_mitb, mitb_cashin, defeat_type, rating, is_draw) values ('acee6761-7d81-4036-8086-b511355bcabc', '4658256b-80cf-4f1a-b687-cbbb0961f367', 1, 'Tag Team', NULL, FALSE, NULL, NULL, FALSE, 'Pin', 3.5, FALSE);
insert into matches (id, show_id, match_number, match_type, stipulation, is_title_match, title_id, is_mitb, mitb_cashin, defeat_type, rating, is_draw) values ('5e98d9f3-b677-41cc-ac6a-c57be153f314', '4658256b-80cf-4f1a-b687-cbbb0961f367', 2, 'Single', NULL, FALSE, NULL, NULL, FALSE, 'Pin', 4.5, FALSE);
insert into match_participants (match_id, wrestler_id, result) values ('5e98d9f3-b677-41cc-ac6a-c57be153f314', 'c582c07c-786b-4687-9aeb-b0431edfb330', 'loser');
insert into match_participants (match_id, wrestler_id, result) values ('5e98d9f3-b677-41cc-ac6a-c57be153f314', '1fdbaeea-4dc7-41ff-9ce9-394d33e1ace4', 'winner');
insert into matches (id, show_id, match_number, match_type, stipulation, is_title_match, title_id, is_mitb, mitb_cashin, defeat_type, rating, is_draw) values ('e233c1c6-7752-4d36-8245-f99bc6889f78', '4658256b-80cf-4f1a-b687-cbbb0961f367', 3, 'Triple Threat', NULL, FALSE, NULL, NULL, FALSE, 'Pin', 3.0, FALSE);
insert into match_participants (match_id, wrestler_id, result) values ('e233c1c6-7752-4d36-8245-f99bc6889f78', 'b0a5de67-da65-4808-bb98-ace3a77fa729', 'loser');
insert into match_participants (match_id, wrestler_id, result) values ('e233c1c6-7752-4d36-8245-f99bc6889f78', '004c7b59-d738-4718-a1f0-39aa22e8039d', 'winner');
insert into matches (id, show_id, match_number, match_type, stipulation, is_title_match, title_id, is_mitb, mitb_cashin, defeat_type, rating, is_draw) values ('099d6275-6a2c-42e8-b074-8c38d9fc87e5', '4658256b-80cf-4f1a-b687-cbbb0961f367', 4, 'Single', NULL, FALSE, NULL, NULL, FALSE, 'Pin', 4.0, FALSE);
insert into match_participants (match_id, wrestler_id, result) values ('099d6275-6a2c-42e8-b074-8c38d9fc87e5', 'b2d0cb4c-4471-49a3-b524-544ce1bd95a1', 'loser');
insert into match_participants (match_id, wrestler_id, result) values ('099d6275-6a2c-42e8-b074-8c38d9fc87e5', 'ad63b3fd-9de8-4398-a085-7cc8f264589e', 'winner');
insert into matches (id, show_id, match_number, match_type, stipulation, is_title_match, title_id, is_mitb, mitb_cashin, defeat_type, rating, is_draw) values ('95751e78-e5fb-43b5-9bec-ef86ecb77724', '4658256b-80cf-4f1a-b687-cbbb0961f367', 5, 'Single', NULL, FALSE, NULL, NULL, FALSE, 'Pin', 4.0, FALSE);
insert into match_participants (match_id, wrestler_id, result) values ('95751e78-e5fb-43b5-9bec-ef86ecb77724', '6744f55d-802e-4dc8-83da-df85f7d6e050', 'loser');
insert into match_participants (match_id, wrestler_id, result) values ('95751e78-e5fb-43b5-9bec-ef86ecb77724', '0d2420e5-4511-44a9-8d66-a70eef1ce8d4', 'winner');
insert into matches (id, show_id, match_number, match_type, stipulation, is_title_match, title_id, is_mitb, mitb_cashin, defeat_type, rating, is_draw) values ('7984192d-02c5-4a08-bd11-38089920ac41', '4658256b-80cf-4f1a-b687-cbbb0961f367', 6, 'Triple Threat', NULL, FALSE, NULL, NULL, FALSE, 'Pin', 1.5, FALSE);
insert into match_participants (match_id, wrestler_id, result) values ('7984192d-02c5-4a08-bd11-38089920ac41', 'f53c5be3-c66c-4d29-b281-5c0157203703', 'winner');
insert into match_participants (match_id, wrestler_id, result) values ('7984192d-02c5-4a08-bd11-38089920ac41', '0655bec3-0c3f-48ed-b466-a98f20841621', 'loser');
insert into match_participants (match_id, wrestler_id, result) values ('7984192d-02c5-4a08-bd11-38089920ac41', '60c99dea-a118-4839-99eb-5de3ca41d5d4', 'loser');
insert into matches (id, show_id, match_number, match_type, stipulation, is_title_match, title_id, is_mitb, mitb_cashin, defeat_type, rating, is_draw) values ('503163ad-0fbd-421b-8114-adfb8b1a4e5a', '4658256b-80cf-4f1a-b687-cbbb0961f367', 7, 'Single', NULL, FALSE, NULL, NULL, FALSE, 'Pin', 3.0, FALSE);
insert into match_participants (match_id, wrestler_id, result) values ('503163ad-0fbd-421b-8114-adfb8b1a4e5a', '0072611a-281e-4de5-bf57-fbc9696651ec', 'loser');
insert into match_participants (match_id, wrestler_id, result) values ('503163ad-0fbd-421b-8114-adfb8b1a4e5a', '146ed3a2-ffd0-498f-ab39-8a11824f6cff', 'winner');
insert into matches (id, show_id, match_number, match_type, stipulation, is_title_match, title_id, is_mitb, mitb_cashin, defeat_type, rating, is_draw) values ('c815d381-0ff5-4b39-8b3b-a904974c8d68', '4658256b-80cf-4f1a-b687-cbbb0961f367', 8, 'Single', NULL, FALSE, NULL, NULL, FALSE, 'Pin', 3.0, FALSE);
insert into match_participants (match_id, wrestler_id, result) values ('c815d381-0ff5-4b39-8b3b-a904974c8d68', 'ddf80d05-eb45-483d-a569-f2ae53f07b4b', 'loser');
insert into match_participants (match_id, wrestler_id, result) values ('c815d381-0ff5-4b39-8b3b-a904974c8d68', '24041ddc-d965-4815-8c45-c9f97a2ed2c1', 'winner');
insert into matches (id, show_id, match_number, match_type, stipulation, is_title_match, title_id, is_mitb, mitb_cashin, defeat_type, rating, is_draw) values ('1ddc3c61-14a1-4483-abbf-7599894eeb76', '4658256b-80cf-4f1a-b687-cbbb0961f367', 9, 'Single', NULL, FALSE, NULL, NULL, FALSE, 'Pin', 3.5, FALSE);
insert into match_participants (match_id, wrestler_id, result) values ('1ddc3c61-14a1-4483-abbf-7599894eeb76', 'cce2403e-b550-4727-9b4c-e04012c77f31', 'loser');
insert into match_participants (match_id, wrestler_id, result) values ('1ddc3c61-14a1-4483-abbf-7599894eeb76', '7ca7fd7b-2526-41ea-b143-cdd82f404014', 'winner');
insert into shows (id, name, show_date, show_type, ppv_name) values ('29b0f585-7ad1-4744-a3e6-d1114009ac6e', 'DAW 03-06-2026', '2026-03-06', 'weekly', NULL);
insert into matches (id, show_id, match_number, match_type, stipulation, is_title_match, title_id, is_mitb, mitb_cashin, defeat_type, rating, is_draw) values ('cc413656-fa20-4c2a-8684-6983f6da41f7', '29b0f585-7ad1-4744-a3e6-d1114009ac6e', 1, 'Tag Team', NULL, FALSE, NULL, NULL, FALSE, 'Pin', 1.5, FALSE);
insert into match_participants (match_id, team_id, result) values ('cc413656-fa20-4c2a-8684-6983f6da41f7', '83fd0ef7-a31d-432b-9a7c-594309de6c3f', 'loser');
insert into matches (id, show_id, match_number, match_type, stipulation, is_title_match, title_id, is_mitb, mitb_cashin, defeat_type, rating, is_draw) values ('5aecb97a-04db-4474-ae49-73c670748a4f', '29b0f585-7ad1-4744-a3e6-d1114009ac6e', 1, 'Single', NULL, FALSE, NULL, NULL, FALSE, 'Pin', 4.0, FALSE);
insert into match_participants (match_id, wrestler_id, result) values ('5aecb97a-04db-4474-ae49-73c670748a4f', 'db9025f4-91c4-47e8-b3de-e3864852a4c8', 'loser');
insert into match_participants (match_id, wrestler_id, result) values ('5aecb97a-04db-4474-ae49-73c670748a4f', 'ad63b3fd-9de8-4398-a085-7cc8f264589e', 'winner');
insert into matches (id, show_id, match_number, match_type, stipulation, is_title_match, title_id, is_mitb, mitb_cashin, defeat_type, rating, is_draw) values ('477f328a-9c45-43e3-b64d-257a8658ce76', '29b0f585-7ad1-4744-a3e6-d1114009ac6e', 2, 'Single', NULL, FALSE, NULL, NULL, FALSE, 'Pin', 3.5, FALSE);
insert into match_participants (match_id, wrestler_id, result) values ('477f328a-9c45-43e3-b64d-257a8658ce76', '9683fa4f-ffaf-4185-938d-e4a435a5aef7', 'loser');
insert into match_participants (match_id, wrestler_id, result) values ('477f328a-9c45-43e3-b64d-257a8658ce76', 'd0df50f1-fbbb-4298-ab0c-f7e6e122c4c4', 'winner');
insert into matches (id, show_id, match_number, match_type, stipulation, is_title_match, title_id, is_mitb, mitb_cashin, defeat_type, rating, is_draw) values ('60ea294a-237b-406a-a45f-5f14193999e9', '29b0f585-7ad1-4744-a3e6-d1114009ac6e', 4, 'Single', NULL, FALSE, NULL, NULL, FALSE, 'Pin', 1.0, FALSE);
insert into match_participants (match_id, wrestler_id, result) values ('60ea294a-237b-406a-a45f-5f14193999e9', 'a4325654-d541-4561-a709-9338864677a9', 'loser');
insert into matches (id, show_id, match_number, match_type, stipulation, is_title_match, title_id, is_mitb, mitb_cashin, defeat_type, rating, is_draw) values ('c486e462-fc45-4a0b-b2e3-527c7b5bd3c1', '29b0f585-7ad1-4744-a3e6-d1114009ac6e', 5, 'Single', NULL, FALSE, NULL, NULL, FALSE, 'Pin', 5.0, FALSE);
insert into match_participants (match_id, wrestler_id, result) values ('c486e462-fc45-4a0b-b2e3-527c7b5bd3c1', '146ed3a2-ffd0-498f-ab39-8a11824f6cff', 'winner');
insert into match_participants (match_id, wrestler_id, result) values ('c486e462-fc45-4a0b-b2e3-527c7b5bd3c1', '0d2420e5-4511-44a9-8d66-a70eef1ce8d4', 'loser');
insert into matches (id, show_id, match_number, match_type, stipulation, is_title_match, title_id, is_mitb, mitb_cashin, defeat_type, rating, is_draw) values ('d8ed0b5b-3c61-4229-b49a-de17d38bdaa5', '29b0f585-7ad1-4744-a3e6-d1114009ac6e', 6, 'Triple Threat', NULL, FALSE, NULL, NULL, FALSE, 'Pin', 3.5, FALSE);
insert into match_participants (match_id, wrestler_id, result) values ('d8ed0b5b-3c61-4229-b49a-de17d38bdaa5', '7d9945b2-59a0-4661-8206-198fec52bb2f', 'winner');
insert into match_participants (match_id, wrestler_id, result) values ('d8ed0b5b-3c61-4229-b49a-de17d38bdaa5', 'b2d0cb4c-4471-49a3-b524-544ce1bd95a1', 'loser');
insert into match_participants (match_id, wrestler_id, result) values ('d8ed0b5b-3c61-4229-b49a-de17d38bdaa5', '1fdbaeea-4dc7-41ff-9ce9-394d33e1ace4', 'loser');
insert into matches (id, show_id, match_number, match_type, stipulation, is_title_match, title_id, is_mitb, mitb_cashin, defeat_type, rating, is_draw) values ('b369c082-4d68-4f9b-8907-41e10d930b42', '29b0f585-7ad1-4744-a3e6-d1114009ac6e', 7, 'Single', NULL, FALSE, NULL, NULL, FALSE, 'Pin', 3.0, FALSE);
insert into match_participants (match_id, wrestler_id, result) values ('b369c082-4d68-4f9b-8907-41e10d930b42', '6744f55d-802e-4dc8-83da-df85f7d6e050', 'winner');
insert into match_participants (match_id, wrestler_id, result) values ('b369c082-4d68-4f9b-8907-41e10d930b42', '31f8c2ba-a0c4-4352-ae28-1cf68d200216', 'loser');
insert into matches (id, show_id, match_number, match_type, stipulation, is_title_match, title_id, is_mitb, mitb_cashin, defeat_type, rating, is_draw) values ('1b7af1bb-27ca-4eee-b5ad-2e8d9ff98762', '29b0f585-7ad1-4744-a3e6-d1114009ac6e', 8, 'Single', NULL, FALSE, NULL, NULL, FALSE, 'Pin', 4.0, FALSE);
insert into match_participants (match_id, wrestler_id, result) values ('1b7af1bb-27ca-4eee-b5ad-2e8d9ff98762', 'bc93b973-151b-48ca-8d75-8f6c220a0d31', 'loser');
insert into match_participants (match_id, wrestler_id, result) values ('1b7af1bb-27ca-4eee-b5ad-2e8d9ff98762', '24041ddc-d965-4815-8c45-c9f97a2ed2c1', 'winner');
insert into matches (id, show_id, match_number, match_type, stipulation, is_title_match, title_id, is_mitb, mitb_cashin, defeat_type, rating, is_draw) values ('5ed824a8-58fe-450d-b10c-30e913ea9d48', '29b0f585-7ad1-4744-a3e6-d1114009ac6e', 9, 'Single', NULL, FALSE, NULL, NULL, FALSE, 'Pin', 3.0, FALSE);
insert into match_participants (match_id, wrestler_id, result) values ('5ed824a8-58fe-450d-b10c-30e913ea9d48', '07687962-07c0-46b6-9541-2d8b60e3c2c1', 'loser');
insert into match_participants (match_id, wrestler_id, result) values ('5ed824a8-58fe-450d-b10c-30e913ea9d48', '5909ea1d-6838-40c8-8058-64854406eb27', 'winner');
insert into matches (id, show_id, match_number, match_type, stipulation, is_title_match, title_id, is_mitb, mitb_cashin, defeat_type, rating, is_draw) values ('c2c009ff-9ac7-41a6-a38a-9c7bcb6d1adf', '29b0f585-7ad1-4744-a3e6-d1114009ac6e', 10, 'Single', NULL, TRUE, '7ff2d038-78e9-4309-ab61-a31d82302425', FALSE, FALSE, 'Pin', 3.5, FALSE);
insert into match_participants (match_id, wrestler_id, result) values ('c2c009ff-9ac7-41a6-a38a-9c7bcb6d1adf', '7ca7fd7b-2526-41ea-b143-cdd82f404014', 'loser');
insert into match_participants (match_id, wrestler_id, result) values ('c2c009ff-9ac7-41a6-a38a-9c7bcb6d1adf', '2c23bf2a-90de-4618-9564-8e0e622857f1', 'winner');
insert into shows (id, name, show_date, show_type, ppv_name) values ('1820d431-a203-46bb-8277-1c8fa57ef962', 'DAW 03-13-2026', '2026-03-13', 'weekly', NULL);
insert into matches (id, show_id, match_number, match_type, stipulation, is_title_match, title_id, is_mitb, mitb_cashin, defeat_type, rating, is_draw) values ('d11dae67-b929-47e8-8fe2-0e31a987e093', '1820d431-a203-46bb-8277-1c8fa57ef962', 1, 'Triple Threat', NULL, FALSE, NULL, NULL, FALSE, 'Pin', 4.0, FALSE);
insert into match_participants (match_id, wrestler_id, result) values ('d11dae67-b929-47e8-8fe2-0e31a987e093', 'c582c07c-786b-4687-9aeb-b0431edfb330', 'loser');
insert into match_participants (match_id, wrestler_id, result) values ('d11dae67-b929-47e8-8fe2-0e31a987e093', 'ae2ce814-315f-41f0-ab99-eddf09a7d4c5', 'winner');
insert into matches (id, show_id, match_number, match_type, stipulation, is_title_match, title_id, is_mitb, mitb_cashin, defeat_type, rating, is_draw) values ('e4f08d9b-6099-40bd-a9c2-aad3b3e2dd4e', '1820d431-a203-46bb-8277-1c8fa57ef962', 2, 'Single', NULL, FALSE, NULL, NULL, FALSE, 'Pin', 4.0, FALSE);
insert into match_participants (match_id, wrestler_id, result) values ('e4f08d9b-6099-40bd-a9c2-aad3b3e2dd4e', '1fdbaeea-4dc7-41ff-9ce9-394d33e1ace4', 'loser');
insert into match_participants (match_id, wrestler_id, result) values ('e4f08d9b-6099-40bd-a9c2-aad3b3e2dd4e', 'd0df50f1-fbbb-4298-ab0c-f7e6e122c4c4', 'winner');
insert into matches (id, show_id, match_number, match_type, stipulation, is_title_match, title_id, is_mitb, mitb_cashin, defeat_type, rating, is_draw) values ('a36253be-47f8-4a54-ab48-7378fbdd6e89', '1820d431-a203-46bb-8277-1c8fa57ef962', 3, 'Single', NULL, FALSE, NULL, NULL, FALSE, 'Pin', 4.0, FALSE);
insert into match_participants (match_id, wrestler_id, result) values ('a36253be-47f8-4a54-ab48-7378fbdd6e89', '09a1ddc7-5133-4858-b8e1-c89de2eefe3b', 'winner');
insert into match_participants (match_id, wrestler_id, result) values ('a36253be-47f8-4a54-ab48-7378fbdd6e89', '9683fa4f-ffaf-4185-938d-e4a435a5aef7', 'loser');
insert into matches (id, show_id, match_number, match_type, stipulation, is_title_match, title_id, is_mitb, mitb_cashin, defeat_type, rating, is_draw) values ('2697c99b-0e95-4077-9304-c05054776a3c', '1820d431-a203-46bb-8277-1c8fa57ef962', 4, 'Single', NULL, FALSE, NULL, NULL, FALSE, 'Pin', 3.0, FALSE);
insert into match_participants (match_id, wrestler_id, result) values ('2697c99b-0e95-4077-9304-c05054776a3c', 'b0a5de67-da65-4808-bb98-ace3a77fa729', 'winner');
insert into match_participants (match_id, wrestler_id, result) values ('2697c99b-0e95-4077-9304-c05054776a3c', 'ad63b3fd-9de8-4398-a085-7cc8f264589e', 'loser');
insert into matches (id, show_id, match_number, match_type, stipulation, is_title_match, title_id, is_mitb, mitb_cashin, defeat_type, rating, is_draw) values ('8678ea29-707a-4c31-b26e-ca0e54cdd524', '1820d431-a203-46bb-8277-1c8fa57ef962', 5, 'Triple Threat', NULL, FALSE, NULL, NULL, FALSE, 'Pin', 4.0, FALSE);
insert into match_participants (match_id, wrestler_id, result) values ('8678ea29-707a-4c31-b26e-ca0e54cdd524', 'ddf80d05-eb45-483d-a569-f2ae53f07b4b', 'loser');
insert into match_participants (match_id, wrestler_id, result) values ('8678ea29-707a-4c31-b26e-ca0e54cdd524', '0655bec3-0c3f-48ed-b466-a98f20841621', 'loser');
insert into match_participants (match_id, wrestler_id, result) values ('8678ea29-707a-4c31-b26e-ca0e54cdd524', 'f53c5be3-c66c-4d29-b281-5c0157203703', 'winner');
insert into matches (id, show_id, match_number, match_type, stipulation, is_title_match, title_id, is_mitb, mitb_cashin, defeat_type, rating, is_draw) values ('9c3d23df-933f-45ae-92d1-fad534af2721', '1820d431-a203-46bb-8277-1c8fa57ef962', 6, 'Single', NULL, FALSE, NULL, NULL, FALSE, 'Pin', 4.5, FALSE);
insert into match_participants (match_id, wrestler_id, result) values ('9c3d23df-933f-45ae-92d1-fad534af2721', '31f8c2ba-a0c4-4352-ae28-1cf68d200216', 'winner');
insert into match_participants (match_id, wrestler_id, result) values ('9c3d23df-933f-45ae-92d1-fad534af2721', '0d2420e5-4511-44a9-8d66-a70eef1ce8d4', 'loser');
insert into matches (id, show_id, match_number, match_type, stipulation, is_title_match, title_id, is_mitb, mitb_cashin, defeat_type, rating, is_draw) values ('bf0a46f0-996d-4abf-90fb-f5ad421b84b1', '1820d431-a203-46bb-8277-1c8fa57ef962', 7, 'Single', NULL, FALSE, NULL, NULL, FALSE, 'Pin', 4.0, FALSE);
insert into match_participants (match_id, wrestler_id, result) values ('bf0a46f0-996d-4abf-90fb-f5ad421b84b1', 'fce02e68-03a4-4670-a5d4-a6790f4f92a1', 'loser');
insert into match_participants (match_id, wrestler_id, result) values ('bf0a46f0-996d-4abf-90fb-f5ad421b84b1', '07687962-07c0-46b6-9541-2d8b60e3c2c1', 'winner');
insert into matches (id, show_id, match_number, match_type, stipulation, is_title_match, title_id, is_mitb, mitb_cashin, defeat_type, rating, is_draw) values ('ed4512e7-0399-4498-a20e-5b073addde30', '1820d431-a203-46bb-8277-1c8fa57ef962', 8, 'Single', NULL, FALSE, NULL, NULL, FALSE, 'Pin', 4.5, FALSE);
insert into match_participants (match_id, wrestler_id, result) values ('ed4512e7-0399-4498-a20e-5b073addde30', '2c23bf2a-90de-4618-9564-8e0e622857f1', 'winner');
insert into match_participants (match_id, wrestler_id, result) values ('ed4512e7-0399-4498-a20e-5b073addde30', '24041ddc-d965-4815-8c45-c9f97a2ed2c1', 'loser');
insert into matches (id, show_id, match_number, match_type, stipulation, is_title_match, title_id, is_mitb, mitb_cashin, defeat_type, rating, is_draw) values ('99571fc5-125e-4af7-9829-78a1abd47477', '1820d431-a203-46bb-8277-1c8fa57ef962', 9, 'Single', NULL, FALSE, NULL, NULL, FALSE, 'Pin', 3.5, FALSE);
insert into match_participants (match_id, wrestler_id, result) values ('99571fc5-125e-4af7-9829-78a1abd47477', 'b2d0cb4c-4471-49a3-b524-544ce1bd95a1', 'loser');
insert into match_participants (match_id, wrestler_id, result) values ('99571fc5-125e-4af7-9829-78a1abd47477', '7ca7fd7b-2526-41ea-b143-cdd82f404014', 'winner');
insert into shows (id, name, show_date, show_type, ppv_name) values ('9ed9f870-6e7e-4bb1-ab1d-a04ffdb509c0', 'DAW 03-20-2026', '2026-03-20', 'weekly', NULL);
insert into matches (id, show_id, match_number, match_type, stipulation, is_title_match, title_id, is_mitb, mitb_cashin, defeat_type, rating, is_draw) values ('48272b4c-dade-4dde-b272-42484de22f9e', '9ed9f870-6e7e-4bb1-ab1d-a04ffdb509c0', 1, 'Triple Threat', NULL, FALSE, NULL, NULL, FALSE, 'Pin', 4.5, FALSE);
insert into match_participants (match_id, wrestler_id, result) values ('48272b4c-dade-4dde-b272-42484de22f9e', '5909ea1d-6838-40c8-8058-64854406eb27', 'loser');
insert into match_participants (match_id, wrestler_id, result) values ('48272b4c-dade-4dde-b272-42484de22f9e', 'ad63b3fd-9de8-4398-a085-7cc8f264589e', 'loser');
insert into match_participants (match_id, wrestler_id, result) values ('48272b4c-dade-4dde-b272-42484de22f9e', '9683fa4f-ffaf-4185-938d-e4a435a5aef7', 'winner');
insert into matches (id, show_id, match_number, match_type, stipulation, is_title_match, title_id, is_mitb, mitb_cashin, defeat_type, rating, is_draw) values ('c7a1c380-4bd5-4680-a155-8bc03c3f74f7', '9ed9f870-6e7e-4bb1-ab1d-a04ffdb509c0', 2, 'Single', NULL, FALSE, NULL, NULL, FALSE, 'Pin', 5.0, FALSE);
insert into match_participants (match_id, wrestler_id, result) values ('c7a1c380-4bd5-4680-a155-8bc03c3f74f7', '7d9945b2-59a0-4661-8206-198fec52bb2f', 'winner');
insert into match_participants (match_id, wrestler_id, result) values ('c7a1c380-4bd5-4680-a155-8bc03c3f74f7', '1fdbaeea-4dc7-41ff-9ce9-394d33e1ace4', 'loser');
insert into matches (id, show_id, match_number, match_type, stipulation, is_title_match, title_id, is_mitb, mitb_cashin, defeat_type, rating, is_draw) values ('db878432-95e3-4275-b592-043d60717ec7', '9ed9f870-6e7e-4bb1-ab1d-a04ffdb509c0', 3, 'Single', NULL, FALSE, NULL, NULL, FALSE, 'Pin', 1.5, FALSE);
insert into match_participants (match_id, wrestler_id, result) values ('db878432-95e3-4275-b592-043d60717ec7', 'bc93b973-151b-48ca-8d75-8f6c220a0d31', 'winner');
insert into match_participants (match_id, wrestler_id, result) values ('db878432-95e3-4275-b592-043d60717ec7', '0072611a-281e-4de5-bf57-fbc9696651ec', 'loser');
insert into matches (id, show_id, match_number, match_type, stipulation, is_title_match, title_id, is_mitb, mitb_cashin, defeat_type, rating, is_draw) values ('248efc8b-d84c-46d7-991d-4ef714344b35', '9ed9f870-6e7e-4bb1-ab1d-a04ffdb509c0', 4, 'Single', NULL, FALSE, NULL, NULL, FALSE, 'Pin', 4.0, FALSE);
insert into match_participants (match_id, wrestler_id, result) values ('248efc8b-d84c-46d7-991d-4ef714344b35', 'b2d0cb4c-4471-49a3-b524-544ce1bd95a1', 'loser');
insert into match_participants (match_id, wrestler_id, result) values ('248efc8b-d84c-46d7-991d-4ef714344b35', '31f8c2ba-a0c4-4352-ae28-1cf68d200216', 'winner');
insert into matches (id, show_id, match_number, match_type, stipulation, is_title_match, title_id, is_mitb, mitb_cashin, defeat_type, rating, is_draw) values ('e5787984-b39f-446b-81e4-392b1ffcbef5', '9ed9f870-6e7e-4bb1-ab1d-a04ffdb509c0', 5, 'Single', NULL, FALSE, NULL, NULL, FALSE, 'Pin', 4.0, FALSE);
insert into match_participants (match_id, wrestler_id, result) values ('e5787984-b39f-446b-81e4-392b1ffcbef5', '0655bec3-0c3f-48ed-b466-a98f20841621', 'winner');
insert into match_participants (match_id, wrestler_id, result) values ('e5787984-b39f-446b-81e4-392b1ffcbef5', '60c99dea-a118-4839-99eb-5de3ca41d5d4', 'loser');
insert into matches (id, show_id, match_number, match_type, stipulation, is_title_match, title_id, is_mitb, mitb_cashin, defeat_type, rating, is_draw) values ('2324f4e4-1db4-4707-bb45-617729c4088c', '9ed9f870-6e7e-4bb1-ab1d-a04ffdb509c0', 6, 'Single', NULL, FALSE, NULL, NULL, FALSE, 'Pin', 4.0, FALSE);
insert into match_participants (match_id, wrestler_id, result) values ('2324f4e4-1db4-4707-bb45-617729c4088c', 'f53c5be3-c66c-4d29-b281-5c0157203703', 'loser');
insert into match_participants (match_id, wrestler_id, result) values ('2324f4e4-1db4-4707-bb45-617729c4088c', 'ddf80d05-eb45-483d-a569-f2ae53f07b4b', 'winner');
insert into matches (id, show_id, match_number, match_type, stipulation, is_title_match, title_id, is_mitb, mitb_cashin, defeat_type, rating, is_draw) values ('f857ed4a-8757-4713-91ac-31f0471fc8b1', '9ed9f870-6e7e-4bb1-ab1d-a04ffdb509c0', 7, 'Single', NULL, FALSE, NULL, NULL, FALSE, 'Pin', 3.5, FALSE);
insert into match_participants (match_id, wrestler_id, result) values ('f857ed4a-8757-4713-91ac-31f0471fc8b1', '6744f55d-802e-4dc8-83da-df85f7d6e050', 'winner');
insert into match_participants (match_id, wrestler_id, result) values ('f857ed4a-8757-4713-91ac-31f0471fc8b1', '24041ddc-d965-4815-8c45-c9f97a2ed2c1', 'loser');
insert into matches (id, show_id, match_number, match_type, stipulation, is_title_match, title_id, is_mitb, mitb_cashin, defeat_type, rating, is_draw) values ('7ed1f046-ce98-4562-8507-c744e2085b22', '9ed9f870-6e7e-4bb1-ab1d-a04ffdb509c0', 8, 'Single', NULL, FALSE, NULL, NULL, FALSE, 'Pin', 2.0, FALSE);
insert into match_participants (match_id, wrestler_id, result) values ('7ed1f046-ce98-4562-8507-c744e2085b22', '07687962-07c0-46b6-9541-2d8b60e3c2c1', 'winner');
insert into match_participants (match_id, wrestler_id, result) values ('7ed1f046-ce98-4562-8507-c744e2085b22', '7ca7fd7b-2526-41ea-b143-cdd82f404014', 'loser');
insert into matches (id, show_id, match_number, match_type, stipulation, is_title_match, title_id, is_mitb, mitb_cashin, defeat_type, rating, is_draw) values ('f5a8ee95-3bbe-4aab-ae1b-1acea9aa4f58', '9ed9f870-6e7e-4bb1-ab1d-a04ffdb509c0', 9, 'Tag Team', 'Hardcore', FALSE, NULL, NULL, FALSE, 'Pin', 4.0, FALSE);
insert into shows (id, name, show_date, show_type, ppv_name) values ('882d0126-17f6-440b-a330-725fba737f2b', 'DAW 03-27-2026', '2026-03-27', 'weekly', NULL);
insert into matches (id, show_id, match_number, match_type, stipulation, is_title_match, title_id, is_mitb, mitb_cashin, defeat_type, rating, is_draw) values ('4f8cf117-4a1c-4bfa-accd-1afd22c79215', '882d0126-17f6-440b-a330-725fba737f2b', 1, 'Tag Team', NULL, FALSE, NULL, NULL, FALSE, 'Pin', 2.5, FALSE);
insert into match_participants (match_id, team_id, result) values ('4f8cf117-4a1c-4bfa-accd-1afd22c79215', '83fd0ef7-a31d-432b-9a7c-594309de6c3f', 'loser');
insert into matches (id, show_id, match_number, match_type, stipulation, is_title_match, title_id, is_mitb, mitb_cashin, defeat_type, rating, is_draw) values ('7ce9f1a3-51ee-4121-ac6e-e0d164c7394a', '882d0126-17f6-440b-a330-725fba737f2b', 2, 'Single', NULL, FALSE, NULL, NULL, FALSE, 'Pin', 4.0, FALSE);
insert into match_participants (match_id, wrestler_id, result) values ('7ce9f1a3-51ee-4121-ac6e-e0d164c7394a', 'f53c5be3-c66c-4d29-b281-5c0157203703', 'winner');
insert into match_participants (match_id, wrestler_id, result) values ('7ce9f1a3-51ee-4121-ac6e-e0d164c7394a', 'bc93b973-151b-48ca-8d75-8f6c220a0d31', 'loser');
insert into matches (id, show_id, match_number, match_type, stipulation, is_title_match, title_id, is_mitb, mitb_cashin, defeat_type, rating, is_draw) values ('6ac22851-6988-4c02-a3b3-205710d8f560', '882d0126-17f6-440b-a330-725fba737f2b', 3, 'Triple Threat', 'Hardcore', FALSE, NULL, NULL, FALSE, 'Pin', 4.5, FALSE);
insert into match_participants (match_id, wrestler_id, result) values ('6ac22851-6988-4c02-a3b3-205710d8f560', 'b2d0cb4c-4471-49a3-b524-544ce1bd95a1', 'loser');
insert into match_participants (match_id, wrestler_id, result) values ('6ac22851-6988-4c02-a3b3-205710d8f560', 'db9025f4-91c4-47e8-b3de-e3864852a4c8', 'loser');
insert into match_participants (match_id, wrestler_id, result) values ('6ac22851-6988-4c02-a3b3-205710d8f560', 'cce2403e-b550-4727-9b4c-e04012c77f31', 'winner');
insert into matches (id, show_id, match_number, match_type, stipulation, is_title_match, title_id, is_mitb, mitb_cashin, defeat_type, rating, is_draw) values ('af55105d-c7d8-4b04-8bb6-5eff00a4e966', '882d0126-17f6-440b-a330-725fba737f2b', 4, 'Single', 'Hardcore', FALSE, NULL, NULL, FALSE, 'Pin', 5.0, FALSE);
insert into match_participants (match_id, wrestler_id, result) values ('af55105d-c7d8-4b04-8bb6-5eff00a4e966', 'ae2ce814-315f-41f0-ab99-eddf09a7d4c5', 'winner');
insert into match_participants (match_id, wrestler_id, result) values ('af55105d-c7d8-4b04-8bb6-5eff00a4e966', 'ad63b3fd-9de8-4398-a085-7cc8f264589e', 'loser');
insert into matches (id, show_id, match_number, match_type, stipulation, is_title_match, title_id, is_mitb, mitb_cashin, defeat_type, rating, is_draw) values ('09d87c2d-0408-4cd3-a012-72348d1375a3', '882d0126-17f6-440b-a330-725fba737f2b', 5, 'Single', NULL, FALSE, NULL, NULL, FALSE, 'Pin', 2.0, FALSE);
insert into match_participants (match_id, wrestler_id, result) values ('09d87c2d-0408-4cd3-a012-72348d1375a3', 'ddf80d05-eb45-483d-a569-f2ae53f07b4b', 'loser');
insert into match_participants (match_id, wrestler_id, result) values ('09d87c2d-0408-4cd3-a012-72348d1375a3', '0655bec3-0c3f-48ed-b466-a98f20841621', 'winner');
insert into matches (id, show_id, match_number, match_type, stipulation, is_title_match, title_id, is_mitb, mitb_cashin, defeat_type, rating, is_draw) values ('75365949-84d7-4705-bde2-1f095d9c0242', '882d0126-17f6-440b-a330-725fba737f2b', 6, 'Single', NULL, FALSE, NULL, NULL, FALSE, 'Pin', 1.5, FALSE);
insert into match_participants (match_id, wrestler_id, result) values ('75365949-84d7-4705-bde2-1f095d9c0242', '7e31c302-05ee-4325-989f-aefa74f76445', 'loser');
insert into match_participants (match_id, wrestler_id, result) values ('75365949-84d7-4705-bde2-1f095d9c0242', '0d2420e5-4511-44a9-8d66-a70eef1ce8d4', 'winner');
insert into matches (id, show_id, match_number, match_type, stipulation, is_title_match, title_id, is_mitb, mitb_cashin, defeat_type, rating, is_draw) values ('023176c4-ff7d-44a6-863a-7937b9e3b538', '882d0126-17f6-440b-a330-725fba737f2b', 7, 'Single', NULL, FALSE, NULL, NULL, FALSE, 'Pin', 2.0, FALSE);
insert into match_participants (match_id, wrestler_id, result) values ('023176c4-ff7d-44a6-863a-7937b9e3b538', 'a4325654-d541-4561-a709-9338864677a9', 'winner');
insert into match_participants (match_id, wrestler_id, result) values ('023176c4-ff7d-44a6-863a-7937b9e3b538', 'd7307e76-a25c-412e-85b7-85c085319404', 'loser');
insert into matches (id, show_id, match_number, match_type, stipulation, is_title_match, title_id, is_mitb, mitb_cashin, defeat_type, rating, is_draw) values ('6e58b859-791f-407e-b68a-01a8aafa83ac', '882d0126-17f6-440b-a330-725fba737f2b', 8, 'Single', NULL, FALSE, NULL, NULL, FALSE, 'Pin', 2.0, FALSE);
insert into match_participants (match_id, wrestler_id, result) values ('6e58b859-791f-407e-b68a-01a8aafa83ac', '1fdbaeea-4dc7-41ff-9ce9-394d33e1ace4', 'loser');
insert into match_participants (match_id, wrestler_id, result) values ('6e58b859-791f-407e-b68a-01a8aafa83ac', '7ca7fd7b-2526-41ea-b143-cdd82f404014', 'winner');
insert into matches (id, show_id, match_number, match_type, stipulation, is_title_match, title_id, is_mitb, mitb_cashin, defeat_type, rating, is_draw) values ('4e0aa3af-9dec-43c5-aace-649d6d4ad468', '882d0126-17f6-440b-a330-725fba737f2b', 9, 'Triple Threat', NULL, FALSE, NULL, NULL, FALSE, 'Pin', 4.5, FALSE);
insert into match_participants (match_id, wrestler_id, result) values ('4e0aa3af-9dec-43c5-aace-649d6d4ad468', '6744f55d-802e-4dc8-83da-df85f7d6e050', 'winner');
insert into match_participants (match_id, wrestler_id, result) values ('4e0aa3af-9dec-43c5-aace-649d6d4ad468', '24041ddc-d965-4815-8c45-c9f97a2ed2c1', 'loser');
insert into match_participants (match_id, wrestler_id, result) values ('4e0aa3af-9dec-43c5-aace-649d6d4ad468', '7d9945b2-59a0-4661-8206-198fec52bb2f', 'loser');
insert into shows (id, name, show_date, show_type, ppv_name) values ('aedd42c0-fe87-441c-903e-5033bf0836b1', 'DAW 04-03-2026', '2026-04-03', 'weekly', NULL);
insert into matches (id, show_id, match_number, match_type, stipulation, is_title_match, title_id, is_mitb, mitb_cashin, defeat_type, rating, is_draw) values ('272b3cc1-a937-4fd1-803f-aa988ff252ff', 'aedd42c0-fe87-441c-903e-5033bf0836b1', 1, 'Tag Team', NULL, FALSE, NULL, NULL, FALSE, 'Pin', 3.5, FALSE);
insert into match_participants (match_id, team_id, result) values ('272b3cc1-a937-4fd1-803f-aa988ff252ff', 'd812adbb-b4b1-443b-b4a5-ec26000dc1b8', 'loser');
insert into matches (id, show_id, match_number, match_type, stipulation, is_title_match, title_id, is_mitb, mitb_cashin, defeat_type, rating, is_draw) values ('f66a9b22-3465-4634-b7b2-ac471f5927f7', 'aedd42c0-fe87-441c-903e-5033bf0836b1', 2, 'Single', NULL, FALSE, NULL, NULL, FALSE, 'Pin', 3.5, FALSE);
insert into match_participants (match_id, wrestler_id, result) values ('f66a9b22-3465-4634-b7b2-ac471f5927f7', '0d2420e5-4511-44a9-8d66-a70eef1ce8d4', 'loser');
insert into match_participants (match_id, wrestler_id, result) values ('f66a9b22-3465-4634-b7b2-ac471f5927f7', '6744f55d-802e-4dc8-83da-df85f7d6e050', 'winner');
insert into matches (id, show_id, match_number, match_type, stipulation, is_title_match, title_id, is_mitb, mitb_cashin, defeat_type, rating, is_draw) values ('1d29e0e5-08ce-45a8-89df-72bed5ee1578', 'aedd42c0-fe87-441c-903e-5033bf0836b1', 3, 'Single', NULL, FALSE, NULL, NULL, FALSE, 'Pin', 1.0, FALSE);
insert into match_participants (match_id, wrestler_id, result) values ('1d29e0e5-08ce-45a8-89df-72bed5ee1578', 'ae2ce814-315f-41f0-ab99-eddf09a7d4c5', 'loser');
insert into match_participants (match_id, wrestler_id, result) values ('1d29e0e5-08ce-45a8-89df-72bed5ee1578', '1fdbaeea-4dc7-41ff-9ce9-394d33e1ace4', 'winner');
insert into matches (id, show_id, match_number, match_type, stipulation, is_title_match, title_id, is_mitb, mitb_cashin, defeat_type, rating, is_draw) values ('038c9ac2-ff44-406f-954e-d10d3c695a1f', 'aedd42c0-fe87-441c-903e-5033bf0836b1', 4, 'Single', NULL, FALSE, NULL, NULL, FALSE, 'Pin', 4.0, FALSE);
insert into match_participants (match_id, wrestler_id, result) values ('038c9ac2-ff44-406f-954e-d10d3c695a1f', '004c7b59-d738-4718-a1f0-39aa22e8039d', 'winner');
insert into match_participants (match_id, wrestler_id, result) values ('038c9ac2-ff44-406f-954e-d10d3c695a1f', 'b2d0cb4c-4471-49a3-b524-544ce1bd95a1', 'loser');
insert into matches (id, show_id, match_number, match_type, stipulation, is_title_match, title_id, is_mitb, mitb_cashin, defeat_type, rating, is_draw) values ('9b2723d0-54ab-4ae5-bb0e-09cf14f35dab', 'aedd42c0-fe87-441c-903e-5033bf0836b1', 5, 'Single', NULL, FALSE, NULL, NULL, FALSE, 'Pin', 4.0, FALSE);
insert into match_participants (match_id, wrestler_id, result) values ('9b2723d0-54ab-4ae5-bb0e-09cf14f35dab', '0655bec3-0c3f-48ed-b466-a98f20841621', 'loser');
insert into match_participants (match_id, wrestler_id, result) values ('9b2723d0-54ab-4ae5-bb0e-09cf14f35dab', '24041ddc-d965-4815-8c45-c9f97a2ed2c1', 'winner');
insert into matches (id, show_id, match_number, match_type, stipulation, is_title_match, title_id, is_mitb, mitb_cashin, defeat_type, rating, is_draw) values ('09df5a80-6d63-42e0-be55-69862219a2d2', 'aedd42c0-fe87-441c-903e-5033bf0836b1', 6, 'Single', NULL, FALSE, NULL, NULL, FALSE, 'Pin', 3.5, FALSE);
insert into match_participants (match_id, wrestler_id, result) values ('09df5a80-6d63-42e0-be55-69862219a2d2', 'cce2403e-b550-4727-9b4c-e04012c77f31', 'loser');
insert into matches (id, show_id, match_number, match_type, stipulation, is_title_match, title_id, is_mitb, mitb_cashin, defeat_type, rating, is_draw) values ('d9c558fc-7f15-4c9f-b44b-d71342800e35', 'aedd42c0-fe87-441c-903e-5033bf0836b1', 7, 'Single', NULL, FALSE, NULL, NULL, FALSE, 'Pin', 4.0, FALSE);
insert into match_participants (match_id, wrestler_id, result) values ('d9c558fc-7f15-4c9f-b44b-d71342800e35', 'ddf80d05-eb45-483d-a569-f2ae53f07b4b', 'loser');
insert into match_participants (match_id, wrestler_id, result) values ('d9c558fc-7f15-4c9f-b44b-d71342800e35', 'f53c5be3-c66c-4d29-b281-5c0157203703', 'winner');
insert into matches (id, show_id, match_number, match_type, stipulation, is_title_match, title_id, is_mitb, mitb_cashin, defeat_type, rating, is_draw) values ('fe558438-305b-4d56-a132-30ed78327b60', 'aedd42c0-fe87-441c-903e-5033bf0836b1', 8, 'Single', NULL, FALSE, NULL, NULL, FALSE, 'Pin', 3.0, FALSE);
insert into match_participants (match_id, wrestler_id, result) values ('fe558438-305b-4d56-a132-30ed78327b60', '07687962-07c0-46b6-9541-2d8b60e3c2c1', 'loser');
insert into match_participants (match_id, wrestler_id, result) values ('fe558438-305b-4d56-a132-30ed78327b60', '5909ea1d-6838-40c8-8058-64854406eb27', 'winner');
insert into matches (id, show_id, match_number, match_type, stipulation, is_title_match, title_id, is_mitb, mitb_cashin, defeat_type, rating, is_draw) values ('f596cb53-c779-4c13-9f9a-50cd80e21881', 'aedd42c0-fe87-441c-903e-5033bf0836b1', 9, 'Handicap (1v2)', NULL, FALSE, NULL, NULL, FALSE, 'Pin', 4.0, FALSE);
insert into match_participants (match_id, wrestler_id, result) values ('f596cb53-c779-4c13-9f9a-50cd80e21881', '2c23bf2a-90de-4618-9564-8e0e622857f1', 'winner');
insert into matches (id, show_id, match_number, match_type, stipulation, is_title_match, title_id, is_mitb, mitb_cashin, defeat_type, rating, is_draw) values ('f18f0557-9182-4f20-9367-27aac292dc62', 'aedd42c0-fe87-441c-903e-5033bf0836b1', 10, 'Single', NULL, TRUE, '7ff2d038-78e9-4309-ab61-a31d82302425', FALSE, FALSE, 'Pin', 2.0, FALSE);
insert into match_participants (match_id, wrestler_id, result) values ('f18f0557-9182-4f20-9367-27aac292dc62', '2c23bf2a-90de-4618-9564-8e0e622857f1', 'winner');
insert into match_participants (match_id, wrestler_id, result) values ('f18f0557-9182-4f20-9367-27aac292dc62', 'b2d0cb4c-4471-49a3-b524-544ce1bd95a1', 'loser');
insert into shows (id, name, show_date, show_type, ppv_name) values ('4fcd7a36-8b32-4507-9615-8c153603d67e', 'DAW 04-10-2026', '2026-04-10', 'weekly', NULL);
insert into matches (id, show_id, match_number, match_type, stipulation, is_title_match, title_id, is_mitb, mitb_cashin, defeat_type, rating, is_draw) values ('15e58a50-7adb-45b2-bc22-ceb99cc12604', '4fcd7a36-8b32-4507-9615-8c153603d67e', 1, 'Triple Threat', NULL, FALSE, NULL, NULL, FALSE, 'Pin', 4.0, FALSE);
insert into match_participants (match_id, wrestler_id, result) values ('15e58a50-7adb-45b2-bc22-ceb99cc12604', 'bc93b973-151b-48ca-8d75-8f6c220a0d31', 'winner');
insert into match_participants (match_id, wrestler_id, result) values ('15e58a50-7adb-45b2-bc22-ceb99cc12604', '0655bec3-0c3f-48ed-b466-a98f20841621', 'loser');
insert into match_participants (match_id, wrestler_id, result) values ('15e58a50-7adb-45b2-bc22-ceb99cc12604', '6744f55d-802e-4dc8-83da-df85f7d6e050', 'loser');
insert into matches (id, show_id, match_number, match_type, stipulation, is_title_match, title_id, is_mitb, mitb_cashin, defeat_type, rating, is_draw) values ('ea7ab8f1-3aba-4cd0-8abe-f244a4dcb1b7', '4fcd7a36-8b32-4507-9615-8c153603d67e', 2, 'Single', NULL, FALSE, NULL, NULL, FALSE, 'Pin', 4.0, FALSE);
insert into match_participants (match_id, wrestler_id, result) values ('ea7ab8f1-3aba-4cd0-8abe-f244a4dcb1b7', 'ad63b3fd-9de8-4398-a085-7cc8f264589e', 'loser');
insert into matches (id, show_id, match_number, match_type, stipulation, is_title_match, title_id, is_mitb, mitb_cashin, defeat_type, rating, is_draw) values ('30e12762-da29-4fa9-b8bf-7121e1f24a41', '4fcd7a36-8b32-4507-9615-8c153603d67e', 3, 'Single', 'No Holds Barred', FALSE, NULL, NULL, FALSE, 'Pin', 3.0, FALSE);
insert into match_participants (match_id, wrestler_id, result) values ('30e12762-da29-4fa9-b8bf-7121e1f24a41', 'ae2ce814-315f-41f0-ab99-eddf09a7d4c5', 'loser');
insert into match_participants (match_id, wrestler_id, result) values ('30e12762-da29-4fa9-b8bf-7121e1f24a41', '1fdbaeea-4dc7-41ff-9ce9-394d33e1ace4', 'winner');
insert into matches (id, show_id, match_number, match_type, stipulation, is_title_match, title_id, is_mitb, mitb_cashin, defeat_type, rating, is_draw) values ('9ba5d0b7-b77c-4a83-8820-4b98fb51a032', '4fcd7a36-8b32-4507-9615-8c153603d67e', 4, 'Single', NULL, FALSE, NULL, NULL, FALSE, 'Pin', 3.5, FALSE);
insert into match_participants (match_id, wrestler_id, result) values ('9ba5d0b7-b77c-4a83-8820-4b98fb51a032', 'f53c5be3-c66c-4d29-b281-5c0157203703', 'loser');
insert into match_participants (match_id, wrestler_id, result) values ('9ba5d0b7-b77c-4a83-8820-4b98fb51a032', '31f8c2ba-a0c4-4352-ae28-1cf68d200216', 'winner');
insert into matches (id, show_id, match_number, match_type, stipulation, is_title_match, title_id, is_mitb, mitb_cashin, defeat_type, rating, is_draw) values ('e62f3bc8-a726-4580-9687-17cecabcca28', '4fcd7a36-8b32-4507-9615-8c153603d67e', 5, 'Single', NULL, FALSE, NULL, NULL, FALSE, 'Pin', 3.5, FALSE);
insert into match_participants (match_id, wrestler_id, result) values ('e62f3bc8-a726-4580-9687-17cecabcca28', 'cce2403e-b550-4727-9b4c-e04012c77f31', 'loser');
insert into match_participants (match_id, wrestler_id, result) values ('e62f3bc8-a726-4580-9687-17cecabcca28', '9683fa4f-ffaf-4185-938d-e4a435a5aef7', 'winner');
insert into matches (id, show_id, match_number, match_type, stipulation, is_title_match, title_id, is_mitb, mitb_cashin, defeat_type, rating, is_draw) values ('fe35b466-71a7-42a7-bdf4-8cafa1481a8a', '4fcd7a36-8b32-4507-9615-8c153603d67e', 6, 'Single', NULL, FALSE, NULL, NULL, FALSE, 'Pin', 3.5, FALSE);
insert into match_participants (match_id, wrestler_id, result) values ('fe35b466-71a7-42a7-bdf4-8cafa1481a8a', '60c99dea-a118-4839-99eb-5de3ca41d5d4', 'loser');
insert into match_participants (match_id, wrestler_id, result) values ('fe35b466-71a7-42a7-bdf4-8cafa1481a8a', '0d2420e5-4511-44a9-8d66-a70eef1ce8d4', 'winner');
insert into matches (id, show_id, match_number, match_type, stipulation, is_title_match, title_id, is_mitb, mitb_cashin, defeat_type, rating, is_draw) values ('70b82c13-3e50-486c-8709-9a520f01f46e', '4fcd7a36-8b32-4507-9615-8c153603d67e', 7, 'Single', NULL, FALSE, NULL, NULL, FALSE, 'Pin', 4.0, FALSE);
insert into match_participants (match_id, wrestler_id, result) values ('70b82c13-3e50-486c-8709-9a520f01f46e', '24041ddc-d965-4815-8c45-c9f97a2ed2c1', 'winner');
insert into match_participants (match_id, wrestler_id, result) values ('70b82c13-3e50-486c-8709-9a520f01f46e', 'ddf80d05-eb45-483d-a569-f2ae53f07b4b', 'loser');
insert into matches (id, show_id, match_number, match_type, stipulation, is_title_match, title_id, is_mitb, mitb_cashin, defeat_type, rating, is_draw) values ('24a0137f-e467-4413-aa5d-9dc7290103be', '4fcd7a36-8b32-4507-9615-8c153603d67e', 8, 'Single', NULL, FALSE, NULL, NULL, FALSE, 'Pin', 3.0, FALSE);
insert into match_participants (match_id, wrestler_id, result) values ('24a0137f-e467-4413-aa5d-9dc7290103be', '07687962-07c0-46b6-9541-2d8b60e3c2c1', 'loser');
insert into match_participants (match_id, wrestler_id, result) values ('24a0137f-e467-4413-aa5d-9dc7290103be', '7d9945b2-59a0-4661-8206-198fec52bb2f', 'winner');
insert into matches (id, show_id, match_number, match_type, stipulation, is_title_match, title_id, is_mitb, mitb_cashin, defeat_type, rating, is_draw) values ('b5be3c07-8969-4931-8e5f-df965a2ee830', '4fcd7a36-8b32-4507-9615-8c153603d67e', 9, 'Tag Team', NULL, FALSE, NULL, NULL, FALSE, 'Pin', 4.0, FALSE);
insert into match_participants (match_id, team_id, result) values ('b5be3c07-8969-4931-8e5f-df965a2ee830', '05e7b665-a267-45d0-b5fb-80b4ced1fae6', 'winner');
insert into matches (id, show_id, match_number, match_type, stipulation, is_title_match, title_id, is_mitb, mitb_cashin, defeat_type, rating, is_draw) values ('c12768f7-7c57-4d05-a40d-ad99151415e3', '4fcd7a36-8b32-4507-9615-8c153603d67e', 10, 'Single', NULL, TRUE, '7ff2d038-78e9-4309-ab61-a31d82302425', FALSE, FALSE, 'Pin', 3.0, FALSE);
insert into match_participants (match_id, wrestler_id, result) values ('c12768f7-7c57-4d05-a40d-ad99151415e3', '7ca7fd7b-2526-41ea-b143-cdd82f404014', 'loser');
insert into match_participants (match_id, wrestler_id, result) values ('c12768f7-7c57-4d05-a40d-ad99151415e3', '2c23bf2a-90de-4618-9564-8e0e622857f1', 'winner');
insert into shows (id, name, show_date, show_type, ppv_name) values ('5de95d24-971c-4c4d-9c24-b23dfb5b45aa', 'DAW 04-17-2026', '2026-04-17', 'weekly', NULL);
insert into matches (id, show_id, match_number, match_type, stipulation, is_title_match, title_id, is_mitb, mitb_cashin, defeat_type, rating, is_draw) values ('83c8fb65-ce1d-4bd2-b81f-eab06b860660', '5de95d24-971c-4c4d-9c24-b23dfb5b45aa', 1, 'Tag Team', NULL, TRUE, '5875de09-f760-4981-b327-18fdcfd6b58e', FALSE, FALSE, 'Pin', 4.0, FALSE);
insert into match_participants (match_id, team_id, result) values ('83c8fb65-ce1d-4bd2-b81f-eab06b860660', '05e7b665-a267-45d0-b5fb-80b4ced1fae6', 'loser');
insert into matches (id, show_id, match_number, match_type, stipulation, is_title_match, title_id, is_mitb, mitb_cashin, defeat_type, rating, is_draw) values ('e12b8ef2-8143-4e1a-bf11-11759ce74cc8', '5de95d24-971c-4c4d-9c24-b23dfb5b45aa', 2, 'Single', NULL, FALSE, NULL, NULL, FALSE, 'Pin', 2.0, FALSE);
insert into match_participants (match_id, wrestler_id, result) values ('e12b8ef2-8143-4e1a-bf11-11759ce74cc8', '1fdbaeea-4dc7-41ff-9ce9-394d33e1ace4', 'loser');
insert into match_participants (match_id, wrestler_id, result) values ('e12b8ef2-8143-4e1a-bf11-11759ce74cc8', '7d9945b2-59a0-4661-8206-198fec52bb2f', 'winner');
insert into matches (id, show_id, match_number, match_type, stipulation, is_title_match, title_id, is_mitb, mitb_cashin, defeat_type, rating, is_draw) values ('4f58136f-960c-441a-8a8b-19e13d60bb97', '5de95d24-971c-4c4d-9c24-b23dfb5b45aa', 3, 'Single', 'Hardcore', FALSE, NULL, NULL, FALSE, 'Pin', 2.0, FALSE);
insert into match_participants (match_id, wrestler_id, result) values ('4f58136f-960c-441a-8a8b-19e13d60bb97', 'ae2ce814-315f-41f0-ab99-eddf09a7d4c5', 'winner');
insert into matches (id, show_id, match_number, match_type, stipulation, is_title_match, title_id, is_mitb, mitb_cashin, defeat_type, rating, is_draw) values ('2723b416-7274-4b2b-adc8-47ca18b6d4d8', '5de95d24-971c-4c4d-9c24-b23dfb5b45aa', 4, 'Battle Royale', NULL, FALSE, NULL, NULL, FALSE, 'Pin', 3.5, FALSE);
insert into match_participants (match_id, wrestler_id, result) values ('2723b416-7274-4b2b-adc8-47ca18b6d4d8', '5909ea1d-6838-40c8-8058-64854406eb27', 'loser');
insert into match_participants (match_id, wrestler_id, result) values ('2723b416-7274-4b2b-adc8-47ca18b6d4d8', 'b0a5de67-da65-4808-bb98-ace3a77fa729', 'loser');
insert into match_participants (match_id, wrestler_id, result) values ('2723b416-7274-4b2b-adc8-47ca18b6d4d8', 'fce02e68-03a4-4670-a5d4-a6790f4f92a1', 'winner');
insert into match_participants (match_id, wrestler_id, result) values ('2723b416-7274-4b2b-adc8-47ca18b6d4d8', '9683fa4f-ffaf-4185-938d-e4a435a5aef7', 'loser');
insert into match_participants (match_id, wrestler_id, result) values ('2723b416-7274-4b2b-adc8-47ca18b6d4d8', '60c99dea-a118-4839-99eb-5de3ca41d5d4', 'loser');
insert into match_participants (match_id, wrestler_id, result) values ('2723b416-7274-4b2b-adc8-47ca18b6d4d8', 'ddf80d05-eb45-483d-a569-f2ae53f07b4b', 'loser');
insert into match_participants (match_id, wrestler_id, result) values ('2723b416-7274-4b2b-adc8-47ca18b6d4d8', '0655bec3-0c3f-48ed-b466-a98f20841621', 'loser');
insert into match_participants (match_id, wrestler_id, result) values ('2723b416-7274-4b2b-adc8-47ca18b6d4d8', '6744f55d-802e-4dc8-83da-df85f7d6e050', 'loser');
insert into matches (id, show_id, match_number, match_type, stipulation, is_title_match, title_id, is_mitb, mitb_cashin, defeat_type, rating, is_draw) values ('69d7ae0c-38cc-404a-a99c-73e70538199f', '5de95d24-971c-4c4d-9c24-b23dfb5b45aa', 5, 'Single', 'Steel Cage', TRUE, '5db4cd6b-6ebe-4a87-b7bb-017af3856766', FALSE, FALSE, 'Pin', 3.5, FALSE);
insert into match_participants (match_id, wrestler_id, result) values ('69d7ae0c-38cc-404a-a99c-73e70538199f', '004c7b59-d738-4718-a1f0-39aa22e8039d', 'loser');
insert into match_participants (match_id, wrestler_id, result) values ('69d7ae0c-38cc-404a-a99c-73e70538199f', 'ad63b3fd-9de8-4398-a085-7cc8f264589e', 'winner');
insert into matches (id, show_id, match_number, match_type, stipulation, is_title_match, title_id, is_mitb, mitb_cashin, defeat_type, rating, is_draw) values ('16571628-3878-4d33-bd13-4a5f79423923', '5de95d24-971c-4c4d-9c24-b23dfb5b45aa', 6, 'Single', 'TLC', FALSE, NULL, NULL, FALSE, 'Pin', 5.0, FALSE);
insert into match_participants (match_id, wrestler_id, result) values ('16571628-3878-4d33-bd13-4a5f79423923', 'b2d0cb4c-4471-49a3-b524-544ce1bd95a1', 'loser');
insert into matches (id, show_id, match_number, match_type, stipulation, is_title_match, title_id, is_mitb, mitb_cashin, defeat_type, rating, is_draw) values ('f6fdfb4e-f8a9-435f-b2bd-ef4aad56bdce', '5de95d24-971c-4c4d-9c24-b23dfb5b45aa', 7, 'Triple Threat', 'Hardcore', TRUE, 'f87d2a11-2153-454c-a574-5d749d0741ac', FALSE, FALSE, 'Pin', 5.0, FALSE);
insert into match_participants (match_id, wrestler_id, result) values ('f6fdfb4e-f8a9-435f-b2bd-ef4aad56bdce', 'cce2403e-b550-4727-9b4c-e04012c77f31', 'winner');
insert into match_participants (match_id, wrestler_id, result) values ('f6fdfb4e-f8a9-435f-b2bd-ef4aad56bdce', 'db9025f4-91c4-47e8-b3de-e3864852a4c8', 'loser');
insert into match_participants (match_id, wrestler_id, result) values ('f6fdfb4e-f8a9-435f-b2bd-ef4aad56bdce', 'd0df50f1-fbbb-4298-ab0c-f7e6e122c4c4', 'loser');
insert into matches (id, show_id, match_number, match_type, stipulation, is_title_match, title_id, is_mitb, mitb_cashin, defeat_type, rating, is_draw) values ('4758615a-b9d3-4059-a2ba-e4964c4d4790', '5de95d24-971c-4c4d-9c24-b23dfb5b45aa', 8, 'Single', 'Falls Count Anywhere', FALSE, NULL, NULL, FALSE, 'Pin', 3.0, FALSE);
insert into match_participants (match_id, wrestler_id, result) values ('4758615a-b9d3-4059-a2ba-e4964c4d4790', 'a9e6b7c0-0b3c-450f-b759-ca62c0fa4434', 'winner');
insert into match_participants (match_id, wrestler_id, result) values ('4758615a-b9d3-4059-a2ba-e4964c4d4790', '2c23bf2a-90de-4618-9564-8e0e622857f1', 'loser');
insert into matches (id, show_id, match_number, match_type, stipulation, is_title_match, title_id, is_mitb, mitb_cashin, defeat_type, rating, is_draw) values ('3a3d2e42-9a50-443d-bc71-1a1c63023bfb', '5de95d24-971c-4c4d-9c24-b23dfb5b45aa', 9, 'Single', 'Barb''s Funhouse', TRUE, '5d3e065c-43d1-41ee-8d24-e876f1e2b2a1', FALSE, FALSE, 'Pin', 4.5, FALSE);
insert into match_participants (match_id, wrestler_id, result) values ('3a3d2e42-9a50-443d-bc71-1a1c63023bfb', 'bc93b973-151b-48ca-8d75-8f6c220a0d31', 'winner');
insert into match_participants (match_id, wrestler_id, result) values ('3a3d2e42-9a50-443d-bc71-1a1c63023bfb', '0d2420e5-4511-44a9-8d66-a70eef1ce8d4', 'loser');
insert into matches (id, show_id, match_number, match_type, stipulation, is_title_match, title_id, is_mitb, mitb_cashin, defeat_type, rating, is_draw) values ('921bf803-992d-412f-b3f2-48b96446738c', '5de95d24-971c-4c4d-9c24-b23dfb5b45aa', 10, 'Single', NULL, TRUE, 'd622c9f7-3d8e-4737-bf0e-ed99b1dd9919', FALSE, FALSE, 'Pin', 4.0, FALSE);
insert into match_participants (match_id, wrestler_id, result) values ('921bf803-992d-412f-b3f2-48b96446738c', 'f53c5be3-c66c-4d29-b281-5c0157203703', 'winner');
insert into match_participants (match_id, wrestler_id, result) values ('921bf803-992d-412f-b3f2-48b96446738c', '31f8c2ba-a0c4-4352-ae28-1cf68d200216', 'loser');
insert into matches (id, show_id, match_number, match_type, stipulation, is_title_match, title_id, is_mitb, mitb_cashin, defeat_type, rating, is_draw) values ('2e3894c4-d734-4880-b795-76a2a3fecc5e', '5de95d24-971c-4c4d-9c24-b23dfb5b45aa', 11, 'Single', NULL, TRUE, 'f3ec52c9-649b-48cb-aa37-da278fbd72df', FALSE, FALSE, 'Pin', 3.5, FALSE);
insert into match_participants (match_id, wrestler_id, result) values ('2e3894c4-d734-4880-b795-76a2a3fecc5e', '0072611a-281e-4de5-bf57-fbc9696651ec', 'winner');
insert into match_participants (match_id, wrestler_id, result) values ('2e3894c4-d734-4880-b795-76a2a3fecc5e', '24041ddc-d965-4815-8c45-c9f97a2ed2c1', 'loser');
insert into matches (id, show_id, match_number, match_type, stipulation, is_title_match, title_id, is_mitb, mitb_cashin, defeat_type, rating, is_draw) values ('15add134-b63c-4dae-8e9a-4dde0a61b1fd', '5de95d24-971c-4c4d-9c24-b23dfb5b45aa', 12, 'Single', 'No Holds Barred', FALSE, NULL, NULL, FALSE, 'Pin', 3.0, FALSE);
insert into match_participants (match_id, wrestler_id, result) values ('15add134-b63c-4dae-8e9a-4dde0a61b1fd', '09a1ddc7-5133-4858-b8e1-c89de2eefe3b', 'loser');
insert into match_participants (match_id, wrestler_id, result) values ('15add134-b63c-4dae-8e9a-4dde0a61b1fd', 'd7307e76-a25c-412e-85b7-85c085319404', 'winner');
insert into matches (id, show_id, match_number, match_type, stipulation, is_title_match, title_id, is_mitb, mitb_cashin, defeat_type, rating, is_draw) values ('28fdb023-75d9-458c-821c-0f3eea353a4b', '5de95d24-971c-4c4d-9c24-b23dfb5b45aa', 13, 'Single', NULL, TRUE, '02b0c038-accb-495b-8d6a-8891a7b51554', FALSE, FALSE, 'Pin', 4.5, FALSE);
insert into match_participants (match_id, wrestler_id, result) values ('28fdb023-75d9-458c-821c-0f3eea353a4b', '07687962-07c0-46b6-9541-2d8b60e3c2c1', 'winner');
insert into match_participants (match_id, wrestler_id, result) values ('28fdb023-75d9-458c-821c-0f3eea353a4b', '7ca7fd7b-2526-41ea-b143-cdd82f404014', 'loser');

commit;
